skill_id,profile_id,skill_name,endorsements,sort_order
52636112-76ed-4ef0-b15d-6d29bce5ff2a,639a2e46-1f1b-4d39-bf3e-786c15609979,R (Programming Language),,0
f9a137d5-f0de-47d6-93b5-6e62c880e6a0,639a2e46-1f1b-4d39-bf3e-786c15609979,Microsurgery,,1
da7ac2b9-b8ac-4b23-bdfb-05a4ce8120f0,639a2e46-1f1b-4d39-bf3e-786c15609979,Chemogenetics,,2
af973ba7-9d5c-4460-9b68-1a1232231744,639a2e46-1f1b-4d39-bf3e-786c15609979,Optogenetics,,3
6e9ecf09-a8cd-4cce-a9a0-3a3c30f9dbd5,639a2e46-1f1b-4d39-bf3e-786c15609979,Mouse Models,,4
65adb9c8-292e-4199-8c65-f5ac6a652b6d,639a2e46-1f1b-4d39-bf3e-786c15609979,Writing,,5
bf1c741c-9d8e-4350-a3cd-0ffa84d83de0,639a2e46-1f1b-4d39-bf3e-786c15609979,Manuscript,,6
3edbc2cc-76e4-4b93-9687-0862e0d94452,639a2e46-1f1b-4d39-bf3e-786c15609979,Editing,,7
599e3d68-1ec8-405c-b96d-336ce4b65466,639a2e46-1f1b-4d39-bf3e-786c15609979,Computer Literacy,,8
daf7d69c-7f84-420d-b4a5-bd2019d31c65,639a2e46-1f1b-4d39-bf3e-786c15609979,Academic Editing,,9
31b7c716-2679-4f9d-887c-e958cae0dc91,efdbc8f3-283f-4d55-8d4a-cf4403e08152,Circadian Rhythms,,0
b5e4791f-66c0-4550-aeab-8572a6aa3986,efdbc8f3-283f-4d55-8d4a-cf4403e08152,Student Trainee at University of Calgary,,1
7e35b735-8ed7-4015-b8a9-8ccbcb5d9e89,dab82746-9cd9-450f-95b5-7798ea6d8adc,Homework Help,,0
4dd08ac1-47dd-497a-aa64-6f44d72407ef,dab82746-9cd9-450f-95b5-7798ea6d8adc,One-on-one Instruction,,1
f6026f90-a446-4801-9af9-afd4611d838b,dab82746-9cd9-450f-95b5-7798ea6d8adc,Individualized Instruction,,2
7d482524-e502-4188-8add-fb555600adb2,dab82746-9cd9-450f-95b5-7798ea6d8adc,Autism Spectrum Disorders,,3
674aae98-bf54-47b5-8ad6-fd93fc078b35,dab82746-9cd9-450f-95b5-7798ea6d8adc,Public Outreach,,4
2748bf70-c4fd-4a72-b16e-e10da31f97f7,dab82746-9cd9-450f-95b5-7798ea6d8adc,Corporate Outreach,,5
c8a218c5-e038-4a37-9727-7588a93e0068,dab82746-9cd9-450f-95b5-7798ea6d8adc,Community Outreach,,6
252ca8a1-7781-4f0b-a93c-3a3326a5db41,dab82746-9cd9-450f-95b5-7798ea6d8adc,Social Outreach,,7
958b16f2-a63b-449e-9551-f247f1c034b9,dab82746-9cd9-450f-95b5-7798ea6d8adc,Online Content Creation,,8
4c6bb772-f4a3-44d7-9245-6633b3fc9fee,0c2aa172-9ee3-4815-a8e8-940f4c2e9e09,Indigenous Education,,0
58b39739-13f1-4b2e-8198-4d9cc4820c24,0c2aa172-9ee3-4815-a8e8-940f4c2e9e09,Mental Health,,1
1d07f0f5-cb13-43d4-a0be-9023407c1f92,0c2aa172-9ee3-4815-a8e8-940f4c2e9e09,Digital Learning,,2
17ecfcde-aecd-4485-bc53-6961f2e60264,0c2aa172-9ee3-4815-a8e8-940f4c2e9e09,Traditional Knowledge,,3
cc79a165-8912-46d7-87b9-db1cddb36b63,0c2aa172-9ee3-4815-a8e8-940f4c2e9e09,Neurology,,4
93d21ba7-b5c4-42b3-aaff-8ca95bb70b7c,0c2aa172-9ee3-4815-a8e8-940f4c2e9e09,Public Health,,5
c9174612-691d-4a0d-8a2c-e4dded6c431d,0c2aa172-9ee3-4815-a8e8-940f4c2e9e09,Climate Change Science,,6
a5ee8ae9-b020-4cd2-b14d-73c147418b14,0c2aa172-9ee3-4815-a8e8-940f4c2e9e09,Climate Change Impacts,,7
7921088d-820f-44f2-97a5-2ec4f6428661,0c2aa172-9ee3-4815-a8e8-940f4c2e9e09,Climate Change Risk Analysis,,8
4341b731-787b-48a1-a5ce-37e07c1447eb,0c2aa172-9ee3-4815-a8e8-940f4c2e9e09,Health Equity,,9
7af83c87-3c4f-48d0-9fd9-f41072c57c41,f67d4ef6-7478-48a3-b662-e95c80bb7185,Program Management,,0
c54a4a82-b38a-4004-8a50-9e5e4e743b0e,f67d4ef6-7478-48a3-b662-e95c80bb7185,Stakeholder Management,,1
67cd97b4-5b5b-4ccb-b53d-73f33cdf77d8,f67d4ef6-7478-48a3-b662-e95c80bb7185,Atlassian Suite,,2
b9ad941f-2212-44e7-99a4-e17bea71f258,f67d4ef6-7478-48a3-b662-e95c80bb7185,Leadership,,3
dcea589a-15c5-4ff9-a753-5cc2b21718b8,f67d4ef6-7478-48a3-b662-e95c80bb7185,Problem Solving,,4
6cdaa205-6d72-4672-8926-858d06546123,f67d4ef6-7478-48a3-b662-e95c80bb7185,Managing Meetings,,5
4938e9e8-cb85-4988-87f5-3a4002e2a425,f67d4ef6-7478-48a3-b662-e95c80bb7185,Critical Thinking,,6
9d73c2cd-db45-4e42-9a40-868dfb81528d,f67d4ef6-7478-48a3-b662-e95c80bb7185,Project Management,,7
cbcf9ce6-b019-4049-8074-61745a90c53f,f67d4ef6-7478-48a3-b662-e95c80bb7185,Communication,,8
3afdc157-c5fb-4065-bfa9-40fc2f709d5b,d2be4191-c62c-489d-9963-e8fdc0fb71bd,Cell Biology,,0
e69bab86-d7ad-4079-9dce-c90e3ee49903,d2be4191-c62c-489d-9963-e8fdc0fb71bd,Brain Slice Electrophysiology,,1
d8ab0d6e-732d-4618-8ddb-79eb5ddf1527,d2be4191-c62c-489d-9963-e8fdc0fb71bd,Pharmacology,,2
26101419-96d3-4b50-89b4-29c74a38b160,d2be4191-c62c-489d-9963-e8fdc0fb71bd,Two-photon Microscopy,,3
7c4f6131-459f-4a50-af1e-882c894e6a1e,d2be4191-c62c-489d-9963-e8fdc0fb71bd,Acute Brain Slices,,4
b0bb1cf3-2ef0-4cb4-8862-2dd3237327be,d2be4191-c62c-489d-9963-e8fdc0fb71bd,Live Cell Imaging,,5
c41a5e0c-3a3d-4af3-a769-f72c39c735ef,d2be4191-c62c-489d-9963-e8fdc0fb71bd,RNAseq Analysis,,6
5d5a72a1-7562-4184-bdff-a7f4866f52a8,d2be4191-c62c-489d-9963-e8fdc0fb71bd,Laboratory Skills,,7
9b654d00-d796-4e14-a410-e2e642f3a081,d2be4191-c62c-489d-9963-e8fdc0fb71bd,Single-Cell Analysis,,8
5a428b3e-160a-4b76-a156-b14e2143cab6,d2be4191-c62c-489d-9963-e8fdc0fb71bd,Bioinformatics,,9
16e14360-0428-4f68-93f4-9333707a6705,13797022-096e-490a-831c-1b09206cf6f5,Event Management,,0
a52afe69-65e5-49f6-a076-a10590b8e883,13797022-096e-490a-831c-1b09206cf6f5,Budgeting,,1
80f01a6a-72b9-45e3-aa0d-6252ee3d3bbb,13797022-096e-490a-831c-1b09206cf6f5,Budget Management,,2
e301587f-7688-4139-8e1f-6447642c3629,13797022-096e-490a-831c-1b09206cf6f5,Grant Writing,,3
79984c64-91b9-4a28-9527-20992bf9c408,13797022-096e-490a-831c-1b09206cf6f5,Fundraising,,4
219cb50d-d7d3-4733-b9d8-29f3f2c54751,13797022-096e-490a-831c-1b09206cf6f5,Teamwork,,5
b0a7f72a-1931-4f88-9dc0-a289280a67cd,13797022-096e-490a-831c-1b09206cf6f5,Leadership Development,,6
e0c0aa91-3a28-4a65-91ed-aa489535b32c,13797022-096e-490a-831c-1b09206cf6f5,Educational Leadership,,7
8d13e1b9-62e0-4aa9-b788-4ed6ed674f10,13797022-096e-490a-831c-1b09206cf6f5,Clinical Research,,8
0da4be43-8d6c-4415-b817-f0970587983a,13797022-096e-490a-831c-1b09206cf6f5,Medical Genetics,,9
e4c872f3-2708-4c6f-989f-a39f3fcfbda2,afede334-d3bd-4233-860a-c2ebeed96bef,Project Oversight,,0
6394e68d-3502-4ce7-8f79-cbf652ac724e,afede334-d3bd-4233-860a-c2ebeed96bef,Leadership Development,,1
96fc5e5f-d902-4362-913f-78eee7b1e992,afede334-d3bd-4233-860a-c2ebeed96bef,Medical Research,,2
4f35cb72-206b-4204-830d-c753dd89e650,afede334-d3bd-4233-860a-c2ebeed96bef,Patient Education,,3
acc7cc53-056e-4711-ba84-ce10d903bf21,afede334-d3bd-4233-860a-c2ebeed96bef,Clinical Trials,,4
3e52074e-9cee-4c1d-a22e-6134949d8400,afede334-d3bd-4233-860a-c2ebeed96bef,Leadership,,5
0d79d480-cf0e-41a3-aef4-50044ca85c73,afede334-d3bd-4233-860a-c2ebeed96bef,Research,,6
e7812479-ba09-4b5a-bec5-daa79c80e8ee,afede334-d3bd-4233-860a-c2ebeed96bef,First Aid,,7
588be8b0-9bfe-4d14-9c7e-8c4b15c1bc43,afede334-d3bd-4233-860a-c2ebeed96bef,Swim Instruction,,8
28347500-f6f0-4c2a-b1fe-dddbaa49a36b,afede334-d3bd-4233-860a-c2ebeed96bef,Lifeguarding,,9
57bc903f-9243-424d-81eb-9d4f8d8ca701,56a1930b-86d2-43fd-8ba5-cf49dddd7b32,Creativity and Innovation,,0
c2414e64-f7f8-4051-b9e1-000a5a40de01,56a1930b-86d2-43fd-8ba5-cf49dddd7b32,Problem Solving,,1
ef10c751-b180-4717-a689-f0958af6632f,56a1930b-86d2-43fd-8ba5-cf49dddd7b32,Entrepreneurial Thinking,,2
b5d32faa-b292-4bbc-a353-abe6bba5c77e,56a1930b-86d2-43fd-8ba5-cf49dddd7b32,Research Design,,3
dfc47737-8f8d-48e7-bade-bc0c5f384c25,56a1930b-86d2-43fd-8ba5-cf49dddd7b32,Online Content Creation,,4
fbbe3613-6e78-4ff9-8bbc-7ee55844bee5,56a1930b-86d2-43fd-8ba5-cf49dddd7b32,Networking,,5
564c8e8e-7749-4688-befc-6cf003365252,56a1930b-86d2-43fd-8ba5-cf49dddd7b32,Canva,,6
39e65260-78ac-406f-8d8c-a15d182352b8,56a1930b-86d2-43fd-8ba5-cf49dddd7b32,Creative Writing,,7
d0d013e4-cd78-485d-83e6-8ab8ceeaa195,56a1930b-86d2-43fd-8ba5-cf49dddd7b32,Leadership,,8
02182d83-65b4-4cde-ad40-8e4bf08c0f2c,56a1930b-86d2-43fd-8ba5-cf49dddd7b32,Time Management,,9
4cb384b4-dc16-4c0a-91d3-99cb14f5aef0,132edda5-7e0f-4faf-9db7-4dcf646f9565,Government Advocacy,,0
d83ec2ab-8c07-4dc8-a743-667f4f10ded7,132edda5-7e0f-4faf-9db7-4dcf646f9565,Policy Analysis,,1
b03a3247-126b-4780-87b0-a3b41a849abf,132edda5-7e0f-4faf-9db7-4dcf646f9565,Program Evaluation,,2
74765649-df22-4d80-aab8-dc13fa1b73d1,132edda5-7e0f-4faf-9db7-4dcf646f9565,Program Development,,3
112015c5-c9ba-4f2c-8cff-0c77dd458ec0,132edda5-7e0f-4faf-9db7-4dcf646f9565,Public Policy,,4
545f603e-8636-4640-b218-c4e84a19b403,132edda5-7e0f-4faf-9db7-4dcf646f9565,Public Health,,5
a0dc1a3f-9072-477c-bdf0-2178294bc8c5,132edda5-7e0f-4faf-9db7-4dcf646f9565,Strategic Planning,,6
ef5271d6-0c96-4e7a-b5ee-93519aca22ac,132edda5-7e0f-4faf-9db7-4dcf646f9565,Program Management,,7
ab8757d2-0dcd-4c95-beb2-26eeac2c057b,132edda5-7e0f-4faf-9db7-4dcf646f9565,Research,,8
6137a1ef-14f1-48d7-8295-1537f48cd1b4,132edda5-7e0f-4faf-9db7-4dcf646f9565,Grant Writing,,9
0c904756-6962-4d66-a100-1939a0226d3c,3fa1944d-4ac9-43ec-bb6c-8661fb188dbd,Collaborative Work,,0
86118d4e-3d9b-4e6a-a089-0b0785fa6887,3fa1944d-4ac9-43ec-bb6c-8661fb188dbd,Organization Skills,,1
9d63d5b0-a41a-41c4-b241-eb8e7c68b14e,3fa1944d-4ac9-43ec-bb6c-8661fb188dbd,Time Management,,2
2b81bc9f-cd1d-407b-88f0-ec900417b7a9,3fa1944d-4ac9-43ec-bb6c-8661fb188dbd,Event Planning,,3
62c36a67-cd32-4c7a-942f-0fb7ca803973,3fa1944d-4ac9-43ec-bb6c-8661fb188dbd,Customer Satisfaction,,4
2cc3a8d0-bd41-4afd-aee7-3b577b929b72,3fa1944d-4ac9-43ec-bb6c-8661fb188dbd,Customer Support,,5
5cd3c25a-4075-4a58-9bdb-7264ebcab693,3fa1944d-4ac9-43ec-bb6c-8661fb188dbd,Team Leadership,,6
5f15966e-e1a1-4d94-840c-8ddf1aa47a7a,3fa1944d-4ac9-43ec-bb6c-8661fb188dbd,Team Motivation,,7
6a227f87-7113-4ecc-9786-e099dcec0508,3fa1944d-4ac9-43ec-bb6c-8661fb188dbd,Problem Solving,,8
a39a5622-3942-4d31-a6b6-73cb97a17e27,3fa1944d-4ac9-43ec-bb6c-8661fb188dbd,Collaborative Problem Solving,,9
0154b06a-ea7d-4dee-9c10-f9c9c0c96f87,f9d35219-08ea-4a5d-81e8-95a859aabe3f,Project Management,,0
32e3be2d-8234-484a-9148-2fbb14ae72d8,f9d35219-08ea-4a5d-81e8-95a859aabe3f,Strategic Partnerships,,1
6dfa8aae-cd3f-4ce7-ae53-34f10b020f2b,f9d35219-08ea-4a5d-81e8-95a859aabe3f,Organizational Leadership,,2
8d4f9e42-6d69-4d1e-a9be-b1d6fe1f049e,f9d35219-08ea-4a5d-81e8-95a859aabe3f,Event Management,,3
220340ad-03a2-48c6-a75e-4a5475324fd0,f9d35219-08ea-4a5d-81e8-95a859aabe3f,Partnership Development,,4
769cf984-7011-4bf7-aa50-589d2ba21075,f9d35219-08ea-4a5d-81e8-95a859aabe3f,Community Engagement,,5
8d46e0f5-e6e6-4aef-80f0-4b69445bdb90,f9d35219-08ea-4a5d-81e8-95a859aabe3f,Stakeholder Relations,,6
f8246793-2c42-4801-aaf2-7bc89f258fa9,f9d35219-08ea-4a5d-81e8-95a859aabe3f,Event Coordination,,7
c414911d-8955-403f-b518-ff1e0a15d01e,f9d35219-08ea-4a5d-81e8-95a859aabe3f,Program Management,,8
987f64a5-3e15-43d7-b12f-e8e14002787e,f9d35219-08ea-4a5d-81e8-95a859aabe3f,Clinical Skills,,9
b3c01149-cf8f-46a8-ac33-b24da9e6dc0c,b09e11c3-3662-43d4-be74-d01aa75f830e,Emocodes,,0
ba92f4a1-a1d6-4998-bc43-b0276e6f4dcd,b09e11c3-3662-43d4-be74-d01aa75f830e,MNE Python (for EEG processing and analysis),,1
8074f061-48c8-4f81-84ef-ff164e87178b,b09e11c3-3662-43d4-be74-d01aa75f830e,Pandas (Software),,2
2ae44a39-560a-4d71-b3bd-f41ea2cf5cf5,b09e11c3-3662-43d4-be74-d01aa75f830e,Python (Programming Language),,3
4fb21317-b4ec-4a6a-84b2-d97ab2aa75f5,b09e11c3-3662-43d4-be74-d01aa75f830e,Clinical Research,,4
a9c546d8-5515-4f22-b8c3-2a57b03086b1,b09e11c3-3662-43d4-be74-d01aa75f830e,R (Programming Language),,5
c4cece0a-2fc3-4e88-80b7-7f799dbb863d,b09e11c3-3662-43d4-be74-d01aa75f830e,Data Entry,,6
ac6e0ac3-f2f5-4f07-a05c-9fb8579ac55e,b09e11c3-3662-43d4-be74-d01aa75f830e,MRI,,7
72d03753-972b-4abc-8af1-7609157f1350,b09e11c3-3662-43d4-be74-d01aa75f830e,EEG,,8
2d8747ff-5f3e-4493-93b0-6d98fbef1e7e,b09e11c3-3662-43d4-be74-d01aa75f830e,Computer Science,,9
e9f0cfe9-999f-4469-94bc-95748bcb81d6,63786a31-72e1-4fab-a6ce-cf85ad72db2f,Analytical Skills,,0
b68b6b1e-858c-4a2e-ac2b-65472b5ed8d0,63786a31-72e1-4fab-a6ce-cf85ad72db2f,Research Collaboration,,1
1000f4db-f048-4a0d-b9d2-be2c0123dca9,63786a31-72e1-4fab-a6ce-cf85ad72db2f,Research Skills,,2
67bce78a-4559-4de5-8678-7ecf4a62d34f,63786a31-72e1-4fab-a6ce-cf85ad72db2f,Problem Solving,,3
1c8c5757-e754-43a0-ba48-89aae5d7235e,63786a31-72e1-4fab-a6ce-cf85ad72db2f,Statistical Data Analysis,,4
2f12d476-5fdc-4897-a095-9fd205b6ff3a,63786a31-72e1-4fab-a6ce-cf85ad72db2f,Scientific Experimentation,,5
81e005f9-09d9-4c92-ab8c-c96f22de6342,63786a31-72e1-4fab-a6ce-cf85ad72db2f,Leadership,,6
09f5cfc0-1745-4ce5-88f7-f358907a1082,63786a31-72e1-4fab-a6ce-cf85ad72db2f,Communication,,7
eace8a83-4165-4aa4-ac77-3a562dd115ef,63786a31-72e1-4fab-a6ce-cf85ad72db2f,Tutoring,,8
4799a9ee-edd1-45ec-b4ea-5155a100bcf8,63786a31-72e1-4fab-a6ce-cf85ad72db2f,TensorFlow,,9
b6426128-d0ff-4101-961d-79c60199abfa,aabd2af1-3e36-47c2-9dd4-64ae2244aced,Academic Research,,0
416bba97-6e25-4d76-8298-b3c892d9ca35,aabd2af1-3e36-47c2-9dd4-64ae2244aced,Medical Research,,1
0d3ea3f4-820e-4b07-bc19-d41fdaf81cce,aabd2af1-3e36-47c2-9dd4-64ae2244aced,Data Analysis,,2
cb5e7dbc-0acf-4ad6-b1de-b297cbb04f3d,aabd2af1-3e36-47c2-9dd4-64ae2244aced,Computational Neuroscience,,3
2fbeb77a-9e12-478c-b1b8-72bcd2816865,aabd2af1-3e36-47c2-9dd4-64ae2244aced,Behavioral Neuroscience,,4
dab92f84-42c5-4ca5-9524-68b12accaa77,aabd2af1-3e36-47c2-9dd4-64ae2244aced,Analytical Skills,,5
ce0b7cc3-4531-42a9-858b-6edbec0dd41d,aabd2af1-3e36-47c2-9dd4-64ae2244aced,Presentation Skills,,6
601f7f58-9f0d-4e73-814f-137e599e3157,aabd2af1-3e36-47c2-9dd4-64ae2244aced,English,,7
394dac4c-2c11-43f1-841a-4390398b3c2c,aabd2af1-3e36-47c2-9dd4-64ae2244aced,Research Skills,,8
de50b202-ee6b-40fd-9672-5ddef3ff4541,aabd2af1-3e36-47c2-9dd4-64ae2244aced,Communication,,9
a0200c57-9509-437b-88e3-fe195e338167,61d6dada-0d7d-4b02-8c05-7dc3816c9a49,Western Blotting,,0
1ba36129-8d0b-4eb9-af13-cb6a1bb80a64,61d6dada-0d7d-4b02-8c05-7dc3816c9a49,Dosing and Drug Administration,,1
46397827-15b8-49f8-85cf-b7d1bc778d2f,61d6dada-0d7d-4b02-8c05-7dc3816c9a49,Mouse Handling,,2
5a614a3e-7f16-4479-8935-2f3696005b07,61d6dada-0d7d-4b02-8c05-7dc3816c9a49,Scientific Research,,3
a5502c4d-09cc-4234-b26c-4ef90c08c599,61d6dada-0d7d-4b02-8c05-7dc3816c9a49,Mathematics Education,,4
2f94b733-78b8-490f-a5ea-cbc4a4456b33,61d6dada-0d7d-4b02-8c05-7dc3816c9a49,Curriculum Development,,5
2f228e73-633d-4a56-a1ba-2efbf67e26c0,61d6dada-0d7d-4b02-8c05-7dc3816c9a49,Teaching,,6
507483b0-84f4-4fdd-9952-7fa29df04ac6,61d6dada-0d7d-4b02-8c05-7dc3816c9a49,Mentoring,,7
394d3bc6-7e05-4a3e-bcd1-f128abff7941,61d6dada-0d7d-4b02-8c05-7dc3816c9a49,Customer Service,,8
9f872c28-8435-4699-871c-aee1d521faf9,61d6dada-0d7d-4b02-8c05-7dc3816c9a49,Administrative support,,9
893cdad5-d3d8-441e-8940-e4a83c68dfe9,abb97cd8-36de-4c7d-ab17-23817efe1904,Artificial Intelligence (AI),,0
e526bcfc-f9a7-4688-ac72-7373e5c6da27,abb97cd8-36de-4c7d-ab17-23817efe1904,Manuscript Development,,1
2747baaf-6921-42c3-a448-8726f0cf8b59,abb97cd8-36de-4c7d-ab17-23817efe1904,Conference Services,,2
b7a05c9a-92c4-4eb0-ac59-862ec3aea918,abb97cd8-36de-4c7d-ab17-23817efe1904,Customer Relationship Management (CRM),,3
3c05860d-31e3-4fa9-8708-d36ce018632c,abb97cd8-36de-4c7d-ab17-23817efe1904,Statistical Data Analysis,,4
cc12131a-7836-4c91-acd4-1f3643b4c0cc,abb97cd8-36de-4c7d-ab17-23817efe1904,Community Outreach,,5
15e87da4-556c-4217-80bc-fa34c8dcaa30,abb97cd8-36de-4c7d-ab17-23817efe1904,Peer Support,,6
9adf4174-2df1-4d75-8521-f4cd656d588c,abb97cd8-36de-4c7d-ab17-23817efe1904,Peer Mentoring,,7
daba4630-be0d-493b-9794-a6155e67afa5,abb97cd8-36de-4c7d-ab17-23817efe1904,Community Engagement,,8
100dfea0-06db-4711-a0c2-1d46de40795c,abb97cd8-36de-4c7d-ab17-23817efe1904,Suicide Prevention,,9
139d19ca-70b9-48ea-88a7-607fbf83f38b,1d2f3d61-4015-4a66-a140-bf98f283d695,Collaborative Problem Solving,,0
5375846e-7f6a-4845-b63a-5076be182c40,1d2f3d61-4015-4a66-a140-bf98f283d695,constructive dialogue,,1
ba004e59-62a8-4487-b486-bb47a20cd51f,1d2f3d61-4015-4a66-a140-bf98f283d695,R (Programming Language),,2
1095d849-846a-4d9c-849e-826fad151d44,1d2f3d61-4015-4a66-a140-bf98f283d695,Laboratory Skills,,3
62f5f6de-dab5-40c2-a616-9e35a6e225f9,1d2f3d61-4015-4a66-a140-bf98f283d695,Science Communication,,4
80691a2f-c14d-41cd-a458-7f6057d037d7,1d2f3d61-4015-4a66-a140-bf98f283d695,Data Extraction,,5
183eca1e-8dc3-4724-b6b1-e53c9aa9c90e,1d2f3d61-4015-4a66-a140-bf98f283d695,Collaborative Teamwork,,6
2b9862f1-9633-41c9-8088-e6801bdea531,1d2f3d61-4015-4a66-a140-bf98f283d695,Research Design & Experimental Planning,,7
9e00feab-5736-492d-bf6a-ac8269741fc6,1d2f3d61-4015-4a66-a140-bf98f283d695,Microsoft Excel,,8
20ac3f7e-a8ba-4f55-9d5d-211726382bae,1d2f3d61-4015-4a66-a140-bf98f283d695,Literature Review & Scientific Reading,,9
3b00357a-5684-4d2d-b129-0b7531522048,d93bf6ad-efae-4411-9708-bdff1c9fe891,Technical Reports,,0
f5bf32b5-5f5c-4958-b81b-b8f146b1ad1c,d93bf6ad-efae-4411-9708-bdff1c9fe891,Polymerase Chain Reaction (PCR),,1
65657243-0e0e-4f11-b23c-dcb737a2efe5,d93bf6ad-efae-4411-9708-bdff1c9fe891,Mammalian Cell Culture,,2
f831ea18-2c0c-481c-94e5-6202e1da5dd8,d93bf6ad-efae-4411-9708-bdff1c9fe891,Cryopreservation,,3
fe160c39-fce1-4c34-8b3f-6fe280d54e2d,d93bf6ad-efae-4411-9708-bdff1c9fe891,Cell Culture,,4
f606d523-38e6-434e-bffd-e0534b274c35,d93bf6ad-efae-4411-9708-bdff1c9fe891,MALDI-TOF mass spectrometry,,5
7c88e0ff-244a-4e0b-85a4-ccc6b8cab3ac,d93bf6ad-efae-4411-9708-bdff1c9fe891,Western Blotting,,6
ad0a6abf-26ed-43fd-aab5-6bab15238f73,d93bf6ad-efae-4411-9708-bdff1c9fe891,Immunocytochemistry,,7
0575889c-dfa6-41c3-a626-496c4de650e2,d93bf6ad-efae-4411-9708-bdff1c9fe891,IBM SPSS Statistics,,8
d94c1122-a9ce-4140-9042-cbc4b58fb60a,d93bf6ad-efae-4411-9708-bdff1c9fe891,GraphPad Prism,,9
26513839-b025-4ccb-9a33-0534da9d69c4,41601368-5883-4c8c-acc3-410a620df99c,Precision Medicine,,0
45cba9c9-53bb-4cd8-b33c-ec6f5bce63f0,41601368-5883-4c8c-acc3-410a620df99c,Entrepreneurship,,1
508c507c-5455-4851-84e2-ac8d67690377,41601368-5883-4c8c-acc3-410a620df99c,Prescription,,2
11395b4d-cacd-4287-87e0-e5f2c8ca6f97,41601368-5883-4c8c-acc3-410a620df99c,Referrals,,3
ea27d477-fe5c-444d-a02c-e62cc5a9a944,41601368-5883-4c8c-acc3-410a620df99c,Electronic Medical Record (EMR),,4
5cafe32f-53d9-4898-afaf-365dfae14841,41601368-5883-4c8c-acc3-410a620df99c,Virtual Teams,,5
85ceca35-eb3b-4f14-908f-4a9f4378a4d6,41601368-5883-4c8c-acc3-410a620df99c,Health Education,,6
127eddad-9bbc-4cfe-a5b1-debf4fc9c48e,41601368-5883-4c8c-acc3-410a620df99c,Longevity,,7
33d3719a-6522-44f2-b7a6-18f5d7c133bb,41601368-5883-4c8c-acc3-410a620df99c,Voluntary Sector,,8
9445bbdc-46fa-4d43-8f27-e78517949ffe,41601368-5883-4c8c-acc3-410a620df99c,Patient Experience,,9
4360a27c-3529-40bf-bf43-8940325ead45,1f1f4f23-4334-4f7d-8036-fa26d1c08d07,Hands-on Research,,0
3bf74c7a-914f-45a6-bb34-1eebe7fdd9b6,1f1f4f23-4334-4f7d-8036-fa26d1c08d07,Initiative,,1
dce968ea-337f-46b8-b5c9-fd997bea09cc,1f1f4f23-4334-4f7d-8036-fa26d1c08d07,Data Analysis,,2
048b51f0-89d2-4ac4-a406-ea95440db00f,1f1f4f23-4334-4f7d-8036-fa26d1c08d07,Teamwork,,3
c16a8325-dccd-4a86-995d-257d4897ed31,1f1f4f23-4334-4f7d-8036-fa26d1c08d07,Social Media Marketing,,4
75bd4aa6-84c6-4265-970e-9b91c49a67d3,1f1f4f23-4334-4f7d-8036-fa26d1c08d07,Project Management,,5
10fa41d2-88fb-40fe-90e5-88d607ce0656,1f1f4f23-4334-4f7d-8036-fa26d1c08d07,Social Research,,6
e24c32a0-6982-4203-8991-4fb121a858ff,1f1f4f23-4334-4f7d-8036-fa26d1c08d07,Patient Experience,,7
570119d2-02ff-4c39-8f79-7af5c333ce6f,1f1f4f23-4334-4f7d-8036-fa26d1c08d07,Research Skills,,8
def66da0-3cfd-4ec8-a29d-800ed6e7211d,1f1f4f23-4334-4f7d-8036-fa26d1c08d07,Organizational Leadership,,9
2edadab0-4529-410b-bcb1-7f22f9ddecc4,8d5b5273-e5dd-4481-b206-93b7e7983e66,Teaching,,0
9f76a573-184c-47d0-9c00-31853551f7b8,8d5b5273-e5dd-4481-b206-93b7e7983e66,Leadership,,1
d54763c9-371c-42fc-bfb0-63d857b152f3,8d5b5273-e5dd-4481-b206-93b7e7983e66,Research Skills,,2
425e34e8-6204-48e0-8d2a-f675ee8b5ac2,03db3f72-1adc-4d08-bdde-9864a58cb2a6,C (Programming Language),,0
76d6b44e-0de2-4165-8167-0b8a4a382ae3,03db3f72-1adc-4d08-bdde-9864a58cb2a6,Image Processing,,1
907cd9aa-a64f-4097-a9f8-3ec8053a51c3,03db3f72-1adc-4d08-bdde-9864a58cb2a6,Computer Hardware Troubleshooting,,2
667b1028-8fe5-42a2-9b28-c0d3468091a5,03db3f72-1adc-4d08-bdde-9864a58cb2a6,Software Development,,3
a83d55fa-c0d2-40e6-9854-4631c068f174,03db3f72-1adc-4d08-bdde-9864a58cb2a6,Calibration,,4
3b93acef-d2a0-4ea9-951a-162df7acc4e1,03db3f72-1adc-4d08-bdde-9864a58cb2a6,Printed Circuit Board (PCB) Design,,5
3cda4b44-39bf-4be8-8a39-7bb02500d3b5,03db3f72-1adc-4d08-bdde-9864a58cb2a6,Pattern Recognition,,6
38d58f03-ddf0-4dc1-b50b-ca2dbd5e6d1a,03db3f72-1adc-4d08-bdde-9864a58cb2a6,ECG Interpretation,,7
da199c62-7f00-4f9b-b400-e32d2b82d051,03db3f72-1adc-4d08-bdde-9864a58cb2a6,Matlab,,8
722128f0-cebf-47bb-be1c-9762380d572c,03db3f72-1adc-4d08-bdde-9864a58cb2a6,Deep Learning,,9
bf26b6b6-813b-4c0c-a2f1-5f138f226f20,65d6a6cf-d455-43a7-924b-1d1b25bb37d1,Advertising,,0
be1e64f1-783d-4add-8fcc-c70d817e3ca8,65d6a6cf-d455-43a7-924b-1d1b25bb37d1,Leadership,,1
4144071e-cb89-4963-941b-6cbc8db594e3,65d6a6cf-d455-43a7-924b-1d1b25bb37d1,Communication,,2
1ae0a2b0-cf58-4660-b18c-0b68539d71fc,65d6a6cf-d455-43a7-924b-1d1b25bb37d1,Clinical Research,,3
832631c0-8c4c-4039-b070-182664b18266,65d6a6cf-d455-43a7-924b-1d1b25bb37d1,Writing,,4
1f331d63-5739-4f23-aa9a-cb6b4753edb7,65d6a6cf-d455-43a7-924b-1d1b25bb37d1,Team Leadership,,5
70f3b6e7-8d54-4289-9bfa-9a95c231657d,65d6a6cf-d455-43a7-924b-1d1b25bb37d1,Project Management,,6
50b759a8-1fb0-40a5-8d8a-4511f57ee798,65d6a6cf-d455-43a7-924b-1d1b25bb37d1,Neuroscience,,7
00bb48a4-33cb-4219-8c5c-86be364579cc,f67871d0-cfe5-445d-bc2a-67b84dda39f2,Reprogramming,,0
e760ad38-254b-4311-992e-5ae5080dace7,f67871d0-cfe5-445d-bc2a-67b84dda39f2,Neurodegeneration,,1
dddf329f-3c78-4d84-8b38-3ad717dfe330,f67871d0-cfe5-445d-bc2a-67b84dda39f2,Stem Cells,,2
54e6f3ca-76e0-4941-94e8-f4a11df21675,f67871d0-cfe5-445d-bc2a-67b84dda39f2,Organoids,,3
ec8a53bc-3da8-4934-b37e-83aba7ee7576,f67871d0-cfe5-445d-bc2a-67b84dda39f2,Biomedical Research,,4
ac817e9d-c6d8-4f7e-9170-7a09255234e4,f67871d0-cfe5-445d-bc2a-67b84dda39f2,Experimental Research,,5
3658e905-d7ef-4e18-9474-0447401d8aef,f67871d0-cfe5-445d-bc2a-67b84dda39f2,Regenerative Medicine,,6
429f6bb0-effc-47eb-8a99-79d04dd5b8fe,f67871d0-cfe5-445d-bc2a-67b84dda39f2,Forskning,,7
7219ef3f-fb10-4c97-83ee-b9d05882c300,f67871d0-cfe5-445d-bc2a-67b84dda39f2,Microsoft Office,,8
75821c14-1785-4907-8fe1-61063d7eb0d8,f67871d0-cfe5-445d-bc2a-67b84dda39f2,Microsoft Excel,,9
1b1389d1-c212-46f0-af42-bd1fc7ac835a,d3ee9809-6941-472e-83c1-7060e904c8e6,Laboratory Skills,,0
ef978565-e125-42a4-9ebc-b632fad27c6c,d3ee9809-6941-472e-83c1-7060e904c8e6,Data Analysis,,1
3516ec80-6be0-49da-a0bc-c5be778b7253,d3ee9809-6941-472e-83c1-7060e904c8e6,Animal Handling,,2
83bb1b98-05a1-4037-a6de-eb661965c847,d3ee9809-6941-472e-83c1-7060e904c8e6,Leadership,,3
ceabd8da-2ed8-465c-9920-e0daef043825,d3ee9809-6941-472e-83c1-7060e904c8e6,Chemistry,,4
a56a4396-37ee-4589-b12c-cd5c897453a9,d3ee9809-6941-472e-83c1-7060e904c8e6,Organizational Development,,5
36319b4b-c7ba-4f53-96de-bb38bad2fcae,d3ee9809-6941-472e-83c1-7060e904c8e6,Database Administration,,6
a0c273bc-8901-4bb9-9cd6-625233f2069b,d3ee9809-6941-472e-83c1-7060e904c8e6,Interdisciplinary Research,,7
8c6a0fef-4b75-4bdf-9b9e-0baaac29517e,d3ee9809-6941-472e-83c1-7060e904c8e6,Customer Service,,8
da06cd35-7477-415f-b3a9-5d506107b889,d3ee9809-6941-472e-83c1-7060e904c8e6,Interpersonal Communication,,9
f4d46330-214d-4eb8-925d-804ce3f415a4,78215c93-f205-4d9e-a8f8-a873f47ed90b,Policy Development,,0
44598a19-ccc1-40c2-bf3d-74cffef297f7,78215c93-f205-4d9e-a8f8-a873f47ed90b,Leadership,,1
d95859ce-adb6-4f34-8028-78549c1d55d3,78215c93-f205-4d9e-a8f8-a873f47ed90b,Strategic Planning,,2
7f673b1e-e75d-4b46-9801-7303d5eb9d99,78215c93-f205-4d9e-a8f8-a873f47ed90b,Cross-sector Collaboration,,3
b1c08a1c-ad52-4de0-a138-8cd4a87e46ee,78215c93-f205-4d9e-a8f8-a873f47ed90b,Prompt Engineering,,4
871b797c-7b0f-4e54-a293-142d4f45f5b3,78215c93-f205-4d9e-a8f8-a873f47ed90b,JavaScript,,5
45530d63-b113-4e49-8492-4e92929b8f75,78215c93-f205-4d9e-a8f8-a873f47ed90b,Project Management,,6
b9b9963f-8dd7-4264-8623-b1c7be1049d2,78215c93-f205-4d9e-a8f8-a873f47ed90b,Python (Programming Language),,7
9ccbdffc-896c-4b27-8c58-192edc2b0a3e,78215c93-f205-4d9e-a8f8-a873f47ed90b,Team Leadership,,8
02dd54d6-6dd0-4c54-b9c5-ce73c4dfe6b0,78215c93-f205-4d9e-a8f8-a873f47ed90b,Clinical Research,,9
e7139eff-a014-4166-9d2e-40e7845a9fdc,998b39b1-e74a-4198-b6eb-9618bc7d0250,Written Communication,,0
1b1e58f0-f4a7-42cc-ab29-2939badc62e8,998b39b1-e74a-4198-b6eb-9618bc7d0250,Debugging,,1
51ec5fa0-7b3d-4c40-9440-19eb4663cec8,998b39b1-e74a-4198-b6eb-9618bc7d0250,Database Management System (DBMS),,2
4b40822e-f21f-4850-ab7e-d512ac8c208c,998b39b1-e74a-4198-b6eb-9618bc7d0250,Algorithms,,3
292261db-2330-4618-9ab2-d357b4af8651,998b39b1-e74a-4198-b6eb-9618bc7d0250,React.js,,4
53212057-e425-47fc-9a89-c5d629de205c,998b39b1-e74a-4198-b6eb-9618bc7d0250,Programming,,5
3f579096-629b-4906-a15d-6e21dfbf1479,998b39b1-e74a-4198-b6eb-9618bc7d0250,Object Oriented Design,,6
fa8ff8ba-7427-409e-b73d-58667e457eaa,998b39b1-e74a-4198-b6eb-9618bc7d0250,C++,,7
f0be05de-568d-4003-a188-580a000643c6,998b39b1-e74a-4198-b6eb-9618bc7d0250,Pandas (Software),,8
b59f072a-88f1-48ee-98db-7f46fd93e70a,998b39b1-e74a-4198-b6eb-9618bc7d0250,NumPy,,9
1d423f2f-57ca-4960-84f1-b11ab30d3523,6da8654b-0024-4612-b1bc-7bb110709506,Community Outreach,,0
74250a32-35c1-45d3-b92b-a7b181f017d0,6da8654b-0024-4612-b1bc-7bb110709506,Educational Outreach,,1
774d4f80-2bdd-481a-b485-2d111ca1538c,6da8654b-0024-4612-b1bc-7bb110709506,Event Planning,,2
6424e039-148f-40d4-8771-3ab5319543a3,6da8654b-0024-4612-b1bc-7bb110709506,Data Analysis,,3
46e18643-670f-4ad9-8fb6-aa38f327c4db,6da8654b-0024-4612-b1bc-7bb110709506,Analytical Skills,,4
aedcc906-be89-4401-920f-34681c5889ee,6da8654b-0024-4612-b1bc-7bb110709506,Adobe Photoshop,,5
8999b5e6-2906-4c2f-97e5-b666c2df8145,6da8654b-0024-4612-b1bc-7bb110709506,Research Skills,,6
d0bf2292-2963-4d0a-977f-5c93694abb41,6da8654b-0024-4612-b1bc-7bb110709506,Communication,,7
170d814c-e824-4a63-9e3d-9e9ef91449dd,030f8cde-f2ae-4824-8f5b-98102638bf51,Leading Discussions,,0
c4a74e37-840b-40e7-8e72-95e5060831d1,030f8cde-f2ae-4824-8f5b-98102638bf51,Teamwork,,1
47b19137-ed9f-4b85-8c44-fc368fbb9b64,030f8cde-f2ae-4824-8f5b-98102638bf51,Customer Service,,2
f93d11a4-ba31-45c3-9bac-7e76270bdb21,030f8cde-f2ae-4824-8f5b-98102638bf51,Communication,,3
c6cfb3b7-2d54-4fcd-83b8-5219bc2b1efd,030f8cde-f2ae-4824-8f5b-98102638bf51,Organizational Skills,,4
da2b722b-6502-441f-8b12-673884764d1d,030f8cde-f2ae-4824-8f5b-98102638bf51,Time Management,,5
e7a56911-033b-47fe-be39-72889d9913f8,030f8cde-f2ae-4824-8f5b-98102638bf51,Conflict Resolution,,6
8a0f029a-4436-435e-a3da-77851cd91ee3,030f8cde-f2ae-4824-8f5b-98102638bf51,Organizational Leadership,,7
96ed3c25-5e03-4ab8-b7c2-357f0507ad35,030f8cde-f2ae-4824-8f5b-98102638bf51,Child Advocacy,,8
f93990f5-0f79-434a-9ccd-20d6276443cf,030f8cde-f2ae-4824-8f5b-98102638bf51,Community Outreach,,9
283b7dc0-5faf-48cd-a226-84218f35de4c,648fb3a2-6350-4425-a06b-0f365af47a02,ArcGIS Products,,0
9308f172-f0c5-48f3-8d30-ceb84f012010,648fb3a2-6350-4425-a06b-0f365af47a02,Statistics,,1
89b53cdb-8eff-42ac-bf86-3297bf621e6e,648fb3a2-6350-4425-a06b-0f365af47a02,Research Skills,,2
fc3ac760-8170-4b83-81e9-c295f095fd36,648fb3a2-6350-4425-a06b-0f365af47a02,Field Work,,3
2e67ac89-ff9b-429a-84d9-f5ea819e7543,35907a16-9410-45ac-92ed-2912d1bc44e5,Research Support,,0
e975f83c-71a1-4cb8-b8e5-81916e543f2a,35907a16-9410-45ac-92ed-2912d1bc44e5,Academic Research,,1
c9ae57da-046a-41d7-a4f1-be0a945daf6e,35907a16-9410-45ac-92ed-2912d1bc44e5,Microsoft Office,,2
34f7f808-cd4d-41fe-ae13-9ecf90f9ffb5,35907a16-9410-45ac-92ed-2912d1bc44e5,Teamwork,,3
4abe700a-6a69-4161-98bb-abfdd08962c3,35907a16-9410-45ac-92ed-2912d1bc44e5,Attention to detail and ability to work accurately,,4
338aa388-c344-4a85-a711-7325244cc211,35907a16-9410-45ac-92ed-2912d1bc44e5,Organization and leadership skills,,5
299a936b-8569-4a5e-8e9f-0ef76d441186,35907a16-9410-45ac-92ed-2912d1bc44e5,Strong written and verbal communication,,6
cd805e7e-c2c5-4f71-b6ea-3eec3387ac0a,665c216d-2be7-44fb-93f3-ebb348312ccf,Relationship Building,,0
2238dc4e-d745-488b-bd49-ced20d86d24b,665c216d-2be7-44fb-93f3-ebb348312ccf,Coordinating Meetings,,1
d5bc2783-1ca9-4037-a614-e6e2608f91bd,665c216d-2be7-44fb-93f3-ebb348312ccf,Public Policy,,2
f71a12c1-dc76-4a48-bf93-9ba678a5523b,665c216d-2be7-44fb-93f3-ebb348312ccf,Political Science,,3
9edccec1-d1cb-438b-8daf-a5df83826c7d,665c216d-2be7-44fb-93f3-ebb348312ccf,Strategic Communications,,4
aa2c8178-33f7-4349-a802-c87d7d4595a1,665c216d-2be7-44fb-93f3-ebb348312ccf,Strategy,,5
bd5e43aa-cf44-4fcf-a0af-af8bc5341e53,665c216d-2be7-44fb-93f3-ebb348312ccf,Press Releases,,6
2ec6f3db-d251-4b73-9310-7e17e2296413,665c216d-2be7-44fb-93f3-ebb348312ccf,Political Risk Analysis,,7
4b48de94-f882-485a-a287-526cb6f6db80,665c216d-2be7-44fb-93f3-ebb348312ccf,Policy Planning,,8
a936fe86-27c0-4b63-b39e-efc85d2095b2,be905b1e-163c-4cd9-b36b-a1bdd45d8abe,Microscopy,,0
d9bb6069-cdcd-4910-a409-6d775039882e,be905b1e-163c-4cd9-b36b-a1bdd45d8abe,Confocal Microscopy,,1
0a89caef-cf87-4c36-836a-0a381b03c6a0,be905b1e-163c-4cd9-b36b-a1bdd45d8abe,Histochemistry,,2
a0ac61d2-ad1f-4a88-8ded-bc68426ccfc5,be905b1e-163c-4cd9-b36b-a1bdd45d8abe,Immunofluorescence,,3
dc94a7b7-7868-4ea0-8876-ee97e8c34415,be905b1e-163c-4cd9-b36b-a1bdd45d8abe,Research,,4
ec5ad19f-64b3-4dd8-a42f-b7072783a482,be905b1e-163c-4cd9-b36b-a1bdd45d8abe,Flight Dispatch,,5
c3e86e51-5724-40f8-a331-0a3d86c272ef,be905b1e-163c-4cd9-b36b-a1bdd45d8abe,Airlines,,6
8b31e522-a962-49d9-ae37-bc6272a02725,be905b1e-163c-4cd9-b36b-a1bdd45d8abe,Aviation,,7
812444ae-cd28-4155-93b7-142274e04e38,be905b1e-163c-4cd9-b36b-a1bdd45d8abe,Commercial Aviation,,8
7b52817d-56bd-45c3-80a8-b0156ddef3c2,be905b1e-163c-4cd9-b36b-a1bdd45d8abe,Single Cell Sequencing,,9
71211f40-6fd0-43d5-8de3-d4e27ecc6f96,ffb6f5ee-f522-4676-9d97-adc0167b07c5,Team Leadership,,0
135e8b76-96c5-4044-80ef-855e64c3289c,ffb6f5ee-f522-4676-9d97-adc0167b07c5,Management,,1
fde2ed57-d73d-4a64-8d9f-c1058b7b997c,ffb6f5ee-f522-4676-9d97-adc0167b07c5,Clinical Services,,2
74cdc515-cad4-4ad2-8dce-dc029bae98b7,ffb6f5ee-f522-4676-9d97-adc0167b07c5,Clinical Support,,3
dfe372f8-e82b-4697-88e1-c3748506580a,ffb6f5ee-f522-4676-9d97-adc0167b07c5,Customer Service,,4
23c73c4b-98ce-4ea7-a2a9-91f7c022058f,ffb6f5ee-f522-4676-9d97-adc0167b07c5,Communication,,5
cbdd1197-846a-4f0b-a32d-f6087c74cc7a,e08e3686-313b-4b16-a632-07ecfb926907,Behavioural testing of animal models,,0
6901b32f-019c-423e-a00b-09aebb2cf1f6,e08e3686-313b-4b16-a632-07ecfb926907,Swim Instruction (All Levels),,1
d0a28266-5d0b-414b-bfb6-18fedd0e8e05,e08e3686-313b-4b16-a632-07ecfb926907,First Aid Training,,2
dad92c3a-66c6-46a7-972f-cc145a439636,e08e3686-313b-4b16-a632-07ecfb926907,Cardiopulmonary Resuscitation (CPR),,3
1b2df4bd-ff21-4e3e-867f-db95c4180808,e08e3686-313b-4b16-a632-07ecfb926907,Youth Coaching,,4
e0b24684-32e3-4617-8b3f-a99f3ae7b076,e08e3686-313b-4b16-a632-07ecfb926907,Risk Assessment,,5
e9fa23ce-5ba6-4fca-93aa-c5d9a218c7b9,e08e3686-313b-4b16-a632-07ecfb926907,Team Building,,6
a64eb742-0960-4e4a-a887-dc54838d0125,e08e3686-313b-4b16-a632-07ecfb926907,Athlete Motivation,,7
e9cc550f-d803-48b5-bdbe-52fca2f9c06f,e08e3686-313b-4b16-a632-07ecfb926907,Immunohistochemisty,,8
2624dec5-277f-47d0-87a9-ce96a5c3d2d7,e08e3686-313b-4b16-a632-07ecfb926907,Confocal Microscopy,,9
12dbd43c-4950-41cb-8b6c-dd6fb96871e9,3ffdeca2-9b8b-40c9-aff0-dc5d23dcb88d,Clinical Data Management,,0
0eac0208-a7df-49a5-8e17-d2f00fcf13fe,3ffdeca2-9b8b-40c9-aff0-dc5d23dcb88d,Electronic Data Capture (EDC),,1
8ca02d11-d6dc-4c74-a41b-14dc7a7aa6d9,3ffdeca2-9b8b-40c9-aff0-dc5d23dcb88d,Leadership,,2
87c56b41-61d4-4bc7-9df2-c3e892cce345,3ffdeca2-9b8b-40c9-aff0-dc5d23dcb88d,Classroom Management,,3
4d901069-caa3-45f9-a937-3161522ee5c2,3ffdeca2-9b8b-40c9-aff0-dc5d23dcb88d,Strategic Planning,,4
f833952f-4e34-4030-894d-1608e2028ac0,3ffdeca2-9b8b-40c9-aff0-dc5d23dcb88d,Problem Solving,,5
f7569136-9b0b-4e22-bad1-9c21c4416c58,3ffdeca2-9b8b-40c9-aff0-dc5d23dcb88d,Research Skills,,6
42d50015-4344-4eb4-a8ea-173efbd16b69,3ffdeca2-9b8b-40c9-aff0-dc5d23dcb88d,Scientific Writing,,7
acf9d189-0eb2-420a-a8be-ff8e1a989e6d,3ffdeca2-9b8b-40c9-aff0-dc5d23dcb88d,Teaching,,8
7233d930-5a6a-4c57-b464-3de4a4ff2b26,3ffdeca2-9b8b-40c9-aff0-dc5d23dcb88d,Communication,,9
f5f08890-2071-4e65-8068-f1ef7a86131d,413e38f3-fde4-41ab-86d9-0bf48f4c5eec,Clinical Study Management,,0
130b890f-f175-4124-9dad-e1c26aea7df3,413e38f3-fde4-41ab-86d9-0bf48f4c5eec,"Laboratory Skills (Pipetting, Titrating, Streaking & Straining)",,1
a6ae4d56-6f5a-4d4e-8d46-32a942da5a08,413e38f3-fde4-41ab-86d9-0bf48f4c5eec,"Programing Software (Python, C++, HTML, Java)",,2
2687936f-f281-41ad-93b0-822cd39786fc,413e38f3-fde4-41ab-86d9-0bf48f4c5eec,"Microsoft Office (Excel, Word, PowerPoint, Outlook, OneNote)",,3
81291815-79ac-4461-bb96-77775cf99cdd,31734037-6b81-4bc5-b485-650f05e4fe91,Skills,,0
9819ab61-3d23-4cae-8d97-5b6e9c21ebd9,31734037-6b81-4bc5-b485-650f05e4fe91,Academic Research,,1
10d5cfac-a48f-4d98-8319-2c478701f3df,abfaa604-a017-4d5e-9aec-ecb586b0ddd4,Operations Management,,0
17a3fa0a-bf11-418a-a73d-4a777325bbae,abfaa604-a017-4d5e-9aec-ecb586b0ddd4,Business Development,,1
ca949b5b-9669-49fb-8f07-a61fed87532d,abfaa604-a017-4d5e-9aec-ecb586b0ddd4,Collaborative Work,,2
7fa979b9-9ffe-4a45-9597-7309eb7cc9a5,abfaa604-a017-4d5e-9aec-ecb586b0ddd4,Research Design,,3
6d7417a0-1ad3-4369-8392-0ab4c96f851f,abfaa604-a017-4d5e-9aec-ecb586b0ddd4,Animal Handling,,4
1aadd27b-b1e5-4a72-911d-d214e0a21572,abfaa604-a017-4d5e-9aec-ecb586b0ddd4,Tenacious Work Ethic,,5
43dc3623-22cb-4e2f-a82d-4464c79c2842,abfaa604-a017-4d5e-9aec-ecb586b0ddd4,Laboratory Techniques,,6
279fcc71-3f80-4df7-ab3d-5b9cf9f353e0,abfaa604-a017-4d5e-9aec-ecb586b0ddd4,Public Speaking,,7
6b5c7c4d-2721-4c6c-9628-cb229aaee3ea,abfaa604-a017-4d5e-9aec-ecb586b0ddd4,Teamwork,,8
05f42244-e6cd-425d-a4dc-650b779c42f0,abfaa604-a017-4d5e-9aec-ecb586b0ddd4,Communication,,9
70b3bba5-e53f-485a-9a38-14473964a2b8,04c0502c-e2fa-4de1-b7e4-1e471df6d292,Financial Analysis,,0
841bffab-c1ba-4c47-be17-3e4160558a9e,04c0502c-e2fa-4de1-b7e4-1e471df6d292,Teamwork,,1
4297cd43-4330-489e-aed4-39ba81a9d7fd,04c0502c-e2fa-4de1-b7e4-1e471df6d292,Interpersonal Communication,,2
6ee37128-ae61-4e3a-96e1-1fb7f7c80ce5,04c0502c-e2fa-4de1-b7e4-1e471df6d292,Problem Solving,,3
63b53e94-8ad7-45e9-b633-57de0fe0a7b0,04c0502c-e2fa-4de1-b7e4-1e471df6d292,Analytical Skills,,4
96340853-211b-4a4d-ab52-60da4ff8bd8c,04c0502c-e2fa-4de1-b7e4-1e471df6d292,Communication,,5
6bf04545-6295-475d-8f17-21bf4cec206d,04c0502c-e2fa-4de1-b7e4-1e471df6d292,Easily Adaptable,,6
d2199d48-78b9-46e9-beb9-e50f32be7a01,04c0502c-e2fa-4de1-b7e4-1e471df6d292,Teaching,,7
fc1b9c4b-ee73-4e30-9c8d-1672e1e6a5f8,04c0502c-e2fa-4de1-b7e4-1e471df6d292,Networking,,8
3201d373-5fb5-4875-8a97-86daa50d24ce,04c0502c-e2fa-4de1-b7e4-1e471df6d292,Team Leadership,,9
76c54efb-7bbe-4e4d-9e57-0d6d900cf600,227f9d77-1bcf-487a-82db-0b1b7e563d80,Global Health,,0
da2fe2df-ac90-40a9-80cb-3e53fd7b6d46,227f9d77-1bcf-487a-82db-0b1b7e563d80,Healthcare Team Collaboration.,,1
1dae372d-b1e7-4c08-adca-c4633611b718,227f9d77-1bcf-487a-82db-0b1b7e563d80,Patient Safety,,2
61c62162-d431-4058-a976-bc05a70d0f21,227f9d77-1bcf-487a-82db-0b1b7e563d80,Medical Education,,3
1f6fc081-7f70-4f1c-8db9-53187c91ed1c,227f9d77-1bcf-487a-82db-0b1b7e563d80,Computed Tomography (CT) Imaging,,4
2cfdd4cb-5fcf-4e00-ba54-3467b62a8beb,227f9d77-1bcf-487a-82db-0b1b7e563d80,Radiology,,5
acf25b8c-8b89-4646-8c59-58c53a349199,227f9d77-1bcf-487a-82db-0b1b7e563d80,Primary Care,,6
66ec430c-d7b6-43e4-99cc-28af00cabe18,465607d0-7eec-4fc1-9e85-f3ba7630de87,Cognitive Neuroscience,,0
358c1490-0cda-4435-bd9e-20077e12f616,465607d0-7eec-4fc1-9e85-f3ba7630de87,Academic Research,,1
2af3b414-6069-4946-a801-a192c78bcc10,465607d0-7eec-4fc1-9e85-f3ba7630de87,Electrophysiology,,2
63494510-5f76-40f1-800b-06abf7cba7cc,465607d0-7eec-4fc1-9e85-f3ba7630de87,Movement Disorders,,3
f6230090-b266-45ff-a1e0-b4aeff69f836,465607d0-7eec-4fc1-9e85-f3ba7630de87,Recruiting,,4
e173f256-f4ff-4fa1-9990-c576ad46a670,465607d0-7eec-4fc1-9e85-f3ba7630de87,Transcranial Magnetic Stimulation,,5
d0155e27-a8b1-44ce-98ea-deb0d853c02f,465607d0-7eec-4fc1-9e85-f3ba7630de87,Computational Neuroscience,,6
bf79c68d-fc16-4b78-9703-f7d7a31e032d,465607d0-7eec-4fc1-9e85-f3ba7630de87,Transcribing,,7
d7ce9192-e45c-49cd-aa8f-bcd1fdf63738,465607d0-7eec-4fc1-9e85-f3ba7630de87,MATLAB,,8
af1915fe-aaf0-42b2-ad70-a9efcc9b2385,465607d0-7eec-4fc1-9e85-f3ba7630de87,Statistics,,9
091490df-d701-4260-8370-37cf2f8e22e7,2639593a-850c-4dcb-be8b-e338bccf7a2f,Alzheimer's Disease,,0
d2e46c0f-53cb-4463-b335-edf640487a46,2639593a-850c-4dcb-be8b-e338bccf7a2f,Bioelectronics,,1
e7830364-fe97-4e96-91a0-18e1c0df4f33,2639593a-850c-4dcb-be8b-e338bccf7a2f,Electromyography (EMG),,2
36d73cb9-2613-46bc-aa25-dd861d87b268,2639593a-850c-4dcb-be8b-e338bccf7a2f,Electrocardiography (EKG),,3
8bf9725b-aa05-4940-93dd-721830f33f1e,2639593a-850c-4dcb-be8b-e338bccf7a2f,Presentation Skills,,4
dfe3e28c-a131-48d5-b8f0-d3fb46dc76b7,2639593a-850c-4dcb-be8b-e338bccf7a2f,PyTorch,,5
1856f9b8-2d47-44aa-8a7f-5c6227aeb125,2639593a-850c-4dcb-be8b-e338bccf7a2f,Computer Vision,,6
086721a2-2a74-4599-a692-d7e3145bc0e8,2639593a-850c-4dcb-be8b-e338bccf7a2f,Deep Neural Networks (DNN),,7
28e82d29-6ee7-4b18-adaa-e9db4a4cb90e,2639593a-850c-4dcb-be8b-e338bccf7a2f,Parkinson's Disease,,8
7b46c199-5f43-4a54-95ec-71acfac729e8,2639593a-850c-4dcb-be8b-e338bccf7a2f,Neural Networks,,9
1af38c93-5d62-4645-9e92-d64d80f5110c,38acbe79-6c1d-44bb-9a7e-30d7a3ce2efc,EEG,,0
b5a359d6-64d7-4cb0-9cdb-fcde651e94a1,38acbe79-6c1d-44bb-9a7e-30d7a3ce2efc,MATLAB,,1
d88dbed0-504c-43b7-8162-1f27daeade50,38acbe79-6c1d-44bb-9a7e-30d7a3ce2efc,Jane App,,2
c972c760-0e92-4d58-a895-33378c781bba,38acbe79-6c1d-44bb-9a7e-30d7a3ce2efc,Qualtrics,,3
09f6d34d-4ef8-4001-a05d-22ae4326d00c,38acbe79-6c1d-44bb-9a7e-30d7a3ce2efc,Python (Programming Language),,4
96128996-d4c8-4ba9-a6f9-c1392f087716,38acbe79-6c1d-44bb-9a7e-30d7a3ce2efc,Data Analysis,,5
987ce923-eb67-4403-8ede-994d1482cabf,38acbe79-6c1d-44bb-9a7e-30d7a3ce2efc,Wet Labs,,6
5c057ac4-e94b-4454-8282-9655c55baefc,38acbe79-6c1d-44bb-9a7e-30d7a3ce2efc,REDCap,,7
b20bb268-6d44-438f-a3af-9ae51f29ac44,38acbe79-6c1d-44bb-9a7e-30d7a3ce2efc,Microsoft Office,,8
280d601b-072d-4767-8e56-3d4c503c156c,38acbe79-6c1d-44bb-9a7e-30d7a3ce2efc,Clinical Research,,9
661d7f91-afa8-420f-8c6e-3060074fbd47,485a2419-bb01-4142-868a-e70aa0b15adb,Teamwork,,0
f21ba0a7-02fb-496f-bc18-933917b4ab7d,485a2419-bb01-4142-868a-e70aa0b15adb,Sports Management,,1
77fd0297-f036-4d6c-9435-e77b6df16441,485a2419-bb01-4142-868a-e70aa0b15adb,Data Analysis,,2
7c2d75c6-5116-46bd-acda-743717234ec5,485a2419-bb01-4142-868a-e70aa0b15adb,Laboratory Techniques,,3
be67e98f-3c7d-4b42-a158-6d0b1bb1ba34,485a2419-bb01-4142-868a-e70aa0b15adb,Collaborative Work,,4
62b2b5cd-0cd5-421f-83a6-d469148bea58,485a2419-bb01-4142-868a-e70aa0b15adb,Administration,,5
990d07a3-a495-4d27-a52c-c0de18f5bfbb,485a2419-bb01-4142-868a-e70aa0b15adb,Volunteer Management,,6
543a348d-f890-4cb4-a9d2-3c03832ceb67,485a2419-bb01-4142-868a-e70aa0b15adb,Customer Service,,7
8afa84d9-fea1-4ec6-9417-011f181ec292,485a2419-bb01-4142-868a-e70aa0b15adb,Sales,,8
7648c134-112f-475a-b9d1-0f33c5f1f557,a15a3687-bd20-46c5-91aa-ceabe7296098,Academic Research,,0
e1668ecc-283d-422a-9a0f-63bbb2cfde3c,a15a3687-bd20-46c5-91aa-ceabe7296098,Contemporary Dance,,1
4ee8a040-4229-4109-8b56-95c16fbbad07,d029dce6-a864-4662-9d89-1be8d56154d0,Skills,,0
20232156-3c7d-4cfb-b22f-385e32e8c743,d029dce6-a864-4662-9d89-1be8d56154d0,Research Skills,,1
01cd1640-0787-45fc-aece-29c69a5c3679,9b9bd15c-aeea-43f7-806f-5066d2b9995a,Satisfaction client,,0
e91c7c42-748a-48ac-8c33-a8855a7abe3c,9b9bd15c-aeea-43f7-806f-5066d2b9995a,Connaissances en informatique,,1
d5bf2c3b-04c8-46e0-be33-4fef385743de,9b9bd15c-aeea-43f7-806f-5066d2b9995a,Administration,,2
35ca1f41-172a-48ae-870e-e3f1174a0e0d,9b9bd15c-aeea-43f7-806f-5066d2b9995a,Business-to-Business (BtoB),,3
e6ccb00c-8598-43fa-9825-a694098c8c07,9b9bd15c-aeea-43f7-806f-5066d2b9995a,Français,,4
ee868404-eafd-4ba1-866e-fa809a698522,9b9bd15c-aeea-43f7-806f-5066d2b9995a,Adaptation,,5
17d5d3a9-8ea7-4db2-b098-bb780d069afc,9b9bd15c-aeea-43f7-806f-5066d2b9995a,Marketing,,6
ee41a406-1925-4b99-b4b8-d669bb90aaab,9b9bd15c-aeea-43f7-806f-5066d2b9995a,Gastro-entérologie,,7
473fc933-909a-4771-8326-31abd079d96f,9b9bd15c-aeea-43f7-806f-5066d2b9995a,Développement de relations,,8
6eeb4b66-a14d-411f-a82a-d47c64f1bdb2,9b9bd15c-aeea-43f7-806f-5066d2b9995a,Conseil en vente,,9
175508e0-f35a-493f-973b-37a5ed7f5a15,49763fcc-eef0-4d5c-b7b6-e50306059e11,University Teaching,,0
a647ff04-3eb0-4fd0-a128-4396d636a86d,49763fcc-eef0-4d5c-b7b6-e50306059e11,Teaching Assistant at Carleton University,,1
59f2b87d-0a31-4368-bf62-3bf1fdb3a3d1,62fa7380-8183-42fe-a930-117c70326e50,Western Blotting,,0
c57c68f5-659b-4288-98e3-efbf2b5721d2,62fa7380-8183-42fe-a930-117c70326e50,Real-Time Polymerase Chain Reaction (qPCR),,1
3db2288e-c546-4aca-909e-7ae8fdf0b2e0,62fa7380-8183-42fe-a930-117c70326e50,ELISA,,2
849c32c1-010f-4758-9160-50d922c6ed94,62fa7380-8183-42fe-a930-117c70326e50,Luciferase Assay,,3
c00af6b3-c553-421f-b286-dee5a1b71d4d,62fa7380-8183-42fe-a930-117c70326e50,Data Analysis,,4
824a7710-a66c-4bb5-88fe-a52bdee62434,997a851c-ca3e-4456-92a0-d5ec84cdffc1,Team Management,,0
26e9b1a3-b975-4116-86b8-f3a193258d41,997a851c-ca3e-4456-92a0-d5ec84cdffc1,Team Coordination,,1
5a1f5738-672d-4353-a341-57d6fc7018ec,997a851c-ca3e-4456-92a0-d5ec84cdffc1,Project Management,,2
d8d33484-dd7a-406b-9c8b-6a58cac69cb9,997a851c-ca3e-4456-92a0-d5ec84cdffc1,Team Leadership,,3
c9fb96fe-bb5b-4c76-b809-14ad7219772b,997a851c-ca3e-4456-92a0-d5ec84cdffc1,Clinical Research,,4
646ea4b2-9683-4a65-8d02-866da1d20918,997a851c-ca3e-4456-92a0-d5ec84cdffc1,Proposal Writing,,5
c518fdb1-3b54-4d40-b55a-d6363d8bf377,997a851c-ca3e-4456-92a0-d5ec84cdffc1,Report Writing,,6
0cf6bb75-fe76-43c6-afdf-e1bb3d98b025,997a851c-ca3e-4456-92a0-d5ec84cdffc1,Research Skills,,7
ff453f8d-c430-4319-8d52-277f2795f426,d23db97e-46c1-4abe-9ce3-82d4fd8cf228,Neuroimmunology,,0
37678d50-2f18-4099-8ed2-725ec6d8bb38,d23db97e-46c1-4abe-9ce3-82d4fd8cf228,Biochemistry,,1
c2713f30-465a-42eb-8cf2-17ea5aedc47a,d23db97e-46c1-4abe-9ce3-82d4fd8cf228,Project Coordination,,2
1d9c155c-07ed-4cdc-ad13-c2df592485da,d23db97e-46c1-4abe-9ce3-82d4fd8cf228,Event Planning,,3
42dd61b4-9070-4d2d-932a-0b3267559508,d23db97e-46c1-4abe-9ce3-82d4fd8cf228,Conference Presentations,,4
d952f686-96b9-4d39-a4e2-091369f06e66,d23db97e-46c1-4abe-9ce3-82d4fd8cf228,Fire Safety,,5
fc92bb0a-ea10-42c5-b27c-d7de1194a51e,d23db97e-46c1-4abe-9ce3-82d4fd8cf228,Working with Physicians,,6
71045f85-9546-4da5-8b82-1273e41e21f8,d23db97e-46c1-4abe-9ce3-82d4fd8cf228,Communication Ethics,,7
628c7b50-141f-4233-bbc0-0ae36a1f468a,d23db97e-46c1-4abe-9ce3-82d4fd8cf228,Personal Protective Equipment (PPE),,8
79a5048e-3d31-4d9b-9931-1893524d01cc,d23db97e-46c1-4abe-9ce3-82d4fd8cf228,Pediatrics,,9
ab855b05-53ef-4e9e-a096-37438b43ff9d,df6cc404-4b74-4055-ab48-e3d1530e133b,Project Management,,0
2e13932b-a62d-4873-a485-da558cd46a03,df6cc404-4b74-4055-ab48-e3d1530e133b,Digital Media,,1
3270fcbb-65cd-42a0-be02-5dd9688343d2,df6cc404-4b74-4055-ab48-e3d1530e133b,Advertising,,2
497a5efc-413c-452d-8169-2b4cd67ab11b,df6cc404-4b74-4055-ab48-e3d1530e133b,Corporate Communications,,3
eedfc078-77d7-46ed-8b15-616bddad8a99,df6cc404-4b74-4055-ab48-e3d1530e133b,External Communications,,4
a847c1c2-ed99-451f-8b94-0cada72f594b,df6cc404-4b74-4055-ab48-e3d1530e133b,Public Engagement,,5
91473935-fcdf-4607-bb24-588246edc51f,df6cc404-4b74-4055-ab48-e3d1530e133b,MailChimp,,6
141ae432-eb70-4834-bb6a-fc7b21e271fd,df6cc404-4b74-4055-ab48-e3d1530e133b,Writing,,7
9de5c5f1-7d79-4257-8a02-af683fb17220,df6cc404-4b74-4055-ab48-e3d1530e133b,Sales,,8
d27f2131-349c-4d9d-9761-8bc40e10ffde,df6cc404-4b74-4055-ab48-e3d1530e133b,Canva,,9
c61c970c-6eac-4adb-b859-26ee30889e68,cfaec4a3-cc93-432e-ab4b-4e7bef34013f,Analytical Skills,,0
136b2ec4-9f5c-4524-8349-3b98c12fe0c3,cfaec4a3-cc93-432e-ab4b-4e7bef34013f,2 experiences at Alberta Precision Laboratories and 1 other company,,1
e012aa37-f83b-4018-8b71-056d568ece5a,b3fcb97c-7759-4234-98aa-0272cc1c65ef,Medical Science,,0
a7ba4811-78df-4158-a455-a2df7159b17d,b3fcb97c-7759-4234-98aa-0272cc1c65ef,Cross-functional Coordination,,1
e1b75c80-b9f4-4234-abc2-8d54fd9d8ad0,b3fcb97c-7759-4234-98aa-0272cc1c65ef,Clinical Trials,,2
1d35f7f4-c06e-4f2a-88a4-1cdfaa088d58,b3fcb97c-7759-4234-98aa-0272cc1c65ef,Program Management,,3
c9193e37-93a7-4f7a-bb68-9ba743a2a1c1,b3fcb97c-7759-4234-98aa-0272cc1c65ef,Clinical Outcomes,,4
75dcaf80-be3e-4742-bb06-22b2ae104400,b3fcb97c-7759-4234-98aa-0272cc1c65ef,Athletic Performance,,5
854b1ed5-d111-424f-a807-e02131d53174,b3fcb97c-7759-4234-98aa-0272cc1c65ef,Clinical Sleep Research,,6
52237ac1-5d49-4fb3-aae7-292265b16bda,b3fcb97c-7759-4234-98aa-0272cc1c65ef,Creativity and Innovation,,7
fe6e10f9-81a1-47dc-b962-42a975d25e10,b3fcb97c-7759-4234-98aa-0272cc1c65ef,Sleep Science,,8
81a4429e-e4e0-44b0-8c34-21803185e7ea,192f55da-ccb8-4044-aaa6-85ecbb975620,Artificial Intelligence (AI),,0
239674bd-f3e9-433a-8151-62244904595f,192f55da-ccb8-4044-aaa6-85ecbb975620,Machine Learning,,1
b7a39048-1468-4a21-87da-ebcf1ec1dbc9,192f55da-ccb8-4044-aaa6-85ecbb975620,Python (Programming Language),,2
0b102ea8-bc6a-4cb8-bacb-0e38b042d891,192f55da-ccb8-4044-aaa6-85ecbb975620,Computational Neuroscience,,3
94a4581f-5b55-41c6-b5eb-5bcc81595981,192f55da-ccb8-4044-aaa6-85ecbb975620,R (Programming Language),,4
21d4e8ba-81de-456a-987c-e1aa09b9ad50,192f55da-ccb8-4044-aaa6-85ecbb975620,MySQL,,5
8755c6a3-ded4-4af2-a08b-123998e8b122,192f55da-ccb8-4044-aaa6-85ecbb975620,Biomedical Engineering,,6
a3398802-bb7f-48ea-8081-82e402530d3f,192f55da-ccb8-4044-aaa6-85ecbb975620,Data Modeling,,7
8eb9f87b-88a9-4af2-a861-c565b13b9064,192f55da-ccb8-4044-aaa6-85ecbb975620,Marketing Strategy,,8
18b55e08-3870-4a73-a91e-b6400a0aaaa5,192f55da-ccb8-4044-aaa6-85ecbb975620,Project Management,,9
d6a90fc2-681a-4742-ad05-00553ecb7687,3d67002f-ea42-477e-9764-d79d06acc9be,Management,,0
c4b800e7-9531-4051-94c7-3e18db750874,3d67002f-ea42-477e-9764-d79d06acc9be,Program Evaluation,,1
d3691a91-14d5-4eb7-aae9-8a35bcf6d850,3d67002f-ea42-477e-9764-d79d06acc9be,University Teaching,,2
0e62e2b9-f394-4e20-8a04-a84c5f36df7e,3d67002f-ea42-477e-9764-d79d06acc9be,Mathematics,,3
0cf50c9f-12ae-4cdb-825c-6b91cd43801b,3d67002f-ea42-477e-9764-d79d06acc9be,Physics,,4
2dc4121e-bbfa-48ae-8ae6-6a63798d93f8,3d67002f-ea42-477e-9764-d79d06acc9be,Quantum Optics,,5
6a908c86-5b11-430a-88d1-e17987957346,3d67002f-ea42-477e-9764-d79d06acc9be,Research,,6
b30a33dd-6bf6-4195-a0dd-42470d88814d,3d67002f-ea42-477e-9764-d79d06acc9be,Bookkeeping,,7
269e3e20-1a7c-4672-ad7a-463619129ac1,3d67002f-ea42-477e-9764-d79d06acc9be,Numerical Analysis,,8
02986c8a-d59d-432c-84b2-16c6ed730065,3d67002f-ea42-477e-9764-d79d06acc9be,Photonics,,9
36fa30c5-ca27-476c-9da2-e6d389ed6ea1,d999af6a-e7ea-421f-a46d-f5fda03ed808,Interviewing,,0
679e3fbb-3609-4f15-aade-70b0edd5fe9d,d999af6a-e7ea-421f-a46d-f5fda03ed808,Writing For The Web,,1
8d4179e8-2b83-4cc8-b7fa-8975982f3376,d999af6a-e7ea-421f-a46d-f5fda03ed808,Internal Communications,,2
92b25ff5-491a-4374-ae8a-d5059d2ff801,d999af6a-e7ea-421f-a46d-f5fda03ed808,Key Message Development,,3
7036d645-3aea-4d63-ad44-69fa95d30376,d999af6a-e7ea-421f-a46d-f5fda03ed808,Web Content Writing,,4
0651de04-07a1-47cb-9aec-dde7dc198804,d999af6a-e7ea-421f-a46d-f5fda03ed808,Strategy,,5
9fd2d1bc-0961-4362-b511-6e86b594648d,d999af6a-e7ea-421f-a46d-f5fda03ed808,Anti-racism,,6
ff5ecd09-30ff-4e95-9aac-ab3d68bccc40,d999af6a-e7ea-421f-a46d-f5fda03ed808,Diversity & Inclusion,,7
2962598a-b87a-4714-9c68-d1beb84fcba4,d999af6a-e7ea-421f-a46d-f5fda03ed808,Leadership,,8
a197db01-322b-4d39-826f-54245d2397e6,d999af6a-e7ea-421f-a46d-f5fda03ed808,People Management,,9
2d5ff9a9-28fd-41a6-86e1-5fd8a669136b,480cc2ee-0cb0-41ea-96b5-90c6afcb2a8d,Change Management,,0
dacb0397-535b-4d0c-809d-f8d67b2c6314,480cc2ee-0cb0-41ea-96b5-90c6afcb2a8d,Project Planning,,1
5904b74f-c33a-4c38-856d-67931a2cecef,480cc2ee-0cb0-41ea-96b5-90c6afcb2a8d,Leadership,,2
64020ec0-dcec-46df-bca7-d26ceff408f6,480cc2ee-0cb0-41ea-96b5-90c6afcb2a8d,Collaborative Problem Solving,,3
89216f45-f7ee-4645-b6c0-7c4e464e92d0,480cc2ee-0cb0-41ea-96b5-90c6afcb2a8d,Collaboration,,4
19cb67ef-612b-4ce1-9b88-1c5830c2942f,480cc2ee-0cb0-41ea-96b5-90c6afcb2a8d,Project Evaluation,,5
dff79c63-c956-4fd4-b1b3-aa5f3c2dd630,480cc2ee-0cb0-41ea-96b5-90c6afcb2a8d,Change strategy,,6
90941a42-26b8-4c8c-be00-c0273f133ce7,480cc2ee-0cb0-41ea-96b5-90c6afcb2a8d,Speaking French,,7
c33ad8c6-a799-4cba-b1a1-627306250325,480cc2ee-0cb0-41ea-96b5-90c6afcb2a8d,Program Development,,8
30744bb3-0d38-42cd-b229-832b7fea39a2,480cc2ee-0cb0-41ea-96b5-90c6afcb2a8d,Program Management,,9
66e071d9-0261-46a7-a876-0588ee40c2d0,ef121235-d2e7-4250-bbe1-9fceb6febae7,Leadership,,0
4374b420-362e-4192-958d-8e0020a9ef8d,ef121235-d2e7-4250-bbe1-9fceb6febae7,Higher Education Funding Environment,,1
598b1a08-0453-4b56-a469-34014db4f0ac,ef121235-d2e7-4250-bbe1-9fceb6febae7,Project Management,,2
c4be3ae2-2942-4086-900e-a2e2b95bbc83,ef121235-d2e7-4250-bbe1-9fceb6febae7,Team Leadership,,3
a38972bb-b510-4181-ac4e-2a6625638dba,ef121235-d2e7-4250-bbe1-9fceb6febae7,Grant Development,,4
5d75f41e-daf4-4732-9570-1be8b615e81e,ef121235-d2e7-4250-bbe1-9fceb6febae7,Research and Development (R&D),,5
54068027-3926-4b05-82d9-72b3869b4358,ef121235-d2e7-4250-bbe1-9fceb6febae7,Management,,6
950a4ed7-15d6-4552-bc0c-b9fb42001212,ef121235-d2e7-4250-bbe1-9fceb6febae7,Volunteer Management,,7
c2177529-4d13-4539-b8fe-3e9722cbea34,ef121235-d2e7-4250-bbe1-9fceb6febae7,Nonprofits,,8
3b61074c-c927-4a65-a7aa-5f259db430a1,ef121235-d2e7-4250-bbe1-9fceb6febae7,Public Speaking,,9
7a3c677b-a671-416b-ba48-2b813362ec6a,59f1baa7-c47e-4120-aab8-90de02a38acf,AI and machine learning,,0
5368d881-b31f-411b-87c5-8ab7d34374d0,59f1baa7-c47e-4120-aab8-90de02a38acf,"Hyperspectral, LiDAR and SAR remote sensing",,1
ab50d3ed-074b-40ee-97b2-94f6bf2b6694,59f1baa7-c47e-4120-aab8-90de02a38acf,Environmental Monitoring,,2
9b278941-5ded-44a3-a003-0b4a53f20265,59f1baa7-c47e-4120-aab8-90de02a38acf,Spatial Analysis,,3
11e39026-195e-4238-927f-0add4ed3f14f,8f535946-b499-48c1-981b-8dc619076464,University Teaching,,0
7771b8f7-b4e6-4989-a486-b4cc9ce6e06a,8f535946-b499-48c1-981b-8dc619076464,Educational Assessment,,1
9a5051a2-06f9-485f-8f76-c80274c65f08,8f535946-b499-48c1-981b-8dc619076464,Talent Development,,2
017c4bf0-0b21-486c-aab0-10fc8ec81521,8f535946-b499-48c1-981b-8dc619076464,Curriculum Development,,3
d1987f23-99cb-464e-ad50-c53f0b1ff579,8f535946-b499-48c1-981b-8dc619076464,Growth-Oriented,,4
1a154cbd-820d-4dd1-adfb-a2966c1fce8e,8f535946-b499-48c1-981b-8dc619076464,CRM Software,,5
0de3eb30-8df1-4739-a5bb-3d812f2c5449,8f535946-b499-48c1-981b-8dc619076464,Building Business Partnerships,,6
fff32c5d-e646-4f91-a544-81da16eb4030,8f535946-b499-48c1-981b-8dc619076464,Client Development,,7
e17d91d9-f4ad-4df9-85d3-5ffea889f9ae,8f535946-b499-48c1-981b-8dc619076464,International Education,,8
0a56e537-2e49-4e64-934b-4d7b8e75e935,8f535946-b499-48c1-981b-8dc619076464,Community Engagement,,9
9cbfe19a-2e66-4b18-b051-32940ca601a1,cc357ee5-52d2-4f98-b44d-f5006ad3650a,Fluid Dynamics,,0
fb1d30ab-f3ca-403c-8849-0379d6a1c54b,cc357ee5-52d2-4f98-b44d-f5006ad3650a,Outreach.io,,1
49513908-e3f7-40d7-a42a-0f5f5cd59d2a,cc357ee5-52d2-4f98-b44d-f5006ad3650a,Cooling Towers,,2
b3a1ffab-ac84-4e8d-9b8c-4a3f29818dca,cc357ee5-52d2-4f98-b44d-f5006ad3650a,Commissioning Support,,3
440d78db-4984-42e5-a540-88e756789ea5,cc357ee5-52d2-4f98-b44d-f5006ad3650a,Complaint Resolution & Escalation Handling,,4
e76b96cc-3a65-4b41-ae0b-d702e452f5e6,cc357ee5-52d2-4f98-b44d-f5006ad3650a,Billing & Plan Optimization,,5
30556d14-fe5f-4fb6-a883-1966612cbfa8,cc357ee5-52d2-4f98-b44d-f5006ad3650a,Bundled Service Sales,,6
e774c119-32da-4e93-bbd4-f4a8cd609864,cc357ee5-52d2-4f98-b44d-f5006ad3650a,Sales Growth,,7
98780bac-904f-4731-b755-9cf35a5ecaee,cc357ee5-52d2-4f98-b44d-f5006ad3650a,Service Recommendation & Personalization,,8
3a281bd5-a273-44f1-aa00-b7dd43efbc3f,cc357ee5-52d2-4f98-b44d-f5006ad3650a,Account Management,,9
f490a0f0-e6ed-4418-aa71-4baa58c57dda,2fbf709e-7f3c-43b6-b7b8-e61155861101,Documentation Strategy,,0
a1203f71-229c-4e5d-83a3-46b7e4e7db1a,2fbf709e-7f3c-43b6-b7b8-e61155861101,Talent Acquisition & Performance Management,,1
4958851c-2d47-4188-afb6-11c60b5e248e,2fbf709e-7f3c-43b6-b7b8-e61155861101,Cross-team Collaboration,,2
34966254-2613-403f-bb2a-3427e3f99c52,2fbf709e-7f3c-43b6-b7b8-e61155861101,Science Education,,3
3b06eeb5-bc8b-4090-82ab-bcf4547a6dec,2fbf709e-7f3c-43b6-b7b8-e61155861101,Mathematics Instruction,,4
c80a5ae4-f654-4985-9735-5db47b4c8f40,2fbf709e-7f3c-43b6-b7b8-e61155861101,Curriculum Development,,5
e083d696-3c8c-43d7-9fbe-38d9adfea4c9,2fbf709e-7f3c-43b6-b7b8-e61155861101,Student Engagement,,6
9f3bcb12-5239-437e-8ccd-dcdfcced576b,2fbf709e-7f3c-43b6-b7b8-e61155861101,Assessment & Feedback,,7
93bac868-4fb1-4f19-ba90-835c671d9263,2fbf709e-7f3c-43b6-b7b8-e61155861101,React.js,,8
a91ee103-ec49-4c2b-b9ac-b24e847d348e,2fbf709e-7f3c-43b6-b7b8-e61155861101,Flask,,9
d58dd65a-0cb7-4768-bc38-92b2510f9e95,58d70489-86f5-4099-bd79-7d7a2194f586,R (Programming Language),,0
1021466f-764f-4143-892c-25bbcc1a7b49,58d70489-86f5-4099-bd79-7d7a2194f586,Microsurgery,,1
cc363ae4-0168-44c8-adb6-1399dd763670,58d70489-86f5-4099-bd79-7d7a2194f586,Chemogenetics,,2
93a0bf32-9085-4391-97b4-f2d3dd46cec9,58d70489-86f5-4099-bd79-7d7a2194f586,Optogenetics,,3
c5f284b8-247d-41b5-9076-f03d467ae6d4,58d70489-86f5-4099-bd79-7d7a2194f586,Mouse Models,,4
ac35ff67-65fc-462f-949c-dc7204a84323,58d70489-86f5-4099-bd79-7d7a2194f586,Writing,,5
ace8eccf-614a-4a99-a270-1c0a49ee81d0,58d70489-86f5-4099-bd79-7d7a2194f586,Manuscript,,6
38b730cf-396a-4431-b073-d328a2ce643b,58d70489-86f5-4099-bd79-7d7a2194f586,Editing,,7
ba77a3ee-efce-4807-ade2-54d9de291cf3,58d70489-86f5-4099-bd79-7d7a2194f586,Computer Literacy,,8
94cc6445-4f97-4045-9b8c-ba7008dcaea4,58d70489-86f5-4099-bd79-7d7a2194f586,Academic Editing,,9
4cafa90c-00cb-48f9-bf0e-3da6361afceb,e754b33f-1a31-420f-b17a-1c21838a82dd,Teaching,,0
35e9d730-1696-4271-a9c1-d66eddde630f,e754b33f-1a31-420f-b17a-1c21838a82dd,Leadership,,1
1d5af444-3a3b-4668-8c5b-d34feb5df142,e754b33f-1a31-420f-b17a-1c21838a82dd,Research Skills,,2
63a84f5a-60f8-4d75-a86b-fe983f9e46d8,b711d973-3252-49f4-a51f-d2a4eb9d300c,Homework Help,,0
de223bee-049e-46ba-bbe1-c47127bdf237,b711d973-3252-49f4-a51f-d2a4eb9d300c,One-on-one Instruction,,1
78fcdbb1-0bf0-4349-b61b-3caa2a7f19d6,b711d973-3252-49f4-a51f-d2a4eb9d300c,Individualized Instruction,,2
7edad817-27db-4d22-b459-684d3a1d2f3c,b711d973-3252-49f4-a51f-d2a4eb9d300c,Autism Spectrum Disorders,,3
734e62ca-fd54-499a-8576-8e3bc3231979,b711d973-3252-49f4-a51f-d2a4eb9d300c,Public Outreach,,4
0548cb7f-7ad2-4779-ae03-1e6e0954f0e4,b711d973-3252-49f4-a51f-d2a4eb9d300c,Corporate Outreach,,5
3a7c1e9b-8ac6-4428-b5c3-891fe61f6101,b711d973-3252-49f4-a51f-d2a4eb9d300c,Community Outreach,,6
b9e6d969-7723-4c19-ae91-70d7278b0645,b711d973-3252-49f4-a51f-d2a4eb9d300c,Social Outreach,,7
163a1786-0b00-4c21-924d-b5660dc7d098,b711d973-3252-49f4-a51f-d2a4eb9d300c,Online Content Creation,,8
fd500f24-b822-4dbd-abf8-572890759b42,e26978e5-af18-4929-be79-e444c5aad696,Event Management,,0
cc7351be-aaec-45f2-be98-dfc916b06406,e26978e5-af18-4929-be79-e444c5aad696,Budgeting,,1
5e06a835-294a-4ba2-a3be-a859200b7fde,e26978e5-af18-4929-be79-e444c5aad696,Budget Management,,2
4c50f6d3-a6d0-4c31-a88f-44f5342e179e,e26978e5-af18-4929-be79-e444c5aad696,Grant Writing,,3
dcc997bf-a72f-4c8b-8a02-6a446c26cf49,e26978e5-af18-4929-be79-e444c5aad696,Fundraising,,4
62a1c6a0-c4da-4293-9f3d-e2a2aef464ff,e26978e5-af18-4929-be79-e444c5aad696,Teamwork,,5
e5438897-3062-44e4-8d48-03c13ea7c281,e26978e5-af18-4929-be79-e444c5aad696,Leadership Development,,6
7c9d392d-6297-47c1-af47-2cd21ecbecfe,e26978e5-af18-4929-be79-e444c5aad696,Educational Leadership,,7
88b6c996-ce39-4bb9-a79f-1eb16d2f2138,e26978e5-af18-4929-be79-e444c5aad696,Clinical Research,,8
35c73435-4aba-4633-b14e-4acf934be731,e26978e5-af18-4929-be79-e444c5aad696,Medical Genetics,,9
e52af360-f837-4a1e-8623-31dd9cc2ef0b,f1d407b4-9c1c-45dc-95f5-1500ce248150,Creativity and Innovation,,0
1fbe4c7b-cfaa-4a1a-b2c3-bf7b22a82085,f1d407b4-9c1c-45dc-95f5-1500ce248150,Problem Solving,,1
f39eb58b-319c-4d35-8bcc-6588022586f8,f1d407b4-9c1c-45dc-95f5-1500ce248150,Entrepreneurial Thinking,,2
d9a1b0c9-32c6-4fdc-b091-e9eade3383f0,f1d407b4-9c1c-45dc-95f5-1500ce248150,Research Design,,3
17a272a6-6a96-41ad-8715-35b26687a6d0,f1d407b4-9c1c-45dc-95f5-1500ce248150,Online Content Creation,,4
4e661ac4-8a88-4066-97f2-bf9dbee44801,f1d407b4-9c1c-45dc-95f5-1500ce248150,Networking,,5
4d5e783b-c1bd-47cd-86af-17c50e6610bb,f1d407b4-9c1c-45dc-95f5-1500ce248150,Canva,,6
58cc3a24-103c-4bfa-9589-36245a5baa9d,f1d407b4-9c1c-45dc-95f5-1500ce248150,Creative Writing,,7
63ec9621-bedd-41af-a05a-47a221f5d030,f1d407b4-9c1c-45dc-95f5-1500ce248150,Leadership,,8
a772b292-39ab-420e-b046-71487c9429db,f1d407b4-9c1c-45dc-95f5-1500ce248150,Time Management,,9
dca4dcf9-f3aa-443e-a6df-fc4638e3473b,b494b370-173c-43b3-bff1-34696fd2c960,Emocodes,,0
3e9cf50a-332b-43c8-93b0-c3880e49a9c5,b494b370-173c-43b3-bff1-34696fd2c960,MNE Python (for EEG processing and analysis),,1
66922cb2-dc5d-4ab1-9015-5d85b1db7243,b494b370-173c-43b3-bff1-34696fd2c960,Pandas (Software),,2
d8711662-ecec-41e7-87a0-1649c564dcc9,b494b370-173c-43b3-bff1-34696fd2c960,Python (Programming Language),,3
0487c39c-3078-483a-a389-4d6ee815611f,b494b370-173c-43b3-bff1-34696fd2c960,Clinical Research,,4
268902bb-f781-4b3a-9d8d-90ce76e94aa3,b494b370-173c-43b3-bff1-34696fd2c960,R (Programming Language),,5
58c97b63-9a65-4ac9-816d-1fc60f2b8b3d,b494b370-173c-43b3-bff1-34696fd2c960,Data Entry,,6
e5fa9b4c-dca8-4e98-9f8a-87772f0a15bb,b494b370-173c-43b3-bff1-34696fd2c960,MRI,,7
b217f076-7ceb-4456-9644-975c921f498a,b494b370-173c-43b3-bff1-34696fd2c960,EEG,,8
444e6a41-b618-40a0-8fd3-6dcb32508b90,b494b370-173c-43b3-bff1-34696fd2c960,Computer Science,,9
01306656-1995-48b8-8127-b9eed5ed27b5,2cb70037-13e6-419a-ba19-e50d1faf70ca,Analytical Skills,,0
8c181e96-01ea-40dc-bfd2-e92cc905692c,2cb70037-13e6-419a-ba19-e50d1faf70ca,Research Collaboration,,1
cf77bf95-f69b-4ecf-ba02-7811ac8bf427,2cb70037-13e6-419a-ba19-e50d1faf70ca,Research Skills,,2
f4420301-1e18-45a0-a0b8-558c38d18326,2cb70037-13e6-419a-ba19-e50d1faf70ca,Problem Solving,,3
088d1765-5796-4b4a-a35b-4d581a070693,2cb70037-13e6-419a-ba19-e50d1faf70ca,Statistical Data Analysis,,4
6ec813fd-48d0-4832-be5b-a4aa20b72d27,2cb70037-13e6-419a-ba19-e50d1faf70ca,Scientific Experimentation,,5
73bdc118-73f0-415a-8e6a-efeb9eed06b6,2cb70037-13e6-419a-ba19-e50d1faf70ca,Leadership,,6
26a59e17-4c13-4b4b-a437-a4287f09b0a0,2cb70037-13e6-419a-ba19-e50d1faf70ca,Communication,,7
3f816dbe-59d4-4aae-ba1d-06a85686eb07,2cb70037-13e6-419a-ba19-e50d1faf70ca,Tutoring,,8
20729897-58a6-4705-8627-116e0465e12c,2cb70037-13e6-419a-ba19-e50d1faf70ca,TensorFlow,,9
e825f114-3183-465f-8cce-6b2281f4095c,ae8f2298-3f48-4842-a28f-26d5b99d89da,Academic Research,,0
e3aa6316-3e5b-4c49-b739-cca316637392,ae8f2298-3f48-4842-a28f-26d5b99d89da,Medical Research,,1
47f0b9c6-67fc-48ea-a89c-267fbacaa226,ae8f2298-3f48-4842-a28f-26d5b99d89da,Data Analysis,,2
52b81114-7ccf-410a-926f-3c587c5d883e,ae8f2298-3f48-4842-a28f-26d5b99d89da,Computational Neuroscience,,3
f1dd3996-8577-470b-8d99-7b5198321de4,ae8f2298-3f48-4842-a28f-26d5b99d89da,Behavioral Neuroscience,,4
377c1641-28c1-4d76-b463-3fd2a69587f5,ae8f2298-3f48-4842-a28f-26d5b99d89da,Analytical Skills,,5
99c88b20-fca1-4e37-aba8-cbaf2fde6b5d,ae8f2298-3f48-4842-a28f-26d5b99d89da,Presentation Skills,,6
2c16c867-8d0f-4660-b447-9ee0831096df,ae8f2298-3f48-4842-a28f-26d5b99d89da,English,,7
811e4091-deff-4577-95ec-0eb64e0d20b2,ae8f2298-3f48-4842-a28f-26d5b99d89da,Research Skills,,8
cf8f5edc-cd18-44b5-ab84-67903854def2,ae8f2298-3f48-4842-a28f-26d5b99d89da,Communication,,9
4490cd95-d34a-44ac-aee4-905bad062e08,6d6e37bd-f761-4b38-a0ce-3b82e49418d2,Collaborative Problem Solving,,0
8b92b575-2ca2-4d3d-afb9-f9cb69075bb9,6d6e37bd-f761-4b38-a0ce-3b82e49418d2,constructive dialogue,,1
ca195dba-036c-43d5-88db-5333aa352576,6d6e37bd-f761-4b38-a0ce-3b82e49418d2,R (Programming Language),,2
97a966c5-18bd-4ca1-a8ce-cabb0792971d,6d6e37bd-f761-4b38-a0ce-3b82e49418d2,Laboratory Skills,,3
74e46310-206f-499b-8573-10372138350a,6d6e37bd-f761-4b38-a0ce-3b82e49418d2,Science Communication,,4
a7fa821f-edbe-4a0a-a671-d8188352bf02,6d6e37bd-f761-4b38-a0ce-3b82e49418d2,Data Extraction,,5
585af8f3-16c5-403e-a78a-5d51678b97d5,6d6e37bd-f761-4b38-a0ce-3b82e49418d2,Collaborative Teamwork,,6
af96f6b2-ba59-4181-9ca6-53e803e30b26,6d6e37bd-f761-4b38-a0ce-3b82e49418d2,Research Design & Experimental Planning,,7
a3e1ea72-da29-4062-b37e-de368c3920e0,6d6e37bd-f761-4b38-a0ce-3b82e49418d2,Microsoft Excel,,8
9a10b0b4-73c9-427f-8864-d162b4f5f571,6d6e37bd-f761-4b38-a0ce-3b82e49418d2,Literature Review & Scientific Reading,,9
6ea668e6-00b7-4128-9cbe-5ef4e0e48539,c6500b0b-7864-43d8-a930-b89d673c3749,Teaching,,0
44efe072-f7fb-4de6-a3c1-8da092c47ace,c6500b0b-7864-43d8-a930-b89d673c3749,Leadership,,1
662b330f-ec24-4f29-8931-c79d419a25e4,c6500b0b-7864-43d8-a930-b89d673c3749,Research Skills,,2
a706171b-a8fb-4953-83f7-6f42ba679463,5793b1d3-2b8e-4cbe-9935-810433e8f4e3,Advertising,,0
d90b08da-cf2c-4f11-a1d4-a97e9cb36af0,5793b1d3-2b8e-4cbe-9935-810433e8f4e3,Leadership,,1
86412bfd-23e9-40f2-82e4-826c79e9b7d1,5793b1d3-2b8e-4cbe-9935-810433e8f4e3,Communication,,2
2a14e844-21ba-446b-93d1-7ae1a6d7f687,5793b1d3-2b8e-4cbe-9935-810433e8f4e3,Clinical Research,,3
d1eb456e-90f3-4448-8d6b-18c7de41af22,5793b1d3-2b8e-4cbe-9935-810433e8f4e3,Writing,,4
ed416ae3-0ea5-4c15-bb67-f21433b90851,5793b1d3-2b8e-4cbe-9935-810433e8f4e3,Team Leadership,,5
f5cc8e6e-47e8-43d6-941e-aed86e6b7cf2,5793b1d3-2b8e-4cbe-9935-810433e8f4e3,Project Management,,6
faf41c2e-7370-4860-97c2-ed5cf07a0ab9,5793b1d3-2b8e-4cbe-9935-810433e8f4e3,Neuroscience,,7
b46637ad-5c90-4e82-93a5-04db4c825b02,a281f3de-f7fc-440a-b069-ba1c6f5eb35b,Written Communication,,0
aacb0098-df7a-46db-9d76-c69184c9d5ef,a281f3de-f7fc-440a-b069-ba1c6f5eb35b,Debugging,,1
c62e9615-d495-482f-97ad-b8c58a20fc9b,a281f3de-f7fc-440a-b069-ba1c6f5eb35b,Database Management System (DBMS),,2
23046ee6-4d59-4bca-8e5a-ec4dfedaedec,a281f3de-f7fc-440a-b069-ba1c6f5eb35b,Algorithms,,3
10cd19a6-a21d-41b3-aae7-d70c6a3eb40b,a281f3de-f7fc-440a-b069-ba1c6f5eb35b,React.js,,4
c195626a-609d-45be-ac67-f1c81bbaf468,a281f3de-f7fc-440a-b069-ba1c6f5eb35b,Programming,,5
fe5b3888-d575-4325-b903-5b9df8efc6a2,a281f3de-f7fc-440a-b069-ba1c6f5eb35b,Object Oriented Design,,6
d579e81e-c110-4310-876e-882d7fd0d9f1,a281f3de-f7fc-440a-b069-ba1c6f5eb35b,C++,,7
f49e7735-687b-41d7-996d-ade90c6e5769,a281f3de-f7fc-440a-b069-ba1c6f5eb35b,Pandas (Software),,8
d3b44ee4-8ca6-4bc6-993a-c11af8fbee08,a281f3de-f7fc-440a-b069-ba1c6f5eb35b,NumPy,,9
b8c965ac-e7f8-43c8-af20-5304ff2e4bef,ac93a9ce-4bc9-4747-b429-b95943d220d9,Community Outreach,,0
97e7efb6-0fa7-4821-bcef-961013a37733,ac93a9ce-4bc9-4747-b429-b95943d220d9,Educational Outreach,,1
8ed877fa-dab4-480b-a902-e38e3c9ebabc,ac93a9ce-4bc9-4747-b429-b95943d220d9,Event Planning,,2
54442064-430b-4a06-8b42-94e4cbc93c77,ac93a9ce-4bc9-4747-b429-b95943d220d9,Data Analysis,,3
66716384-2475-4d5a-a079-e6471b2f2459,ac93a9ce-4bc9-4747-b429-b95943d220d9,Analytical Skills,,4
761d5496-d9ed-4ef9-969d-88ddd9618869,ac93a9ce-4bc9-4747-b429-b95943d220d9,Adobe Photoshop,,5
6f26efc4-405f-494e-887a-cb48a1f57a9b,ac93a9ce-4bc9-4747-b429-b95943d220d9,Research Skills,,6
b6d4b6bd-5adb-47df-8654-e9b94aed4e46,ac93a9ce-4bc9-4747-b429-b95943d220d9,Communication,,7
e2640c39-8c28-4b7b-9a34-b51bf179fdaf,d06308e7-14c8-480f-b2df-25998cba800b,ArcGIS Products,,0
efc61fb9-097d-4546-8b50-47781b1f803b,d06308e7-14c8-480f-b2df-25998cba800b,Statistics,,1
99de70cb-a594-4dc7-b8af-c50e0a214c72,d06308e7-14c8-480f-b2df-25998cba800b,Research Skills,,2
dd50f6c6-6ed5-45cb-b6e3-b8ed77aff3bf,d06308e7-14c8-480f-b2df-25998cba800b,Field Work,,3
46f5a0fa-1f14-4076-8d97-b7f732826ed9,4f077cb1-7072-4a1f-916c-a8e7a0b19697,Event Planning,,0
6a53700e-18f5-4a44-b2d3-bafbf03ed2e3,4f077cb1-7072-4a1f-916c-a8e7a0b19697,Education,,1
efda3fab-154f-4400-885f-dca5dace8050,4f077cb1-7072-4a1f-916c-a8e7a0b19697,Research Support,,2
1ccc87c9-e27c-42bc-b25e-d6ea9bbdef99,4f077cb1-7072-4a1f-916c-a8e7a0b19697,Academic Research,,3
aeae5984-9272-4572-867f-39c82883e50f,4f077cb1-7072-4a1f-916c-a8e7a0b19697,Microsoft Office,,4
5621e734-92e0-4bc2-be8a-c0c3f4ab4c13,4f077cb1-7072-4a1f-916c-a8e7a0b19697,Teamwork,,5
0bc5523d-ba7f-42a2-a5bb-9db0fa5e267d,4f077cb1-7072-4a1f-916c-a8e7a0b19697,Attention to detail and ability to work accurately,,6
ed4dc94f-7ea9-4a74-a0a7-bd6283adbbb7,4f077cb1-7072-4a1f-916c-a8e7a0b19697,Organization and leadership skills,,7
89d99e69-d740-4f87-8149-273dac0be4c2,4f077cb1-7072-4a1f-916c-a8e7a0b19697,Strong written and verbal communication,,8
db196053-eeb1-4458-9a03-e612760ff48f,5f89e53a-fad1-4b57-a8e0-b4627dc6d120,Team Leadership,,0
3deb539b-ee13-4c1b-8677-17e378da7d78,5f89e53a-fad1-4b57-a8e0-b4627dc6d120,Management,,1
b829c009-4e22-482e-86cc-53b97c1c013c,5f89e53a-fad1-4b57-a8e0-b4627dc6d120,Clinical Services,,2
7d365c91-e09d-44f2-8c4e-2ef6fb94ee50,5f89e53a-fad1-4b57-a8e0-b4627dc6d120,Clinical Support,,3
ed94d312-5670-4114-be6c-6d347504e32e,5f89e53a-fad1-4b57-a8e0-b4627dc6d120,Customer Service,,4
8bdef288-5903-4ec6-a4b7-7007aa8d8483,5f89e53a-fad1-4b57-a8e0-b4627dc6d120,Communication,,5
0b5630e9-13a3-4296-aec8-a4de7fa76af4,89c4088b-73ff-4c4d-bcc1-2a2d1318a9dd,Behavioural testing of animal models,,0
9c0c844f-cdea-4f37-9089-10948e3e0678,89c4088b-73ff-4c4d-bcc1-2a2d1318a9dd,Swim Instruction (All Levels),,1
f854a354-2ac0-4e3e-b2e3-73b9a8ef3869,89c4088b-73ff-4c4d-bcc1-2a2d1318a9dd,First Aid Training,,2
d886766f-92f4-4292-bf74-e82a3f73b604,89c4088b-73ff-4c4d-bcc1-2a2d1318a9dd,Cardiopulmonary Resuscitation (CPR),,3
f38369c1-58e1-4915-9da0-9e97e16623fd,89c4088b-73ff-4c4d-bcc1-2a2d1318a9dd,Youth Coaching,,4
5f393995-56b6-42aa-85d2-2277b6cb2fcf,89c4088b-73ff-4c4d-bcc1-2a2d1318a9dd,Risk Assessment,,5
86455a28-d7a8-49eb-af1e-458390558996,89c4088b-73ff-4c4d-bcc1-2a2d1318a9dd,Team Building,,6
67cbbbd0-37ab-4772-8d6d-3ddb52cbeb8b,89c4088b-73ff-4c4d-bcc1-2a2d1318a9dd,Athlete Motivation,,7
9a203308-fc44-46b9-b581-c10963374a44,89c4088b-73ff-4c4d-bcc1-2a2d1318a9dd,Immunohistochemisty,,8
7d9d54fb-85ee-48ef-8d3f-534aed76fcdb,89c4088b-73ff-4c4d-bcc1-2a2d1318a9dd,Confocal Microscopy,,9
6d616076-e8a3-4d0f-b61d-d1896b3697ed,664d7fa2-f7f9-4959-a948-fe144f628b7e,MRI,,0
3115d540-31fe-4fd4-ae42-86d3d0c49267,664d7fa2-f7f9-4959-a948-fe144f628b7e,Parkinson's Disease,,1
e2c99273-ac77-4326-9543-04cd24a07732,664d7fa2-f7f9-4959-a948-fe144f628b7e,MATLAB,,2
7d12da50-1786-4714-8dbf-fdebc2844134,664d7fa2-f7f9-4959-a948-fe144f628b7e,Cognitive Neuroscience,,3
ddcc8f99-da0f-46b7-8c79-9bbe75e6466e,664d7fa2-f7f9-4959-a948-fe144f628b7e,Neuroscience,,4
f802b97d-db41-4421-8565-c9ea474d24ca,664d7fa2-f7f9-4959-a948-fe144f628b7e,Physics,,5
ba4321e9-4bc1-4807-9662-283b2edfe1e4,664d7fa2-f7f9-4959-a948-fe144f628b7e,Teaching,,6
2166222e-e4d1-4dde-b4e7-358cd41ba327,664d7fa2-f7f9-4959-a948-fe144f628b7e,Epilepsy,,7
81673708-3c93-4244-89e4-f0d70b8c6ff5,664d7fa2-f7f9-4959-a948-fe144f628b7e,Neuroimaging,,8
d5b55199-4797-4910-9c75-96a8728a3849,664d7fa2-f7f9-4959-a948-fe144f628b7e,Python (Programming Language),,9
dfeed17a-1d1e-4014-b969-a707ddc70d06,1813974b-6d56-422b-9f39-0248a5ad79ab,Clinical Data Management,,0
2f8390bd-d0ba-4755-bb19-8f3062b796e9,1813974b-6d56-422b-9f39-0248a5ad79ab,Electronic Data Capture (EDC),,1
9a58df68-6017-4e99-bceb-61e1afb2604e,1813974b-6d56-422b-9f39-0248a5ad79ab,Leadership,,2
d62a0720-29cf-4263-ae98-83a0f773297d,1813974b-6d56-422b-9f39-0248a5ad79ab,Classroom Management,,3
8516392d-c60c-4a0c-a6cf-934f0229cdeb,1813974b-6d56-422b-9f39-0248a5ad79ab,Strategic Planning,,4
f1e8ec74-250f-4d35-b2fc-d7ec7b3c7c27,1813974b-6d56-422b-9f39-0248a5ad79ab,Problem Solving,,5
a0d36bf1-f19a-4923-80f9-44ed8a119814,1813974b-6d56-422b-9f39-0248a5ad79ab,Research Skills,,6
ed9092fc-11be-40eb-b45e-83ae00baa56b,1813974b-6d56-422b-9f39-0248a5ad79ab,Scientific Writing,,7
2e4d7194-a1a6-4504-9a4b-d73bdac5bcd1,1813974b-6d56-422b-9f39-0248a5ad79ab,Teaching,,8
44b06604-a639-4494-8c35-610b9f8437ba,1813974b-6d56-422b-9f39-0248a5ad79ab,Communication,,9
857ceb57-b81e-4d07-9c8d-16a7a9594e7e,f74db81b-4eeb-4b17-8762-32bc97ce4438,Clinical Study Management,,0
278824c6-5ba3-4523-a8aa-5b435aba38f4,f74db81b-4eeb-4b17-8762-32bc97ce4438,"Laboratory Skills (Pipetting, Titrating, Streaking & Straining)",,1
920138ea-1c69-4b33-863f-ac25d8405366,f74db81b-4eeb-4b17-8762-32bc97ce4438,"Programing Software (Python, C++, HTML, Java)",,2
4fa252f3-e505-4c0d-8802-fa4a5c06dcb3,f74db81b-4eeb-4b17-8762-32bc97ce4438,"Microsoft Office (Excel, Word, PowerPoint, Outlook, OneNote)",,3
7d4a22b0-446d-4c7b-9b47-75ff14e76047,d99f4fbc-49ae-4e26-80b5-23ae02c87015,Skills,,0
176143a8-4289-4f81-8eef-59cfaff18294,d99f4fbc-49ae-4e26-80b5-23ae02c87015,Academic Research,,1
b0205b49-7d21-4419-bfb4-04c2fd5bdd43,a6e2ee49-40fe-472f-8d64-2d12f050c853,Cognitive Neuroscience,,0
8f09a8d0-6b16-44cb-9966-6c51536d71da,a6e2ee49-40fe-472f-8d64-2d12f050c853,Academic Research,,1
08256a82-d9b1-4220-93a1-b0c90e9fc9ab,a6e2ee49-40fe-472f-8d64-2d12f050c853,Electrophysiology,,2
d75e80bb-55cd-439a-9f50-7cf9f0f9bb48,a6e2ee49-40fe-472f-8d64-2d12f050c853,Movement Disorders,,3
0135cece-ffcb-4471-9194-aa343f51af7b,a6e2ee49-40fe-472f-8d64-2d12f050c853,Recruiting,,4
03413a0d-f55a-4aab-a56d-90f7467e78b4,a6e2ee49-40fe-472f-8d64-2d12f050c853,Transcranial Magnetic Stimulation,,5
790ca49f-024f-47e2-bf50-32b76081f6d9,a6e2ee49-40fe-472f-8d64-2d12f050c853,Computational Neuroscience,,6
16bec604-24ce-4de0-a505-76088b2800c3,a6e2ee49-40fe-472f-8d64-2d12f050c853,Transcribing,,7
ae251676-5f06-4caa-9534-a1937283f324,a6e2ee49-40fe-472f-8d64-2d12f050c853,MATLAB,,8
9e590cac-641f-4be8-9a08-997d2e305eca,a6e2ee49-40fe-472f-8d64-2d12f050c853,Statistics,,9
e3c153b9-1673-4fbe-9a97-d9fa7b41f1ee,e7267525-c18f-41da-9bec-eb4868c93c8b,Research Skills,,0
25a5e28b-76b0-4802-a736-15a5aea4e7c3,e7267525-c18f-41da-9bec-eb4868c93c8b,Communication,,1
8b929371-d164-45c1-844a-38eb6daa4049,e7267525-c18f-41da-9bec-eb4868c93c8b,Team Leadership,,2
13f6b45c-64e6-4832-a55b-c39943aebc64,e7267525-c18f-41da-9bec-eb4868c93c8b,Laboratory Techniques,,3
0774125b-d20a-4726-acdb-f7c915e09554,e7267525-c18f-41da-9bec-eb4868c93c8b,Powerlifting,,4
af43e0d9-881f-4f2b-98ee-f8a64cca9587,1e87e535-72b9-4cd1-a45b-7388a40664aa,Satisfaction client,,0
c8ebf08b-662a-4eaf-b154-ddd819a37c2a,1e87e535-72b9-4cd1-a45b-7388a40664aa,Connaissances en informatique,,1
dde24a96-ed17-4151-b037-407cb4a9ca90,1e87e535-72b9-4cd1-a45b-7388a40664aa,Administration,,2
53ddff10-e334-4d1b-b922-470d28b4cca0,1e87e535-72b9-4cd1-a45b-7388a40664aa,Business-to-Business (BtoB),,3
e8caaadc-106e-4f09-9a80-dcb615e22a31,1e87e535-72b9-4cd1-a45b-7388a40664aa,Français,,4
64f3b1d7-43b6-49c7-81ee-f63955b5a071,1e87e535-72b9-4cd1-a45b-7388a40664aa,Adaptation,,5
d4f5b111-c521-4b14-bf09-e144cea22b85,1e87e535-72b9-4cd1-a45b-7388a40664aa,Marketing,,6
e60c96aa-b7d8-469f-8485-e080f1122fd6,1e87e535-72b9-4cd1-a45b-7388a40664aa,Gastro-entérologie,,7
879eef74-b448-4f50-bffd-5e5833cdc455,1e87e535-72b9-4cd1-a45b-7388a40664aa,Développement de relations,,8
c2aed29f-6825-46c2-83dc-19391e1674da,1e87e535-72b9-4cd1-a45b-7388a40664aa,Conseil en vente,,9
b9a8cfef-1c2c-4982-8137-c9b1e9d9364d,8da88d24-84cc-470f-b23d-5df08100d0f9,Western Blotting,,0
58515ec4-22ab-44f6-b5aa-457c5f5afaa4,8da88d24-84cc-470f-b23d-5df08100d0f9,Real-Time Polymerase Chain Reaction (qPCR),,1
f0975e49-c6c6-4bc8-8842-16f0bf360d24,8da88d24-84cc-470f-b23d-5df08100d0f9,ELISA,,2
dba41e6d-1816-4303-970d-72139bbe3d32,8da88d24-84cc-470f-b23d-5df08100d0f9,Luciferase Assay,,3
d0844cb6-4aca-4b57-ac9c-37a3910ed9fa,8da88d24-84cc-470f-b23d-5df08100d0f9,Data Analysis,,4
9db4883b-5a51-4428-801a-a9a092386d60,f67d4ef6-7478-48a3-b662-e95c80bb7185,Interpersonal Skills,,9
7455c2ba-af51-4e51-b798-8aa6293216b5,56a1930b-86d2-43fd-8ba5-cf49dddd7b32,Academic Research,,10
c9a26325-8d4e-4933-aec8-6bcbff60e1b3,28009f57-6b6a-4100-9a98-3408978540af,Leadership,,0
61ffb885-47b8-4a89-81bb-6a6b8a7af6ba,28009f57-6b6a-4100-9a98-3408978540af,Strategic Leadership,,1
14b5ae66-5432-4207-8d1c-668a3ef380f3,28009f57-6b6a-4100-9a98-3408978540af,Board of Directors,,2
da964f57-f5eb-4bef-846b-707a3287886b,030f8cde-f2ae-4824-8f5b-98102638bf51,Working with Children,,10
abef4840-ddfa-4044-8114-2531ceb03117,030f8cde-f2ae-4824-8f5b-98102638bf51,Problem Solving,,11
b86efa49-6f85-4309-873d-3631393314df,030f8cde-f2ae-4824-8f5b-98102638bf51,Collaborative Leadership,,12
47dbc5d6-1371-43c1-9e8d-d9309c756308,030f8cde-f2ae-4824-8f5b-98102638bf51,Initiative,,13
036c1d5a-9180-4e10-8e5f-a952f56ac296,2639593a-850c-4dcb-be8b-e338bccf7a2f,Python (Programming Language),,10
d63220c7-8e3a-44ce-aeaa-122d9b720c4f,2639593a-850c-4dcb-be8b-e338bccf7a2f,C (Programming Language),,11
0068f351-6fb9-4ffb-bf1e-0389aca42559,2639593a-850c-4dcb-be8b-e338bccf7a2f,Mathematics,,12
456f8b5a-bc51-4f89-83ad-bab38a33c358,2639593a-850c-4dcb-be8b-e338bccf7a2f,Microsoft Excel,,13
1ae59b23-303f-479e-a216-0cd5854d441d,2639593a-850c-4dcb-be8b-e338bccf7a2f,Communication,,14
fa0def53-bc65-4bc1-9e18-5e1aac35d821,1d700dd9-938f-4cad-b67b-c643c0c6aa67,Applied Mathematics,,0
e2d0799f-807b-4c60-99fe-44dc8a981b8b,1d700dd9-938f-4cad-b67b-c643c0c6aa67,Deep Learning,,1
12a09f43-e6da-44ff-8274-ccb48ae70fa5,1d700dd9-938f-4cad-b67b-c643c0c6aa67,Medical AI,,2
f82c43af-ef38-4f6e-ba2c-545c463e8b65,b3fcb97c-7759-4234-98aa-0272cc1c65ef,Neuroscience,,9
2b5582e8-fcf2-4954-8b1d-be4a8d5ca9a6,b3fcb97c-7759-4234-98aa-0272cc1c65ef,Public Speaking,,10
8d95b626-d0ec-415d-b603-62f6e8e74d5e,b3fcb97c-7759-4234-98aa-0272cc1c65ef,Leadership,,11
0feacc6f-d070-4e23-9785-04215b42f0e4,8f535946-b499-48c1-981b-8dc619076464,Sales,,10
4f442193-0cb3-47ff-bcf6-d6d80cc00461,8f535946-b499-48c1-981b-8dc619076464,Communication,,11
3b964b0b-ecc3-43ef-89c8-c405e7287a32,8f535946-b499-48c1-981b-8dc619076464,Marketing Strategy,,12
b299e5bc-81a7-44b1-80a4-de6b60a32291,835db8ff-2a81-4470-a51f-3a9567827e6b,University Teaching,,0
f089eab5-910f-478d-aea5-0c20f4a0489d,835db8ff-2a81-4470-a51f-3a9567827e6b,Research,,1
8fe4d917-7a7b-47af-9de3-dc85a0ca987d,835db8ff-2a81-4470-a51f-3a9567827e6b,Academic Publishing,,2
036cdb76-b893-41e6-99d5-592ad3ea2271,835db8ff-2a81-4470-a51f-3a9567827e6b,Computer Science,,3
e0668785-a400-4bb0-90fb-60833bf3c710,835db8ff-2a81-4470-a51f-3a9567827e6b,Electrical Engineering,,4
5a0f34c1-dec1-4c38-9aed-ed1195186b82,bba2f0fd-61b9-44c9-913f-539995be1bb0,Bioengineering Design Thinking,,0
a9fbbaf2-3d24-466d-ba59-fb015413d99d,bba2f0fd-61b9-44c9-913f-539995be1bb0,Biotechnology,,1
526126bd-9f3a-4c07-9239-1a9e61fc0d58,bba2f0fd-61b9-44c9-913f-539995be1bb0,Advanced Receptor Engineering,,2
632c100f-121b-4cd1-b899-755b55470129,bba2f0fd-61b9-44c9-913f-539995be1bb0,Immunotherapy Delivery Optimization,,3
de13cd23-a141-4129-874f-060af859fdca,bba2f0fd-61b9-44c9-913f-539995be1bb0,Innovation in Non-Invasive Treatment Development,,4
1189ff07-04cc-469f-af55-30fc34dc74bf,323fbbed-76a5-4236-be5c-8a730e2b37fd,Medical Devices,,0
11c4175e-f339-44d7-86e6-589dc98df37e,323fbbed-76a5-4236-be5c-8a730e2b37fd,Writing,,1
c298425e-f14d-4879-9148-3b0dbf15517e,323fbbed-76a5-4236-be5c-8a730e2b37fd,Biomedical Engineering,,2
9c2c644b-7df1-4bae-afaa-df91fc492975,323fbbed-76a5-4236-be5c-8a730e2b37fd,Healthcare,,3
4d1ad28b-f70c-4793-8610-43938acaf1a5,323fbbed-76a5-4236-be5c-8a730e2b37fd,Teaching,,4
10d4e802-fa26-465e-94e4-6b6c19db4a73,2fbf709e-7f3c-43b6-b7b8-e61155861101,Team Leadership,,10
b594fd54-bfa6-4d87-a7f2-559b44f2bb79,2fbf709e-7f3c-43b6-b7b8-e61155861101,Business Development,,11
8e9de0b0-275a-44fe-bfb1-6f8478e15dbd,2fbf709e-7f3c-43b6-b7b8-e61155861101,Data Science,,12
f46efc74-0bb0-44c2-a4b8-bd08d1e80a72,2fbf709e-7f3c-43b6-b7b8-e61155861101,Project Management,,13
3afa2121-bd73-4b3d-99f6-e72d54755574,2fbf709e-7f3c-43b6-b7b8-e61155861101,Software Development,,14
eeb84621-9868-4ad1-bbe0-731c8ef3a9ee,c0a6cc1c-b442-4941-8df3-fe6bdebe5d5e,Bioinformatics,,0
90dce9ed-f62f-447d-8f84-db7e95aead92,c0a6cc1c-b442-4941-8df3-fe6bdebe5d5e,CNS cell isolation,,1
59692581-0ed3-43d7-9f83-089d827c939e,c0a6cc1c-b442-4941-8df3-fe6bdebe5d5e,Single cell transcriptomics analysis,,2
6c12ca08-b87d-43f5-bab0-8fe50d02ee21,c0a6cc1c-b442-4941-8df3-fe6bdebe5d5e,Spatial Transcriptomics,,3
d2a531b4-8d6a-4b01-8e8f-46e0656abfa4,c0a6cc1c-b442-4941-8df3-fe6bdebe5d5e,Flow Cytometry,,4
33651b0d-67e5-4d7c-995c-7157e3271bf2,c0a6cc1c-b442-4941-8df3-fe6bdebe5d5e,Single Cell Sequencing,,5
349d9e82-c653-4e05-a39d-949015df31cc,c0a6cc1c-b442-4941-8df3-fe6bdebe5d5e,Intravital Microscopy,,6
9c9a8d85-b41d-49f8-b362-e39c7d28661b,c0a6cc1c-b442-4941-8df3-fe6bdebe5d5e,Confocal Microscopy,,7
2a6bad55-2a5b-4688-a8fb-b9be7d181887,c0a6cc1c-b442-4941-8df3-fe6bdebe5d5e,Immunohistochemistry,,8
f0f6d5e4-9a2c-4274-b968-7187afea0d88,c0a6cc1c-b442-4941-8df3-fe6bdebe5d5e,ELISA,,9
4fa975da-4afb-44b5-9e98-4db6d049985e,27ee9c14-680f-4392-a98b-8f94ad9a3f72,Medical Research,,0
ee785a63-a4b7-4db8-8081-eed6cf1ca75b,27ee9c14-680f-4392-a98b-8f94ad9a3f72,Neuroscience,,1
8b0301ab-89e6-468d-8066-638a7a0450c0,27ee9c14-680f-4392-a98b-8f94ad9a3f72,Internal Medicine,,2
f9abde85-eb1a-45c4-a41c-013af7e0f8e2,27ee9c14-680f-4392-a98b-8f94ad9a3f72,Stroke,,3
2e3fff67-2c26-4514-a256-b1f156072b0d,27ee9c14-680f-4392-a98b-8f94ad9a3f72,Neurologist,,4
915ae6b5-e1c5-4f13-8e58-f50215e86926,27ee9c14-680f-4392-a98b-8f94ad9a3f72,"Healthcare, Medical Research",,5
faeaadbf-6205-47aa-9988-214007b95d1b,27ee9c14-680f-4392-a98b-8f94ad9a3f72,Stroke Research and Clinical,,6
991a88c5-74e3-4edf-ab59-6d34791a2860,27ee9c14-680f-4392-a98b-8f94ad9a3f72,Stroke Research,,7
08d1306d-2ab0-4d22-b100-d5bd3f65d37d,27ee9c14-680f-4392-a98b-8f94ad9a3f72,Vascular Neurology,,8
474d8b0e-8eed-4990-bf80-2cc88ad9e7a8,27ee9c14-680f-4392-a98b-8f94ad9a3f72,Neurology,,9
522d9639-5b52-4d31-9912-b5632c80fb56,12c712e9-26ac-4b07-9142-2b3caf65bc58,Community Outreach,,0
d70bd769-0236-48c4-83a0-b831744cc392,12c712e9-26ac-4b07-9142-2b3caf65bc58,Educational Outreach,,1
01b9edf0-af08-418f-9e75-4af449dbd5d9,12c712e9-26ac-4b07-9142-2b3caf65bc58,Event Planning,,2
66e8ccec-af18-4d61-b430-67df7b1830ab,12c712e9-26ac-4b07-9142-2b3caf65bc58,Data Analysis,,3
6f4ea75c-0849-400b-a9fe-f73d48525fc3,12c712e9-26ac-4b07-9142-2b3caf65bc58,Analytical Skills,,4
9856ad79-3770-45e7-981f-6548fc21d727,12c712e9-26ac-4b07-9142-2b3caf65bc58,Adobe Photoshop,,5
5086b58d-d179-4b6f-9975-851152aa2f2a,12c712e9-26ac-4b07-9142-2b3caf65bc58,Research Skills,,6
8dc178f6-4b76-4690-a034-765538b71274,12c712e9-26ac-4b07-9142-2b3caf65bc58,Communication,,7
d6bba52c-ace0-495c-b2c8-f3bbc910eda7,97e61b93-e967-4258-ac60-28e1c7d5f2a2,Bioinformatics,,0
c908cf7b-3c5e-4a87-beac-3c0c26eb0036,97e61b93-e967-4258-ac60-28e1c7d5f2a2,CNS cell isolation,,1
c0877429-36aa-4cb1-96ef-6ad2b79c8700,97e61b93-e967-4258-ac60-28e1c7d5f2a2,Single cell transcriptomics analysis,,2
1ef75dbd-e55e-4db6-9fe3-167b996a9719,97e61b93-e967-4258-ac60-28e1c7d5f2a2,Spatial Transcriptomics,,3
fa6c4959-9a42-4cad-92b4-258a3fc440db,97e61b93-e967-4258-ac60-28e1c7d5f2a2,Flow Cytometry,,4
f6f81315-7eac-42c4-8519-c96287f2efc0,97e61b93-e967-4258-ac60-28e1c7d5f2a2,Single Cell Sequencing,,5
72d1e2bf-9071-4f63-8d9a-b561d1f18bc7,97e61b93-e967-4258-ac60-28e1c7d5f2a2,Intravital Microscopy,,6
9ab6df82-6306-4cc8-b626-120177bc58cd,97e61b93-e967-4258-ac60-28e1c7d5f2a2,Confocal Microscopy,,7
4123c50a-e496-4453-81c5-0d3cdb5981a6,97e61b93-e967-4258-ac60-28e1c7d5f2a2,Immunohistochemistry,,8
6c7d46e0-7cda-4727-b034-9b2fef688f39,97e61b93-e967-4258-ac60-28e1c7d5f2a2,ELISA,,9
63142a44-f5cd-4eba-9e0b-5ed7d983e13d,d0482a63-0752-4b4b-8004-505386625795,Reprogramming,,0
dd8d84ce-9626-4fad-a163-68db138ef310,d0482a63-0752-4b4b-8004-505386625795,Neurodegeneration,,1
395e378b-fa57-4b38-b721-ac8113bbd9d3,d0482a63-0752-4b4b-8004-505386625795,Stem Cells,,2
1d1379fa-88c0-4e04-92fb-b2be53c9366c,d0482a63-0752-4b4b-8004-505386625795,Organoids,,3
2f90dc22-b707-481f-bec2-9802d331c5c6,d0482a63-0752-4b4b-8004-505386625795,Biomedical Research,,4
e604d38a-cd0b-4acf-8864-585ba0cee2d2,d0482a63-0752-4b4b-8004-505386625795,Experimental Research,,5
8ec11339-95f8-41a4-a44a-f4609730a787,d0482a63-0752-4b4b-8004-505386625795,Regenerative Medicine,,6
b71450ce-a355-48f1-8da3-4bd6a940789c,d0482a63-0752-4b4b-8004-505386625795,Forskning,,7
7c55bc5d-f923-4870-bbcf-e84219201cdb,d0482a63-0752-4b4b-8004-505386625795,Microsoft Office,,8
dd47fb12-cdc0-499b-9d81-5eb2c2746b7e,d0482a63-0752-4b4b-8004-505386625795,Microsoft Excel,,9
056be89c-2682-423c-ad05-40dddb3aa8dd,1028c5ec-3bea-40d0-817d-0c0c874cd9f1,Workplace Safety,,0
3b247f92-8f04-4769-a288-a8607e43e35f,1028c5ec-3bea-40d0-817d-0c0c874cd9f1,4 experiences at University of Calgary and 3 other companies,,1
2aa24bfd-40fe-4a2c-a7c2-33a95357d3be,500f069d-d17a-4f44-a51e-e57fdb204955,Good Clinical Practice (GCP),,0
f5bca37b-fcd8-4dbb-a2a1-023fd4dc9ad6,500f069d-d17a-4f44-a51e-e57fdb204955,Intermediate First Aid - Level C CPR,,1
3bc96478-7346-489f-8d06-505e14c6edcc,500f069d-d17a-4f44-a51e-e57fdb204955,EMR Training,,2
358e1365-b31a-4300-a14c-09d126923645,500f069d-d17a-4f44-a51e-e57fdb204955,First Aid,,3
df6c936d-22d9-4295-8d6f-3d172b215ea0,500f069d-d17a-4f44-a51e-e57fdb204955,First Aid Training,,4
a8219592-bee1-4124-9957-8f3e59e40b9d,500f069d-d17a-4f44-a51e-e57fdb204955,Emergency Services,,5
46423ddc-81e9-427b-97c2-8f13083c75b8,500f069d-d17a-4f44-a51e-e57fdb204955,Responder,,6
333e403b-061a-400f-aef0-a4c09e32d8b5,500f069d-d17a-4f44-a51e-e57fdb204955,Fitness Instruction,,7
069916f6-bbae-449a-aa4e-53fd7776db61,500f069d-d17a-4f44-a51e-e57fdb204955,Class Facilitation,,8
ad2a6f93-2c3f-4f24-adc0-360e0385136c,500f069d-d17a-4f44-a51e-e57fdb204955,Public Speaking,,9
6eff2d14-bb8f-4f79-9dbc-9614fc968a2f,c47249ce-3bd2-47df-8f7b-4567c9d065b4,Cloud Computing,,0
001a073c-be01-4e0a-9287-234f7b957d4b,c47249ce-3bd2-47df-8f7b-4567c9d065b4,Next-Generation Sequencing (NGS),,1
60dbc05a-0ad4-45ac-8e51-2538b5ebc6a2,c47249ce-3bd2-47df-8f7b-4567c9d065b4,Linux,,2
d1af1cf4-5899-42a3-b8b2-c0923c228321,c47249ce-3bd2-47df-8f7b-4567c9d065b4,Cancer Research,,3
63cfc081-0664-4a0e-b1ab-6e70a1b9869f,c47249ce-3bd2-47df-8f7b-4567c9d065b4,High Performance Computing (HPC),,4
349e598e-866a-4ff3-938a-b4114a331103,c47249ce-3bd2-47df-8f7b-4567c9d065b4,Large-scale Data Analysis,,5
fb52e18c-4e2b-4345-9fb6-eca4079ad3b5,c47249ce-3bd2-47df-8f7b-4567c9d065b4,R (Programming Language),,6
57c8bc12-fbaa-48df-8f1d-4a7ac9f171c5,c47249ce-3bd2-47df-8f7b-4567c9d065b4,Python (Programming Language),,7
6eb95ff3-8621-42db-a9a0-7e873ed092ff,c47249ce-3bd2-47df-8f7b-4567c9d065b4,University Lecturing,,8
33892281-ad6c-4ecb-a503-da02eeaaaa6b,c47249ce-3bd2-47df-8f7b-4567c9d065b4,Classroom Instruction,,9
a3152965-adb1-43df-90f9-6af4d46e9367,307c1be0-aaf3-48a2-b81b-a861011351d9,Technical Reports,,0
1d8acb39-287b-4b38-98cc-511d6b07f484,307c1be0-aaf3-48a2-b81b-a861011351d9,Polymerase Chain Reaction (PCR),,1
0a8019f8-1b85-4369-a899-2b5b0f79ce4e,307c1be0-aaf3-48a2-b81b-a861011351d9,Mammalian Cell Culture,,2
78a23861-93dc-4251-8640-ede9be2ae56d,307c1be0-aaf3-48a2-b81b-a861011351d9,Cryopreservation,,3
b3274225-e2a4-4186-9fc8-faef8df4bc79,307c1be0-aaf3-48a2-b81b-a861011351d9,Cell Culture,,4
a459104c-c5a9-45ad-a261-cfaa75edf7ee,307c1be0-aaf3-48a2-b81b-a861011351d9,MALDI-TOF mass spectrometry,,5
a97ce251-37d7-4b6f-b0f6-c527cc3fb4a9,307c1be0-aaf3-48a2-b81b-a861011351d9,Western Blotting,,6
88bf19db-69e0-4e6b-849f-25ebc06748d4,307c1be0-aaf3-48a2-b81b-a861011351d9,Immunocytochemistry,,7
d3b298dc-6df8-4029-ab24-46ee03b06c19,307c1be0-aaf3-48a2-b81b-a861011351d9,IBM SPSS Statistics,,8
4173f63d-bd06-44a8-8c1b-cb07890bb799,307c1be0-aaf3-48a2-b81b-a861011351d9,GraphPad Prism,,9
0c7a8211-b076-4afa-91dd-08ddc0da61c2,f2f7388b-72ba-4e27-9bf4-18c6d7988799,Thinking Skills,,0
5fca2157-89a3-4082-8c1f-c403781bcaa8,f2f7388b-72ba-4e27-9bf4-18c6d7988799,Strategic Thinking,,1
bdc5aede-4014-40b0-b3fe-1750452e7900,f2f7388b-72ba-4e27-9bf4-18c6d7988799,Critical Thinking,,2
a17e5f2d-8908-4931-beb3-c20063e9fa2a,f2f7388b-72ba-4e27-9bf4-18c6d7988799,Clinical Research,,3
8f406b28-3d2f-418c-991f-de03fbf49df0,f2f7388b-72ba-4e27-9bf4-18c6d7988799,Psychiatry,,4
d0771136-5fb1-4dd5-8552-75a2e01cda96,f2f7388b-72ba-4e27-9bf4-18c6d7988799,Treatment,,5
90c42f47-e36d-4c3b-b464-9349ac96aada,f2f7388b-72ba-4e27-9bf4-18c6d7988799,Neurology,,6
912ca925-9ac6-406b-84a3-1cb6311101b3,f2f7388b-72ba-4e27-9bf4-18c6d7988799,Neuroscience,,7
d7485a7e-289c-42b7-9ee8-03b24c0035b0,f2f7388b-72ba-4e27-9bf4-18c6d7988799,Psychopharmacology,,8
f9b820a3-995e-4017-a324-c8bea00c6852,f2f7388b-72ba-4e27-9bf4-18c6d7988799,Lecturing,,9
556132f9-4ca4-4318-bfa1-8442ad412a6e,53f221ce-1911-43c2-9c24-5cdd65d17140,Mouse,,0
ffe81654-6980-46d6-af80-1008fb63d78f,53f221ce-1911-43c2-9c24-5cdd65d17140,Data Analysis,,1
f4a7d006-e0ce-49fb-8008-7e5671f99ea8,53f221ce-1911-43c2-9c24-5cdd65d17140,Fluorescence Microscopy,,2
de1d1c8b-4cba-426e-9cff-7e70d9941b85,53f221ce-1911-43c2-9c24-5cdd65d17140,Polymerase Chain Reaction (PCR),,3
c24230f8-24fb-4896-bbe1-ef2629c5fdc5,53f221ce-1911-43c2-9c24-5cdd65d17140,Western Blotting,,4
059304a7-0e6c-43fa-be85-ee3b8e27ee33,53f221ce-1911-43c2-9c24-5cdd65d17140,MATLAB,,5
fb2369eb-05fa-4c7d-913d-76584c835305,53f221ce-1911-43c2-9c24-5cdd65d17140,Confocal Microscopy,,6
1bfe197f-e28e-4ff0-83ce-5abac0630c38,53f221ce-1911-43c2-9c24-5cdd65d17140,Two-photon Microscopy,,7
60027252-70bf-424a-95af-62107c70a44f,53f221ce-1911-43c2-9c24-5cdd65d17140,Animal Models,,8
1cc5cd98-9ce9-4e4c-814e-f0f6c90bf050,53f221ce-1911-43c2-9c24-5cdd65d17140,Tissue Culture,,9
55cdf4c3-0de1-478e-8c87-040fc9865146,bc3031d6-031b-4409-9159-d95398c26fbc,Non-Invasive Brain Stimulation,,0
620b1791-2acb-4619-90bd-ac78291b1888,bc3031d6-031b-4409-9159-d95398c26fbc,Cognitive Neurology,,1
b0cd5f8a-5b1d-4718-8602-a884bcc1a05c,bc3031d6-031b-4409-9159-d95398c26fbc,Alzheimer's Disease,,2
c5d80fe7-b86f-4d74-b371-6c9dd8b27596,bc3031d6-031b-4409-9159-d95398c26fbc,Dementia Care,,3
aa55029b-b119-4c1f-81f2-1fec0f15277f,bc3031d6-031b-4409-9159-d95398c26fbc,Clinical Neurophysiology,,4
0c10f2de-bc92-4b00-a92b-969ac6869c0f,bc3031d6-031b-4409-9159-d95398c26fbc,EEG,,5
55a18f1c-ffbc-4c01-abce-b2963e57938c,bc3031d6-031b-4409-9159-d95398c26fbc,Vascular neurology,,6
20aa8212-e698-4adb-b8a1-7a0f7e0eed05,bc3031d6-031b-4409-9159-d95398c26fbc,Botox,,7
74646a6e-8f6a-46ea-a228-acb83dd4ce1c,bc3031d6-031b-4409-9159-d95398c26fbc,Brain health,,8
5829550f-2501-491e-a509-6d9c21907e4d,bc3031d6-031b-4409-9159-d95398c26fbc,AI in healthcare,,9
4de08e9e-1cd9-4589-a2dd-d12f2d63e929,42db836f-a3fd-4fde-bd96-a2e5bfb7e7da,Attio,,0
616c1787-e970-48b5-ad6b-7be790eebda9,42db836f-a3fd-4fde-bd96-a2e5bfb7e7da,Medtech,,1
032e1935-4e01-4354-b3fc-930e2679d45c,42db836f-a3fd-4fde-bd96-a2e5bfb7e7da,Neuroscience,,2
53398df5-6880-40dc-afc7-12729407cc19,42db836f-a3fd-4fde-bd96-a2e5bfb7e7da,Regulatory Affairs,,3
38d88944-6482-4e18-a8c6-1698e3a5ccab,42db836f-a3fd-4fde-bd96-a2e5bfb7e7da,Digital Health,,4
9d90f37a-f811-4ce3-89b1-447824556dd1,42db836f-a3fd-4fde-bd96-a2e5bfb7e7da,Machine Learning,,5
0939e580-d7c9-4896-9173-8977853519ff,42db836f-a3fd-4fde-bd96-a2e5bfb7e7da,Buyer Discovery,,6
c9690d49-7e58-49f5-96f6-d07b2d0ffe56,42db836f-a3fd-4fde-bd96-a2e5bfb7e7da,EthicalAI,,7
274915de-ec75-4cd4-8f2e-0792f4dae5f6,42db836f-a3fd-4fde-bd96-a2e5bfb7e7da,Customer Service,,8
ee674754-b317-4b34-8596-afafb80ccfbd,42db836f-a3fd-4fde-bd96-a2e5bfb7e7da,Cashiering,,9
395f1fd5-fce6-43ee-b3dc-019d87d7875b,5c4522a6-376e-4c86-a801-da50c87a9998,Research Skills,,0
94ffa8a0-c209-4c75-bf8f-5bfbf198a239,5c4522a6-376e-4c86-a801-da50c87a9998,Teaching,,1
d01fffd9-501e-4ded-98d9-0fd67f84831b,e320145d-3da9-4f19-b827-bf5160e474e0,Statistical Software,,0
7765ffb6-4ecb-44d8-a56d-e51d9eb11469,e320145d-3da9-4f19-b827-bf5160e474e0,Teaching,,1
61abc5d1-dfa9-4270-afa0-122bf287fe56,e320145d-3da9-4f19-b827-bf5160e474e0,Written Communication,,2
9b7b42f6-166a-4673-b715-d08fc99b540b,e320145d-3da9-4f19-b827-bf5160e474e0,Data Collection,,3
0df48dcd-e736-4340-a09b-afd85fe5b867,e320145d-3da9-4f19-b827-bf5160e474e0,Psychology,,4
76411d22-adec-4f23-837e-bc96ab3fced4,e320145d-3da9-4f19-b827-bf5160e474e0,Mental Health,,5
73f5075f-02a6-46e2-8882-0fd41f14e5eb,e320145d-3da9-4f19-b827-bf5160e474e0,Critical Thinking,,6
b3936717-6dde-4805-aa47-8578f522cd75,e320145d-3da9-4f19-b827-bf5160e474e0,Research,,7
0610ca99-91a6-47e5-9f25-ab8eb8664c54,e320145d-3da9-4f19-b827-bf5160e474e0,SPSS,,8
bce76b5f-f140-4b5b-a623-138e2e099546,e320145d-3da9-4f19-b827-bf5160e474e0,Time Management,,9
ed2f1941-8c3d-4db4-b647-885f024074cb,c23d96d8-1472-41b0-9cde-29f3d77fdc95,Board Governance,,0
6859c6d2-5a4a-4bd8-9085-ea6821856a9a,c23d96d8-1472-41b0-9cde-29f3d77fdc95,Corporate Governance,,1
e1467e36-5f4a-4bc3-8f0f-00f2d5de8960,c23d96d8-1472-41b0-9cde-29f3d77fdc95,Nonprofit Organizations,,2
3d8a7ee8-2398-4dbf-82ce-5c8469283a22,c23d96d8-1472-41b0-9cde-29f3d77fdc95,Curriculum Development,,3
dbb83939-8533-4265-9850-6bd4c3fedf04,c23d96d8-1472-41b0-9cde-29f3d77fdc95,Process Improvement,,4
8bfed10f-31c0-492c-aab3-d4e604bd08bc,c23d96d8-1472-41b0-9cde-29f3d77fdc95,Capacity Building,,5
11d5463e-ace1-4be9-9688-cb3cdcc6dac3,c23d96d8-1472-41b0-9cde-29f3d77fdc95,Patient Safety,,6
a5453af6-199f-4315-bbb4-1139f0170090,c23d96d8-1472-41b0-9cde-29f3d77fdc95,Thought Leadership,,7
8f5b2a26-e455-41c4-83e0-75fc8c881a6c,c23d96d8-1472-41b0-9cde-29f3d77fdc95,Healthcare Leadership,,8
fe8f8ebf-08d4-40f5-a53e-2f2fa043e238,c23d96d8-1472-41b0-9cde-29f3d77fdc95,Academic Leadership,,9
3fe1d6c5-6c46-4ae0-a89f-b6103eb54021,4c8ebcaf-cccc-44fd-9836-461d376a057f,Timeline Management,,0
3610e151-2f26-45ea-a6a6-52d8a5801507,4c8ebcaf-cccc-44fd-9836-461d376a057f,Workload Prioritization,,1
27d5c720-590f-42c6-8d13-330e4a90df22,4c8ebcaf-cccc-44fd-9836-461d376a057f,Thinking Skills,,2
bb0a9db2-761e-4345-8bcc-1631c9ee4937,4c8ebcaf-cccc-44fd-9836-461d376a057f,Strategic Thinking,,3
06bbfaf4-08d8-4257-8c6b-1f99592f34ad,4c8ebcaf-cccc-44fd-9836-461d376a057f,Pharmaceuticals,,4
2e645b3f-4169-43c5-bcd5-18f82903958a,4c8ebcaf-cccc-44fd-9836-461d376a057f,Working With Clients,,5
71a30c55-052c-4c65-8573-e2b968a8d8ca,4c8ebcaf-cccc-44fd-9836-461d376a057f,Laboratory Skills,,6
5fbd5403-b183-42c8-936e-f617ca69cd75,4c8ebcaf-cccc-44fd-9836-461d376a057f,Scientific Review,,7
a80fab4a-9af4-4d4f-9132-a0a72c315c24,4c8ebcaf-cccc-44fd-9836-461d376a057f,Recruiting,,8
25b5fc6c-4949-414b-ba18-75d79c696216,4c8ebcaf-cccc-44fd-9836-461d376a057f,People Management,,9
d7f34f5d-165b-4ff7-8be4-4907a47c5e4b,6f932e54-55e2-4b0e-9e01-07c7336e77c1,Healthcare Management,,0
a504d34b-206a-4dec-9bef-f0c3267a2790,6f932e54-55e2-4b0e-9e01-07c7336e77c1,Medical Practice Management,,1
0ff5a382-01a0-49c8-b88d-2a6e402ca362,6f932e54-55e2-4b0e-9e01-07c7336e77c1,Medical Groups,,2
0fd48c30-a44f-4693-89ab-5f5382628c0b,6f932e54-55e2-4b0e-9e01-07c7336e77c1,Health Management,,3
b7a49d13-7395-41ff-b1af-ad341c8731b1,6f932e54-55e2-4b0e-9e01-07c7336e77c1,Medical Group Management,,4
5c997145-f7f2-46fe-9f27-121dd530d983,6f932e54-55e2-4b0e-9e01-07c7336e77c1,Radiology,,5
afe16f62-da1e-46ab-ad18-7a1f10385dcd,6f932e54-55e2-4b0e-9e01-07c7336e77c1,Business Strategy,,6
aed9ad49-83df-46c4-9512-8a6dc84af466,6f932e54-55e2-4b0e-9e01-07c7336e77c1,Gastrointestinal Disorders,,7
2ed86468-8482-48b9-9b9a-d2fc7687ee46,6f932e54-55e2-4b0e-9e01-07c7336e77c1,Medical Imaging,,8
7716b2ec-7f4f-4095-a582-23fa45e99f73,6f932e54-55e2-4b0e-9e01-07c7336e77c1,Board of Directors,,9
144823f8-b6eb-4b7a-bcdd-8b71c482fda2,52e097be-51a5-4d40-9461-35eb784226f6,Data Analysis,,0
f51489ec-ed17-4e10-a063-f565d32ecf24,52e097be-51a5-4d40-9461-35eb784226f6,Academic Administration,,1
5c1e67bf-f0f6-467b-b7f7-ff2e00a550d8,52e097be-51a5-4d40-9461-35eb784226f6,Higher Education Research,,2
10496a15-d53a-4594-b710-8378c0bf7784,52e097be-51a5-4d40-9461-35eb784226f6,Research Support,,3
0a8a2f07-6591-40ae-a66e-f2166a2a4769,52e097be-51a5-4d40-9461-35eb784226f6,Medical Research,,4
53b4cd2b-be6d-4b23-be16-a7a898b33f88,52e097be-51a5-4d40-9461-35eb784226f6,Research,,5
962963a8-d826-4ba9-b6ff-7759551de6fb,52e097be-51a5-4d40-9461-35eb784226f6,Life Sciences,,6
7e4d6689-5fe3-4dd0-a5d8-b6390522b103,52e097be-51a5-4d40-9461-35eb784226f6,Microbiology,,7
7c5156b7-0eb2-4f1c-a7e9-2d5a79605a2c,52e097be-51a5-4d40-9461-35eb784226f6,Embryology,,8
631a0c3f-bf3f-4f62-8450-7df061f2200f,52e097be-51a5-4d40-9461-35eb784226f6,Currently wornking on Embryology,,9
3d0a9ed0-88bb-4d5e-8bae-d4476d901872,986079a3-d6ef-4b67-a0ed-32ba48b3376c,Strategic and Operational Leadership,,0
35794eaf-4c53-44f7-9e4f-48739ce90ecd,986079a3-d6ef-4b67-a0ed-32ba48b3376c,Organizational and Program Management,,1
ec81dc0c-ff7f-4520-99c5-ecaeb4ad6a6b,986079a3-d6ef-4b67-a0ed-32ba48b3376c,Resource Management,,2
4baabdcb-d415-43f8-a662-0032e71e2ebb,986079a3-d6ef-4b67-a0ed-32ba48b3376c,Management,,3
4a78489b-8ad9-46e7-9336-4c64d4e85a08,986079a3-d6ef-4b67-a0ed-32ba48b3376c,Children's Health Research,,4
ac029f3f-a620-45c9-a1d9-a933eb7f637e,986079a3-d6ef-4b67-a0ed-32ba48b3376c,Food Environments,,5
2f4ddaec-c3df-4495-94e9-0de006c73448,986079a3-d6ef-4b67-a0ed-32ba48b3376c,Stakeholder Engagement,,6
5adb8593-c56b-47ad-b227-b33e1aecd5be,986079a3-d6ef-4b67-a0ed-32ba48b3376c,Program Implementation,,7
1d2e2d23-1c59-47e1-8c07-f2df340e2558,986079a3-d6ef-4b67-a0ed-32ba48b3376c,Wellbeing,,8
c78b0a51-d0d9-4f36-b9d9-7a6c06ef94b6,986079a3-d6ef-4b67-a0ed-32ba48b3376c,Emotional Intelligence,,9
5c42ff3d-70e5-4972-bfc3-7ceeda1519bc,1c346c2d-94f9-4bc7-bb18-c01b8bb361e7,Leadership,,0
5712e343-bfc2-414a-943f-28255d553fda,1c346c2d-94f9-4bc7-bb18-c01b8bb361e7,Neurology,,1
c1adab91-aa3a-448c-b68c-892145cbc39f,1c346c2d-94f9-4bc7-bb18-c01b8bb361e7,Neuroimaging,,2
a4dc4373-63b4-4ee7-8021-531ccc055ef0,1c346c2d-94f9-4bc7-bb18-c01b8bb361e7,Education,,3
d6c5c9f7-a0a9-44e2-bcc4-a4d7da6b8146,1c346c2d-94f9-4bc7-bb18-c01b8bb361e7,Neuroimmunology,,4
5ced48b5-b445-4bda-963c-13b07a1566b3,1c346c2d-94f9-4bc7-bb18-c01b8bb361e7,Project Management,,5
713eb0ad-fa6e-41d9-b431-8872d35f3641,a1c31329-419f-4dd2-992c-c682a52303b5,Healthcare,,0
734a6802-1f53-482b-a5a8-076a7fe5d685,a1c31329-419f-4dd2-992c-c682a52303b5,Product Innovation,,1
866e6e6a-99bf-4cb8-8ea9-75b59ffa3076,a1c31329-419f-4dd2-992c-c682a52303b5,Mental Health,,2
a4024f48-b453-4042-a0be-42cdb09c7bde,a1c31329-419f-4dd2-992c-c682a52303b5,Biomedicine,,3
7632b7f1-c510-43da-ae22-3da11d37ff31,a1c31329-419f-4dd2-992c-c682a52303b5,Medical Research,,4
db78a11b-a08d-4430-aebe-9ffb4f490775,a1c31329-419f-4dd2-992c-c682a52303b5,Public Health,,5
f75708f7-44bf-4472-b5f0-f3f289a7d35f,a1c31329-419f-4dd2-992c-c682a52303b5,iOS Development,,6
1e89ed39-32d5-431e-b2ed-e8a11d8db38a,a1c31329-419f-4dd2-992c-c682a52303b5,Neurodiversity,,7
359c4b46-b3e7-430b-822f-41098fded9ac,a1c31329-419f-4dd2-992c-c682a52303b5,Neurodegenerative Disease,,8
dfb0e86f-4f81-45d6-8556-42570cc6f738,a1c31329-419f-4dd2-992c-c682a52303b5,Prevention,,9
de9ad22c-5b09-4ee7-9a39-7059a6f140f8,aa481e5b-b5af-4f22-84a1-79f2650777d3,Undergraduate Teaching,,0
541a846b-74f5-4dc0-ab0d-7350612f02ad,aa481e5b-b5af-4f22-84a1-79f2650777d3,Project Management,,1
807e166d-f20f-4d08-929b-e14e546e50dc,aa481e5b-b5af-4f22-84a1-79f2650777d3,Mentoring,,2
b7e73ea3-78e4-4e85-ac91-04339b3dc256,aa481e5b-b5af-4f22-84a1-79f2650777d3,Instructional Design,,3
6fd9f0af-3931-471c-8fb7-fa5b3f9068da,aa481e5b-b5af-4f22-84a1-79f2650777d3,Neuroscience,,4
6a7cf6d9-c870-4e57-bed4-5fbb0fae8095,aa481e5b-b5af-4f22-84a1-79f2650777d3,Scientific Writing,,5
597decb0-ae06-4d8c-89f4-6588c53ed9ee,aa481e5b-b5af-4f22-84a1-79f2650777d3,Higher Education,,6
43bfa831-7eac-4a5a-8929-becd06033ab6,aa481e5b-b5af-4f22-84a1-79f2650777d3,Animal Models,,7
53e9dd75-54a4-4bb1-87cb-6e1e55cdfddb,aa481e5b-b5af-4f22-84a1-79f2650777d3,Research Design,,8
456995cb-2600-4a7a-ab47-07e0d1b8e3d0,aa481e5b-b5af-4f22-84a1-79f2650777d3,Fluorescence Microscopy,,9
4baca750-61a8-480e-b92e-1fe9799858f8,ad415c54-d739-4ca8-9385-2391753e90f0,Adaptability,,0
066548ba-6f62-4324-aeda-4857810dbcc2,ad415c54-d739-4ca8-9385-2391753e90f0,Project Management,,1
7e06b2a3-4f09-42ac-93fb-0a71b71eb6cc,ad415c54-d739-4ca8-9385-2391753e90f0,Proofreading,,2
60f9a375-3917-49fa-9fb4-f291d1be4036,ad415c54-d739-4ca8-9385-2391753e90f0,Mentoring,,3
5c86ecf4-235e-45d6-85df-f4695a2cf849,ad415c54-d739-4ca8-9385-2391753e90f0,Google Workspace,,4
dcea4c6b-f0a8-4c0b-b40a-67801b3b0b4c,ad415c54-d739-4ca8-9385-2391753e90f0,Adobe Creative Suite,,5
b1b0b100-0a6d-4a0a-b173-7e0c41c80132,ad415c54-d739-4ca8-9385-2391753e90f0,Histochemistry,,6
9758681e-a332-4d9b-b354-cff9552bf5e7,ad415c54-d739-4ca8-9385-2391753e90f0,Rodent Surgery,,7
c8cb06e5-46ae-4f4a-82f8-8d8f367b1dc8,ad415c54-d739-4ca8-9385-2391753e90f0,Project Planning,,8
a235560d-c1ee-4d0d-90ac-d69fd832256e,ad415c54-d739-4ca8-9385-2391753e90f0,Research,,9
9f9a9cbb-a5fb-4161-93f2-8fc75e4bbef3,fa05d297-7977-452a-a9b0-3dcf5d265a8c,Higher Education Teaching,,0
1b88ba55-163c-4399-9eee-4e7cbf759d23,fa05d297-7977-452a-a9b0-3dcf5d265a8c,University Lecturing,,1
e377990c-7df3-442a-a14f-8320fc306d9f,fa05d297-7977-452a-a9b0-3dcf5d265a8c,Undergraduate Teaching,,2
3d46312c-dd8c-4992-9fb3-b2005450b06a,fa05d297-7977-452a-a9b0-3dcf5d265a8c,Electrophysiology,,3
081867b5-2244-406e-aa71-5754b1e03fb3,fa05d297-7977-452a-a9b0-3dcf5d265a8c,Calcium Imaging,,4
3758bd26-746a-4f15-8108-fb4efc43ba0f,fa05d297-7977-452a-a9b0-3dcf5d265a8c,Two-photon Microscopy,,5
f7dc1f69-78b8-4459-939e-38823f7541cb,fa05d297-7977-452a-a9b0-3dcf5d265a8c,Confocal Microscopy,,6
6de7fc79-7935-43e7-9859-dfb07cc85675,fa05d297-7977-452a-a9b0-3dcf5d265a8c,Immunohistochemistry,,7
4f97ecfb-3ed3-4731-88a4-3554c0114c77,fa05d297-7977-452a-a9b0-3dcf5d265a8c,Patch-clamp,,8
ee56dc88-e807-4156-8300-577342428f53,fa05d297-7977-452a-a9b0-3dcf5d265a8c,Neuroscience,,9
c9bcb523-86bd-4fdd-a3bd-f93990369a2e,505c2eea-2ec0-4d8c-b2a5-e717796a53bd,Play Therapy,,0
51dc72c3-2085-4ea8-afd2-b926e0e7dfbd,505c2eea-2ec0-4d8c-b2a5-e717796a53bd,Working with Children,,1
aae0cf68-4d95-4dfc-a38c-1dad98d5d91a,505c2eea-2ec0-4d8c-b2a5-e717796a53bd,Child Therapy,,2
6a2cc323-f43c-406d-a968-bfb621c4df4a,505c2eea-2ec0-4d8c-b2a5-e717796a53bd,Social Emotional Learning,,3
c0f5a186-1b80-4f70-9805-587a8443178e,505c2eea-2ec0-4d8c-b2a5-e717796a53bd,Nonprofit Organizations,,4
43a81a9b-7d20-4d32-902e-4d4c06890c63,505c2eea-2ec0-4d8c-b2a5-e717796a53bd,Communication,,5
c568f54d-0b58-4122-bf33-c783ef89e57a,505c2eea-2ec0-4d8c-b2a5-e717796a53bd,Emotional Intelligence,,6
55f57722-c788-465c-9e64-a155809946b3,505c2eea-2ec0-4d8c-b2a5-e717796a53bd,Public Relations,,7
cbf31b24-f7c9-4d9c-9c57-67a7f272b7b8,505c2eea-2ec0-4d8c-b2a5-e717796a53bd,Collaborative Leadership,,8
cd11fc4b-9794-41bb-a3d4-b52bf83ae49c,505c2eea-2ec0-4d8c-b2a5-e717796a53bd,Strategic Planning,,9
f4197852-aab9-456d-9835-9d85d423696b,8911b15b-7a03-4000-b077-083fadd752af,Leadership,,0
3abc01f9-c8e7-414e-9524-e90d231d5761,8911b15b-7a03-4000-b077-083fadd752af,Teaching,,1
8052efb8-48dd-4ca4-989c-2f68f9e8ecdb,8911b15b-7a03-4000-b077-083fadd752af,Management,,2
55a282c0-b32d-4162-aa77-50d4b1acdeb6,8911b15b-7a03-4000-b077-083fadd752af,Sales,,3
a30ad659-96a2-41e8-ba3d-6b357aefaefb,8911b15b-7a03-4000-b077-083fadd752af,Finances,,4
d2a61e1c-2cd7-47ce-b659-faa9d8edb1ef,8911b15b-7a03-4000-b077-083fadd752af,Data Analysis,,5
d7a111b3-9772-42b9-85e1-955e3b3dc992,8911b15b-7a03-4000-b077-083fadd752af,Human Resources (HR),,6
92116956-9beb-48b1-ad18-eecb11f73b74,8911b15b-7a03-4000-b077-083fadd752af,Radiology,,7
db244c02-a653-4f92-9752-a806787241a1,8911b15b-7a03-4000-b077-083fadd752af,Neuroradiology,,8
f04a5bda-91d2-432d-860a-33e2ddcfb8bf,8911b15b-7a03-4000-b077-083fadd752af,Artificial Intelligence (AI),,9
dedecf3f-aefb-45a7-845a-67ec9bc6760f,082d7331-bb8b-4537-a583-8c1599a8ec3e,Administrative Law,,0
f9b0f89d-4143-4f30-a67c-502181243bf8,082d7331-bb8b-4537-a583-8c1599a8ec3e,Labor and Employment Law,,1
4d0d0eb6-e512-40c2-a5b8-4463397409f6,082d7331-bb8b-4537-a583-8c1599a8ec3e,Human Rights,,2
c2def51f-d261-483b-b7b9-5336d476ee1e,082d7331-bb8b-4537-a583-8c1599a8ec3e,Regulatory Compliance,,3
8e897575-9c9f-47c8-843a-ec1886f3005b,082d7331-bb8b-4537-a583-8c1599a8ec3e,Legal Research,,4
367b741c-8b39-414f-b9c2-976d23d6b32f,082d7331-bb8b-4537-a583-8c1599a8ec3e,Legal Document Preparation,,5
dd889860-70e1-4cd7-a6f4-a59f4f904158,082d7331-bb8b-4537-a583-8c1599a8ec3e,Leadership,,6
93df8b24-b916-443e-aa91-97c6f5cd6fe8,082d7331-bb8b-4537-a583-8c1599a8ec3e,Legal Advice,,7
ba94e9e4-bef3-45f9-8352-91b1ec1cda6e,082d7331-bb8b-4537-a583-8c1599a8ec3e,Legal Compliance,,8
1927eb1b-f119-45ed-86c6-cd09baad4438,082d7331-bb8b-4537-a583-8c1599a8ec3e,Data Analysis,,9
ce8cdf4a-fbac-4427-a6eb-37f282d204f9,2417812b-d9ed-4765-b237-97b4c1e505f3,Techniques de présentation,,0
2c007402-edd6-460a-a516-29813b44fdd4,2417812b-d9ed-4765-b237-97b4c1e505f3,2 experiences at UQAM | Université du Québec à Montréal and 1 other company,,1
739fdb37-a250-453d-a8a0-32ad4891c248,77ee30c6-bdfe-47c4-9fd1-c62c07f0576e,Hematology,,0
0fd0a951-b5c5-4db9-8816-4ee957c1db3e,77ee30c6-bdfe-47c4-9fd1-c62c07f0576e,Medical Microbiology,,1
7b7128f4-d5c0-4ddf-9330-1e8447e81146,77ee30c6-bdfe-47c4-9fd1-c62c07f0576e,Serology,,2
46980280-3f6c-4769-ada5-ba1e0521fe7d,77ee30c6-bdfe-47c4-9fd1-c62c07f0576e,Biochemistry,,3
61c9f472-15ad-43ee-b3bb-e417ab4c3c19,77ee30c6-bdfe-47c4-9fd1-c62c07f0576e,Sales,,4
c9fe5611-f08f-4402-8796-f0e083f9849c,77ee30c6-bdfe-47c4-9fd1-c62c07f0576e,Biomedical Devices,,5
ea2d2986-1e82-4b40-b043-86ce4af05340,77ee30c6-bdfe-47c4-9fd1-c62c07f0576e,Customer Relationship Management (CRM),,6
cd7aa9f0-70ed-4fad-9f4d-016c584b3a0b,77ee30c6-bdfe-47c4-9fd1-c62c07f0576e,Proposal Writing,,7
2d5b1bbd-b3e6-4040-81d0-bf58d7f6ee00,77ee30c6-bdfe-47c4-9fd1-c62c07f0576e,Grant Writing,,8
c33bad5e-aca8-4ea9-95fd-3e2b5d01d98d,77ee30c6-bdfe-47c4-9fd1-c62c07f0576e,Cross-functional Team Leadership,,9
1df95efe-1ad4-4b18-88cf-fa0826713351,d6963c63-f714-4fb8-a985-66f42458bcc7,Director level,,0
4741d2df-d372-40b8-a0e2-f242de6f2f61,d6963c63-f714-4fb8-a985-66f42458bcc7,Corporate Social Responsibility,,1
20f0fe9b-fd4f-4c24-9f99-d86a11117805,d6963c63-f714-4fb8-a985-66f42458bcc7,Relationship Building,,2
df6124d0-4687-488e-89a6-f8b7e850ab21,d6963c63-f714-4fb8-a985-66f42458bcc7,Strategic Thinking,,3
72329239-58d0-47f0-8eea-96f9517df313,d6963c63-f714-4fb8-a985-66f42458bcc7,Leading transformational change,,4
eb6261ac-5734-4cfc-b532-25f7286e4a56,d6963c63-f714-4fb8-a985-66f42458bcc7,Business Relationship Management,,5
0061a99f-0560-41e9-bb50-d250657347f6,d6963c63-f714-4fb8-a985-66f42458bcc7,Business Networking,,6
878168a8-7f9f-40b9-bdc9-f33eead6733a,d6963c63-f714-4fb8-a985-66f42458bcc7,Team Leadership,,7
635abcc8-b453-4081-b6de-ff35f281609a,d6963c63-f714-4fb8-a985-66f42458bcc7,Training Needs Analysis,,8
05536ab4-b0b2-47ae-98fb-5c5c1315c452,d6963c63-f714-4fb8-a985-66f42458bcc7,Organizational Development,,9
b49cf513-58d9-43c7-ae8d-257676d5bdf5,2b91d1af-ed85-4d48-92c4-a56c58a3f72f,Manejo de Espasticidad,,0
a8dbdd4a-7102-47f8-8d11-73f3e4d9451a,2b91d1af-ed85-4d48-92c4-a56c58a3f72f,Gestión de equipos de rehabilitación,,1
da02ebbc-cbb8-4700-b788-53d7873210dc,2b91d1af-ed85-4d48-92c4-a56c58a3f72f,Comprensión de indicadores de calidad en rehabilitación y seguridad del paciente,,2
daf177fd-f7f6-46b0-af38-c613943760a7,6e6fd88c-0fc4-4a97-84eb-fce93f8fcbc3,Market Development,,0
e745d384-9d3f-4e10-81dc-673df004345b,6e6fd88c-0fc4-4a97-84eb-fce93f8fcbc3,Strategic Planning,,1
04b72146-d22b-4c2d-b5a0-27c24fd33fd2,6e6fd88c-0fc4-4a97-84eb-fce93f8fcbc3,Startups,,2
e504c31e-b4fe-4db4-a7b3-f29f8d10b838,6e6fd88c-0fc4-4a97-84eb-fce93f8fcbc3,Market Research,,3
1190da88-d842-4763-913d-92166d1beded,6e6fd88c-0fc4-4a97-84eb-fce93f8fcbc3,Strategic Partnerships,,4
617dca94-4bcb-4de9-9941-4b38f3cd8640,6e6fd88c-0fc4-4a97-84eb-fce93f8fcbc3,Market Analysis,,5
23e6bf2c-b080-44a4-99b1-65da80674e59,6e6fd88c-0fc4-4a97-84eb-fce93f8fcbc3,Clinical Development,,6
b46360c8-ccfe-4c8d-ad24-01ac3feb08aa,6e6fd88c-0fc4-4a97-84eb-fce93f8fcbc3,Early-Stage Startups,,7
92903283-3345-4012-8a92-8f5fa5587213,6e6fd88c-0fc4-4a97-84eb-fce93f8fcbc3,New Business Development,,8
5177ee20-7a8f-4fa1-b66f-336733247600,6e6fd88c-0fc4-4a97-84eb-fce93f8fcbc3,Marketing Strategy,,9
78a4e6cb-3168-4ff2-9a1e-df9b3014da1b,039bf02f-da42-4c5a-89ca-750c477d8a1a,Keynote Speaking,,0
50012e59-75ab-4667-a02f-9ab6c6b86215,039bf02f-da42-4c5a-89ca-750c477d8a1a,Resilience & Well-Being Programming,,1
e53bfabb-2e03-47b4-b59c-8a65dba153db,039bf02f-da42-4c5a-89ca-750c477d8a1a,Evidence-Based Mental Health Interventions,,2
f923181f-fcf8-4b33-817d-e615e2b3787b,039bf02f-da42-4c5a-89ca-750c477d8a1a,Suicide Prevention Strategy,,3
dc306355-5203-41c3-a4be-6f9344824416,039bf02f-da42-4c5a-89ca-750c477d8a1a,Public Speaking & Keynote Delivery,,4
4d3ad0ed-3cb3-4bf4-bd7e-4fe7b8424187,039bf02f-da42-4c5a-89ca-750c477d8a1a,Parenting Education & Coaching,,5
3e46c22f-e3f6-441c-b600-73b5b128c060,039bf02f-da42-4c5a-89ca-750c477d8a1a,Mental Health Literacy,,6
0ae1660f-4788-49d0-a67c-a5646211b629,039bf02f-da42-4c5a-89ca-750c477d8a1a,Child & Adolescent Psychiatry,,7
34924c5c-349d-4145-be95-9957c0a59468,039bf02f-da42-4c5a-89ca-750c477d8a1a,Research,,8
68d3de66-ae56-4e13-80db-8b1f5adb937d,039bf02f-da42-4c5a-89ca-750c477d8a1a,Qualitative Research,,9
53da489b-187f-413a-b3a7-dcba20f14456,e3304478-3a6c-47bb-9b6c-cc08646d8310,Tissue clearing,,0
28c60dac-c4ff-49de-a3f5-1e935daa311f,e3304478-3a6c-47bb-9b6c-cc08646d8310,Confocal Microscopy,,1
828687b3-4454-4007-869e-fc419674da0a,e3304478-3a6c-47bb-9b6c-cc08646d8310,Light sheet microscopy,,2
20489764-2c51-4731-8aa6-c8655a6763af,e3304478-3a6c-47bb-9b6c-cc08646d8310,Organizational Leadership,,3
46d47150-ee3d-42bb-afe7-d9d511b88b95,e3304478-3a6c-47bb-9b6c-cc08646d8310,Motor Control,,4
99e38474-f170-482a-977a-995206081004,e3304478-3a6c-47bb-9b6c-cc08646d8310,Organization Skills,,5
6643fbe3-c6ac-4e44-a801-2c43a05d8838,e3304478-3a6c-47bb-9b6c-cc08646d8310,in vitro/ex vivo,,6
7956f415-c5c7-4ca8-a8d5-4a381ae9f1a6,e3304478-3a6c-47bb-9b6c-cc08646d8310,Microsoft Excel,,7
12a2d425-7e9f-4edd-a3ff-d8b7d3014a74,e3304478-3a6c-47bb-9b6c-cc08646d8310,Microsoft Word,,8
d4d12904-130a-45ae-a0e3-10929189e8d7,e3304478-3a6c-47bb-9b6c-cc08646d8310,PowerPoint,,9
8ca8174c-6233-4e14-b13c-85bb30e20196,ec62fc17-dfe3-46f9-93e5-fbf72936ae5c,Médecine du sommeil,,0
29d3abd3-fc8f-41d4-99c8-ac5f4fbbd5c5,ec62fc17-dfe3-46f9-93e5-fbf72936ae5c,Recherche,,1
92fe3381-4d9c-4f0c-aad0-2fa96cd58a57,ec62fc17-dfe3-46f9-93e5-fbf72936ae5c,Neurosciences cognitives,,2
7d3b7639-8f6c-4546-9bb4-cad586bfbcfe,ec62fc17-dfe3-46f9-93e5-fbf72936ae5c,Génie électrique,,3
587be086-205b-4d45-b55d-85735c9a2606,ec62fc17-dfe3-46f9-93e5-fbf72936ae5c,Génie mécanique,,4
139b6e79-100c-4334-b783-da3ea1672e1b,ec62fc17-dfe3-46f9-93e5-fbf72936ae5c,Ingénierie hardware,,5
718f5936-c736-468b-abd1-e580e315a071,ec62fc17-dfe3-46f9-93e5-fbf72936ae5c,Contrôleurs,,6
428d5c4f-b65e-493b-9211-a08473d6b3c4,ec62fc17-dfe3-46f9-93e5-fbf72936ae5c,Gestion d’équipe,,7
e59fd80b-3e6d-4a3e-86af-f44b5ac8841c,ec62fc17-dfe3-46f9-93e5-fbf72936ae5c,Leadership organisationnel,,8
5c626cef-4750-486d-a086-1e590bc467f0,ec62fc17-dfe3-46f9-93e5-fbf72936ae5c,Neurosciences,,9
2e0d5d7a-e3ca-4167-b1af-0501fa38676a,a64ad2be-cb71-43dd-a18c-980f50523cc7,Incident Reporting,,0
95b25e60-d35c-4be7-ac2c-8d8373194426,a64ad2be-cb71-43dd-a18c-980f50523cc7,Oil and Gas,,1
ebd1dae1-b538-465f-afc6-f2ab961d69ee,a64ad2be-cb71-43dd-a18c-980f50523cc7,Aviation,,2
43836b9f-dc54-4d17-be3c-e46852b5688f,a64ad2be-cb71-43dd-a18c-980f50523cc7,Occupational Health,,3
f8161592-2695-48a4-acae-596e36608672,a64ad2be-cb71-43dd-a18c-980f50523cc7,Investigation,,4
ecea334d-8c88-49b5-bc0e-fb1c5fdeff2f,a64ad2be-cb71-43dd-a18c-980f50523cc7,Incident Investigation,,5
0c87d83a-6b71-4d45-b695-0d269828b6a2,a64ad2be-cb71-43dd-a18c-980f50523cc7,Quality Assurance,,6
4cf150e4-d295-4249-9967-641e50975fff,a64ad2be-cb71-43dd-a18c-980f50523cc7,Risk Assessment,,7
b161c70e-6fcd-44fa-a3d7-f0e82cab155f,a64ad2be-cb71-43dd-a18c-980f50523cc7,Auditing,,8
6ef0fb2c-84cd-4a33-93ae-87905756742f,a64ad2be-cb71-43dd-a18c-980f50523cc7,Risk Management,,9
fcfc9cc8-0abc-42a4-94ef-a70d2984ff15,a887faee-3a2d-49ee-86bb-488ec75a0d76,Clinical Supervision,,0
b56f0b9d-18cd-4aaa-9c5f-4071848c89c6,a887faee-3a2d-49ee-86bb-488ec75a0d76,Interventions,,1
697ff44c-cca9-40c4-9e87-74f211f497d3,a887faee-3a2d-49ee-86bb-488ec75a0d76,Parenting Skills Training,,2
6970c1a1-2601-42ab-bf40-9f3e721acd3c,a887faee-3a2d-49ee-86bb-488ec75a0d76,Behavioral Therapy,,3
43fac7de-bd57-47e5-ad92-6e6471f9120c,a887faee-3a2d-49ee-86bb-488ec75a0d76,Behavior Analysis,,4
31d081ab-ad09-4e3f-9e12-118e5e1744b8,a887faee-3a2d-49ee-86bb-488ec75a0d76,Behaviour Support Plans,,5
51ac76a4-e43e-43dd-9236-dba0b953df64,a887faee-3a2d-49ee-86bb-488ec75a0d76,Developmental Disabilities,,6
e16ff991-d1a8-4023-a6a8-a87ab76a55d9,a887faee-3a2d-49ee-86bb-488ec75a0d76,Emotional Regulation,,7
f7616db8-bd38-4d23-b227-b81fa13812bd,a887faee-3a2d-49ee-86bb-488ec75a0d76,Interdisciplinary Collaboration,,8
a5902958-797e-4349-9820-da643d1a73d8,a887faee-3a2d-49ee-86bb-488ec75a0d76,Data Collection,,9
319f6153-212d-4ffc-b947-8a6c8ae9d7cf,1898d1aa-3b13-4af2-a1cb-66482a0d193b,Communication,,0
50739a20-cb9e-4049-a014-9493e694be32,1898d1aa-3b13-4af2-a1cb-66482a0d193b,Problem Solving,,1
d6a562a3-d25c-49a9-9e14-d3437fd49d18,1898d1aa-3b13-4af2-a1cb-66482a0d193b,Creative Entrepreneurship,,2
955789bc-07e3-481d-8eb7-677c1b9dbb6c,1898d1aa-3b13-4af2-a1cb-66482a0d193b,Data Analysis,,3
ccec715e-756c-4a6b-a073-218cb4cfd6db,1898d1aa-3b13-4af2-a1cb-66482a0d193b,Project Management,,4
0df5fb46-1bb8-4cfe-854b-07f82ccb93a5,1898d1aa-3b13-4af2-a1cb-66482a0d193b,Immunocytochemistry,,5
db3442f6-32b7-4c01-9898-298efb63e46f,1898d1aa-3b13-4af2-a1cb-66482a0d193b,Leadership,,6
068c4184-0637-4a70-85c5-63b5333619e8,1898d1aa-3b13-4af2-a1cb-66482a0d193b,Research,,7
13542da8-1d21-4ac9-b780-a628ad4b43c0,1898d1aa-3b13-4af2-a1cb-66482a0d193b,Microscopy,,8
2b8b005f-47e4-4b98-b8e4-4b106e311a9a,1898d1aa-3b13-4af2-a1cb-66482a0d193b,Animal Behavior,,9
0ccb27f0-0420-42b8-adc4-5ccdd5fd6170,047746f0-f51c-4b25-8538-43cb50aaa275,Laparoscopic Surgery,,0
650d1278-8881-483d-8259-c435adcfb412,047746f0-f51c-4b25-8538-43cb50aaa275,Minimally Invasive Procedures,,1
428059bf-4673-4d5a-b5e0-529dbf3579b8,047746f0-f51c-4b25-8538-43cb50aaa275,Surgical Assisting,,2
38d6cf03-e545-4900-b219-2ec9ffa560df,047746f0-f51c-4b25-8538-43cb50aaa275,Advanced Trauma Life Support (ATLS),,3
7a0f951e-54ce-4226-9408-d4cdb198f0d6,047746f0-f51c-4b25-8538-43cb50aaa275,Neuroscience,,4
49c450e6-1467-4937-940b-aacf77b9e934,047746f0-f51c-4b25-8538-43cb50aaa275,Neural Networks,,5
aa6c1bc4-6cc8-4f89-8c84-851ab50495b9,047746f0-f51c-4b25-8538-43cb50aaa275,Neuropsychology,,6
f0e5c7a3-3e1f-4a55-a1f8-e72c674b7b3a,047746f0-f51c-4b25-8538-43cb50aaa275,Neuropsychological Assessment,,7
71286a41-9f5c-43d3-874c-f0aa41ac0276,047746f0-f51c-4b25-8538-43cb50aaa275,Neuromuscular Therapy,,8
937666d2-0e6c-46d2-9a2a-90a1257782c2,047746f0-f51c-4b25-8538-43cb50aaa275,Oncology,,9
dec505b3-3940-45a9-b497-05be6b6431b4,8872d997-6336-4132-9d22-c5e9dda2b258,Amazon Web Services (AWS),,0
e4c6cfdb-9000-433b-b11e-9163e186ff73,8872d997-6336-4132-9d22-c5e9dda2b258,Experimental Design,,1
755810b3-2bd7-43b6-bb1c-7068bf55049c,8872d997-6336-4132-9d22-c5e9dda2b258,Cell Culture,,2
5e271987-daf3-417e-8324-acd5d8d19fdd,8872d997-6336-4132-9d22-c5e9dda2b258,Western Blotting,,3
d5578ad4-a088-475f-ad22-18e80e703af7,8872d997-6336-4132-9d22-c5e9dda2b258,Immunohistochemistry,,4
cc3f00d0-57d1-406e-9b72-bf235a0255b1,8872d997-6336-4132-9d22-c5e9dda2b258,Molecular Biology,,5
778fd143-63de-4fc3-8b0f-27e2aa9da27b,8872d997-6336-4132-9d22-c5e9dda2b258,Animal Models,,6
b4e79f6f-4af8-48fc-a88b-b2da433e274f,8872d997-6336-4132-9d22-c5e9dda2b258,Biochemistry,,7
aeec10cf-5ff9-45b4-96c7-4f93a4736021,8872d997-6336-4132-9d22-c5e9dda2b258,ELISA,,8
49b2bdc8-7a2e-4b9e-8908-d14ddd16fff7,8872d997-6336-4132-9d22-c5e9dda2b258,Exercise Prescription,,9
10a192ce-1c13-4906-9739-a19dc93fb0cc,1174bec3-b3e5-4ef6-a6ec-bcff083f6054,Presentation Skills,,0
3ca713cb-3db9-4a92-9a8d-bee9535471f8,1174bec3-b3e5-4ef6-a6ec-bcff083f6054,Policy Analysis,,1
48f56847-4781-4306-b599-3f11aba47313,1174bec3-b3e5-4ef6-a6ec-bcff083f6054,Systems Thinking,,2
781d5e3f-d83c-45a7-9df5-0727d7b8cf26,1174bec3-b3e5-4ef6-a6ec-bcff083f6054,Data Analytics,,3
54446707-8ed2-4853-98c4-9d194f54520e,1174bec3-b3e5-4ef6-a6ec-bcff083f6054,Data Management,,4
50e48a05-e8ea-482d-b894-96dc79bdc11e,1174bec3-b3e5-4ef6-a6ec-bcff083f6054,Qualitative Analysis,,5
771e6a8a-28bb-40b6-872e-d1686e1ed78d,1174bec3-b3e5-4ef6-a6ec-bcff083f6054,Cross-Institutional Collaboration,,6
a6ea72af-ac3d-4a41-8a98-1b0d5319d75a,1174bec3-b3e5-4ef6-a6ec-bcff083f6054,Data Visualization,,7
fe26f0bb-e8c9-42dc-b289-354d879207e9,1174bec3-b3e5-4ef6-a6ec-bcff083f6054,Report Writing,,8
a386f197-024f-4d60-91e8-05e99ea58e50,1174bec3-b3e5-4ef6-a6ec-bcff083f6054,Project Management and Team Leadership,,9
032d748f-4bf2-4480-bfb1-b2d8560b2cfe,367770eb-ef76-41d6-99fc-ce7bd890d31f,Structural Family Therapy,,0
6ff9ac5a-a7ad-429a-844a-83db9fae988e,367770eb-ef76-41d6-99fc-ce7bd890d31f,Behavioral Health,,1
996ad537-a2d3-47fe-8020-c6403046b9b4,367770eb-ef76-41d6-99fc-ce7bd890d31f,Research Skills,,2
47765167-4579-4ceb-9ba2-d2746be7cd51,367770eb-ef76-41d6-99fc-ce7bd890d31f,Research,,3
25961254-c10b-459f-8f5c-05f54aaec686,367770eb-ef76-41d6-99fc-ce7bd890d31f,Teaching,,4
89decd1b-297b-4b7e-b928-ec2124c73a68,367770eb-ef76-41d6-99fc-ce7bd890d31f,Psychology,,5
129e8b91-77cd-4d17-8c17-898ddde5cb8b,367770eb-ef76-41d6-99fc-ce7bd890d31f,Mental Health,,6
860b4881-d4b6-43e4-8957-896ef57f28f8,367770eb-ef76-41d6-99fc-ce7bd890d31f,SPSS,,7
8c05bf11-b784-42a7-b348-7b73fd0c6e3f,367770eb-ef76-41d6-99fc-ce7bd890d31f,Treatment,,8
0ec42cb5-f37a-476f-b773-d0b9ed027f88,367770eb-ef76-41d6-99fc-ce7bd890d31f,Program Evaluation,,9
c4d02e41-6373-42c2-ab80-9a36142313f3,f0d99136-ea34-442d-af94-e5d8ac37f5d2,Medical Imaging,,0
cd80dc02-8c9b-4954-a1ba-37367306d6d9,f0d99136-ea34-442d-af94-e5d8ac37f5d2,Health Informatics,,1
f0d0087d-a256-4932-a18a-4f8379cc557a,f0d99136-ea34-442d-af94-e5d8ac37f5d2,Python (Programming Language),,2
9b22d7fc-9291-4d2c-a5a4-68a660fca00c,f0d99136-ea34-442d-af94-e5d8ac37f5d2,Data Analysis,,3
8ae9eaf0-b784-45d7-9a5c-cf956b47b342,f0d99136-ea34-442d-af94-e5d8ac37f5d2,Research Metodology,,4
30efaf72-55f4-483a-b122-b8750045acb2,f0d99136-ea34-442d-af94-e5d8ac37f5d2,Human Anatomy,,5
95863e64-ff9d-4254-8b0b-ef31cd71039f,f0d99136-ea34-442d-af94-e5d8ac37f5d2,Research Ethics,,6
4a22f887-dd4c-4f71-829a-aac59656910a,f0d99136-ea34-442d-af94-e5d8ac37f5d2,Medical Education,,7
eeb12f4a-3c7b-43ad-a3be-bb3256f9ca1b,f0d99136-ea34-442d-af94-e5d8ac37f5d2,Administrative Processes,,8
9bb5d7a0-5601-4583-b080-62ce2c2fb3be,f0d99136-ea34-442d-af94-e5d8ac37f5d2,Project Management,,9
42de9ea8-a24b-4211-9dc8-83c65fab1ae4,d46c0074-80c2-45d8-a747-8db9ee07375a,Large Language Models (LLM),,0
8a36bec0-cd9b-43c1-ba6c-2977f1c924c3,d46c0074-80c2-45d8-a747-8db9ee07375a,Data Analysis,,1
f68ab611-7d75-40a5-9f3d-5c3c40b9b92f,d46c0074-80c2-45d8-a747-8db9ee07375a,Machine Learning,,2
4ba1d627-c58b-4286-976d-b5d39b7fdc0d,d46c0074-80c2-45d8-a747-8db9ee07375a,Master of things,,3
87cb62d8-bab8-4346-aa85-4cc512e85a8a,d46c0074-80c2-45d8-a747-8db9ee07375a,Internet of Things (IoT),,4
efa39e2d-b825-45ff-9ecb-5fa66d238e6b,d46c0074-80c2-45d8-a747-8db9ee07375a,iot value chain,,5
bf2ac40f-e935-4fe5-b291-ec12121b12dd,d46c0074-80c2-45d8-a747-8db9ee07375a,gateways,,6
69ac2799-4cf9-46b7-aed1-8bab9d8bd222,d46c0074-80c2-45d8-a747-8db9ee07375a,Software Project Management,,7
8b826da5-6f3d-40f2-8719-af59842212a2,d46c0074-80c2-45d8-a747-8db9ee07375a,Software Documentation,,8
9da71999-7c2e-41b4-995a-6a450946a902,d46c0074-80c2-45d8-a747-8db9ee07375a,Software System Analysis,,9
4c9d64e1-382f-4ef8-b741-91bb6bb212d3,ccdcba89-7e66-4477-8e79-e28c19572b45,Pharmacology,,0
39f93827-4606-4aaa-bbf7-9e8c61ef410f,ccdcba89-7e66-4477-8e79-e28c19572b45,Natural Health Products,,1
e370ee0c-2ade-4fe9-859b-36e4e667799a,ccdcba89-7e66-4477-8e79-e28c19572b45,ISO 10993,,2
54ab3353-9789-46fb-8ff4-7c24bab00d9c,ccdcba89-7e66-4477-8e79-e28c19572b45,Regulatory Submissions,,3
c1665051-4fb0-4724-a41c-720e28f7f047,ccdcba89-7e66-4477-8e79-e28c19572b45,Reverse Transcription Polymerase Chain Reaction (RT-PCR),,4
c6930617-1ba5-4cc9-bb39-6359f2ce7e5c,ccdcba89-7e66-4477-8e79-e28c19572b45,Bioinformatics,,5
0b673b55-6f5e-4e88-bf54-3edb95813340,ccdcba89-7e66-4477-8e79-e28c19572b45,Drug Discovery,,6
64d5113a-ebb7-45b3-adcc-bd521dee1e9d,ccdcba89-7e66-4477-8e79-e28c19572b45,Clinical Development,,7
b583b4e9-f938-4051-87be-d374e22913c7,ccdcba89-7e66-4477-8e79-e28c19572b45,Life Sciences,,8
55b4316c-0e3d-46b2-8862-65be899efc2e,ccdcba89-7e66-4477-8e79-e28c19572b45,Cell Culture,,9
a93fa031-6c8f-4c1c-ae3d-bf1f48bc188b,9ad6e190-a928-4def-a96d-8f92db8c867c,Addiction Medicine,,0
04ad1d43-ea82-4116-910c-d77879b08ab0,9ad6e190-a928-4def-a96d-8f92db8c867c,Psychotherapy,,1
a1acffb8-3962-4f8b-afc4-3cf566d6dee2,9ad6e190-a928-4def-a96d-8f92db8c867c,Psychiatry,,2
d30bc341-6fc5-4103-8b44-bc61f718063a,e160f83b-45b3-4b65-8d14-ec4066d0aa76,Board Governance,,0
58217748-1325-40a2-b36e-b188522a899b,e160f83b-45b3-4b65-8d14-ec4066d0aa76,Mental Health Advocacy,,1
1d391a3c-0851-4133-9906-1ca4522b1812,e160f83b-45b3-4b65-8d14-ec4066d0aa76,Sign Language,,2
3aa75d37-df46-43a6-91aa-8e7291989f17,e160f83b-45b3-4b65-8d14-ec4066d0aa76,Class 4,,3
b9ba772d-99f4-4a90-9367-f5d8aea4636e,e160f83b-45b3-4b65-8d14-ec4066d0aa76,Conflict Resolution,,4
0c5467d7-8495-4c9d-a015-89aca5b9ff04,e160f83b-45b3-4b65-8d14-ec4066d0aa76,Classical Music,,5
de80a6c6-a0f2-4af2-a922-62b492551a19,e160f83b-45b3-4b65-8d14-ec4066d0aa76,Contemporary Music,,6
5f60f392-583d-493e-9737-3b9420880f74,e160f83b-45b3-4b65-8d14-ec4066d0aa76,Accompaniment,,7
06c34319-b94f-4515-af03-5fe9fdc61bb0,e160f83b-45b3-4b65-8d14-ec4066d0aa76,Choral Music,,8
3756b282-b5d9-4234-ac70-277812509284,e160f83b-45b3-4b65-8d14-ec4066d0aa76,Piano Performance,,9
7d511210-6809-4fd1-89e2-28c5b24c5ccf,ab16f9d4-595f-4307-b3c5-976ade4e7970,Brand & Marketing Strategy,,0
02d6859f-30ef-4c69-877b-a5c563bbaa99,ab16f9d4-595f-4307-b3c5-976ade4e7970,Go-to-Market Strategy,,1
027cb029-a46f-4d05-a90a-9e229fc28d7b,ab16f9d4-595f-4307-b3c5-976ade4e7970,Fundraising,,2
1055dcd2-8fb3-4684-876d-d8ecaf6bef42,ab16f9d4-595f-4307-b3c5-976ade4e7970,Project Management,,3
930bbead-862e-4561-8b68-a4c86283865c,ab16f9d4-595f-4307-b3c5-976ade4e7970,Branding & Identity,,4
5919dff1-26be-4bfe-9ffb-938c5770348d,ab16f9d4-595f-4307-b3c5-976ade4e7970,Community Building,,5
b499d19e-3340-4adf-894d-9c47e60a8bb0,ab16f9d4-595f-4307-b3c5-976ade4e7970,Account Management,,6
a7f079b8-212e-4aa9-8214-4c0ccdf629ec,ab16f9d4-595f-4307-b3c5-976ade4e7970,Copywriting,,7
fb77b042-979e-4c1e-b0c1-64871cfc1368,ab16f9d4-595f-4307-b3c5-976ade4e7970,Digital Marketing,,8
c8640d63-a92d-4d57-8796-be0596d80dbf,ab16f9d4-595f-4307-b3c5-976ade4e7970,Marketing Strategy,,9
78c45aa6-6a29-4e9c-bc04-3e0afafcbe8a,b79d2660-39bd-427f-8e9d-23db4f9d6edd,Presentations,,0
615ab9b4-dbfd-47b5-ac19-4c60c949a23d,b79d2660-39bd-427f-8e9d-23db4f9d6edd,Technical Reports,,1
a3d952bf-eab7-484e-8735-ff15d7582f60,b79d2660-39bd-427f-8e9d-23db4f9d6edd,Fluorescence Microscopy,,2
6f116165-29e7-42a3-a824-b12b90c16855,b79d2660-39bd-427f-8e9d-23db4f9d6edd,Research Proposals,,3
18692ef5-06fa-4e2a-81ad-2c0a1af50ac2,b79d2660-39bd-427f-8e9d-23db4f9d6edd,Central Nervous System,,4
d1270353-c0d4-44cc-91cb-33bc7ecf512c,b79d2660-39bd-427f-8e9d-23db4f9d6edd,Ex Vivo,,5
fc28b9ea-fdcd-4031-a81b-287b6fce4f07,b79d2660-39bd-427f-8e9d-23db4f9d6edd,Molecular Biology,,6
70775c98-98f8-449a-b9e8-be5c45cde4d8,b79d2660-39bd-427f-8e9d-23db4f9d6edd,Neuroscience,,7
84321550-0e1d-4ce4-a8a1-789e53a34fe9,b79d2660-39bd-427f-8e9d-23db4f9d6edd,Anatomy,,8
1bcbf79d-bb45-42ed-a62b-0a124fc8426c,b79d2660-39bd-427f-8e9d-23db4f9d6edd,Western Blotting,,9
32ac8a70-f147-4c9a-b151-7dac2cc5674b,783f5e7f-1be0-40c4-811e-283069c5c58a,advanced nurse practitioner,,0
1d4a1f90-2871-432c-90df-42329d897c6d,783f5e7f-1be0-40c4-811e-283069c5c58a,Emergency Nursing,,1
57e89306-644e-420f-9e69-6e7f946e0579,783f5e7f-1be0-40c4-811e-283069c5c58a,Emergency Medicine,,2
16576ef2-62cd-4630-aaf6-7569392012db,783f5e7f-1be0-40c4-811e-283069c5c58a,Advanced Cardiac Life Support (ACLS),,3
6eb63934-fa82-4e55-a8dc-92e7dc059cd4,783f5e7f-1be0-40c4-811e-283069c5c58a,Cardiac Monitoring,,4
d42c022b-9c4a-449f-8bcd-e5bea8c11936,783f5e7f-1be0-40c4-811e-283069c5c58a,Healthcare Improvement,,5
15483b97-956a-432c-ad08-158c2e30b25b,783f5e7f-1be0-40c4-811e-283069c5c58a,Continuous Improvement,,6
859150c7-3848-42ea-80c9-1ccfbdc3613a,783f5e7f-1be0-40c4-811e-283069c5c58a,Quality Of Care,,7
76934631-7bf9-4a10-8880-c74f6903a54f,783f5e7f-1be0-40c4-811e-283069c5c58a,Cardiac Nursing,,8
dbd466f7-4016-4283-888f-d9ba70411d0b,783f5e7f-1be0-40c4-811e-283069c5c58a,HCP,,9
b05b6a33-0f60-437e-8393-2563cfc2f3a6,f6c66389-c060-47a4-ab00-9d6f839c74d8,Program Evaluation,,0
9d11af6b-0836-44d8-ac3c-529df3ddec76,f6c66389-c060-47a4-ab00-9d6f839c74d8,Conflict Resolution,,1
d1c354eb-0463-49d6-9dd3-9a0912b7a18b,f6c66389-c060-47a4-ab00-9d6f839c74d8,Community Outreach,,2
e40c4f45-747b-4732-a19b-8b2483b74f11,f6c66389-c060-47a4-ab00-9d6f839c74d8,Partner Relationship Management,,3
1c7d75f1-c2eb-4798-813d-7c5891022194,f6c66389-c060-47a4-ab00-9d6f839c74d8,Non-profit Management,,4
be4b283a-878b-4124-bae2-3d5a7dee97e7,f6c66389-c060-47a4-ab00-9d6f839c74d8,Business Relationship Management,,5
d7729136-189d-4611-a183-33ccbb1cd908,f6c66389-c060-47a4-ab00-9d6f839c74d8,Strategic Financial Management,,6
110569f2-1601-4bcf-8ec6-3e6b7548b0c9,f6c66389-c060-47a4-ab00-9d6f839c74d8,Risk Management,,7
7f957c14-cc1d-473f-8d73-7ba767fde5a9,f6c66389-c060-47a4-ab00-9d6f839c74d8,Board of Directors,,8
994b8e88-3000-4bf9-be10-2e54f4c727f2,f6c66389-c060-47a4-ab00-9d6f839c74d8,Relationship Building,,9
be132349-a658-408e-8929-062fa8b447a3,c3f53250-167d-43ac-898b-b945116695dc,Youth Mentoring,,0
cfca3ec0-3d40-49d3-80d6-195db86af5dd,c3f53250-167d-43ac-898b-b945116695dc,collaboration,,1
a82cc6c7-b277-4dbc-9b8d-28b393671d96,c3f53250-167d-43ac-898b-b945116695dc,student empowerment,,2
a6a5be37-77b5-421e-8004-602032db8b40,c3f53250-167d-43ac-898b-b945116695dc,Social Entrepreneurship,,3
b630cc34-7be2-47ec-9780-0584318228f7,c3f53250-167d-43ac-898b-b945116695dc,Community Outreach,,4
6d13b0e5-a5b7-4165-a728-2085fef361a4,c3f53250-167d-43ac-898b-b945116695dc,Student Leadership,,5
ef887a18-3f2e-42ec-9f11-ea47816d3005,c3f53250-167d-43ac-898b-b945116695dc,Delegation,,6
c213c481-947d-4587-99da-afca204a67db,c3f53250-167d-43ac-898b-b945116695dc,Management,,7
00f82521-01c3-4f2f-b584-e4095d83d629,c3f53250-167d-43ac-898b-b945116695dc,Public Speaking,,8
59bcd3d8-ff2d-49af-a1ef-c515202f46c3,c3f53250-167d-43ac-898b-b945116695dc,Communication,,9
7a535f41-711d-4bf3-93af-9243b89a85eb,da0cfeed-369b-4c81-bd97-5052f24f4c1c,Mendeley,,0
a09a3546-1e35-406f-aa94-6249ef6737da,da0cfeed-369b-4c81-bd97-5052f24f4c1c,EndNote,,1
f4ff8ebc-c541-420a-8b69-5d6c874ff103,da0cfeed-369b-4c81-bd97-5052f24f4c1c,cryostat tissue sectioning,,2
6386e306-889f-49ac-9da9-eafd2d41277b,da0cfeed-369b-4c81-bd97-5052f24f4c1c,RNA extraction,,3
5bd66a48-9127-459c-b722-ca141c8ecd58,da0cfeed-369b-4c81-bd97-5052f24f4c1c,"Tests fro oxidative stress analysis (TAC, TOS, Arylestrase, Paraoxonase)",,4
f80a70e9-d32c-4f85-b647-407c836afa6c,da0cfeed-369b-4c81-bd97-5052f24f4c1c,Phlebotomy,,5
041690cb-e19f-43b2-9c6d-b52a753d675d,da0cfeed-369b-4c81-bd97-5052f24f4c1c,Routine blood test analysis,,6
583133a6-445d-4aba-8830-cbf95bb54127,da0cfeed-369b-4c81-bd97-5052f24f4c1c,DNA Extraction,,7
9586018a-bfab-41d1-9105-4ca682de732b,da0cfeed-369b-4c81-bd97-5052f24f4c1c,Polymerase Chain Reaction (PCR),,8
86cad2d2-2421-41e2-9e60-462bf27f3060,da0cfeed-369b-4c81-bd97-5052f24f4c1c,Primary glial culture,,9
0bba762a-006a-4585-8fd1-41b36c223558,e3bfedbf-f66a-4ee2-826a-2511482e9963,Team Management,,0
8c43ee54-5410-419b-8090-3fdd6ece897b,e3bfedbf-f66a-4ee2-826a-2511482e9963,Teaching,,1
c01dd16f-8244-4c94-91ad-faf045794fcd,e3bfedbf-f66a-4ee2-826a-2511482e9963,C (Programming Language),,2
2e476ab7-5f36-41e2-a32d-9d2a48ab6fdd,e3bfedbf-f66a-4ee2-826a-2511482e9963,Programming,,3
dbbf9fc8-ac98-4902-addd-d4d33986a75c,e3bfedbf-f66a-4ee2-826a-2511482e9963,Matlab,,4
4fd19f73-a923-4338-8181-5165cb9f4bcb,e3bfedbf-f66a-4ee2-826a-2511482e9963,C++,,5
28b954ba-141f-43cb-85ef-3e2b7083aa4f,e3bfedbf-f66a-4ee2-826a-2511482e9963,C,,6
4a6b0344-cbc2-4fbe-901f-14843149cb39,e3bfedbf-f66a-4ee2-826a-2511482e9963,Visual Basic,,7
4f75de94-5ca9-409e-a8be-d82a76ed565e,e3bfedbf-f66a-4ee2-826a-2511482e9963,Microsoft Office,,8
e7af92e7-17d9-49eb-b001-dd6c8f59b4e7,e3bfedbf-f66a-4ee2-826a-2511482e9963,Research,,9
abc73777-6d24-4fdc-8a59-52654f377c87,1ea9c327-279b-4730-8d4d-0296b081ada7,Public Sector,,0
6d521c06-b6b0-428a-b4d8-01c9ec7b97e6,1ea9c327-279b-4730-8d4d-0296b081ada7,Oil and Gas,,1
f1f60092-670c-4f40-99c5-6e6005f28fb5,1ea9c327-279b-4730-8d4d-0296b081ada7,Anxiety Management,,2
27ce1e73-a5b4-4b64-b716-5f26b0f558f1,1ea9c327-279b-4730-8d4d-0296b081ada7,Counseling Psychology,,3
16d9704b-91c1-42bf-9b9b-5ae098d35c06,1ea9c327-279b-4730-8d4d-0296b081ada7,Global Human Resources Management,,4
dfc0179a-6c07-4449-bd26-3309261a4336,1ea9c327-279b-4730-8d4d-0296b081ada7,Strategic Human Resource Planning,,5
7e5c8486-5dd8-4559-b318-1521394de0b7,1ea9c327-279b-4730-8d4d-0296b081ada7,Individual Counselling,,6
69cfc0f1-1c20-42b7-9c2e-43c0453bd1c4,1ea9c327-279b-4730-8d4d-0296b081ada7,Nonprofit Organizations,,7
d2f108bb-580b-409d-b6e3-c2d42a4c9f87,1ea9c327-279b-4730-8d4d-0296b081ada7,Operations Management,,8
8c676280-3b15-4948-9604-d158c969b4ba,1ea9c327-279b-4730-8d4d-0296b081ada7,HR Consulting,,9
910d3517-5b19-4704-ae69-fef980abbb00,ec964d91-3dd2-4ab5-ac05-7173a19baef0,Critical Illness,,0
f12c53c9-8bb2-4bf9-a6c9-aa274a0ad933,ec964d91-3dd2-4ab5-ac05-7173a19baef0,Critical Care Ultrasound,,1
34a76da0-d2c4-458b-a98c-593ac412b335,ec964d91-3dd2-4ab5-ac05-7173a19baef0,Bronchoscopy,,2
db539e89-6b8c-410c-bb4a-de4720a61d99,ec964d91-3dd2-4ab5-ac05-7173a19baef0,Clinical Consultation,,3
63265635-070c-442a-b5e9-b0bf8023e109,ec964d91-3dd2-4ab5-ac05-7173a19baef0,Critical Care Medicine,,4
82f22952-21d2-46eb-9918-15d07b5f10ca,ec964d91-3dd2-4ab5-ac05-7173a19baef0,Palliative Care,,5
2e076cd2-0d67-4ca3-a343-8b683e97a194,ec964d91-3dd2-4ab5-ac05-7173a19baef0,Resuscitation,,6
227895d7-913b-4f01-aac5-9b3f72d1cb2d,ec964d91-3dd2-4ab5-ac05-7173a19baef0,Neurocritical Care,,7
627c96b3-790e-47fd-bd6c-2a0cb1e91823,ec964d91-3dd2-4ab5-ac05-7173a19baef0,Project Management,,8
bb4c1b4f-d714-466f-82e0-4bc227913c9c,ec964d91-3dd2-4ab5-ac05-7173a19baef0,Teaching,,9
35a6dfab-5a7c-42bd-b6df-3de0d4170704,c53b6697-2b64-486c-a7c1-b72dacc27de9,Organization Skills,,0
6ae710ac-01b2-449e-bbcf-4ad8b00f25c2,c53b6697-2b64-486c-a7c1-b72dacc27de9,Entrepreneurship,,1
051afc4d-ad49-4f7c-b426-5ca3c2ac8ea4,c53b6697-2b64-486c-a7c1-b72dacc27de9,Healthcare AI,,2
642ed36d-87ca-432a-b310-4c7951bc28a4,c53b6697-2b64-486c-a7c1-b72dacc27de9,Public speaking,,3
410ced6b-9e98-49dc-9ed1-4219073dc8a6,c53b6697-2b64-486c-a7c1-b72dacc27de9,Slit lamp biomicroscope,,4
d21211ca-1e3d-4447-a368-c1965325a567,c53b6697-2b64-486c-a7c1-b72dacc27de9,Neuro-ophthalmology,,5
26a7c540-5082-4842-a926-ec5cc9942c6d,c53b6697-2b64-486c-a7c1-b72dacc27de9,vision recording,,6
ff1c7b96-8fc5-41da-be3b-e7c21732ab70,c53b6697-2b64-486c-a7c1-b72dacc27de9,Tonometry,,7
822e8dbf-7400-4f09-ad86-13d0be5a1767,c53b6697-2b64-486c-a7c1-b72dacc27de9,Optical Coherence Tomography,,8
70c028b9-e18d-4cf1-997e-2a3f1aa27ce1,c53b6697-2b64-486c-a7c1-b72dacc27de9,Visual field perimetry,,9
b2a7db15-c451-4721-a205-7c0dfa6d6350,8b43a3e8-55f2-4284-bf2c-f3da45ece312,Microsoft Excel,,0
23a88a9e-0c76-4693-a683-4210273a51f4,8b43a3e8-55f2-4284-bf2c-f3da45ece312,Ensaios clínicos,,1
721fb417-46a2-46b6-9fba-fa5fb50ebd26,8b43a3e8-55f2-4284-bf2c-f3da45ece312,Liderança de equipe,,2
c8a6f470-c497-4e6f-bc57-785e2b654616,8b43a3e8-55f2-4284-bf2c-f3da45ece312,Gestão da qualidade,,3
a2b944aa-645f-4f7b-9e95-026471ede4d4,8b43a3e8-55f2-4284-bf2c-f3da45ece312,Sistema de qualidade,,4
76e4c40c-022f-4670-a9d1-02701202bb2d,8b43a3e8-55f2-4284-bf2c-f3da45ece312,Pesquisa clínica,,5
803f3f17-8590-4b73-97dd-e04b805b55ab,8b43a3e8-55f2-4284-bf2c-f3da45ece312,Boas práticas de laboratório,,6
d02bf093-f377-42b9-b972-865b23e717e3,8b43a3e8-55f2-4284-bf2c-f3da45ece312,Auditoria interna,,7
22831d34-5b71-4c06-aef0-8259e7506260,8b43a3e8-55f2-4284-bf2c-f3da45ece312,Pensamento crítico,,8
742f06be-b6ae-4acd-8f2f-2ae427e28f6a,8b43a3e8-55f2-4284-bf2c-f3da45ece312,Capacidade de organização,,9
75d152a0-68e3-48bb-9b9e-972dc2aa0c6e,fff7e65c-78cc-4675-9b57-70ca82c3d11a,Neurology,,0
72dc1a8d-c296-44b0-9635-ba25bab9dc9e,fff7e65c-78cc-4675-9b57-70ca82c3d11a,Cerebrovascular Disease,,1
249038db-9ce4-404e-99f3-447847b9e77c,fff7e65c-78cc-4675-9b57-70ca82c3d11a,Health Technology Assessment (HTA),,2
118a891e-3cf4-464e-a7e1-8390e832c2b8,fff7e65c-78cc-4675-9b57-70ca82c3d11a,Clinical Epidemiology,,3
675cc2ae-ce6b-43c3-b575-c05295e8711e,fff7e65c-78cc-4675-9b57-70ca82c3d11a,Clinical Research,,4
b2c33277-f221-40be-8a36-660c1e5acbf8,fff7e65c-78cc-4675-9b57-70ca82c3d11a,Clinical Trials,,5
1f630f81-8a2a-4646-884c-4348e7fc1388,fff7e65c-78cc-4675-9b57-70ca82c3d11a,Clinical Trial Management System (CTMS),,6
7edd10f7-a4d5-4404-b154-2b1ee9c2e133,fff7e65c-78cc-4675-9b57-70ca82c3d11a,Clinical Data Management,,7
8b2db877-ed93-4a16-803d-a0fefba22188,fff7e65c-78cc-4675-9b57-70ca82c3d11a,Clinical Study Design,,8
68894c7b-aed0-43e3-bf68-2bda5aa9b0e0,fff7e65c-78cc-4675-9b57-70ca82c3d11a,Project Management,,9
899a669a-4edd-46d7-aeb0-efa166855cbb,b810b692-1eed-46dc-99ee-54495f1279a4,Data Analysis,,0
fbed5082-0389-4d6f-8ce3-7ad0ab4a7f81,b810b692-1eed-46dc-99ee-54495f1279a4,Social Media,,1
a514957a-01ed-41b1-8a1a-e324c88b119a,b810b692-1eed-46dc-99ee-54495f1279a4,Digital Marketing,,2
4c484ef8-91b0-45be-bcdf-904922371484,62779539-5a10-40bc-b811-b3c5ea5be8d4,Workforce Development,,0
6999b1f1-389d-4ca0-951c-2f523b25c695,62779539-5a10-40bc-b811-b3c5ea5be8d4,Python (Programming Language),,1
2bdfd877-dd19-4f84-9951-dc084dc28345,62779539-5a10-40bc-b811-b3c5ea5be8d4,Object Oriented Design,,2
70cd7183-591e-4561-a5cb-636b6442aa5e,62779539-5a10-40bc-b811-b3c5ea5be8d4,Entrepreneurship,,3
5147af92-84b8-433e-9617-64ce742886b7,62779539-5a10-40bc-b811-b3c5ea5be8d4,Matlab,,4
6d51b8df-0fde-4f16-9661-4bd8e68ee70d,62779539-5a10-40bc-b811-b3c5ea5be8d4,Neural Signal Analysis,,5
db1f286b-895f-44af-8b84-6719e51023f5,62779539-5a10-40bc-b811-b3c5ea5be8d4,BCI,,6
d85aedc6-e622-449e-95b2-4a9ab4cdbeed,62779539-5a10-40bc-b811-b3c5ea5be8d4,Research,,7
c1c7c13d-9fd1-4095-a22b-3e58f9b6754a,62779539-5a10-40bc-b811-b3c5ea5be8d4,Signal Processing,,8
a45cdf4c-dba1-485f-adef-f0a8c73571ee,62779539-5a10-40bc-b811-b3c5ea5be8d4,Programming,,9
fe08412b-1224-4c43-add8-5608feb7866f,59d8de40-781a-43b6-a860-ff4d442c47f8,Business-to-Business (B2B),,0
22c555bb-072c-434a-8024-786ffb4cc1fc,59d8de40-781a-43b6-a860-ff4d442c47f8,Marketing Analytics,,1
29af593c-d169-4051-a191-afdbd1638124,59d8de40-781a-43b6-a860-ff4d442c47f8,Lead Generation,,2
87463ae8-bcf8-4826-9450-e76e350026cc,59d8de40-781a-43b6-a860-ff4d442c47f8,Marketing Strategy,,3
5c610bbb-89fe-4eb8-9624-339a83fa71cc,59d8de40-781a-43b6-a860-ff4d442c47f8,B2B Marketing,,4
ba3cf1c5-0d95-4764-9b37-5d11943bea0f,59d8de40-781a-43b6-a860-ff4d442c47f8,Demand Generation,,5
827792cb-aa0e-4787-995d-7191287fde04,59d8de40-781a-43b6-a860-ff4d442c47f8,Inbound Lead Generation,,6
daa357e8-5a61-4476-8f15-ff74e2ba1058,59d8de40-781a-43b6-a860-ff4d442c47f8,Marketing Automation,,7
a92990fa-bec3-4d3c-ab42-447cebdb8656,59d8de40-781a-43b6-a860-ff4d442c47f8,Marketing Campaign Management,,8
4f8ac245-c7cc-4472-8e4f-4298c333ff76,59d8de40-781a-43b6-a860-ff4d442c47f8,Revenue Analysis,,9
67164a7e-1d50-4e42-940b-845020e040de,657f57f8-955b-4797-9874-7be8531a510a,Peer Review & Scholarly Editing,,0
b1039510-c326-4fa7-bbde-99d4eb62c202,657f57f8-955b-4797-9874-7be8531a510a,Academic Publishing Standards,,1
fb14aebc-9007-48e6-9629-9ca3e55121e7,657f57f8-955b-4797-9874-7be8531a510a,Scientific Manuscript Evaluation,,2
cf13ba60-1ca3-482f-b245-b37bd5c537ad,657f57f8-955b-4797-9874-7be8531a510a,Journal Peer Review,,3
1658528a-50eb-4675-ac21-8a6880114aac,657f57f8-955b-4797-9874-7be8531a510a,Program Coordination,,4
ebd8eb47-fdeb-4242-a1b5-f1497b14e0a4,657f57f8-955b-4797-9874-7be8531a510a,International Scientific Collaboration,,5
39121c67-c100-4394-8275-1f5d3a3dbfb2,657f57f8-955b-4797-9874-7be8531a510a,Climate Action & Sustainability,,6
0f11aeeb-0d8c-47ec-9e44-ced22ff8b687,657f57f8-955b-4797-9874-7be8531a510a,Research & Development (R&D) Management,,7
057f4490-b4e7-4725-8132-5bbbfab56d18,657f57f8-955b-4797-9874-7be8531a510a,"Materials Synthesis , Inorganic-Organic hybrid Materials, MOF based materials,",,8
fda0b077-4cf4-4386-a850-50e090cde803,657f57f8-955b-4797-9874-7be8531a510a,Nutritional Biochemistry,,9
63a134a4-9de1-4ba7-9c9a-c0489c9606ec,bea11a97-a469-479f-bb7e-c4985e2a2124,Grant Writing,,0
e535b57d-9fff-40f7-baba-91fc3fde988a,bea11a97-a469-479f-bb7e-c4985e2a2124,Stage Management,,1
853ef1d3-9e1d-4ca7-a8b9-ba8828c68bea,bea11a97-a469-479f-bb7e-c4985e2a2124,Dancer,,2
0b51325d-cb78-4582-82f3-1cd906599694,bea11a97-a469-479f-bb7e-c4985e2a2124,Costume Design,,3
faa8159b-c5ec-42bd-98a8-8e98995f9848,bea11a97-a469-479f-bb7e-c4985e2a2124,Environmental Education,,4
91cf6fd9-3a76-4737-a879-5b2d45c373f8,bea11a97-a469-479f-bb7e-c4985e2a2124,Project Development,,5
763b31ce-2fbb-4268-beb8-eae7486c8dc0,bea11a97-a469-479f-bb7e-c4985e2a2124,Project Delivery,,6
af7af93c-f98b-4a54-a4d6-c01bcaae45e8,bea11a97-a469-479f-bb7e-c4985e2a2124,Brand Development,,7
3e920e2b-eff1-4b53-85ba-0ebb378119cd,bea11a97-a469-479f-bb7e-c4985e2a2124,Upcycling,,8
22363fac-0039-4a19-8a64-9e9a0c2d3851,bea11a97-a469-479f-bb7e-c4985e2a2124,Event Management,,9
27b66a40-cb7e-479b-b07c-0b1ccdb54702,60e87236-7763-4628-b5b7-fe301edba476,Hiring,,0
f2bb626f-5638-4baa-a982-a8077117f5ce,60e87236-7763-4628-b5b7-fe301edba476,Talent Management,,1
1db8bfe3-a532-4839-9ca9-a53d9cab3b70,60e87236-7763-4628-b5b7-fe301edba476,Interviewing,,2
73546bf7-181a-4fe5-b426-6e5fde1f03c2,60e87236-7763-4628-b5b7-fe301edba476,Higher Education Leadership,,3
624a850b-3859-4212-b7fb-69bc2233119f,60e87236-7763-4628-b5b7-fe301edba476,Higher Education Recruitment,,4
16dde7ee-e611-4bed-ac22-749f9c46640e,60e87236-7763-4628-b5b7-fe301edba476,Observation,,5
7aca0940-146b-49ed-9e2e-7b19dfb6eaec,60e87236-7763-4628-b5b7-fe301edba476,Application Development,,6
ac5a68a2-3fee-40a3-acf8-b321ebb85b76,60e87236-7763-4628-b5b7-fe301edba476,Program Management,,7
597af515-89a9-49b8-bef4-612438c3f092,60e87236-7763-4628-b5b7-fe301edba476,Digital Technology,,8
54e6b198-d4e9-47d8-8f7f-060216b53bd6,60e87236-7763-4628-b5b7-fe301edba476,Higher Education Administration,,9
9315986a-642c-4447-81b8-c56cdffe8df3,3ccafe7a-21b5-4f53-8ff4-30d1de4676b7,Presentations,,0
266f1344-39b6-4c17-95a8-10a553755260,3ccafe7a-21b5-4f53-8ff4-30d1de4676b7,6 experiences at DaVinci Studio and 5 other companies,,1
c0782a61-a321-4203-b47c-846040d79eb9,93128cf8-6f00-42bb-8c5e-813d17d0fb71,Research,,0
ee63c16d-6838-49ce-8b7e-14d4bb15dd42,93128cf8-6f00-42bb-8c5e-813d17d0fb71,Nonprofit Governance,,1
7677307c-7712-46fe-bf30-5e56390eea7c,93128cf8-6f00-42bb-8c5e-813d17d0fb71,Project Management,,2
6e772faa-89b9-471d-9db1-f7fbe61c3966,93128cf8-6f00-42bb-8c5e-813d17d0fb71,Financial Reporting,,3
355987e6-6c93-4621-97a3-8301c681eb37,93128cf8-6f00-42bb-8c5e-813d17d0fb71,Budget Management,,4
3b0c3e74-6398-4b27-b51d-6d0b68d8a39e,93128cf8-6f00-42bb-8c5e-813d17d0fb71,Public Policy,,5
4653f7a5-09d1-4ff2-8142-7ec7a5e99fb1,93128cf8-6f00-42bb-8c5e-813d17d0fb71,Government Relations,,6
95f70cfb-d668-4777-8e00-540200328fa3,93128cf8-6f00-42bb-8c5e-813d17d0fb71,Writing,,7
47d5458c-e313-4acb-a640-b6e6a9325bb3,93128cf8-6f00-42bb-8c5e-813d17d0fb71,Qualitative Research,,8
9dc0faf7-5dea-407f-979b-14a4d0804e54,93128cf8-6f00-42bb-8c5e-813d17d0fb71,Data Analysis,,9
3ec5deb5-d1ff-48da-b37d-e62d18837794,8c506b6f-55f3-403e-8e0a-acab51195888,Digital Strategy,,0
aff77361-b8b5-43ff-8025-2c82064273eb,8c506b6f-55f3-403e-8e0a-acab51195888,Photojournalism,,1
1335887d-467e-476c-a5f3-b23744b7e7a5,8c506b6f-55f3-403e-8e0a-acab51195888,Public Diplomacy,,2
436ebbb2-c97a-46da-af64-1af89fa45d7b,8c506b6f-55f3-403e-8e0a-acab51195888,Social Media,,3
f8dc1712-6139-42af-9524-901ca1796f8c,8c506b6f-55f3-403e-8e0a-acab51195888,International Relations,,4
84e409a3-d8c9-47e0-a586-b133a56adada,8c506b6f-55f3-403e-8e0a-acab51195888,Strategic Communications,,5
50f71989-b66f-4555-8aaf-dad274aed917,8c506b6f-55f3-403e-8e0a-acab51195888,Research,,6
06625019-f7a6-47ed-b9b5-dbcf8e2acd1c,8c506b6f-55f3-403e-8e0a-acab51195888,Fundraising,,7
3ceb0de6-10ee-4dfb-abed-d7b8a2f48b3b,8c506b6f-55f3-403e-8e0a-acab51195888,Public Relations,,8
e4e5f718-3d0d-4386-8090-227dbd748ccd,8c506b6f-55f3-403e-8e0a-acab51195888,Video Games,,9
5a907e38-4a1b-4051-86a7-1b2136f9e6ec,fe8d4a12-9e62-4955-ae9d-46c2023bbdeb,Neuroimaging,,0
a5f892c2-956c-4a0c-8dce-9779faa1c8ec,fe8d4a12-9e62-4955-ae9d-46c2023bbdeb,Direct Patient Care,,1
5ccc52ef-394f-4b7f-9f2e-fb727d3a2d84,fe8d4a12-9e62-4955-ae9d-46c2023bbdeb,Clinical Research,,2
8527fe65-803d-442c-8b86-a06819a68750,fe8d4a12-9e62-4955-ae9d-46c2023bbdeb,Research Skills,,3
115c9bea-17ed-40dc-9a36-de690c8f2589,fe8d4a12-9e62-4955-ae9d-46c2023bbdeb,Editing,,4
71d74fd0-a019-4546-80d1-c5debb91259c,fe8d4a12-9e62-4955-ae9d-46c2023bbdeb,Neurology,,5
28b9f898-e552-4516-9982-218bba419101,fe8d4a12-9e62-4955-ae9d-46c2023bbdeb,Leadership,,6
c5a8a18a-624f-488f-8389-5bacb285c4e9,fe8d4a12-9e62-4955-ae9d-46c2023bbdeb,Public Speaking,,7
02f90018-8854-47ac-a9e1-56c656e2a182,fe8d4a12-9e62-4955-ae9d-46c2023bbdeb,Research,,8
b6e6df32-adc8-4b06-8dbb-fbcde981d9d5,fe8d4a12-9e62-4955-ae9d-46c2023bbdeb,Communication,,9
f6a0df63-7e42-4b39-a6fc-61ed7043ab18,e312fbf2-d336-438c-8518-1c7d0f8f14c0,Alzheimer's Disease Research,,0
fd75753c-7b79-4d44-b970-4a33d26bc104,e312fbf2-d336-438c-8518-1c7d0f8f14c0,Neuroscience Research,,1
801e8c0a-c503-4693-bcd2-f5bfafa6dda4,e312fbf2-d336-438c-8518-1c7d0f8f14c0,Gross Anatomy & Medical Education,,2
1c6f6188-e6d8-4bba-9850-4f7f616783ef,e312fbf2-d336-438c-8518-1c7d0f8f14c0,Bioinformatics,,3
b504ec85-a1dc-4dd3-9a13-45ae825328f9,e312fbf2-d336-438c-8518-1c7d0f8f14c0,Labfolder,,4
495134e0-f249-43c9-a8f3-af92c077e77f,e312fbf2-d336-438c-8518-1c7d0f8f14c0,Laboratory Execution System,,5
7ffc62e8-1370-4b04-bb84-67f830c66bb3,e312fbf2-d336-438c-8518-1c7d0f8f14c0,Neo4j Graph Data Science Library,,6
1efd9fd0-46a1-468d-a0dc-e5ade288a715,e312fbf2-d336-438c-8518-1c7d0f8f14c0,Laboratory Skills,,7
d73f3e18-571b-49b8-be75-4c7d8f3b1bd7,e312fbf2-d336-438c-8518-1c7d0f8f14c0,Laboratory Technicians,,8
a9125c14-997e-463f-9bdc-385535916086,e312fbf2-d336-438c-8518-1c7d0f8f14c0,Education,,9
c1bd1df4-4d7e-49f7-bac1-9139b37381cb,3905d4a8-f902-4049-9a53-3597da427923,Educational Research,,0
bbc0680e-c2e4-4fc7-8780-383d4e6e13fd,3905d4a8-f902-4049-9a53-3597da427923,Institutional Research,,1
89d82412-e65c-4aef-98e0-4bb5d0d26abe,3905d4a8-f902-4049-9a53-3597da427923,Scholarly Research,,2
e2da6a23-14e4-4ca8-8fb3-254ce78b34f1,3905d4a8-f902-4049-9a53-3597da427923,Research Writing,,3
d0de9fbd-8ef3-47f3-a40b-fe5b4b05d954,b6b88543-1b43-4865-ab3e-1dc012663133,KOL Development,,0
8ca1d334-b214-4514-b2de-7b1f90d8724c,b6b88543-1b43-4865-ab3e-1dc012663133,Healthcare Consulting,,1
d3aa9c75-d2f1-4b8f-8dca-3fa817b561af,b6b88543-1b43-4865-ab3e-1dc012663133,Medical Devices,,2
49c8bbed-173f-410c-8f9c-74681f86a0c4,b6b88543-1b43-4865-ab3e-1dc012663133,Key Account Handling,,3
3bf1b74d-a385-4232-88e9-9ff16a969e8f,b6b88543-1b43-4865-ab3e-1dc012663133,Account Management,,4
da19a61a-d14c-4507-8eb3-82682b00e94d,b6b88543-1b43-4865-ab3e-1dc012663133,Outside Sales,,5
d1b08ba8-32a2-4493-bce5-dec4e7f26f5e,b6b88543-1b43-4865-ab3e-1dc012663133,Direct Sales,,6
8568c42e-764d-4889-9759-9a48a6c48931,b6b88543-1b43-4865-ab3e-1dc012663133,Sales Operations,,7
2775dc46-0b61-44f3-865c-1706080bb0cb,b6b88543-1b43-4865-ab3e-1dc012663133,Channel Sales,,8
aae8a4d4-a36f-4f8d-a291-a197975a244b,d6871548-cf7d-47d9-8fd8-151000ea8484,Strategic Initiatives,,0
f97660e7-2dc7-4be5-aebb-c7125edf4cb7,d6871548-cf7d-47d9-8fd8-151000ea8484,Medical Operations,,1
f255643f-f32c-4e47-8a60-8e0eb0c7f341,d6871548-cf7d-47d9-8fd8-151000ea8484,Relationship Building,,2
203098a4-a3b0-4ad6-8570-c27983eca612,d6871548-cf7d-47d9-8fd8-151000ea8484,Healthcare,,3
907f8309-fc13-4e87-9100-98e6bd959e06,d6871548-cf7d-47d9-8fd8-151000ea8484,Facilitation,,4
6e291f84-5ee3-4e78-b0b4-4257215ec819,d6871548-cf7d-47d9-8fd8-151000ea8484,Conflict Resolution,,5
87b9a146-f431-4af0-b0fd-6ae0098a24ce,d6871548-cf7d-47d9-8fd8-151000ea8484,Team Management,,6
f1915500-8cd8-4a7c-b588-eb24bdd7ff7d,d6871548-cf7d-47d9-8fd8-151000ea8484,Large-scale Projects,,7
ca45badc-06c0-4769-b9ba-7633f979c32a,d6871548-cf7d-47d9-8fd8-151000ea8484,Operating Efficiencies,,8
dd5f9781-c2a6-4305-bc0c-4ddbd8dd2b72,d6871548-cf7d-47d9-8fd8-151000ea8484,Key Performance Indicators,,9
e0dcbb42-369c-42bb-a5f2-acd64df93e0a,7b606f2b-aa96-431d-96ed-834d7c348596,Teamwork,,0
72e0b2fb-6c6e-4b98-923a-9270f18f2f68,7b606f2b-aa96-431d-96ed-834d7c348596,Event Planning,,1
2961c864-9141-4ee6-8837-280e0704144c,7b606f2b-aa96-431d-96ed-834d7c348596,Mentoring college students Professional networking and LinkedIn; Career planning and SMART goals ; communication skills,,2
0f002674-c0c9-4f07-abeb-5671e05ef8f6,7b606f2b-aa96-431d-96ed-834d7c348596,Educational Leadership,,3
5367d3a5-a494-473e-aec5-17f9faeae7c7,7b606f2b-aa96-431d-96ed-834d7c348596,Personnel Management,,4
bfdb1d2a-923f-4acc-9ba3-586937f739e6,7b606f2b-aa96-431d-96ed-834d7c348596,Scientific Communications,,5
8ff23144-ce6b-4a91-b46e-0fb5d1c2524a,7b606f2b-aa96-431d-96ed-834d7c348596,Team Building,,6
e46656ea-5f6b-428b-9ab8-dac92e4ef9eb,7b606f2b-aa96-431d-96ed-834d7c348596,Leadership,,7
fd389be8-c534-46d7-9944-e4cb3c96f93e,7b606f2b-aa96-431d-96ed-834d7c348596,Department Management,,8
3cd4241a-62bd-450c-b172-77a5a3c532eb,7b606f2b-aa96-431d-96ed-834d7c348596,Scholarly Research,,9
07c4f2ed-5df1-4ae3-ba24-2950262b1ab9,fcd29ba1-637e-4ddc-bce3-98e87c977938,Medical Writing,,0
5897d47d-7888-4bb4-b93f-2256bf5870b5,fcd29ba1-637e-4ddc-bce3-98e87c977938,Literature Reviews,,1
f7d09a83-0c48-41f7-8a9e-46325604936b,fcd29ba1-637e-4ddc-bce3-98e87c977938,Proofreading,,2
1070f37a-277f-42f0-925d-cfa948130776,fcd29ba1-637e-4ddc-bce3-98e87c977938,Public Health,,3
acf04ea9-5d52-4143-a32d-7f6200d9d166,fcd29ba1-637e-4ddc-bce3-98e87c977938,Research,,4
08a75b66-3d06-4c94-98d0-8b475f42d680,fcd29ba1-637e-4ddc-bce3-98e87c977938,Scientific Writing,,5
bae765fc-4418-4d77-9a5a-b8b454fe06bb,fcd29ba1-637e-4ddc-bce3-98e87c977938,English,,6
e3f1ff9f-72c0-45ca-8625-436647a44b86,fcd29ba1-637e-4ddc-bce3-98e87c977938,Microsoft Office,,7
fd1fa292-b3d0-4829-8f8d-41b0a4abcba0,d58c195e-05db-48dd-a5d5-ab5f46f64dd3,Office Administration,,0
b46cb1d3-0046-41b2-b081-fab844b2416d,d58c195e-05db-48dd-a5d5-ab5f46f64dd3,Conference Organization,,1
de2e61ce-d802-4626-9b14-d693d8d289f5,d58c195e-05db-48dd-a5d5-ab5f46f64dd3,Appointment Scheduling,,2
124f39e9-34ce-4fbd-ae12-cec3ef5386c8,d58c195e-05db-48dd-a5d5-ab5f46f64dd3,Phone Etiquette,,3
1fcf2290-f6d3-4624-a8b4-9c08f4d3ae6c,d58c195e-05db-48dd-a5d5-ab5f46f64dd3,Working with Senior Citizens,,4
489cd71f-ea17-43ec-849c-c4b45ef9ea0e,d58c195e-05db-48dd-a5d5-ab5f46f64dd3,Patient Advocacy,,5
8ec9b067-a620-4e58-b31a-5da673464966,d58c195e-05db-48dd-a5d5-ab5f46f64dd3,Psychiatric Care,,6
9038c774-91c4-4395-a914-b3ee6c6446ad,d58c195e-05db-48dd-a5d5-ab5f46f64dd3,Online Communications,,7
5abc7c9a-ac3d-4338-a2bf-c85206b5ea77,d58c195e-05db-48dd-a5d5-ab5f46f64dd3,Microsoft Teams,,8
f38bbd5d-28c3-4444-b6cb-7f39f64a7f46,d58c195e-05db-48dd-a5d5-ab5f46f64dd3,Research and Development (R&D),,9
776be29c-163d-47a5-acc7-83173302a154,7a187c1f-34db-4896-ba30-11bce7f69744,Diversity & Inclusion,,0
ef603238-ccc1-4818-98ea-755a2c81c0ca,7a187c1f-34db-4896-ba30-11bce7f69744,Health Economic Evaluation,,1
e5fa3bf4-da36-4b0b-83c8-ba1f3bbb3b7e,7a187c1f-34db-4896-ba30-11bce7f69744,Patient Engagement,,2
3d659b78-2646-46be-bedf-dbe352301268,7a187c1f-34db-4896-ba30-11bce7f69744,Outcome Measurement,,3
a403504f-e191-4599-a268-3f13529fb4d2,7a187c1f-34db-4896-ba30-11bce7f69744,Implementation Science,,4
5ee1e8b6-79c5-4379-871d-0e20aa10e5e6,7a187c1f-34db-4896-ba30-11bce7f69744,Core outcome set,,5
3bf1fcec-6cf3-44ed-a8be-8ada5af647eb,7a187c1f-34db-4896-ba30-11bce7f69744,Literature Reviews,,6
af207f17-7108-4c37-8b52-a2972f508475,7a187c1f-34db-4896-ba30-11bce7f69744,Research Ethics,,7
6491119e-725b-4959-9eb5-3a55228f5345,7a187c1f-34db-4896-ba30-11bce7f69744,Social Sciences,,8
0440ca01-abc6-45b1-9427-b1e06387f347,7a187c1f-34db-4896-ba30-11bce7f69744,child research,,9
65cbece3-2eb8-4ed6-a51b-b48d0db757b2,f47cd858-790b-4ba4-b784-6be3c8350253,Stereotaxic Surgery,,0
c7e4b083-54ff-4905-b7d4-7ee6da90da5f,f47cd858-790b-4ba4-b784-6be3c8350253,Reference chain for donations,,1
ba465d16-ec08-43a2-9f44-ba08561d292f,f47cd858-790b-4ba4-b784-6be3c8350253,Telephonic job,,2
4ccb3c03-51da-433d-88e0-6d319a71bf3d,f47cd858-790b-4ba4-b784-6be3c8350253,Strategic Communications,,3
08508fe6-6267-4319-a5d9-db687bbd0bce,f47cd858-790b-4ba4-b784-6be3c8350253,Corporate Communications,,4
bfd47f87-0e64-4bf1-b749-8d8cb95f5756,f47cd858-790b-4ba4-b784-6be3c8350253,Dossier Preparation,,5
ca393dfe-31ac-4c15-9fc8-adeb2ad4bef9,f47cd858-790b-4ba4-b784-6be3c8350253,Customer Follow-Up,,6
3a80147f-51a9-4b82-9a09-a06f3c4e19fa,f47cd858-790b-4ba4-b784-6be3c8350253,Client Follow-Up,,7
aa78a569-599f-4756-a7fb-b2b41aea3332,f47cd858-790b-4ba4-b784-6be3c8350253,Nigeria Market,,8
289b78ea-2b02-44b5-9da3-816d047d52c0,f47cd858-790b-4ba4-b784-6be3c8350253,NAFDAC guidelines,,9
c14bafdf-deb8-405f-bdea-739aae6de29e,c2a449db-c364-4d75-87f2-0cd99122f0af,Brain Research,,0
22ab21b8-d2f0-4e77-9ac5-3bb421127782,c2a449db-c364-4d75-87f2-0cd99122f0af,Neuroscience,,1
eea025b6-00e3-4375-ba47-7a4ea0e877b1,c2a449db-c364-4d75-87f2-0cd99122f0af,Microsoft Excel,,2
9df93b22-11ed-49e0-9df7-b440a8d196ad,c2a449db-c364-4d75-87f2-0cd99122f0af,Survey Design,,3
003f1374-08b5-4ce1-af00-dfe272c24737,c2a449db-c364-4d75-87f2-0cd99122f0af,Product Lifecycle Management,,4
605a98ab-98f3-4f6f-996d-6470943f4690,c2a449db-c364-4d75-87f2-0cd99122f0af,Customer Engagement,,5
e7f9deba-a0c4-44b3-834f-eca5d29d9f63,c2a449db-c364-4d75-87f2-0cd99122f0af,Voice of the Customer,,6
3c2481de-dcdd-4863-8e37-bc8d30dfb782,c2a449db-c364-4d75-87f2-0cd99122f0af,Strategic Thinking,,7
4dfd43db-7666-41ef-8112-768a4583b8ca,c2a449db-c364-4d75-87f2-0cd99122f0af,Strategic Roadmaps,,8
4878928c-a422-46b7-acea-4cc87547592b,c2a449db-c364-4d75-87f2-0cd99122f0af,Stakeholder Management,,9
60b5fc4a-00c4-4185-8d58-2b0ef7d0f9d1,dbc89d0e-7936-4dfe-9a4b-e828f3fbaecd,Microscopy,,0
5b3ac0a1-41ad-4249-8bbf-45acf7b899a9,dbc89d0e-7936-4dfe-9a4b-e828f3fbaecd,Signal Processing (EEG/Time‑Series),,1
10c7b9d6-6d88-4a78-8806-f6c2b7081742,dbc89d0e-7936-4dfe-9a4b-e828f3fbaecd,Calcium Imaging,,2
e4214ca4-fb09-4b52-9348-d7284c00e2e8,dbc89d0e-7936-4dfe-9a4b-e828f3fbaecd,Project Management,,3
b965dae1-ec9d-4e32-b26f-8f7647f8ee0c,dbc89d0e-7936-4dfe-9a4b-e828f3fbaecd,EEG,,4
d5256cdd-a962-406d-9479-4926f91ee0bf,dbc89d0e-7936-4dfe-9a4b-e828f3fbaecd,Optogenetics,,5
e5078922-8f30-4d26-b501-9eaa08c7d87e,dbc89d0e-7936-4dfe-9a4b-e828f3fbaecd,Neuroimaging,,6
f0c0a792-211d-449e-9738-069850874dd2,dbc89d0e-7936-4dfe-9a4b-e828f3fbaecd,Scientific Writing,,7
014d2fe8-b081-4a97-88cc-0cd76425141d,dbc89d0e-7936-4dfe-9a4b-e828f3fbaecd,Immunofluorescence,,8
33081f7f-5e64-4f66-a001-277ef0910373,dbc89d0e-7936-4dfe-9a4b-e828f3fbaecd,Two-photon Microscopy,,9
a0a8b16f-ae47-48ea-9130-641aa5116f2f,8fe44eea-624e-4f7a-80c2-4d3f598c3ccc,Programming,,0
505c51e1-16ce-42d6-9a74-88e56e492708,8fe44eea-624e-4f7a-80c2-4d3f598c3ccc,Deep Learning,,1
a34cb7b6-8063-4fa3-948e-5a080a8efb21,8fe44eea-624e-4f7a-80c2-4d3f598c3ccc,Computer Vision,,2
8c9f67a8-c466-4477-bf3c-a55bd540c133,8fe44eea-624e-4f7a-80c2-4d3f598c3ccc,User Interface Design,,3
e7a37b17-3ec4-4501-a641-cbd1175306a1,8fe44eea-624e-4f7a-80c2-4d3f598c3ccc,Critical Thinking,,4
6eb727be-d627-4545-a9ba-8e68bd50b64f,8fe44eea-624e-4f7a-80c2-4d3f598c3ccc,Genomics,,5
73ac3d19-5b29-4565-976f-fbe6ed8b75b4,8fe44eea-624e-4f7a-80c2-4d3f598c3ccc,Morphometrics,,6
def947d7-5c7c-4a25-b4c4-371cef999ca6,8fe44eea-624e-4f7a-80c2-4d3f598c3ccc,R,,7
f181bde8-ce01-47c7-9e81-382db131ba75,8fe44eea-624e-4f7a-80c2-4d3f598c3ccc,Django REST Framework,,8
7b7a6aaf-cb1d-4622-9c32-2bf067a6a353,8fe44eea-624e-4f7a-80c2-4d3f598c3ccc,Embedded Systems,,9
b90365bd-8b9d-435a-a1d8-3cdd1466ed1a,eac5bad7-a99d-4769-bc83-0e222d8ae3e2,Interpersonal Relationships,,0
0cf2694a-c26f-44ad-a069-0419adb18a22,eac5bad7-a99d-4769-bc83-0e222d8ae3e2,Personal Protective Equipment (PPE),,1
e121e6e5-f2cc-413b-8554-307556cbb71e,eac5bad7-a99d-4769-bc83-0e222d8ae3e2,Manual Dexterity,,2
f8ad86f8-10c4-4018-901e-e974bbc3ebde,eac5bad7-a99d-4769-bc83-0e222d8ae3e2,Routine Maintenance,,3
3b832387-26ca-4821-82b3-f56b1cb0f597,eac5bad7-a99d-4769-bc83-0e222d8ae3e2,Troubleshooting,,4
7460e4fb-c0ca-4d61-bea3-3e313550934e,eac5bad7-a99d-4769-bc83-0e222d8ae3e2,Attention to Detail,,5
dc66ce8c-b28b-46e4-9db5-62a89251d7dc,eac5bad7-a99d-4769-bc83-0e222d8ae3e2,Animal Welfare,,6
3a33dcf5-b126-4e65-82fb-345e59a5558e,eac5bad7-a99d-4769-bc83-0e222d8ae3e2,Animal Handling,,7
46fd8067-0f24-4d2c-906f-c6622ae15ee4,eac5bad7-a99d-4769-bc83-0e222d8ae3e2,Animal Behavior,,8
fb6663eb-0837-4cf6-93fe-5c397c6b4b94,eac5bad7-a99d-4769-bc83-0e222d8ae3e2,Any-Maze Video Tracking System,,9
0c6c47fb-380b-44c7-a29a-8e7771d0e8c1,28873403-0f13-4fbc-a668-35888360bfe9,Sales Leadership,,0
62ba9270-8353-44c5-90f5-13cee91f3231,28873403-0f13-4fbc-a668-35888360bfe9,Go-to-Market Strategy,,1
f92c7391-68d2-4047-8b5f-1b7edcc61f2d,28873403-0f13-4fbc-a668-35888360bfe9,Key Account Management,,2
e2d0f64b-7ce3-42b1-9652-ae9a6547951b,28873403-0f13-4fbc-a668-35888360bfe9,International Sales,,3
7f6db80f-9b51-4b6b-9e20-eabe90047cf2,28873403-0f13-4fbc-a668-35888360bfe9,Director level,,4
2314950c-20d1-4905-901d-04ae7a2ea243,28873403-0f13-4fbc-a668-35888360bfe9,Leadership,,5
6ca159b4-0995-4706-bbeb-34a1c7d26cc3,28873403-0f13-4fbc-a668-35888360bfe9,Electrophysiology,,6
0b1d8d87-7d22-45bd-9f28-79ed1efd05af,28873403-0f13-4fbc-a668-35888360bfe9,Executive Management,,7
f60c46d5-d6c1-4837-a42b-ff67a3ac2f1d,28873403-0f13-4fbc-a668-35888360bfe9,Management,,8
afb37f6e-9fc0-4b49-8a67-0b1aa4fd524e,28873403-0f13-4fbc-a668-35888360bfe9,Medical Devices,,9
f2e54d90-39c9-4371-8ea8-cd8df2ffdc5a,6bf75fa6-dd7b-4778-8d50-11dd5b8d5a59,Data Entry,,0
1d5fa3cb-4c19-422d-927a-13a124cab2ed,6bf75fa6-dd7b-4778-8d50-11dd5b8d5a59,Scientific Writing,,1
c8614649-e362-4015-a806-9956cf6a8a99,6bf75fa6-dd7b-4778-8d50-11dd5b8d5a59,Research,,2
2e1dfffa-4170-4cb0-ab0b-c2e107290657,6bf75fa6-dd7b-4778-8d50-11dd5b8d5a59,Project Coordination,,3
a503c520-c6b2-4bf5-9869-9a2f855f385f,6bf75fa6-dd7b-4778-8d50-11dd5b8d5a59,Data Collection,,4
cae27230-bcaf-4bee-a3cc-0906986ecaba,6bf75fa6-dd7b-4778-8d50-11dd5b8d5a59,Qualtrics,,5
b3bef228-b8b1-4f73-9f34-83dc4b7e8049,6bf75fa6-dd7b-4778-8d50-11dd5b8d5a59,Quantitative Research,,6
fdf4805a-434f-4901-9089-05692971dde9,6bf75fa6-dd7b-4778-8d50-11dd5b8d5a59,Qualitative Research,,7
98aa7d6b-e10e-4e93-8510-0c7b233e0643,6bf75fa6-dd7b-4778-8d50-11dd5b8d5a59,Statistical Data Analysis,,8
48c1fda7-0e99-47b4-a645-487680ba0c3a,6bf75fa6-dd7b-4778-8d50-11dd5b8d5a59,IBM SPSS,,9
3b991cea-387c-439e-b06f-ae6e3aaaaa76,1c4b08b9-0b8f-4106-8d29-c316a74ac626,Scientific Communications,,0
e0ccdb5e-c19b-4c9a-8678-732b20a2dc0f,1c4b08b9-0b8f-4106-8d29-c316a74ac626,Medical Writing,,1
8bc0bff2-e87b-4f0f-9593-a28d431cd620,1c4b08b9-0b8f-4106-8d29-c316a74ac626,Organization Skills,,2
88c14c71-528c-4647-aeab-4dbc779188ee,1c4b08b9-0b8f-4106-8d29-c316a74ac626,Word Processing,,3
adf6449d-4066-4c22-aa34-92ff3ea98e48,1c4b08b9-0b8f-4106-8d29-c316a74ac626,Document Management,,4
c9034f40-a7c7-4ca4-bb5f-53a72ee1f6fa,1c4b08b9-0b8f-4106-8d29-c316a74ac626,Regulatory Submissions,,5
216a4e93-e7e8-4ac8-baac-827df979d510,1c4b08b9-0b8f-4106-8d29-c316a74ac626,Writing,,6
68304b8d-f074-45aa-a300-0a0cfc3d79ae,1c4b08b9-0b8f-4106-8d29-c316a74ac626,Scientific Writing,,7
75e3c47c-b49e-4707-863d-667a4415207d,1c4b08b9-0b8f-4106-8d29-c316a74ac626,Life Sciences,,8
58a0c556-35dd-4634-92cd-b479b11779fc,ad8a73e2-4745-4930-8d75-3fc1c601a946,Management,,0
9f3b5f8f-5aaa-4534-ab06-a77aaceef75d,ad8a73e2-4745-4930-8d75-3fc1c601a946,Life Science Industry,,1
d7a849b7-266d-4b4d-85ae-00323931e841,ad8a73e2-4745-4930-8d75-3fc1c601a946,External Clients,,2
c56dadff-8d41-48d0-9e60-494bd43306ae,ad8a73e2-4745-4930-8d75-3fc1c601a946,Life Sciences,,3
10b8406b-f4f3-4210-af5b-9b25c367b8b4,ad8a73e2-4745-4930-8d75-3fc1c601a946,Document Management,,4
fe6dbd0e-5657-4983-a518-6be0dfc51f71,ad8a73e2-4745-4930-8d75-3fc1c601a946,Clinical Research Experience,,5
809a4e63-5b7b-4aef-a6ec-137fa1b4eff0,ad8a73e2-4745-4930-8d75-3fc1c601a946,Troubleshooting,,6
242f564e-1af8-432f-818e-fb46b30c3f56,ad8a73e2-4745-4930-8d75-3fc1c601a946,BPH,,7
c1b2c952-8623-49e4-9d4e-6465bd46d051,ad8a73e2-4745-4930-8d75-3fc1c601a946,Scientific Writing,,8
b99a670a-4a53-4ff6-ab7b-65f48dded7d6,ad8a73e2-4745-4930-8d75-3fc1c601a946,Technical Presentations,,9
b21041c7-f66f-4fd7-918d-f28fecbb80d7,c7f164e0-ba67-4846-8f24-7594e491d310,Hypothesis Testing,,0
4cc19122-3a58-4469-ab56-7b0604c7334b,c7f164e0-ba67-4846-8f24-7594e491d310,Electronic Medical Record (EMR),,1
449ae334-cd87-4af0-bf99-bdfc06611819,c7f164e0-ba67-4846-8f24-7594e491d310,REDCap,,2
4bf00cef-256a-453e-8fd2-eebef1b3a47d,c7f164e0-ba67-4846-8f24-7594e491d310,Delphi,,3
6eb9ad1a-5c74-4622-908d-ce924abaf476,c7f164e0-ba67-4846-8f24-7594e491d310,Systematic Reviews,,4
430d1de4-a669-4129-8f55-51ceecbb02ef,c7f164e0-ba67-4846-8f24-7594e491d310,Statistics,,5
214919e5-9f74-410e-8f45-76cf070c5939,c7f164e0-ba67-4846-8f24-7594e491d310,Statistical Modeling,,6
525c2999-9bfc-4e2b-87b3-7159e24855f2,c7f164e0-ba67-4846-8f24-7594e491d310,Grant Writing,,7
8e8799ab-be85-4a64-aaba-0c00f47305f4,c7f164e0-ba67-4846-8f24-7594e491d310,Clinical Study Management,,8
895e9fa1-e958-45ef-a1e5-f36163a0384f,c7f164e0-ba67-4846-8f24-7594e491d310,Regulatory Compliance,,9
3774417e-0c9e-40e6-89eb-d2f3697a8f9b,5dd14251-7e2a-4538-a575-33c314aac53c,Technical Skills,,0
d90521c0-a126-483d-a2f3-eab497decc0b,5dd14251-7e2a-4538-a575-33c314aac53c,Consultant Neurologist/Subspecialist in Neuromuscular Disorders and EMG at Private Hospital and Neurology Clinic,,1
d5b14458-1b56-4794-9ba5-8a61a755ab50,07241f4b-a448-4bc5-a86c-9b7ca2f5a1ad,APOLLO,,0
3fe53671-c404-4890-b623-aadc8465230b,07241f4b-a448-4bc5-a86c-9b7ca2f5a1ad,PyTorch,,1
39a306a3-ef42-46f4-9a99-9d77298caf91,07241f4b-a448-4bc5-a86c-9b7ca2f5a1ad,Google Cloud Platform (GCP),,2
2f9b15e2-55f2-4438-89ea-7a66e67a6502,07241f4b-a448-4bc5-a86c-9b7ca2f5a1ad,Scikit-Learn,,3
980b050a-c23f-4836-8658-e55b80179095,07241f4b-a448-4bc5-a86c-9b7ca2f5a1ad,SciPy,,4
4740288e-2713-4aed-8c06-6f580f261c81,07241f4b-a448-4bc5-a86c-9b7ca2f5a1ad,Wandb,,5
e56c0ada-5ba4-4ea5-b125-07f9b724334a,07241f4b-a448-4bc5-a86c-9b7ca2f5a1ad,Image Processing,,6
0c97d5eb-22ff-42df-aee2-2ccfa0a114bb,07241f4b-a448-4bc5-a86c-9b7ca2f5a1ad,Engineering,,7
451b0f4b-ed49-402d-a154-1c1f1f1c4950,07241f4b-a448-4bc5-a86c-9b7ca2f5a1ad,Cybersecurity,,8
75198aac-5ba1-46ae-ae74-5109f3d474c7,07241f4b-a448-4bc5-a86c-9b7ca2f5a1ad,Operating Systems,,9
72ae7563-88f1-4cbd-874d-a83897fdaac2,c88119ac-0056-4b80-aad4-10d76da01157,Aquatic Toxicology,,0
df516337-1cd0-4ea1-9914-95efc6a526d6,c88119ac-0056-4b80-aad4-10d76da01157,Pharmaceutical Formulation,,1
fd59693b-fc7e-4502-b4cf-e3ad645753c6,c88119ac-0056-4b80-aad4-10d76da01157,Behavioral Neuroscience,,2
e033b345-ab05-4494-b02a-fbf6da509b69,c88119ac-0056-4b80-aad4-10d76da01157,Cognitive Neuroscience,,3
fb183a21-5a30-46fe-a862-cfb40e945be6,c88119ac-0056-4b80-aad4-10d76da01157,Academic Research,,4
1246f869-cbe1-4a61-abf2-b3437ed4003f,c88119ac-0056-4b80-aad4-10d76da01157,Western Blotting,,5
d64bc34f-4e6a-4ee1-aa71-231d639afb4f,c88119ac-0056-4b80-aad4-10d76da01157,qRT-PCR,,6
fbd7733a-7dd9-406f-8132-e485da39da77,c88119ac-0056-4b80-aad4-10d76da01157,HPLC-MS,,7
46692a2d-405d-4878-b98e-b3da1fed1df3,c88119ac-0056-4b80-aad4-10d76da01157,Zebrafish,,8
42da3563-5216-40c5-8a18-57416415af84,c88119ac-0056-4b80-aad4-10d76da01157,Histochemistry,,9
c372e204-a696-486b-86fe-6a80cf41521a,339bdf7f-c209-4003-b693-5f9feecda5d3,Brain Plasticity,,0
8c2b9f54-4499-4070-a9a9-2b58aec6f999,339bdf7f-c209-4003-b693-5f9feecda5d3,Data Analysis (MATLAB/Python),,1
1dd843b6-d012-449d-ac9a-a78d3ff1ff5d,339bdf7f-c209-4003-b693-5f9feecda5d3,Clinical Research,,2
2a9f75cb-15c9-470e-896a-81d97b62a38b,339bdf7f-c209-4003-b693-5f9feecda5d3,Clinical Neurophysiology,,3
307f8e9e-08f4-4e93-9b7a-4018c681e32f,339bdf7f-c209-4003-b693-5f9feecda5d3,Neuromodulation,,4
4ba742d9-d856-454d-bc00-e88474e8a771,339bdf7f-c209-4003-b693-5f9feecda5d3,Medical Research,,5
740adb24-44ca-44bd-9931-df61ce4e205f,339bdf7f-c209-4003-b693-5f9feecda5d3,Project Management,,6
5eeebffc-bc40-49f8-aa55-ce5710d563db,339bdf7f-c209-4003-b693-5f9feecda5d3,Analytical Skills,,7
e4f6714e-79a0-4061-a3e6-4debf10ccccb,339bdf7f-c209-4003-b693-5f9feecda5d3,Operations Management,,8
4b03f776-a0ca-4455-a8f8-439d062e5c15,339bdf7f-c209-4003-b693-5f9feecda5d3,Research Skills,,9
044b0f0b-3f28-40dc-96f6-7154c1fc009d,32b8f87e-03d6-4600-bc9d-a00fa2102251,Storytelling,,0
dbb56c8c-37bc-4305-aa16-8465492b37fa,32b8f87e-03d6-4600-bc9d-a00fa2102251,Community Engagement,,1
9f8c0f0a-174c-43ab-ab25-1c75392d5903,32b8f87e-03d6-4600-bc9d-a00fa2102251,Dementia Care,,2
bab57096-a830-4334-973f-7bb1bdb93f31,32b8f87e-03d6-4600-bc9d-a00fa2102251,Guest Lecturing,,3
655e4836-e94b-4537-a139-62861386c42b,32b8f87e-03d6-4600-bc9d-a00fa2102251,University Lecturing,,4
eed67b25-e6c1-47c3-af3e-9ff00913f8be,32b8f87e-03d6-4600-bc9d-a00fa2102251,Teaching,,5
f62b9135-7694-4514-bd40-295d31572ea1,32b8f87e-03d6-4600-bc9d-a00fa2102251,Life Sciences,,6
a1e6ee61-9545-4c3a-933a-49240dc34e9f,32b8f87e-03d6-4600-bc9d-a00fa2102251,Research,,7
035ef21f-ad7e-4f41-b1db-4249d99114cd,32b8f87e-03d6-4600-bc9d-a00fa2102251,Fluorescence Microscopy,,8
baec0a10-4bcd-480a-8bbb-4b220b52ef11,32b8f87e-03d6-4600-bc9d-a00fa2102251,Molecular Biology,,9
14b8af94-7b34-4f0e-903d-3ed322ef2de0,9f9fc4ff-3609-4c2f-b1c9-18b9891e8b9b,Medical Education,,0
7833c5f5-a7b1-4d7a-8c8b-d3243516ef3e,9f9fc4ff-3609-4c2f-b1c9-18b9891e8b9b,Medical student supervision,,1
a75e3775-e8bf-42a6-8f92-0d7a6a1145c1,9f9fc4ff-3609-4c2f-b1c9-18b9891e8b9b,Advanced human nutrition,,2
b025de4e-f635-4514-9ee0-86fdcf994aff,9f9fc4ff-3609-4c2f-b1c9-18b9891e8b9b,Infectious disease,,3
99599322-dad1-41dd-8e3c-816b37c89d52,9f9fc4ff-3609-4c2f-b1c9-18b9891e8b9b,Biochemistry,,4
7920b6d3-1cb9-43b4-b6f7-0944bdfcc59d,9f9fc4ff-3609-4c2f-b1c9-18b9891e8b9b,Content Editing,,5
cb75bfec-c2d2-4ea4-ae04-bd028539e5a8,9f9fc4ff-3609-4c2f-b1c9-18b9891e8b9b,Clinical Trials,,6
b9c3bb08-eb6e-4139-8c48-178d3d686cf9,9f9fc4ff-3609-4c2f-b1c9-18b9891e8b9b,Transcranial Magnetic Stimulation,,7
fafa8e88-2d87-47d8-ac64-e6318dba1134,9f9fc4ff-3609-4c2f-b1c9-18b9891e8b9b,electroconvulsive therapy,,8
b4f9d8f9-3926-49a9-8135-8b71755b2508,9f9fc4ff-3609-4c2f-b1c9-18b9891e8b9b,ketamine,,9
494a415b-7086-485f-b206-b59e9506db21,4a777a22-a299-448b-8e4a-b18eafadf23b,Attention to Detail,,0
725667e8-0068-4aac-ab29-7d24624e3aa1,4a777a22-a299-448b-8e4a-b18eafadf23b,Biostatistics,,1
540b30ec-1476-493a-99dd-fabf53c24f31,4a777a22-a299-448b-8e4a-b18eafadf23b,Regulatory Requirements,,2
0452eb63-616e-479b-9748-15b751c4035f,4a777a22-a299-448b-8e4a-b18eafadf23b,Clinical Development,,3
4538cf68-4109-4dec-bff5-daf42bbd1d99,4a777a22-a299-448b-8e4a-b18eafadf23b,Conference Presentations,,4
39eaf270-c85f-4dbf-90ad-2eae4fc1d8b3,4a777a22-a299-448b-8e4a-b18eafadf23b,Clinical Data,,5
7938f45e-0e2e-4465-8eee-a4fe65e1b928,4a777a22-a299-448b-8e4a-b18eafadf23b,Pre-clinical Studies,,6
534d9da7-c0ee-46f8-8c43-b054178a4f5f,4a777a22-a299-448b-8e4a-b18eafadf23b,Literature Reviews,,7
5c14cc43-d928-4918-831b-c0a1a2ee7930,4a777a22-a299-448b-8e4a-b18eafadf23b,Good Clinical Practice (GCP),,8
1c5f39b2-c8cc-4c91-96c3-b11ea46582fa,4a777a22-a299-448b-8e4a-b18eafadf23b,Clinical Trials,,9
6a5717e3-f666-4033-aa90-9c165d330c5d,5b025ad9-c8a5-4711-8f2b-619c95a18323,Mentoring,,0
75e81120-906c-485e-bac9-e06c3c302e63,5b025ad9-c8a5-4711-8f2b-619c95a18323,Syllabus Development,,1
2dd996da-0c9e-48ca-bb0a-856872d86654,5b025ad9-c8a5-4711-8f2b-619c95a18323,Psychopharmacology,,2
7da98d49-f1dc-45bc-bc38-88f30d72f4fe,5b025ad9-c8a5-4711-8f2b-619c95a18323,Animal Behavior,,3
46482e29-96df-4de7-9431-cee40a36f7d5,5b025ad9-c8a5-4711-8f2b-619c95a18323,Behavioral Neuroscience,,4
fc08610f-19b2-45c2-954f-143e3270eb22,5b025ad9-c8a5-4711-8f2b-619c95a18323,Educational Psychology,,5
de019ac4-5a80-4fb3-a637-706ca863ee39,5b025ad9-c8a5-4711-8f2b-619c95a18323,Psychological Assessment,,6
da25c863-8f56-401e-85ca-532a5b9348ee,5b025ad9-c8a5-4711-8f2b-619c95a18323,Psychodynamic Psychotherapy,,7
007f6207-cdcc-412b-9ef9-33cb3c845728,5b025ad9-c8a5-4711-8f2b-619c95a18323,Counseling Psychology,,8
56033fdc-103b-47f8-a353-6c8b69f2b1ca,5b025ad9-c8a5-4711-8f2b-619c95a18323,Clinical Psychology,,9
741ccb13-e23f-43a5-8929-b6639fa4fb89,d0b17e4c-6385-447c-b1ce-ddf07d77c341,Biotechnology,,0
5157dde8-6b26-40ba-bc61-f083cd1bd0ec,d0b17e4c-6385-447c-b1ce-ddf07d77c341,Demonstrator at All India Institute Of Hygiene and Public Health,,1
31eb660c-5988-4395-8339-9f042e0155d9,f0a7e4f9-d2a8-47e2-b88a-f1c102607240,Data Analysis,,0
480b4540-d660-4b82-973b-452347d851c1,f0a7e4f9-d2a8-47e2-b88a-f1c102607240,Epidemiology,,1
c08d337d-958d-44da-8dca-40d547378038,f0a7e4f9-d2a8-47e2-b88a-f1c102607240,Compétences analytiques,,2
fa3c1cb3-1e7d-4de4-8d4a-15221ea6751e,f0a7e4f9-d2a8-47e2-b88a-f1c102607240,Élaboration de programmes,,3
8a4c8b6f-b3ca-4dd6-bdff-f9f2bd3edd63,f0a7e4f9-d2a8-47e2-b88a-f1c102607240,Évaluation de programme,,4
bebf4f2e-ada2-449d-8338-42634ce44e3c,f0a7e4f9-d2a8-47e2-b88a-f1c102607240,Recherche en santé,,5
74f1bafe-fbcf-4858-9a00-3095bf630b35,f0a7e4f9-d2a8-47e2-b88a-f1c102607240,Recherche clinique,,6
f9280ee5-188b-496f-8a1f-1af1c4ee35b9,f0a7e4f9-d2a8-47e2-b88a-f1c102607240,Revues de la littérature,,7
e008e6c1-16be-479e-898f-5a232bd293c2,f0a7e4f9-d2a8-47e2-b88a-f1c102607240,Amélioration des processus,,8
ca2c70ce-5185-4e8d-9197-fe18b125eccf,f0a7e4f9-d2a8-47e2-b88a-f1c102607240,Collaborations interfonctionnelles,,9
007ab3af-00d1-401c-8c20-b3f2034f1d6a,2ef07f02-a71e-4354-b0f4-fa8d96ee363d,Depression Treatment,,0
842b4ac3-4ea4-464b-a301-aff03efc6753,2ef07f02-a71e-4354-b0f4-fa8d96ee363d,OCD,,1
18650812-609d-4acb-a040-af16b964668b,2ef07f02-a71e-4354-b0f4-fa8d96ee363d,dTMS,,2
0365931c-5b57-4bdc-884f-f242ecbfe51e,2ef07f02-a71e-4354-b0f4-fa8d96ee363d,Patient Safety & Monitoring,,3
1fc86193-db3a-43e3-ad6b-50eb25749cc7,2ef07f02-a71e-4354-b0f4-fa8d96ee363d,Electronic Medical Record (EMR),,4
f81a16a8-13c2-4577-bad4-bf7f07d6a828,2ef07f02-a71e-4354-b0f4-fa8d96ee363d,Transcranial Magnetic Stimulation (TMS),,5
5cabc3e4-dd80-42b8-ade9-5585f4e9520e,2ef07f02-a71e-4354-b0f4-fa8d96ee363d,Clinical Neurophysiology,,6
2e944dfa-c4ba-4a61-837f-ecb39a8f3f90,2ef07f02-a71e-4354-b0f4-fa8d96ee363d,Biofeedback,,7
6425fe76-81ba-4ebf-b47f-c61abee63bf4,2ef07f02-a71e-4354-b0f4-fa8d96ee363d,Neurofeedback,,8
7fbbad20-f61f-403e-b524-5647803d2efc,2ef07f02-a71e-4354-b0f4-fa8d96ee363d,Cognitive Behavioral Therapy (CBT),,9
4778267e-1133-4eed-819d-bf175bf718f8,f65d626f-2cf0-4cf4-86cf-2898a599885f,Outils de CAO,,0
a5ddab4a-55af-4bad-873b-33848017ba98,f65d626f-2cf0-4cf4-86cf-2898a599885f,Communication,,1
748d5395-d07c-4a2f-928e-5845bcb768e0,f65d626f-2cf0-4cf4-86cf-2898a599885f,Conception de circuits électroniques,,2
9d3361d4-28f9-4241-8fdb-147eeb169867,f65d626f-2cf0-4cf4-86cf-2898a599885f,Travail d’équipe,,3
72774014-9caa-4e47-a084-0ad562e8e95e,f65d626f-2cf0-4cf4-86cf-2898a599885f,Installation électrique,,4
06c729f4-e2cd-4d1c-8735-98e52d9ccf20,f65d626f-2cf0-4cf4-86cf-2898a599885f,Schémas électriques,,5
bf2d8d47-b077-4c5f-932e-78f52e514253,f65d626f-2cf0-4cf4-86cf-2898a599885f,Gestion des comptes,,6
6731f39c-91b9-4ddf-8231-a14fb62e0b39,f65d626f-2cf0-4cf4-86cf-2898a599885f,Gestion de la relation client (CRM),,7
65eaf5a0-cd34-4af0-854b-887337d07287,f65d626f-2cf0-4cf4-86cf-2898a599885f,Gestion du temps,,8
7d35f88d-701c-4d27-9206-54ae205e12bd,f65d626f-2cf0-4cf4-86cf-2898a599885f,CEFR level : C1,,9
4cc27d6b-41cc-4bfe-9c64-67eef8d69808,35c73dbd-d95f-4495-951b-7dcf99fbb288,Reverse Transcription Polymerase Chain Reaction (RT-PCR),,0
ebfc8874-f889-4876-9229-67e7a33c7093,35c73dbd-d95f-4495-951b-7dcf99fbb288,Immunofluorescence,,1
c7baf65e-3801-4beb-a1ff-46a0d0e172ee,35c73dbd-d95f-4495-951b-7dcf99fbb288,qRT-PCR,,2
8224d952-7961-41fe-8f87-003f79d5ebcd,35c73dbd-d95f-4495-951b-7dcf99fbb288,Polymerase Chain Reaction (PCR),,3
cb6baa05-92d2-4496-abb4-b91096c4af3a,35c73dbd-d95f-4495-951b-7dcf99fbb288,Reverse Transcription,,4
1504cda8-3613-4663-a6aa-3019f5a0bd18,35c73dbd-d95f-4495-951b-7dcf99fbb288,Blotting,,5
d434b45a-980b-4559-b3a0-7ccead16068c,35c73dbd-d95f-4495-951b-7dcf99fbb288,Data Analysis,,6
e540ed79-ccf4-446c-89c8-34c1c9aeb83e,35c73dbd-d95f-4495-951b-7dcf99fbb288,Laboratory Skills,,7
f98cf87a-ec5e-4995-b1d8-b3fa5c02274f,35c73dbd-d95f-4495-951b-7dcf99fbb288,Teamwork,,8
836c085b-ab40-4e19-8967-5fac51ed0b78,35c73dbd-d95f-4495-951b-7dcf99fbb288,Cell Biology,,9
f537949a-2b53-43aa-a2b0-ffd1ca27f18e,c0724962-466d-4717-90a3-b24940600ffc,Program Management,,0
124da274-08ed-44b8-9a2b-1c41b9acb729,c0724962-466d-4717-90a3-b24940600ffc,Research Project Management,,1
93482700-1596-4394-a3ec-6e9618bf53c7,c0724962-466d-4717-90a3-b24940600ffc,Clinical Study Management,,2
43e43f5f-81ca-4e00-bbc6-3c439f45fe37,c0724962-466d-4717-90a3-b24940600ffc,Clinical Research Management Systems,,3
1f27914b-25f4-4d30-8096-c6757cc02478,c0724962-466d-4717-90a3-b24940600ffc,Standard Operating Procedure (SOP),,4
329cc845-6f68-49a2-b712-fdc55cae9ffa,c0724962-466d-4717-90a3-b24940600ffc,Pharmaceutics,,5
958e8259-2c5e-4eb9-a549-ddfcb0daa275,c0724962-466d-4717-90a3-b24940600ffc,Regulatory Approvals,,6
eadb0858-0c50-452f-8013-5f39b5eaaaad,c0724962-466d-4717-90a3-b24940600ffc,Budget Oversight,,7
98792d33-cecd-4298-b772-3e65b0006703,c0724962-466d-4717-90a3-b24940600ffc,Clinical Trials,,8
8bcad4b5-e20c-43c5-a626-cdd0f419f0d9,c0724962-466d-4717-90a3-b24940600ffc,Clinical Research,,9
da17dbaf-c2b3-408e-bab1-74a785f13f8a,3ba625e8-c264-41b2-a661-79df90173831,Survey Design,,0
a099c2f8-7358-400e-ae4a-8f90c0b1693d,3ba625e8-c264-41b2-a661-79df90173831,Stakeholder Engagement,,1
7670ac4f-30ba-4dd9-9bfc-aaff5c96afa3,3ba625e8-c264-41b2-a661-79df90173831,Report Writing,,2
cb4da6db-ed03-4844-bda3-18b6342bdde2,3ba625e8-c264-41b2-a661-79df90173831,Survey Research,,3
15f85143-f8cd-4328-9ffd-4b71ebd2235c,3ba625e8-c264-41b2-a661-79df90173831,Quantitative Analytics,,4
78f323de-f0d8-4f3b-a655-6f0e3a4f8b9c,3ba625e8-c264-41b2-a661-79df90173831,Teaching,,5
ee6b43f7-ba52-4660-85a6-23ec223d4b4f,3ba625e8-c264-41b2-a661-79df90173831,Team Leadership,,6
3d580e6f-23b7-4d68-990a-4401bef7a616,3ba625e8-c264-41b2-a661-79df90173831,Qualitative Research,,7
35551826-ce0e-4b40-a31a-29f0bc1a13c9,3ba625e8-c264-41b2-a661-79df90173831,Coaching & Mentoring,,8
4a9cc969-09af-4dac-b300-2f0346388c66,3ba625e8-c264-41b2-a661-79df90173831,Analytical Skills,,9
bb88c650-a905-4643-af38-dbfeef02b4f5,a9c57efd-f563-4359-a9d6-dcad7cd967c3,Clinical Research,,0
5df8b9a9-8468-4406-bdf0-22b964d73a10,a9c57efd-f563-4359-a9d6-dcad7cd967c3,Clinical Affairs,,1
5ccdbe28-5d0b-47e0-9383-2785b125c4f6,a9c57efd-f563-4359-a9d6-dcad7cd967c3,Prediction,,2
091550f9-0b1a-4664-9e31-c2079a653923,a9c57efd-f563-4359-a9d6-dcad7cd967c3,Neurological Disorders,,3
a7d4b683-6da7-4bd9-8fde-60e357f28060,a9c57efd-f563-4359-a9d6-dcad7cd967c3,Processing (Programming Language),,4
886933dc-0f1b-4865-a853-3fe63e7ef17d,a9c57efd-f563-4359-a9d6-dcad7cd967c3,Occlusion,,5
dcb11588-9333-4666-bac7-12287cb5fbb6,a9c57efd-f563-4359-a9d6-dcad7cd967c3,Clinical Leadership,,6
ff6e78c1-5949-4689-a775-39d7e7c8f2ab,a9c57efd-f563-4359-a9d6-dcad7cd967c3,Problem Solving,,7
abd54aa7-dbf9-42c1-bca3-1b326a5c70bc,a9c57efd-f563-4359-a9d6-dcad7cd967c3,Neuroimmunology,,8
acaa7cad-1e5a-4143-8426-f55d5d1bc8f5,a9c57efd-f563-4359-a9d6-dcad7cd967c3,Neurology,,9
641aa35e-f0ee-4a56-ac48-e6d5ef28eb87,f30f3aed-c112-4e00-80d0-8bfc8f0533f2,Image Processing,,0
da8f1f0a-a667-46fe-bd64-edab186933e4,f30f3aed-c112-4e00-80d0-8bfc8f0533f2,MATLAB,,1
d09eed96-893b-4099-8e43-29f43d77fade,f30f3aed-c112-4e00-80d0-8bfc8f0533f2,CUDA,,2
e0713b18-0881-46be-a355-46724c7790fd,f30f3aed-c112-4e00-80d0-8bfc8f0533f2,MRI,,3
da849fb5-944a-4577-b506-b777411e7862,f30f3aed-c112-4e00-80d0-8bfc8f0533f2,Medical Devices,,4
1d67ded4-6277-4e9c-a705-d2312a725dc8,f30f3aed-c112-4e00-80d0-8bfc8f0533f2,Ultrasound,,5
11355a39-d4f4-4711-bfbc-5e6b14ae5eab,f30f3aed-c112-4e00-80d0-8bfc8f0533f2,Cath Lab,,6
8995f068-96a9-4f10-ab8f-966844cca63e,f30f3aed-c112-4e00-80d0-8bfc8f0533f2,Data Analysis,,7
ab43a587-dbad-4ecd-8283-d8d69a2f36b9,f30f3aed-c112-4e00-80d0-8bfc8f0533f2,Neuroscience,,8
7c736f1b-8e9d-4ed7-a139-a9b254126eb9,f30f3aed-c112-4e00-80d0-8bfc8f0533f2,Interdisciplinary Collaboration,,9
e686d24a-5c3c-42c0-b264-4c13bb33ed50,34c72f0b-061a-4a86-958c-84cc5cf1fc6d,Teaching,,0
2ad2270d-e7e9-406e-a3a1-1134115153f5,34c72f0b-061a-4a86-958c-84cc5cf1fc6d,English as a Second Language (ESL),,1
bd3484cd-1475-4624-ac44-e30d70d40acf,34c72f0b-061a-4a86-958c-84cc5cf1fc6d,TESOL,,2
f54957a5-4055-4135-bbde-cb0a5635d1ca,34c72f0b-061a-4a86-958c-84cc5cf1fc6d,Online Teaching,,3
b6d29edd-41b0-4d57-b573-ab7b127d4434,34c72f0b-061a-4a86-958c-84cc5cf1fc6d,Lesson Planning,,4
15748665-f282-4082-8d2c-3310605834a9,34c72f0b-061a-4a86-958c-84cc5cf1fc6d,Student assesment,,5
464ee166-9c07-474f-8edd-6802310b2f3b,34c72f0b-061a-4a86-958c-84cc5cf1fc6d,Classroom Management,,6
bbd1220d-3da2-4015-b19d-b8e9c5398f03,34c72f0b-061a-4a86-958c-84cc5cf1fc6d,English Grammar,,7
bf53fc87-4175-4294-90c1-fd75ecc11179,34c72f0b-061a-4a86-958c-84cc5cf1fc6d,Teaching English as a Foreign Language,,8
024f89db-9cbc-413b-83ae-5f77571a16f7,34c72f0b-061a-4a86-958c-84cc5cf1fc6d,Grammar and vocabulary development,,9
0076be78-6bf3-4a9a-a181-fbbdc01b29ae,71849bea-2d80-4e8c-bfe2-496d4cabe910,Centrifugation,,0
cab0e012-ef5d-4229-bd25-7c60915b50ce,71849bea-2d80-4e8c-bfe2-496d4cabe910,Molecular Biology,,1
bf382480-3ef0-409c-aff5-61cc75a3d78e,71849bea-2d80-4e8c-bfe2-496d4cabe910,Critical Appraisal,,2
a33f5bd4-6ec1-4fb8-b36e-7b1422501b99,71849bea-2d80-4e8c-bfe2-496d4cabe910,Good Clinical Practice (GCP),,3
50be0f86-a210-4003-a60b-c7899f9f52e5,71849bea-2d80-4e8c-bfe2-496d4cabe910,Research Ethics,,4
ff2c9b9c-7eb9-4bd6-833e-29df85f8138c,71849bea-2d80-4e8c-bfe2-496d4cabe910,Event Management,,5
c64321eb-b0dd-4b0b-bed4-ad9607d808dd,71849bea-2d80-4e8c-bfe2-496d4cabe910,Stakeholder Management,,6
cae404c8-d860-430e-8758-810b258bf44b,71849bea-2d80-4e8c-bfe2-496d4cabe910,systematic reviews and meta analysis,,7
82c1ae56-828e-43a4-a6c4-b37076bd5e95,71849bea-2d80-4e8c-bfe2-496d4cabe910,Clinical Trials,,8
5fd3b64f-63fd-45e3-9b2e-4caa99fc8ae9,71849bea-2d80-4e8c-bfe2-496d4cabe910,ethics in research,,9
fc2130d4-a730-4392-8706-5ec43143cc29,d08ca4f1-15ea-4409-9189-9473d24202af,Time Management,,0
29c9170c-c4f6-4552-aaa3-b4246e332a99,d08ca4f1-15ea-4409-9189-9473d24202af,Consultant Neurologist/Stroke Physician at Evercare Hospital Lekki,,1
91997d6a-96a8-4f3b-8e34-bebb6ab38f25,89f8b084-b478-4c83-8b9c-c14a4b77647b,Health Communication,,0
28e8ac26-ec6e-4c55-a50f-1a1657a2b843,89f8b084-b478-4c83-8b9c-c14a4b77647b,Problem Solving,,1
5217a75e-194a-42c5-9bf0-d27c60ffa89a,89f8b084-b478-4c83-8b9c-c14a4b77647b,Communication Skills,,2
580a6baa-6542-47fc-a11d-b1c98e5e9c68,89f8b084-b478-4c83-8b9c-c14a4b77647b,Coaching,,3
9b1f0905-112b-4318-9bbb-7b449361fd3a,89f8b084-b478-4c83-8b9c-c14a4b77647b,Adobe InDesign,,4
0fcf4332-a43b-4889-9443-7a201f945f78,89f8b084-b478-4c83-8b9c-c14a4b77647b,Adobe Illustrator,,5
6a33228b-d66b-4798-b55c-8c672051cb6f,89f8b084-b478-4c83-8b9c-c14a4b77647b,Medical Illustration,,6
16a6e31f-48f9-4f9b-ad31-22b1d5098213,89f8b084-b478-4c83-8b9c-c14a4b77647b,Animation,,7
7c9168fe-7e36-4939-8b53-d8687c98656f,89f8b084-b478-4c83-8b9c-c14a4b77647b,3D,,8
4e33e990-ef39-478a-b1b1-399e12339b23,89f8b084-b478-4c83-8b9c-c14a4b77647b,English,,9
66d866cb-9f48-4eab-a96f-c044c868d713,df948294-a2cc-45f7-a9cf-d644fa4c93af,Program Development,,0
9e9c5bc7-7c8e-46cd-9c01-19bfa0378f87,df948294-a2cc-45f7-a9cf-d644fa4c93af,Cross-team Collaboration,,1
10bd0722-fa17-47da-a91f-208d425d3648,df948294-a2cc-45f7-a9cf-d644fa4c93af,Market Access,,2
f0ce8ed9-6856-4de2-b58d-052ced5cf35b,df948294-a2cc-45f7-a9cf-d644fa4c93af,Strategic Partnerships,,3
f19cb4a1-8ac7-4474-b059-ef221dd29c64,df948294-a2cc-45f7-a9cf-d644fa4c93af,Collective Leadership,,4
bb99d88d-d279-4567-9851-67e9cb3f5c17,df948294-a2cc-45f7-a9cf-d644fa4c93af,Therapeutic Product Insight,,5
39783659-b9df-4427-81a8-a9a5c14b3145,df948294-a2cc-45f7-a9cf-d644fa4c93af,Demographic Targeting,,6
bf249df5-1541-4d81-bd07-a8dec60ce3cf,df948294-a2cc-45f7-a9cf-d644fa4c93af,WhatsApp,,7
e533b07b-56cd-41e2-8e8a-c6707e2f720a,df948294-a2cc-45f7-a9cf-d644fa4c93af,Facetime,,8
0ba381a6-a03a-40e5-b53b-de74a4eb7e59,df948294-a2cc-45f7-a9cf-d644fa4c93af,Zoom,,9
251db7a0-690b-40e6-9f40-6417726c7324,5120e38e-41b7-46ab-b1d4-d523d261cf81,Análisis de datos,,0
503c3590-5d35-49c1-a195-dca5f31097c8,5120e38e-41b7-46ab-b1d4-d523d261cf81,Electrofisiología in Vivo,,1
085ebee6-fa13-40a8-b84a-728443cd0618,5120e38e-41b7-46ab-b1d4-d523d261cf81,Enseñanza del español,,2
8ea975ee-98f4-4b86-8143-1dc43a77ac13,5120e38e-41b7-46ab-b1d4-d523d261cf81,Diseño experimental,,3
05961336-c988-4148-9560-3cccd5011ad5,5120e38e-41b7-46ab-b1d4-d523d261cf81,psychopy,,4
4dac28c6-1fce-47d3-afde-30932332f09a,5120e38e-41b7-46ab-b1d4-d523d261cf81,Comunicación,,5
43963f5b-5556-4937-94d5-894ef756d362,5120e38e-41b7-46ab-b1d4-d523d261cf81,Dirección y desarrollo de equipos de trabajo,,6
95e7a5ca-6f50-4e91-a56c-861b97b9dbf5,5120e38e-41b7-46ab-b1d4-d523d261cf81,Formación,,7
b8488304-e9a7-4a4a-895c-86a48b87181e,5120e38e-41b7-46ab-b1d4-d523d261cf81,Python (Programming Language),,8
665eb79d-cf4a-413c-9bba-2417516e5f12,5120e38e-41b7-46ab-b1d4-d523d261cf81,Enseñanza de idiomas,,9
4ca2f0e1-07a5-457b-b9a2-c529199d84ae,f3ffe60b-2507-46a7-8ce9-4b42d84ddbef,Forensic Assessment,,0
a672d063-e60a-4a2f-947e-bd9e4054c432,f3ffe60b-2507-46a7-8ce9-4b42d84ddbef,Assessment,,1
93dbb00c-997d-4d65-a38b-377d8594e6cf,f3ffe60b-2507-46a7-8ce9-4b42d84ddbef,Mental Health Counseling,,2
648b324f-796a-48db-a360-0883d2010626,f3ffe60b-2507-46a7-8ce9-4b42d84ddbef,Individual Counselling,,3
87c9d2e1-6c7a-47b1-8d9f-7b284fb80885,f3ffe60b-2507-46a7-8ce9-4b42d84ddbef,Career Counseling,,4
de7e940f-ec83-4222-baa3-0a50bf24ef13,f3ffe60b-2507-46a7-8ce9-4b42d84ddbef,Client Counseling,,5
0355ab34-01b9-4fbc-8403-dd7564a188fc,f3ffe60b-2507-46a7-8ce9-4b42d84ddbef,Career Strategist,,6
3ad2e556-27a7-4c5c-8e54-40275b2bfc16,f3ffe60b-2507-46a7-8ce9-4b42d84ddbef,Relationship Counseling,,7
2bbbf4cf-47cf-431e-bc7d-86d3d3c8f232,f3ffe60b-2507-46a7-8ce9-4b42d84ddbef,Evidence-Based Practice (EBP),,8
d304ff03-5c30-4fb7-b03f-13aec63a1788,f3ffe60b-2507-46a7-8ce9-4b42d84ddbef,Family Therapy,,9
34fe18a6-142e-4795-ad5b-865d5fb9380d,19a4eade-39c6-4ef0-a7b2-d8392434ac26,Import/Export Operations,,0
4b4576f7-f6fc-4802-a2a8-d96505c7ac81,19a4eade-39c6-4ef0-a7b2-d8392434ac26,Microsoft SQL Server,,1
be08b22e-849a-4198-89c8-379c235cf3d3,19a4eade-39c6-4ef0-a7b2-d8392434ac26,Freight,,2
01c6e167-cfe4-453b-8a64-df82e5fbf0ac,19a4eade-39c6-4ef0-a7b2-d8392434ac26,Cargo Operations,,3
a0022148-504e-43ce-8825-0e94ca2e1454,19a4eade-39c6-4ef0-a7b2-d8392434ac26,Cargo Handling,,4
5f556b71-0e2c-4b79-92e4-aadbc72d33a3,19a4eade-39c6-4ef0-a7b2-d8392434ac26,Questionnaire testing and ratification,,5
c65fbad2-f5c1-48c7-9950-41a8a602cccb,19a4eade-39c6-4ef0-a7b2-d8392434ac26,Qualitative & Quantitative Research Methodologies,,6
d7094e69-3a10-44d3-901e-428f6e27e1e6,19a4eade-39c6-4ef0-a7b2-d8392434ac26,R (Programming Language),,7
b46fbcda-38b0-4e09-b836-2372825b6ea9,19a4eade-39c6-4ef0-a7b2-d8392434ac26,Clinical Research,,8
ffb72e2b-0e65-40f3-a837-1e4e7424ee89,19a4eade-39c6-4ef0-a7b2-d8392434ac26,Project Implementation,,9
c5b32a04-7858-4c37-b207-cc3476cef7ca,572f2869-4718-414b-89fc-db2352f38d6c,Autodesk Inventor,,0
dd721e45-79d8-4cc7-bd86-680b0e4a09f4,572f2869-4718-414b-89fc-db2352f38d6c,Mechanical Product Design,,1
c18dcb98-d5d6-4c7c-b183-6b54e12e0526,572f2869-4718-414b-89fc-db2352f38d6c,Product Development,,2
a1ccd43e-55d6-49be-8ca9-25a676f035f7,572f2869-4718-414b-89fc-db2352f38d6c,Presentation Skills,,3
8230a01d-11de-433a-9adc-e23f66422044,572f2869-4718-414b-89fc-db2352f38d6c,Finite Element Analysis (FEA),,4
ebaf04ae-7793-4d43-8b72-3b5ed59d9489,572f2869-4718-414b-89fc-db2352f38d6c,Computer-Aided Engineering (CAE),,5
cf55475d-4e9f-4477-a0e0-80711c0190a0,572f2869-4718-414b-89fc-db2352f38d6c,Sheet Metal,,6
1d69c4d0-5456-4aff-a96b-8a8146857e38,572f2869-4718-414b-89fc-db2352f38d6c,Mechanical Systems,,7
64a42914-03d2-4c46-9781-ca3f20f889cf,572f2869-4718-414b-89fc-db2352f38d6c,Soldering,,8
715c63c7-4c8e-45c1-9b3a-1e079b2b9dcc,572f2869-4718-414b-89fc-db2352f38d6c,Manufacturing Processes,,9
ff0fcd7e-f402-43aa-8d73-83ef3f7cdc65,da9a8a9d-170b-4166-8264-423946894fe2,Expense Reports,,0
7682390c-88ac-40fc-8215-8f57d0990c18,da9a8a9d-170b-4166-8264-423946894fe2,Query Resolution,,1
ffe2135a-6f30-46e9-9c3b-8e839ec47319,da9a8a9d-170b-4166-8264-423946894fe2,Good Distribution Practice (GDP),,2
324f43c3-e6f4-4418-9d71-b8ecf9906601,da9a8a9d-170b-4166-8264-423946894fe2,ICH-GCP knowledge compliance,,3
42bdc9a8-0d25-4e22-884b-1c14cf69ece1,da9a8a9d-170b-4166-8264-423946894fe2,Written Communication,,4
6535d6d2-5025-4f4f-87da-723a281ee4e5,da9a8a9d-170b-4166-8264-423946894fe2,Negotiation,,5
77dc268b-1a51-43f8-aed7-76d6dd32a4a2,da9a8a9d-170b-4166-8264-423946894fe2,Attention to Detail,,6
c3be52ea-3790-4ace-aba5-f5a04b965e5a,da9a8a9d-170b-4166-8264-423946894fe2,OnCore Management Systeam,,7
e2cbdbfb-ffa6-42ba-8a44-b799374e8eff,da9a8a9d-170b-4166-8264-423946894fe2,Connect Care Systeam,,8
67fa0005-f433-40d3-b907-8f6ee0837b2c,7e8e8a65-40f5-48fe-baba-6d6d3c8aeaed,Program Oversight,,0
21cfe011-8ee1-466d-b0e4-1088731ed51d,7e8e8a65-40f5-48fe-baba-6d6d3c8aeaed,Virtual Training,,1
c2c473e4-a34a-4c58-85de-a1d70fceb9a9,7e8e8a65-40f5-48fe-baba-6d6d3c8aeaed,Learning Management Systems,,2
3bd1ea7f-92e1-4cb6-8e66-0a46f922c9b5,7e8e8a65-40f5-48fe-baba-6d6d3c8aeaed,Content Management Systems (CMS),,3
78678435-7cc3-4423-b624-8718a12efb48,7e8e8a65-40f5-48fe-baba-6d6d3c8aeaed,Team Leadership,,4
cc907c56-36f9-4ce3-9d46-b3f847b8c7dd,7e8e8a65-40f5-48fe-baba-6d6d3c8aeaed,Internal Training,,5
c791f003-c385-46cd-9209-339880dadd3f,7e8e8a65-40f5-48fe-baba-6d6d3c8aeaed,Stakeholder Engagement,,6
eb109ad9-7e7a-49a8-9d2e-97d41159fc51,7e8e8a65-40f5-48fe-baba-6d6d3c8aeaed,Operations Process Improvement,,7
9e5316b2-b2e2-436f-8fbb-c05c2c763608,7e8e8a65-40f5-48fe-baba-6d6d3c8aeaed,Resource Planning,,8
c5b46902-ef01-4fd6-be88-3d4ae0df13eb,7e8e8a65-40f5-48fe-baba-6d6d3c8aeaed,Business Development,,9
77f084f9-2cae-45e3-bb9f-34935c7132df,1e5bda83-64ec-49c2-9877-632c0533a8d9,Business Strategy,,0
69c93f6f-947e-489e-bed8-ba65ac8db25c,1e5bda83-64ec-49c2-9877-632c0533a8d9,University Lecturing,,1
475a8304-1cd4-4a9d-8172-38546a7f559b,1e5bda83-64ec-49c2-9877-632c0533a8d9,In Vivo Imaging,,2
02df17b0-79e7-4f32-94b4-87dc3538ceca,1e5bda83-64ec-49c2-9877-632c0533a8d9,Product Management,,3
78dde07b-d66a-4000-9847-427de1978ec6,1e5bda83-64ec-49c2-9877-632c0533a8d9,Account Management,,4
dd79efe6-d03a-4c8c-854e-2e2b96400445,1e5bda83-64ec-49c2-9877-632c0533a8d9,Management,,5
d21bdc83-d399-4526-93b9-73c986299e60,1e5bda83-64ec-49c2-9877-632c0533a8d9,Strategic Planning,,6
2bd7b338-78af-4432-9e84-52dd680115e7,1e5bda83-64ec-49c2-9877-632c0533a8d9,Project Architecture,,7
f51baf8b-c424-4dbe-b271-4db11f890848,1e5bda83-64ec-49c2-9877-632c0533a8d9,Scientific Liaison,,8
873fba7a-2491-4a83-982f-635141e9bb93,1e5bda83-64ec-49c2-9877-632c0533a8d9,Critical Thinking,,9
1839b0e9-99f6-43cf-8d54-af06fa08d528,7fedd5a7-fdd5-4e8b-b956-2783b161a1d8,Research Skills,,0
a23927a5-d287-4244-84f1-45cc25c325f1,7fedd5a7-fdd5-4e8b-b956-2783b161a1d8,Communication,,1
eed56916-c7e7-4979-a38a-676659b01b01,7fedd5a7-fdd5-4e8b-b956-2783b161a1d8,Team Leadership,,2
82a34722-9f27-48b2-96de-2e63821360f9,7fedd5a7-fdd5-4e8b-b956-2783b161a1d8,Laboratory Techniques,,3
bfb1b415-bf68-452d-8c5b-234c617ab8fc,7fedd5a7-fdd5-4e8b-b956-2783b161a1d8,Powerlifting,,4
314f3f34-0e49-4314-9a2a-c1a103d967da,587f0fd2-4e3f-4311-bd23-f866d46dde97,Research Ethics,,0
f3d33837-158e-42b2-9ada-8a1774b94190,587f0fd2-4e3f-4311-bd23-f866d46dde97,Microsoft Excel,,1
063be5c4-b6e9-4029-af60-1c684a2c233e,587f0fd2-4e3f-4311-bd23-f866d46dde97,Good Clinical Practice (GCP),,2
f5883e5a-67b9-4d8e-9e2d-e8d272a2d9be,587f0fd2-4e3f-4311-bd23-f866d46dde97,IATA,,3
5b55e4aa-c911-4c49-9257-e79e7f81618c,587f0fd2-4e3f-4311-bd23-f866d46dde97,Microsoft Access,,4
29943c3b-6008-4e95-9b6c-89888bf51aa0,587f0fd2-4e3f-4311-bd23-f866d46dde97,Problem Solving,,5
b9c49344-f2f1-419f-900e-a16f47a934f7,587f0fd2-4e3f-4311-bd23-f866d46dde97,Microsoft Power Automate,,6
c5d93ab8-71cf-4230-afce-f4c34cd89e4c,587f0fd2-4e3f-4311-bd23-f866d46dde97,Microsoft Office Scripts,,7
6a5d8f5d-0fda-4ed9-9179-5987e38c115c,587f0fd2-4e3f-4311-bd23-f866d46dde97,Microsoft Outlook,,8
0b7f5e51-d6d2-4226-965f-7d9e50bcd818,587f0fd2-4e3f-4311-bd23-f866d46dde97,Microsoft PowerPoint,,9
a0dab1f3-0fb8-4bf6-be69-86e9eb886a77,ef35a6e6-0d41-41fb-9882-6d15c348c873,Machine Learning,,0
ec0d3628-a018-4941-8a87-fa3e2e10aeba,ef35a6e6-0d41-41fb-9882-6d15c348c873,Neuroscience,,1
4fdbd910-abb1-4301-b2d1-03664eba9ccd,ef35a6e6-0d41-41fb-9882-6d15c348c873,Wearable Technology,,2
3cb83f64-5130-404d-86ad-9f13076e3de5,ef35a6e6-0d41-41fb-9882-6d15c348c873,Team Motivation,,3
8eb00d6a-d3f3-489a-a37d-febe155903b3,ef35a6e6-0d41-41fb-9882-6d15c348c873,Task Analysis,,4
f9d332c4-29f7-463a-bed5-eae1af023d5f,ef35a6e6-0d41-41fb-9882-6d15c348c873,Presentation Skills,,5
3eb9f103-468d-4e19-8747-0dcf5866a6dc,ef35a6e6-0d41-41fb-9882-6d15c348c873,Human Error,,6
74353f04-7487-487a-b897-1f937d1919bb,ef35a6e6-0d41-41fb-9882-6d15c348c873,Technical Writing,,7
fea682a8-0628-42b3-b84d-7ebb94e644a2,ef35a6e6-0d41-41fb-9882-6d15c348c873,Error Analysis,,8
f71b2760-07af-40f5-97e4-e1cb0cab4c62,ef35a6e6-0d41-41fb-9882-6d15c348c873,Ergonomics,,9
09dd1182-c8ef-40bb-b702-f76f5e702fde,7f43465f-d861-4d56-8536-77b93bb82b46,Patient Data,,0
42a4dfaa-eaac-4845-9310-e0f16b6a1c7c,7f43465f-d861-4d56-8536-77b93bb82b46,Epic Systems,,1
d71f7533-bc4c-4cdb-a69f-75df9bc8fa61,7f43465f-d861-4d56-8536-77b93bb82b46,Quality Assurance,,2
35ef381d-ce89-4bde-bc63-76e018823be4,7f43465f-d861-4d56-8536-77b93bb82b46,Data Abstraction,,3
375a5521-44d4-4bda-91f2-75be1bc0dbce,7f43465f-d861-4d56-8536-77b93bb82b46,Presentation Skills,,4
2fa74fee-97b3-4049-9f65-c189bc8256bf,7f43465f-d861-4d56-8536-77b93bb82b46,CTCAE,,5
493d3c08-b272-4623-87bd-e1ad12ebf727,7f43465f-d861-4d56-8536-77b93bb82b46,Research Ethics Board,,6
aa94f91c-8794-4eaf-a05d-d368a60eb2d9,7f43465f-d861-4d56-8536-77b93bb82b46,PIPEDA,,7
720428ea-ba36-4cc8-a8b1-069071d11429,7f43465f-d861-4d56-8536-77b93bb82b46,U.S. Health Insurance Portability and Accountability Act (HIPAA),,8
18deaab5-aeba-4880-8cf5-b3098e42b66d,7f43465f-d861-4d56-8536-77b93bb82b46,Site Management,,9
1f1d6018-bba9-4282-b3f6-23b552f542ab,336962cb-8141-41d9-80f8-36e7a24cc3c6,Board level experience,,0
3a9a8315-2ede-467c-aaaa-fe6eea7d91d3,336962cb-8141-41d9-80f8-36e7a24cc3c6,Epilepsy Care,,1
62ec3bf0-ab3a-4487-9283-c0e7845706ac,336962cb-8141-41d9-80f8-36e7a24cc3c6,Acquired Brain Injury,,2
ffd0bd48-0f9f-4038-b63b-bf94ffb2721a,336962cb-8141-41d9-80f8-36e7a24cc3c6,Charge Nurse,,3
bdd0c4b8-7524-44ed-a07e-d6d68fa45e41,336962cb-8141-41d9-80f8-36e7a24cc3c6,Neurosciences,,4
7e9b7c13-fb9a-41ce-a831-ff257cf63359,336962cb-8141-41d9-80f8-36e7a24cc3c6,Neurosurgery,,5
e21b5559-7568-4dc3-aa5b-fc17c2bd4692,336962cb-8141-41d9-80f8-36e7a24cc3c6,Inpatient Care,,6
55b12d90-3a1b-4d56-b829-bf7a4e8c85d1,336962cb-8141-41d9-80f8-36e7a24cc3c6,Neurology Nursing,,7
9f184505-e140-4a5b-9e4d-7af1ead9aa2a,336962cb-8141-41d9-80f8-36e7a24cc3c6,Nursing,,8
302cd8e1-1060-455c-be85-75770c59d15f,336962cb-8141-41d9-80f8-36e7a24cc3c6,Education,,9
a465d297-a5f5-4d5a-92cc-8d6128cdeeea,8cf7e3df-bb78-4e83-ac88-189c4a139c43,Knowledge translation,,0
57c6b9f1-6795-490c-b5b4-06ad05cbae34,8cf7e3df-bb78-4e83-ac88-189c4a139c43,Networking,,1
7c672614-081d-4879-bf54-8e0be560caf5,8cf7e3df-bb78-4e83-ac88-189c4a139c43,Public Speaking,,2
4cfab953-c022-41f3-be88-f5f0c45d73f2,8cf7e3df-bb78-4e83-ac88-189c4a139c43,Teaching,,3
85376968-4129-4ccb-95c5-65b01b262b5b,8cf7e3df-bb78-4e83-ac88-189c4a139c43,Translation,,4
811cef21-f9f4-4904-9ea1-89f85bdc0de2,8cf7e3df-bb78-4e83-ac88-189c4a139c43,Knowledge Mobilization,,5
85afa456-a1b3-43dc-9e43-bfb55182d69f,8cf7e3df-bb78-4e83-ac88-189c4a139c43,Data Science,,6
09c32d1f-d290-4897-818f-eb19d4923a8f,8cf7e3df-bb78-4e83-ac88-189c4a139c43,Written Communication,,7
1713ce95-d361-4f66-a009-9bfcebe700a4,8cf7e3df-bb78-4e83-ac88-189c4a139c43,Presentations,,8
f8c22df9-3664-4303-b375-864780afa826,8cf7e3df-bb78-4e83-ac88-189c4a139c43,Microsoft PowerPoint,,9
ac7aa021-5886-482a-8e4b-3dcbceab1045,c63c8f57-f86d-47a7-9217-46bcbfb698e2,Employee Training,,0
00381876-d3fe-4610-aa0c-5f0bec2c7b00,c63c8f57-f86d-47a7-9217-46bcbfb698e2,Neurovascular,,1
6226204f-cd6f-4b87-a9b9-a73b9d4dc352,c63c8f57-f86d-47a7-9217-46bcbfb698e2,Neurovascular Anatomy,,2
65aa3fe2-53b9-4a72-8fe1-cef22f4b2215,c63c8f57-f86d-47a7-9217-46bcbfb698e2,Disease State,,3
07cd7fb9-d0e6-4332-b5bb-d07b47d1bcde,c63c8f57-f86d-47a7-9217-46bcbfb698e2,Clinical Support,,4
89e44119-b0a5-4a0c-9512-f2b75469a0e6,c63c8f57-f86d-47a7-9217-46bcbfb698e2,Concur,,5
8a103111-ed4d-468e-8d40-2787d896f693,c63c8f57-f86d-47a7-9217-46bcbfb698e2,Microsoft Power BI,,6
589f6323-5064-4229-846e-7969f2d607d6,c63c8f57-f86d-47a7-9217-46bcbfb698e2,Embolization,,7
7d9f7e1e-84ae-4935-a5e4-4acb85c68a82,c63c8f57-f86d-47a7-9217-46bcbfb698e2,Thrombectomy,,8
4d8841b8-5905-4317-b134-9a7f5b25f805,c63c8f57-f86d-47a7-9217-46bcbfb698e2,Stroke Intervention,,9
38c2085a-1ba7-4930-bc97-0f7d9a262164,4aa28502-de8f-41b4-97bd-2248f326cc50,Neuromodulation,,0
d5fcaaa9-c2f8-47f6-8a7e-d9113d57d078,4aa28502-de8f-41b4-97bd-2248f326cc50,Biofeedback,,1
6a028d2b-9cef-4b8e-a03b-51955a60b6ad,4aa28502-de8f-41b4-97bd-2248f326cc50,Cognition,,2
40f3acfa-9e5f-4838-a776-da3fbfdc4abf,4aa28502-de8f-41b4-97bd-2248f326cc50,Optimization,,3
cbfe70a9-a48f-49f8-9ed3-e6f0233664e2,4aa28502-de8f-41b4-97bd-2248f326cc50,Performance Improvement,,4
b3435888-7333-4013-aa03-0e3a2269c223,4aa28502-de8f-41b4-97bd-2248f326cc50,Team Cohesion,,5
d0171514-816d-4459-b889-5fed821929b0,4aa28502-de8f-41b4-97bd-2248f326cc50,Interpersonal Relationships,,6
d0c05a38-7c39-4148-8ee7-a5b8d507c12b,4aa28502-de8f-41b4-97bd-2248f326cc50,Literature Reviews,,7
008b81fa-b4e6-4533-a62c-47bd8614158c,4aa28502-de8f-41b4-97bd-2248f326cc50,Human Performance Technology,,8
6f1ad1d9-b9ed-4554-8a65-43ee24e65aba,4aa28502-de8f-41b4-97bd-2248f326cc50,Microsoft Applications,,9
83dcad06-6c02-444a-a222-1e85fe988453,35f957d6-aa96-4350-a40b-67bb28fbc6bc,Team Leadership,,0
b5dd411e-2124-42a8-8c3c-6b08c8ceb118,35f957d6-aa96-4350-a40b-67bb28fbc6bc,Cross-functional Team Leadership,,1
8e5d7980-1a12-48e0-b8b4-18460be38be8,35f957d6-aa96-4350-a40b-67bb28fbc6bc,Educational Leadership,,2
ca3637e8-ca1c-4ab8-a1d4-9b5599a44683,35f957d6-aa96-4350-a40b-67bb28fbc6bc,RStudio,,3
a5020147-f69a-4b2a-93ee-105a71f8ff6c,35f957d6-aa96-4350-a40b-67bb28fbc6bc,R (Programming Language),,4
7c5cfcc5-012f-4231-a111-7a855b0db45d,35f957d6-aa96-4350-a40b-67bb28fbc6bc,Scholarly Research,,5
7bf549aa-951f-44d7-ab34-6a9a1d925dbe,35f957d6-aa96-4350-a40b-67bb28fbc6bc,Quality Assurance,,6
d9a3e565-7584-4a60-afd6-5ac46c1de39b,35f957d6-aa96-4350-a40b-67bb28fbc6bc,Qualitative Research,,7
93249138-7b4d-462b-b404-bad38a19024a,35f957d6-aa96-4350-a40b-67bb28fbc6bc,Clinical Research,,8
0f8c20c5-f1ef-4dab-90b9-b193a4822e67,35f957d6-aa96-4350-a40b-67bb28fbc6bc,Neuroscience,,9
a676c5df-12b9-4757-8f55-86afea3982fc,a03edca5-fc15-4181-b998-c30126d4c306,Microsoft Excel,,0
8e1f37b6-0380-4ae4-92c3-cc91ac8772fe,a03edca5-fc15-4181-b998-c30126d4c306,Neuroscience,,1
89ce1ee9-df43-4ca2-9c22-7b2c643c1c53,a03edca5-fc15-4181-b998-c30126d4c306,Project Management,,2
39cf7a49-c81b-46ec-8b31-533cc414f011,a03edca5-fc15-4181-b998-c30126d4c306,Customer Service,,3
f4cb3e2a-22b6-4a58-a93f-4e1494d0727f,a03edca5-fc15-4181-b998-c30126d4c306,Leadership,,4
888ab2a0-fe15-4417-9a50-86dbb27778ce,a03edca5-fc15-4181-b998-c30126d4c306,Communication,,5
1fc8da45-79df-419d-8c6e-8b0176be61fe,a03edca5-fc15-4181-b998-c30126d4c306,Time Management,,6
b80c825b-7f60-4e11-a468-c3164e1569ed,a03edca5-fc15-4181-b998-c30126d4c306,Management,,7
5b4d3a63-f150-4b10-ad29-9ce54dc3b60a,a03edca5-fc15-4181-b998-c30126d4c306,Research,,8
7ab25632-8159-443a-8562-e1dfa9604943,a03edca5-fc15-4181-b998-c30126d4c306,Consulting,,9
00a70235-77b7-4ceb-bbe1-7c2badb512f9,ea4447d6-5ba9-4947-ab00-db6024508338,Family Therapy,,0
4b665ec5-3d39-4515-9701-2a531b64a6b3,ea4447d6-5ba9-4947-ab00-db6024508338,Cognitive Behavioral Therapy (CBT),,1
e3f08df2-b15d-4cad-bac6-c511233e2e97,ea4447d6-5ba9-4947-ab00-db6024508338,Gestalt Psychotherapy,,2
e16a9a51-a005-4b2a-93bf-85a839dc4bdf,ea4447d6-5ba9-4947-ab00-db6024508338,Team Effectiveness,,3
61e50e1b-181b-43f1-80a5-31c0c7419a5d,ea4447d6-5ba9-4947-ab00-db6024508338,Communication,,4
e4d52fcc-3f76-4cd7-bbcc-0882455482dd,ea4447d6-5ba9-4947-ab00-db6024508338,Research Skills,,5
614d1fce-e5ad-45eb-9ec4-fad0180fb0ee,ea4447d6-5ba9-4947-ab00-db6024508338,Critical Thinking,,6
c00117ac-4bdb-40a4-95ed-a07c0daa4da9,ea4447d6-5ba9-4947-ab00-db6024508338,Mental Health,,7
3672311e-636d-4c2c-b9b6-6b3ac8832cb2,ea4447d6-5ba9-4947-ab00-db6024508338,Special Education,,8
5afe63c3-d31e-4b23-ac13-90aff45a93f3,ea4447d6-5ba9-4947-ab00-db6024508338,Inclusive education,,9
feab1f7a-9418-4e06-899e-b82a5978822c,0f00b441-f8ca-4e84-ae8c-f0eb1e29d99a,Autoencoders,,0
bcf3ba16-b2eb-43e7-9814-ad3ba1b60a1c,0f00b441-f8ca-4e84-ae8c-f0eb1e29d99a,Convolutional Neural Networks (CNN),,1
5fa09caf-3797-4f5b-bf15-2165ef361579,0f00b441-f8ca-4e84-ae8c-f0eb1e29d99a,Applied Behavior Analysis,,2
dd1ac114-ecba-48d2-af8f-0f744cb2edfd,0f00b441-f8ca-4e84-ae8c-f0eb1e29d99a,MATLAB,,3
cff555d5-0973-467a-b822-58aade6304fb,0f00b441-f8ca-4e84-ae8c-f0eb1e29d99a,Cybersecurity,,4
3cf0e147-41e9-49aa-85e9-e813d3544a7e,0f00b441-f8ca-4e84-ae8c-f0eb1e29d99a,Course Management,,5
16b7f5ee-1f2f-4081-ae86-e48337033f32,0f00b441-f8ca-4e84-ae8c-f0eb1e29d99a,Syzygy,,6
ca358ddd-581d-45e6-b55c-2caf64179c52,0f00b441-f8ca-4e84-ae8c-f0eb1e29d99a,Desire2Learn,,7
acfe96cc-013c-4432-8af9-4845ed96f3d1,0f00b441-f8ca-4e84-ae8c-f0eb1e29d99a,Jupyter,,8
997c84f6-173d-48d5-99cf-4215abef15e1,0f00b441-f8ca-4e84-ae8c-f0eb1e29d99a,MRI,,9
c313f48d-3c25-4f15-aaa9-0d4f409ae678,de5d8bf6-dd9f-4ecb-b001-a2464122b477,Generalized Anxiety,,0
bfae73cb-e534-4122-836e-65b04fca76ec,de5d8bf6-dd9f-4ecb-b001-a2464122b477,Separation Anxiety,,1
63892fb4-6627-4577-8c90-ed436d55fddc,de5d8bf6-dd9f-4ecb-b001-a2464122b477,Family Services,,2
af77416a-6721-4584-a135-d611c5c49e0f,de5d8bf6-dd9f-4ecb-b001-a2464122b477,Crisis Counselling,,3
0111ed2a-96bc-47e9-8f73-b5d84b29c724,de5d8bf6-dd9f-4ecb-b001-a2464122b477,Relationship Building,,4
bade9e6d-f1b2-4517-ad5e-9ec3ba36d09d,de5d8bf6-dd9f-4ecb-b001-a2464122b477,Counselling,,5
197f3f56-a442-489b-8d5f-236202dc6806,de5d8bf6-dd9f-4ecb-b001-a2464122b477,Parenting Skills Training,,6
7f04f969-09da-4dd8-8a3c-951b9b7da139,de5d8bf6-dd9f-4ecb-b001-a2464122b477,Parenting Workshops,,7
f48d6f27-dbf8-4e64-bb09-ded4d85c3603,de5d8bf6-dd9f-4ecb-b001-a2464122b477,Multi-disciplinary Teams,,8
e0d839d8-f5b4-425a-a70a-6ed93e9cf94b,de5d8bf6-dd9f-4ecb-b001-a2464122b477,Training,,9
a653720f-8bcd-41f3-9c74-cce891fd48ed,476c18a8-b38d-42c8-b9b8-75972bcca356,Supervisory Skills,,0
2151a590-c3f8-4c9b-91d0-fb7273326604,476c18a8-b38d-42c8-b9b8-75972bcca356,Data Collection,,1
13f3b0e3-6b42-4a5b-a868-2bfc7dcaaca3,476c18a8-b38d-42c8-b9b8-75972bcca356,Literature Reviews,,2
327bc561-71bf-4566-b506-2cedc8b1fe81,476c18a8-b38d-42c8-b9b8-75972bcca356,Data Science,,3
6ebdf5bf-24b5-43f6-8bfc-084a59c1af17,476c18a8-b38d-42c8-b9b8-75972bcca356,Statistics,,4
04cb0ea2-f72b-4dc4-8c8e-b8b33868570b,476c18a8-b38d-42c8-b9b8-75972bcca356,Analytical Skills,,5
33417182-5d93-42a4-94c7-3e9f0e197954,476c18a8-b38d-42c8-b9b8-75972bcca356,MRI,,6
a6e1043c-7e4c-4819-a9c7-5899c7eae25d,476c18a8-b38d-42c8-b9b8-75972bcca356,Neuroscience,,7
1523ef6b-eaa0-46a3-afb5-1e9d721c63a4,476c18a8-b38d-42c8-b9b8-75972bcca356,Clinical Research,,8
75c26d9e-914d-46f0-8ab0-b78d713f85bc,476c18a8-b38d-42c8-b9b8-75972bcca356,Grant Writing,,9
d1c627a7-235c-46b1-b151-3bcc417e9e42,1d35eb59-2100-4cfe-9820-f495bfc9b883,Presentations,,0
fa69bb6b-24d9-42ba-8147-0218bf25015b,1d35eb59-2100-4cfe-9820-f495bfc9b883,Founder president at Rural community Foundation of Nepal,,1
670c348f-6308-4f77-812b-5568673d4cfe,330746cd-4de8-41a2-a4c5-c75787af6150,Psychology,,0
cb976ff4-103a-4708-94dc-789cbfb93859,330746cd-4de8-41a2-a4c5-c75787af6150,Research Therapist & Clinical Rater at University of Calgary,,1
fb5b155a-73f5-4377-ab3f-a82a4a849bdc,1569254f-5dcd-4f4f-8a9d-9c74e07c336f,Translational Research,,0
bdc6700a-d9bd-4855-bd31-30d2c82104ec,1569254f-5dcd-4f4f-8a9d-9c74e07c336f,Electronic Trial Master File (eTMF),,1
938fa3e9-6945-4d61-8c26-7f428450d87c,1569254f-5dcd-4f4f-8a9d-9c74e07c336f,REDCap,,2
0d78afd1-346f-4485-bfa9-2a9d3e8d6791,1569254f-5dcd-4f4f-8a9d-9c74e07c336f,Pre-clinical Studies,,3
10cdeca4-986e-4ba1-9cfe-360c2cd40750,1569254f-5dcd-4f4f-8a9d-9c74e07c336f,Generative AI,,4
5fc6c82c-b7d3-420e-98b5-b5defb94206c,1569254f-5dcd-4f4f-8a9d-9c74e07c336f,Project Management,,5
6992b66f-1e33-42f5-9e01-3158582d49ca,1569254f-5dcd-4f4f-8a9d-9c74e07c336f,Good Clinical Practice (GCP),,6
69d5ff36-d868-4643-b79a-7a7f13f1ffd2,1569254f-5dcd-4f4f-8a9d-9c74e07c336f,Clinical Research,,7
b9ffe7b2-cbb4-478b-9c20-69cf0bc96a6f,1569254f-5dcd-4f4f-8a9d-9c74e07c336f,Cognitive Neuroscience,,8
5954be3c-6011-4187-9172-90f0c060583a,1569254f-5dcd-4f4f-8a9d-9c74e07c336f,Healthcare Consulting,,9
ebdad7df-634f-435b-a7d4-9179ec026ecf,e8bb624c-beb7-47bf-bdc9-6220d0f168de,Qualitative & Quantitative Research Methodologies,,0
ccbabf27-1c8b-4e52-923b-6ad86fad64b7,e8bb624c-beb7-47bf-bdc9-6220d0f168de,Mental Health,,1
945aadd1-668d-43a8-b560-ca013584e69b,e8bb624c-beb7-47bf-bdc9-6220d0f168de,Public Health,,2
a65280e3-6516-4205-9ebe-16174cd993f4,e8bb624c-beb7-47bf-bdc9-6220d0f168de,Statistical Data Analysis,,3
aaf168d5-77d7-4a5b-8075-695fca82bc68,e8bb624c-beb7-47bf-bdc9-6220d0f168de,Health Policy,,4
c33b02c3-3fe8-497b-b210-6f546fc681be,e8bb624c-beb7-47bf-bdc9-6220d0f168de,Microsoft Office,,5
7949d3ad-3b73-4495-89f3-648eb59a7e61,e8bb624c-beb7-47bf-bdc9-6220d0f168de,Interviewing,,6
18e5ca07-37b2-4772-88bd-1790aa790c0a,e8bb624c-beb7-47bf-bdc9-6220d0f168de,Qualitative Research,,7
29b3cde6-fac0-4238-984c-07b3154b619f,e8bb624c-beb7-47bf-bdc9-6220d0f168de,Audio Transcription,,8
63865a2a-1aae-4f12-918a-2d5c779b2375,e8bb624c-beb7-47bf-bdc9-6220d0f168de,Attention to Detail,,9
caf2f56b-1ce6-4316-965f-26f14eb30018,7634b3ec-4d14-4a0e-b019-1257b0805abf,Neuroscience,,0
b6eecdc3-2f8c-4f5f-a747-ac9871ab1109,7634b3ec-4d14-4a0e-b019-1257b0805abf,Leadership Development,,1
1520c46a-af62-455d-b08b-179c01606f93,7634b3ec-4d14-4a0e-b019-1257b0805abf,Executive Coaching,,2
21af4b1b-8ebc-4aa8-abe2-8b4a8367296a,7634b3ec-4d14-4a0e-b019-1257b0805abf,Strategic Consulting,,3
e4b2822c-0e45-40d4-9410-c6c3957c6a05,7634b3ec-4d14-4a0e-b019-1257b0805abf,Research,,4
4a25ceb5-972b-40ea-987c-9430def3c8fb,7634b3ec-4d14-4a0e-b019-1257b0805abf,Training,,5
ed40f64b-2fa0-4532-88f9-4863a10aa234,7634b3ec-4d14-4a0e-b019-1257b0805abf,Public Speaking,,6
3eb571d8-ffba-4168-a8fb-a73e35727c94,7634b3ec-4d14-4a0e-b019-1257b0805abf,Mental Health Counseling,,7
d6f0dd58-ab63-4067-afd8-a01891c3cd8d,7634b3ec-4d14-4a0e-b019-1257b0805abf,Consulting,,8
4b541f75-a4a8-43b7-a417-888851ebd617,7634b3ec-4d14-4a0e-b019-1257b0805abf,Clinical Psychology,,9
ad81d6fd-0e4f-4832-84ec-076dffe21b46,9477aa84-ba85-42bb-8fdc-e97874ebb897,Geriatric Medicine,,0
ed8f8871-2327-4f0b-8c17-1b2eb9bd847e,9477aa84-ba85-42bb-8fdc-e97874ebb897,Cervical Spondylosis,,1
b5c49222-97a4-4cbe-a023-761b05705735,9477aa84-ba85-42bb-8fdc-e97874ebb897,Migraine,,2
5636c7d8-a434-4d1d-b67b-2b9d286bccc3,9477aa84-ba85-42bb-8fdc-e97874ebb897,Meningitis,,3
e952a367-3a05-4184-b74f-f5e430093468,9477aa84-ba85-42bb-8fdc-e97874ebb897,Multiple Sclerosis,,4
038eae86-c062-47fa-9e2c-a0e99e918120,9477aa84-ba85-42bb-8fdc-e97874ebb897,memory clinics,,5
885bef59-4f10-45c0-af25-25ba811d76da,9477aa84-ba85-42bb-8fdc-e97874ebb897,Parkinson's Disease,,6
b6cb0ec4-0c85-4e0a-b066-c294c6595edb,9477aa84-ba85-42bb-8fdc-e97874ebb897,Neurology,,7
c600aa2b-e37c-48ea-88b3-4910d3c01aac,9477aa84-ba85-42bb-8fdc-e97874ebb897,Thrombolysis,,8
6b0b56d9-863f-4bee-89d3-c03d5ff3790d,9477aa84-ba85-42bb-8fdc-e97874ebb897,Acute stroke,,9
0c7c0bf1-534b-44f7-9ebb-372d5ec0ab7c,ea031c0f-411b-49ea-85db-8255ae86850c,In Vivo Calcium Imaging,,0
722d9787-f5b2-474e-95a2-784848d666dc,ea031c0f-411b-49ea-85db-8255ae86850c,Python (Programming Language),,1
d5e34df8-37b9-4546-bfe8-443f0d686f47,ea031c0f-411b-49ea-85db-8255ae86850c,R (Programming Language),,2
ac861321-472b-4c33-b04a-c22a21e4ab20,ea031c0f-411b-49ea-85db-8255ae86850c,Behavioral Neuroscience,,3
3a5dddfc-0965-4dd4-b80f-dc46118c0635,8bf1be5d-6127-4d6b-80ea-f5e8f867e612,Poster Presentations,,0
9f22c5c5-a4c0-4394-94bc-6e244688e929,8bf1be5d-6127-4d6b-80ea-f5e8f867e612,Mouse colony management,,1
14b08670-5866-4759-8232-5940d0705100,8bf1be5d-6127-4d6b-80ea-f5e8f867e612,DNA Sequencing,,2
6acc46eb-9460-4681-a4c5-32e22aa90f6c,8bf1be5d-6127-4d6b-80ea-f5e8f867e612,Nucleic Acid Extraction,,3
b833658b-ea33-426b-b062-2f90715c3a42,8bf1be5d-6127-4d6b-80ea-f5e8f867e612,Gel Electrophoresis,,4
8266e274-bad3-4887-8dca-47c5a1678d56,8bf1be5d-6127-4d6b-80ea-f5e8f867e612,Transmigration assay,,5
653c2d50-9c96-4d54-88a0-8422fdc88d34,8bf1be5d-6127-4d6b-80ea-f5e8f867e612,H&E staining,,6
d6d4f3d9-8a95-4aba-a85f-2820227f1e8d,8bf1be5d-6127-4d6b-80ea-f5e8f867e612,Neuropsychopharmacology,,7
f2f874ce-a2a3-49cc-9d18-c9869e78bfe2,8bf1be5d-6127-4d6b-80ea-f5e8f867e612,Microscopy,,8
43db793d-7e27-455b-be19-b3e435dc2cc0,8bf1be5d-6127-4d6b-80ea-f5e8f867e612,Experimental Autoimmune Encephalomyelitis,,9
4113799b-5b39-45d0-aa6e-0706e3e48991,9cb460c8-c6c3-4285-a668-03afd5296307,Histopathology,,0
3a0028d7-39d0-41a4-8063-8bb9bd1066f9,9cb460c8-c6c3-4285-a668-03afd5296307,Animal Handling,,1
9fd90a07-126e-4f84-9e1f-37cb836a4fcc,9cb460c8-c6c3-4285-a668-03afd5296307,R (Programming Language),,2
06184b17-bbdb-41bf-b812-b1e7a4678de7,9cb460c8-c6c3-4285-a668-03afd5296307,RNAseq Analysis,,3
3c4d666d-d235-43f2-b5ba-1115bda0445e,9cb460c8-c6c3-4285-a668-03afd5296307,ImageJ,,4
eeeed670-7245-4f9a-b02f-156982502524,9cb460c8-c6c3-4285-a668-03afd5296307,GraphPad Prism,,5
b226366c-b2e5-4fd8-8636-ea70cfb2d7f6,9cb460c8-c6c3-4285-a668-03afd5296307,Analytical Skills,,6
501b2de9-cd7d-4e3b-88d3-f95ca1d0b3eb,9cb460c8-c6c3-4285-a668-03afd5296307,Scientific Writing,,7
0be72fc1-1a4a-4cfb-948b-2adaec88dbff,9cb460c8-c6c3-4285-a668-03afd5296307,Presentation Skills,,8
222e6bbf-a3ba-4d52-b4f1-7d05fdd1f438,9cb460c8-c6c3-4285-a668-03afd5296307,Public Speaking,,9
72da2849-2c52-4049-8522-d1eea5f9023e,bd119e1b-4d23-405a-aed4-8ba4594b6022,Operations Management,,0
8dbefca4-de90-41f1-8130-9f3f24e1ce70,bd119e1b-4d23-405a-aed4-8ba4594b6022,Drug Development,,1
d2f7887c-b59c-4e3c-9132-85a444974f7c,bd119e1b-4d23-405a-aed4-8ba4594b6022,Drug Discovery,,2
f4faf5f6-7fd2-4727-81eb-796aaa25680f,bd119e1b-4d23-405a-aed4-8ba4594b6022,Interdisciplinary Collaboration,,3
caa569e9-8754-425d-bb8f-354ef3644acf,bd119e1b-4d23-405a-aed4-8ba4594b6022,GraphPad Prism,,4
8da9f664-ea2d-420f-a003-0e5c440e2f88,bd119e1b-4d23-405a-aed4-8ba4594b6022,SigmaPlot,,5
38de7bbb-a3d7-4d97-9d8b-9a4394678b9c,bd119e1b-4d23-405a-aed4-8ba4594b6022,MATLAB,,6
c89c9c93-79de-4d12-a133-c154ea5357b0,bd119e1b-4d23-405a-aed4-8ba4594b6022,Biologics,,7
083eb7ef-5a75-43a8-bf2e-d06296758bf3,bd119e1b-4d23-405a-aed4-8ba4594b6022,In Vivo,,8
b4d6ba73-ba4c-4973-9f19-0c0e09ec1cab,bd119e1b-4d23-405a-aed4-8ba4594b6022,Ex Vivo,,9
8f05b833-4594-4f58-8d16-436607d25adf,5ec7bfb6-8b89-4aff-917b-8048cb1a1508,Regulatory Affairs,,0
f74a8af1-1c6f-42b2-9c7f-f8ae9c50f84c,5ec7bfb6-8b89-4aff-917b-8048cb1a1508,Research Administration,,1
00b61894-ca79-43c7-9b9f-ac6bebebf6e3,5ec7bfb6-8b89-4aff-917b-8048cb1a1508,Quality Assurance,,2
8ae5894d-6b67-4692-bf86-99bdd581eb56,5ec7bfb6-8b89-4aff-917b-8048cb1a1508,Strategic Planning,,3
abdbf625-7f64-4421-8fda-14add7dca5bc,5ec7bfb6-8b89-4aff-917b-8048cb1a1508,Programme Governance,,4
a2fb933b-f25a-432c-92e4-aa91fcbfc3e6,5ec7bfb6-8b89-4aff-917b-8048cb1a1508,Translational Medicine,,5
c5e93499-190d-4cc5-88be-3f754ed24b93,5ec7bfb6-8b89-4aff-917b-8048cb1a1508,Clinical Consultation,,6
b2842bc6-773d-4418-940c-96ed9d14d887,5ec7bfb6-8b89-4aff-917b-8048cb1a1508,Scientific Consultation,,7
bd7a0e3e-db27-4cd4-9864-8c8dfb64ac00,5ec7bfb6-8b89-4aff-917b-8048cb1a1508,Stakeholder Engagement,,8
eb5630aa-4696-43a9-a990-bf7ec03538ba,5ec7bfb6-8b89-4aff-917b-8048cb1a1508,Stakeholder Management,,9
6fc9552a-93d0-4fda-89ea-886f63a37c42,5e5b825a-ba27-44cc-92e6-13d33f512816,Supervisory Skills,,0
989bd5bb-c6fa-4153-bf89-024bdb6341e4,5e5b825a-ba27-44cc-92e6-13d33f512816,Problem Solving,,1
7d9efe71-315a-4342-bfb8-04006434398a,5e5b825a-ba27-44cc-92e6-13d33f512816,Performance Reviews,,2
bea3d129-2986-41be-a20e-5993dffbb30a,5e5b825a-ba27-44cc-92e6-13d33f512816,Oral Communication,,3
eb06c787-193b-4255-a211-ea425332a2c1,5e5b825a-ba27-44cc-92e6-13d33f512816,Customer Satisfaction,,4
2f3a8933-7cd4-4678-b7c2-f29f1fb2ae0f,5e5b825a-ba27-44cc-92e6-13d33f512816,Coaching,,5
6dab4a92-ebdc-44c4-9e3c-077843a50198,5e5b825a-ba27-44cc-92e6-13d33f512816,Budgeting,,6
bdf72125-064e-4613-a8c3-d4eee67072d5,5e5b825a-ba27-44cc-92e6-13d33f512816,Budgeting & Forecasting,,7
10c19dae-01da-4a22-b979-16dfbc5be867,5e5b825a-ba27-44cc-92e6-13d33f512816,Corporate Governance,,8
b7af637d-d50a-4849-8b84-34d4b8b12231,5e5b825a-ba27-44cc-92e6-13d33f512816,Financial Management,,9
7e5d9890-0677-44c1-9153-7c7d300b0214,8113edcb-7d34-4b96-ab2b-49f9e96ef448,Teaching,,0
ca3218d7-c131-4e69-9a50-6935ca72b786,8113edcb-7d34-4b96-ab2b-49f9e96ef448,Higher Education,,1
4c751af4-baa1-4257-bffe-acb37cd383be,8113edcb-7d34-4b96-ab2b-49f9e96ef448,Mental Health,,2
cb100ca5-cacf-430b-84c4-5ffe8a2cab2a,8113edcb-7d34-4b96-ab2b-49f9e96ef448,Psychology,,3
2d2e94d9-4648-4ef5-80bc-99f1f69fb67b,8113edcb-7d34-4b96-ab2b-49f9e96ef448,Program Development,,4
f07fb3b9-7a07-4bf3-905b-8227a5f944b9,8113edcb-7d34-4b96-ab2b-49f9e96ef448,Strategic Planning,,5
8c8917ec-3221-4d7a-9902-e2452d0a5aab,8113edcb-7d34-4b96-ab2b-49f9e96ef448,Nonprofits,,6
5356458a-526e-46bb-b53c-b16fd67bfb56,8113edcb-7d34-4b96-ab2b-49f9e96ef448,Team Building,,7
0bce20f5-ea7a-438d-a597-a8000238d879,8113edcb-7d34-4b96-ab2b-49f9e96ef448,Public Speaking,,8
5be17d31-a4d9-4eba-b9f9-5323441205b6,8113edcb-7d34-4b96-ab2b-49f9e96ef448,Adolescents,,9
e7350b1b-5c1f-4a96-b929-8d53232b43ed,b53beb50-65a4-48e9-af51-029a5af1447c,Shareholder Communications,,0
7cb1c505-3edb-44ec-ab93-a63afec23240,b53beb50-65a4-48e9-af51-029a5af1447c,Economic Policy,,1
4f271f37-9d40-4c7f-a38e-c93f5549c072,b53beb50-65a4-48e9-af51-029a5af1447c,Policy Writing,,2
2def746f-8310-407d-8bcb-70995117c0e4,b53beb50-65a4-48e9-af51-029a5af1447c,Strategic Communications,,3
b989d9fb-a47b-4cb3-a857-dd65806b48cb,b53beb50-65a4-48e9-af51-029a5af1447c,Media Engagement,,4
241f0fed-d14c-4877-98d4-739910e48e56,b53beb50-65a4-48e9-af51-029a5af1447c,Copywriting,,5
820b31b0-6b5f-43a4-b1cc-cbbc729ace9f,b53beb50-65a4-48e9-af51-029a5af1447c,Stakeholder Management,,6
200e0624-4594-4410-98b9-519b1f9a77e7,b53beb50-65a4-48e9-af51-029a5af1447c,Crisis Communications,,7
93d11ffb-995f-4f9b-bd5d-0a2d77aa2cd3,b53beb50-65a4-48e9-af51-029a5af1447c,Project Management,,8
5abe9de7-5d0d-4467-abeb-bd62df4ff7c9,b53beb50-65a4-48e9-af51-029a5af1447c,Big-Picture Thinking,,9
085d0460-63be-4357-ad81-2255349d0818,d3232143-f3e3-46ab-ad93-27caa2eb9054,Critical Care Medicine,,0
4b2e7809-e7a1-4dba-b891-617f7877c731,d3232143-f3e3-46ab-ad93-27caa2eb9054,Inpatient neurology,,1
a812d4d1-b0af-4edd-a576-a470808cc666,d3232143-f3e3-46ab-ad93-27caa2eb9054,Medical Education,,2
0a099e1a-02d6-4704-9096-0409ff483c0a,d3232143-f3e3-46ab-ad93-27caa2eb9054,Simulation facilitation,,3
d6e62dc9-8272-4d2f-9d95-9fb3e37ca6d4,d3232143-f3e3-46ab-ad93-27caa2eb9054,Medical Research,,4
4e9dc1d7-606b-4328-8706-18f5eb7a91f5,63aa3093-2483-4790-9478-dad5b855cbc8,Neurodegenerative Disease,,0
610596f1-048a-4c05-99b7-3937796c7459,63aa3093-2483-4790-9478-dad5b855cbc8,Problem Solving,,1
2821e5d2-c236-489d-a8f2-a8e99dabb524,63aa3093-2483-4790-9478-dad5b855cbc8,Radiation,,2
fef0194e-69ec-4adb-a074-c56c60f1fcf1,63aa3093-2483-4790-9478-dad5b855cbc8,Radiography,,3
e806c7ef-5274-45be-8abc-ce48ba94a1d2,63aa3093-2483-4790-9478-dad5b855cbc8,Digital Radiography,,4
64196d3f-7e73-45e4-9e37-b86cb13f24b7,63aa3093-2483-4790-9478-dad5b855cbc8,Breast Imaging,,5
d0c09e75-fdb3-488c-8e4a-15550a9f5a40,63aa3093-2483-4790-9478-dad5b855cbc8,Clinical Practices,,6
4ad05845-ae50-49f6-943e-2116c85f6159,63aa3093-2483-4790-9478-dad5b855cbc8,Anatomy,,7
0296c7de-aaee-4dc6-b5fb-2019af357668,63aa3093-2483-4790-9478-dad5b855cbc8,Radiology,,8
14064728-0b9b-4e37-af6b-632868e4d7c8,63aa3093-2483-4790-9478-dad5b855cbc8,Communication,,9
5bd5b4b8-84b2-4f38-a901-0b79ef7f60b4,a62c51d1-e96b-41ec-bf8b-98755b59ec85,Medical Writing,,0
7111238a-33c3-497d-a051-f623e420b508,a62c51d1-e96b-41ec-bf8b-98755b59ec85,Intercultural Communication,,1
37dca86a-6bf8-4832-aa74-5583b4a47862,a62c51d1-e96b-41ec-bf8b-98755b59ec85,Medical Communications,,2
b93bb634-36c5-4ff6-8a87-2772b54fdd32,a62c51d1-e96b-41ec-bf8b-98755b59ec85,Health Literacy,,3
1c4e955a-6b00-4ecc-bc5f-f5818a1b10f3,a62c51d1-e96b-41ec-bf8b-98755b59ec85,Data Entry,,4
d54a185a-6f39-49ec-abd1-648c3cb6642b,a62c51d1-e96b-41ec-bf8b-98755b59ec85,Confidentiality,,5
d5745e52-7ff5-4763-b30c-e4a2c7b0c9f0,a62c51d1-e96b-41ec-bf8b-98755b59ec85,Sensitive Information,,6
0762390c-776d-448e-91bc-8dfa61f1630a,a62c51d1-e96b-41ec-bf8b-98755b59ec85,Computer Literacy,,7
5fb16541-4777-40a5-8ae7-a8c4d62e4f11,a62c51d1-e96b-41ec-bf8b-98755b59ec85,Attention to Detail,,8
a437ce28-a979-404d-8b13-f113baffefa6,a62c51d1-e96b-41ec-bf8b-98755b59ec85,Interpreting,,9
ecd11675-4d2e-4784-a639-92cdf0b87ef4,9dbf4f8d-b936-4105-9110-eb5acfe881df,Healthcare,,0
00275f48-038f-45bb-a9d2-cc5c76545045,9dbf4f8d-b936-4105-9110-eb5acfe881df,Medicine,,1
e0b276c5-d183-452e-bc37-7c8203d9a350,9dbf4f8d-b936-4105-9110-eb5acfe881df,Hospitals,,2
574d213d-99fa-4f99-ba94-7b4e6bb5a976,9dbf4f8d-b936-4105-9110-eb5acfe881df,Medical Education,,3
4d44b169-df64-4db2-8132-c4235630910a,9dbf4f8d-b936-4105-9110-eb5acfe881df,Clinical Trials,,4
5001e00d-1d78-4845-958b-3fde28d69927,9dbf4f8d-b936-4105-9110-eb5acfe881df,Healthcare Information Technology,,5
bda7b813-d65e-492d-bb1e-74e85ea40c25,9dbf4f8d-b936-4105-9110-eb5acfe881df,Informatics,,6
7b9522a0-8c14-459e-a159-c7ab7131ec28,9dbf4f8d-b936-4105-9110-eb5acfe881df,Microsoft Excel,,7
c34a6237-b373-4068-b264-afc878aa5230,9dbf4f8d-b936-4105-9110-eb5acfe881df,Hospitales,,8
8895a7ec-c07a-452a-be51-fed9cd3e827d,9dbf4f8d-b936-4105-9110-eb5acfe881df,Productos sanitarios,,9
bec4acba-72c5-4867-a47e-20d93cb5ba42,646e8f6b-c94a-47cb-927a-8adf78c46964,Higher Education Teaching,,0
7097dc2a-f8b5-4b5e-81df-851291851fee,646e8f6b-c94a-47cb-927a-8adf78c46964,University Lecturing,,1
145c3506-1a59-4800-8908-d50340f5233e,646e8f6b-c94a-47cb-927a-8adf78c46964,Research Skills,,2
973264e9-3ace-407e-8c8d-996cb4cc5bc7,646e8f6b-c94a-47cb-927a-8adf78c46964,Medical Research,,3
c32a2b8c-d124-4318-ab07-33332c6eb42c,122ca970-0606-409c-a254-6bdaed5ecbad,Social Work,,0
d4cb4d10-207c-4166-acac-1b9698df1812,122ca970-0606-409c-a254-6bdaed5ecbad,Discharge Planning,,1
38737eda-d619-403a-b127-226488748518,122ca970-0606-409c-a254-6bdaed5ecbad,Communication,,2
c9b0f1eb-6816-4c5f-9a9a-46177cc6b875,122ca970-0606-409c-a254-6bdaed5ecbad,Biopsychosocial Assessments,,3
857fc83f-773b-48ee-bf6a-3dff0677415a,122ca970-0606-409c-a254-6bdaed5ecbad,Health Assessment,,4
a33f90f0-3f10-4469-9c8f-24c82c4ab421,122ca970-0606-409c-a254-6bdaed5ecbad,Grief Counseling,,5
91608316-c0f8-405d-8eb0-4561cfab8320,122ca970-0606-409c-a254-6bdaed5ecbad,Counseling Psychology,,6
6935e030-f70d-4d38-adcd-e2c3e1f6709e,122ca970-0606-409c-a254-6bdaed5ecbad,Women's Health,,7
5bac47ec-ba4c-41f8-ba46-e0600ac11cb5,122ca970-0606-409c-a254-6bdaed5ecbad,Service Work,,8
1b8fb7fa-6e74-41a8-b4f8-4f538599c4bf,122ca970-0606-409c-a254-6bdaed5ecbad,Mental Health Assessment,,9
5d53c40e-0538-4a8b-807a-4f7b987984d4,7946978f-052b-443e-a6e4-ea6aedcb260e,Organoid culture,,0
0c5b829c-5994-491c-8a96-ffdf0664587b,7946978f-052b-443e-a6e4-ea6aedcb260e,Live imaging,,1
77f49b1c-d76f-482a-9ecd-93bc0da30cd9,7946978f-052b-443e-a6e4-ea6aedcb260e,Molecular Biology,,2
2b84f107-7307-46c1-9125-90e44ec5f17a,7946978f-052b-443e-a6e4-ea6aedcb260e,Biochemistry,,3
1e4d16b8-7e61-413f-b8b0-1725debfb8ff,7946978f-052b-443e-a6e4-ea6aedcb260e,Cell Biology,,4
4396cb5d-2b16-4c9a-af25-e7c9e8ed3aad,7946978f-052b-443e-a6e4-ea6aedcb260e,Protein expression,,5
a2a76f97-32c7-4c3a-ac91-f2902622edc4,7946978f-052b-443e-a6e4-ea6aedcb260e,PCR,,6
a04d39a6-3479-47d9-829b-23357205cb31,7946978f-052b-443e-a6e4-ea6aedcb260e,Biotechnology,,7
0768ba00-945e-40bf-b6db-6e87876e5a1a,7946978f-052b-443e-a6e4-ea6aedcb260e,Cell Culture,,8
bb0fbcf7-c077-40c2-aa4b-15f2f72fa71c,7946978f-052b-443e-a6e4-ea6aedcb260e,r programming,,9
7fcd3f6b-ba24-4941-a879-f4f73a45318e,c2a51769-ff4e-41b3-a853-1177cbf076b8,Scholarly Research,,0
73d8cb52-cbe9-41cc-9614-3a58b184d314,c2a51769-ff4e-41b3-a853-1177cbf076b8,Research Collaboration,,1
5b81e56e-ae87-4dab-b563-38d8d9f0bcdd,c2a51769-ff4e-41b3-a853-1177cbf076b8,Ethics,,2
2bb9a1ef-6032-4146-ad82-277a6fdde0d4,c2a51769-ff4e-41b3-a853-1177cbf076b8,NVivo,,3
7d3587eb-461c-4606-b4a1-213fd54e069d,c2a51769-ff4e-41b3-a853-1177cbf076b8,educational evaluaion,,4
76a12364-6f76-494d-92c6-30669fc3976b,c2a51769-ff4e-41b3-a853-1177cbf076b8,Educational Assessment,,5
c9ef6d28-0f12-4b7b-83bd-b1adffc6b0e9,c2a51769-ff4e-41b3-a853-1177cbf076b8,scholarship of teaching and learnign,,6
abbca37e-55d0-4630-bb00-4d42c8edac3c,c2a51769-ff4e-41b3-a853-1177cbf076b8,Educational Consulting,,7
32e1fa09-3c3a-4767-8c8c-0b153d570b01,c2a51769-ff4e-41b3-a853-1177cbf076b8,Higher Education Teaching,,8
96c184e9-dec6-4beb-965b-b3e76d859190,c2a51769-ff4e-41b3-a853-1177cbf076b8,University Lecturing,,9
0cbdff7d-85d5-4228-838f-50956cbcfbc7,0f674b24-9917-431b-ae9f-d720e4819bbc,Quantitative Research,,0
9eb324ac-24e6-4dc5-92de-3b0694da9139,0f674b24-9917-431b-ae9f-d720e4819bbc,Computer Vision Research Developer at ILLUSCIO,,1
51aee459-e8e3-4ea6-b4c1-c40e3c6b128b,c7107c4c-3381-45cd-a14c-b516229890be,Clinical Trial Analysis,,0
29e9d349-bfe7-4604-bdf4-551a4be03689,c7107c4c-3381-45cd-a14c-b516229890be,Patient Care,,1
4926b227-6a6e-4c28-87c9-97daf942c407,c7107c4c-3381-45cd-a14c-b516229890be,Oncology,,2
b06d063a-b74f-4e17-9ac6-08911f4c58c1,c7107c4c-3381-45cd-a14c-b516229890be,Data Management,,3
cd1f506c-9c7a-4d4f-93b3-19cef25c5774,c7107c4c-3381-45cd-a14c-b516229890be,Data Analytics,,4
ae072eac-b837-4df3-a7ad-84b04a317215,c7107c4c-3381-45cd-a14c-b516229890be,Clinical Trial Management System (CTMS),,5
413ea36a-4313-4d63-bc3b-377eb793e952,c7107c4c-3381-45cd-a14c-b516229890be,Good Clinical Practice (GCP),,6
550ac5a2-5a6a-4228-922b-9803b58885cd,c7107c4c-3381-45cd-a14c-b516229890be,Clinical Research,,7
36c8dff5-2e03-46fd-97e5-52abb03dd88b,c7107c4c-3381-45cd-a14c-b516229890be,Applied Research,,8
d973114b-5614-4c88-b4bc-03ea5bb6e794,c7107c4c-3381-45cd-a14c-b516229890be,Project Management,,9
35b7eb71-e963-4023-ad37-565b5db362ce,7e53a2f4-9523-457e-9ffe-0f1b488d9656,Executive Team Member,,0
01d743cb-7ec1-498d-9486-d8a3b11388f5,7e53a2f4-9523-457e-9ffe-0f1b488d9656,Executive Advisory,,1
ea8fdaad-ec9c-440a-b46e-b94e7657e06f,7e53a2f4-9523-457e-9ffe-0f1b488d9656,Mentoring,,2
40e5bfb4-8e34-43a7-a032-a8d555bbb6d3,7e53a2f4-9523-457e-9ffe-0f1b488d9656,Confocal Microscopy,,3
dbb2fcaa-f744-48a4-816e-58a52b48b37d,7e53a2f4-9523-457e-9ffe-0f1b488d9656,Communication,,4
01bac974-facf-4f70-9949-1b0f196fca81,7e53a2f4-9523-457e-9ffe-0f1b488d9656,Research Skills,,5
37f1092f-fca9-47fa-9049-a92f9964d692,7e53a2f4-9523-457e-9ffe-0f1b488d9656,Analytical Skills,,6
cceb1ea6-82de-440a-8aa2-0f4b1397ac37,7e53a2f4-9523-457e-9ffe-0f1b488d9656,Project Management,,7
285ef15a-f278-4b98-afc0-b46c19acacd3,7e53a2f4-9523-457e-9ffe-0f1b488d9656,Neuroscience,,8
d8dc0dda-8406-4f00-a0c8-1e53bac3d1ac,7e53a2f4-9523-457e-9ffe-0f1b488d9656,Science Communication,,9
b30e3e91-a2ac-4998-9560-bbefe41a4c17,a6576ea5-0a97-4df7-b7cd-a25a36baeacf,Sample Preparation,,0
b56de32d-57cb-4306-84a3-37d3305dbc97,a6576ea5-0a97-4df7-b7cd-a25a36baeacf,Validation Protocol,,1
2ac7f599-a11f-47fb-9168-d62dc8df5809,a6576ea5-0a97-4df7-b7cd-a25a36baeacf,Presentation Skills,,2
7cb3a7ca-5f44-4d76-bf7d-6886d73dd41a,a6576ea5-0a97-4df7-b7cd-a25a36baeacf,Research Project Management,,3
a4828078-7127-4d58-8574-6d63217df999,a6576ea5-0a97-4df7-b7cd-a25a36baeacf,Animal Models,,4
d14e3382-5271-43a8-8ecb-74b2fdaec017,a6576ea5-0a97-4df7-b7cd-a25a36baeacf,Molecular & Cellular Biology,,5
c11850a3-c0e1-4404-b49e-16156860db47,a6576ea5-0a97-4df7-b7cd-a25a36baeacf,Specimen Analysis,,6
acef90dc-0235-4a8f-bd9c-c09f0611c8c8,a6576ea5-0a97-4df7-b7cd-a25a36baeacf,Food Safety,,7
0e11c04a-bc5b-4919-be1a-9cbd389ff2f6,a6576ea5-0a97-4df7-b7cd-a25a36baeacf,Microscopy,,8
cd021aae-89ae-41f2-9755-fc43b3ba4b08,a6576ea5-0a97-4df7-b7cd-a25a36baeacf,Project Management,,9
1d40f59f-0958-40db-92c4-5ffc5143511c,f0717882-ea20-49b4-a9eb-b90be826167a,Cross-functional Collaborations,,0
60fa52d2-d76a-4f93-88bf-bed8fbf242fc,f0717882-ea20-49b4-a9eb-b90be826167a,Global Collaboration,,1
f82bc765-f9c2-4c15-8d5f-b1b2d799ad14,f0717882-ea20-49b4-a9eb-b90be826167a,Medical Affairs Capability Building,,2
fc644c23-a54e-476c-861a-ac561408c35e,f0717882-ea20-49b4-a9eb-b90be826167a,Pipeline Evaluation,,3
2555b163-9760-45eb-9679-f8d500507552,f0717882-ea20-49b4-a9eb-b90be826167a,Scientific & Commercial Enablement,,4
fbe0a589-06e4-4ede-a10b-05c2c1811c65,f0717882-ea20-49b4-a9eb-b90be826167a,Publication Strategy,,5
3d34c134-0f17-4a96-936e-3049cd76bae1,f0717882-ea20-49b4-a9eb-b90be826167a,Field Medical Excellence (MSL),,6
260b9a7a-2bbd-4c29-ad4e-2876c8d2f67e,f0717882-ea20-49b4-a9eb-b90be826167a,Scientific Communications,,7
1deebcc1-63c1-4c93-bd35-1f76937b24f1,f0717882-ea20-49b4-a9eb-b90be826167a,Product Lifecycle Management,,8
0d8b00d2-ff0b-42a0-93e6-20467ef77c49,f0717882-ea20-49b4-a9eb-b90be826167a,Digital and Social Media Communications,,9
7e1d70c8-3714-42a6-8891-0d98c3a325b4,f6e229a8-086f-43f8-9650-87a33b1741bb,Tráfego Pago,,0
d8b71e89-e0da-470c-981e-31d65476fffb,f6e229a8-086f-43f8-9650-87a33b1741bb,Estratégia digital,,1
62d49512-2177-4fef-bf62-83818ebba00a,f6e229a8-086f-43f8-9650-87a33b1741bb,Neuromarketing,,2
f6704b25-4981-461b-be62-f3715861a592,f6e229a8-086f-43f8-9650-87a33b1741bb,Gestão de tráfego,,3
38b22465-fbd8-45f3-a8b8-7f2548a8ac36,f6e229a8-086f-43f8-9650-87a33b1741bb,Marketing digital,,4
7b8acd4f-3f1b-46a9-a40f-272454f6442f,f6e229a8-086f-43f8-9650-87a33b1741bb,Gestão de projetos,,5
d5ef338c-18d8-4d8e-b42a-62bc0998911a,f6e229a8-086f-43f8-9650-87a33b1741bb,Administração,,6
2be74071-8908-48d4-993d-8c9f971c188a,f6e229a8-086f-43f8-9650-87a33b1741bb,Psicologia cognitiva,,7
52306002-211e-44f5-b4c1-6b1f2f48e0c4,f6e229a8-086f-43f8-9650-87a33b1741bb,Filosofia da mente,,8
127c506a-3eb3-4fe5-8b5b-ed2210c88d54,f6e229a8-086f-43f8-9650-87a33b1741bb,Neurociência computacional,,9
5c46179f-a4fb-47e1-aa30-7c5d62a1943f,ee4a6495-9ae0-408e-ace6-b8db01154b0f,Health Information Management,,0
4ad4cb94-9e5e-4053-adcb-1b3044b304d4,ee4a6495-9ae0-408e-ace6-b8db01154b0f,Health Information Systems (HIS),,1
8e003b3a-2b78-4a85-876a-640520a88cad,ee4a6495-9ae0-408e-ace6-b8db01154b0f,Healthcare,,2
60f1b176-c29c-41b6-8ad0-7fc6deddb155,ee4a6495-9ae0-408e-ace6-b8db01154b0f,Stakeholder Management,,3
69546690-779e-481a-9302-3f72b1720c9b,ee4a6495-9ae0-408e-ace6-b8db01154b0f,Microsoft Office,,4
de2a710b-b317-45fa-b71b-388a282f903d,ee4a6495-9ae0-408e-ace6-b8db01154b0f,File Systems,,5
517dbeed-5d92-48b7-abc5-a58d00b97fc2,ee4a6495-9ae0-408e-ace6-b8db01154b0f,Social Media,,6
050cd012-8ee7-4aab-801b-88f18f94836c,ee4a6495-9ae0-408e-ace6-b8db01154b0f,Presentation Skills,,7
67a8866a-336d-4d40-bdb8-baaf1e3e6cf5,ee4a6495-9ae0-408e-ace6-b8db01154b0f,Reagents,,8
de33b937-0193-4fc8-876f-3987272a3fc3,ee4a6495-9ae0-408e-ace6-b8db01154b0f,Chemistry,,9
6d6e15d8-8591-4822-acae-ba6b4f8e0f5a,bec79a13-afdd-4cda-95b7-5a71c2ea672c,PCR Testing,,0
fd92d39a-f01d-4edb-9da2-13832af922e2,bec79a13-afdd-4cda-95b7-5a71c2ea672c,Sandman PSG Software,,1
80ca9ec3-6d32-4a65-87fb-82b44e4c358c,bec79a13-afdd-4cda-95b7-5a71c2ea672c,Patient Education,,2
0b03dee5-ab02-47fd-8c21-9961de4625b7,bec79a13-afdd-4cda-95b7-5a71c2ea672c,Direct Patient Care,,3
28b43c76-dddd-4b50-8aee-ab0e69360f47,bec79a13-afdd-4cda-95b7-5a71c2ea672c,Grant Writing,,4
4a09fafd-9655-44d0-8c24-c7eff241bf87,bec79a13-afdd-4cda-95b7-5a71c2ea672c,Ethics Submissions,,5
596e32f1-7195-40cf-a685-7f3826d6dd15,bec79a13-afdd-4cda-95b7-5a71c2ea672c,Research Management,,6
7c1ebd64-f956-4625-8877-2510103e975e,bec79a13-afdd-4cda-95b7-5a71c2ea672c,Project Planning and Development,,7
b9f09618-9138-4785-9264-42561b44a002,bec79a13-afdd-4cda-95b7-5a71c2ea672c,Statistical Data Analysis,,8
6266a4c4-45c7-4a5b-bd46-9fca4fee8eb5,bec79a13-afdd-4cda-95b7-5a71c2ea672c,Meta-analysis,,9
79a7b184-f7d2-4dbe-bd29-c8919eddc5c5,b176ae64-769d-4239-a478-eb98e013c811,Automation,,0
e05ac1b1-5453-4899-a79c-30df8df27305,b176ae64-769d-4239-a478-eb98e013c811,Lead Generation,,1
41d9175c-3fee-4a0e-9335-67adc9f4006f,b176ae64-769d-4239-a478-eb98e013c811,Customer Relationship Management (CRM),,2
60c7225c-e9be-48f0-987f-dc8c780e35a0,b176ae64-769d-4239-a478-eb98e013c811,Territory Account Management,,3
e4dea5c2-741f-4c1e-8338-f5935f9f8c80,b176ae64-769d-4239-a478-eb98e013c811,Small Business,,4
239a80ae-1ea2-4bc7-91b4-2a1af6998f7d,b176ae64-769d-4239-a478-eb98e013c811,Marketing Strategy,,5
c0dcbca5-7cb1-4222-89e6-2841bf84ec37,b176ae64-769d-4239-a478-eb98e013c811,Product Management,,6
66417124-7a16-4bbb-8caf-0712198aeb80,b176ae64-769d-4239-a478-eb98e013c811,Biotechnology,,7
f546370e-ab4c-47de-9b49-d19687f39dae,b176ae64-769d-4239-a478-eb98e013c811,Biotechnology Industry,,8
d8358110-ede9-4dbc-bb65-d646b0811ffe,b176ae64-769d-4239-a478-eb98e013c811,Electrophysiology,,9
9ec0bb12-ddb6-49c4-94c0-3eaed2fc3d92,a6424123-6e6f-447b-8880-e621e432559a,Teaching,,0
47ef556f-6b6c-4b41-8b6e-778e4fb47307,a6424123-6e6f-447b-8880-e621e432559a,Physiology,,1
ae57b6db-f622-4a0e-bc34-17599531c7fe,a6424123-6e6f-447b-8880-e621e432559a,"Biomedical Research: animal model handling, behavioural testing, phytomedicine",,2
08c82b6f-362b-446f-8815-ee516d0e855e,a6424123-6e6f-447b-8880-e621e432559a,Oral and written communication skills,,3
da53fdab-362d-459b-9e91-e952c4c7a8b4,a6424123-6e6f-447b-8880-e621e432559a,"Microsoft Word, Excel and PowerPoint",,4
896e6b72-b4bd-4f8f-ba21-890376eac73c,a6424123-6e6f-447b-8880-e621e432559a,"Statistics package: Graph pad, SPSS",,5
3aa9da38-78bb-4ca0-bfa3-66d2640ee896,a6424123-6e6f-447b-8880-e621e432559a,Team work,,6
95efde73-8fc2-40c4-9506-b3993ce9478c,a6424123-6e6f-447b-8880-e621e432559a,Data collection and analysis,,7
c61d4d14-daa3-4058-b68d-63044ad7b115,a6424123-6e6f-447b-8880-e621e432559a,Scientific Writing,,8
434ea2e6-7228-4366-8369-3d2347a76751,a6424123-6e6f-447b-8880-e621e432559a,Team Management,,9
d404596a-53e1-4626-9fd0-fd75fa59fab9,697e1ab6-fdd4-4350-b371-d7d0dff04e53,Bladder physiology,,0
7d123ba4-0219-4f01-8d9f-4f77763c1ee2,697e1ab6-fdd4-4350-b371-d7d0dff04e53,Bladder Cancer,,1
858aeb9f-2ad7-4e4e-8a98-13896d4fee67,697e1ab6-fdd4-4350-b371-d7d0dff04e53,Western Blotting,,2
41e210b5-0e98-4b99-945c-f0c896162001,697e1ab6-fdd4-4350-b371-d7d0dff04e53,Crispr,,3
5c595442-4e6a-4452-90d8-a564a858be99,697e1ab6-fdd4-4350-b371-d7d0dff04e53,Science Communication,,4
9bc20a4b-a5c7-4f51-b558-1532368aa94c,697e1ab6-fdd4-4350-b371-d7d0dff04e53,Web Content Writing,,5
f0221a8b-9577-4a46-9fc7-20fe4211f5be,697e1ab6-fdd4-4350-b371-d7d0dff04e53,Editing,,6
e29b7983-60b8-46c0-aba7-7fb114fe5e72,697e1ab6-fdd4-4350-b371-d7d0dff04e53,Marketing,,7
f653791c-b3e2-4cfb-a0bb-68a3333db1c8,697e1ab6-fdd4-4350-b371-d7d0dff04e53,Research,,8
6c8a045a-c42f-4c10-b9a3-c816b27cebc2,697e1ab6-fdd4-4350-b371-d7d0dff04e53,Project Management,,9
ed312431-107f-49db-b42e-2fc104d0f575,11f7d2dd-cdaf-45be-b420-74eabc412a11,Python (Programming Language),,0
ed474dcd-9ba3-4056-a0b9-51031de71646,11f7d2dd-cdaf-45be-b420-74eabc412a11,Digital Signal Processing,,1
5730e6c6-1baf-4849-b87c-bdebb3d808fa,11f7d2dd-cdaf-45be-b420-74eabc412a11,Report Writing,,2
0752c4ea-638a-445d-b6c9-ee4ef6339990,11f7d2dd-cdaf-45be-b420-74eabc412a11,Pre-clinical Studies,,3
fd2929de-c55b-4499-a7b8-f841162b6832,11f7d2dd-cdaf-45be-b420-74eabc412a11,Data Analytics,,4
8381b0fd-6836-48bf-8e61-28e614fc3adc,11f7d2dd-cdaf-45be-b420-74eabc412a11,Design of Experiments (DOE),,5
bbfe3da0-7101-40a0-a3e5-2d5418171014,11f7d2dd-cdaf-45be-b420-74eabc412a11,Animal Models,,6
5c935c7f-909e-4ed2-a94b-f3c8b7c22cec,11f7d2dd-cdaf-45be-b420-74eabc412a11,Wearable Technology,,7
58ac4828-47dc-4564-b832-3972006fb370,11f7d2dd-cdaf-45be-b420-74eabc412a11,Computational Neuroscience,,8
82951c13-ff29-433c-b108-2a4c2223b898,11f7d2dd-cdaf-45be-b420-74eabc412a11,Scientific Analysis,,9
904a0593-c532-4824-82d7-9e60bb900773,108cc1c0-5358-486d-9f74-2b4bc7c892a9,Health Outcomes Research,,0
880cec62-bdff-4ebc-bab8-3047297444b4,108cc1c0-5358-486d-9f74-2b4bc7c892a9,"Predictive Modeling, SPSS/R/Python",,1
874bfa6a-9af2-499c-a2d5-6878369a0007,108cc1c0-5358-486d-9f74-2b4bc7c892a9,Statistiques,,2
68325789-f7f7-430a-b5b9-2f68cc83cdb9,108cc1c0-5358-486d-9f74-2b4bc7c892a9,Psychotherapy Patient Counseling,,3
12a895c9-0587-4224-85ab-a23df61aec65,108cc1c0-5358-486d-9f74-2b4bc7c892a9,Patient Counseling,,4
bbeb5c3e-78ec-4cf7-a265-c47f9a2c25ef,108cc1c0-5358-486d-9f74-2b4bc7c892a9,Psychological Assessment,,5
cd28e0a5-c37f-4b96-9e07-5020deb060a3,108cc1c0-5358-486d-9f74-2b4bc7c892a9,Treatment Planning,,6
eff9e7c0-1e0a-43e7-a958-65cb9ed8bdcf,108cc1c0-5358-486d-9f74-2b4bc7c892a9,Clinical Psychology,,7
82f80736-dce4-4696-960f-aff56682dd56,108cc1c0-5358-486d-9f74-2b4bc7c892a9,Diagnose,,8
eef8493b-6bcc-4534-bd65-561db1544b3e,108cc1c0-5358-486d-9f74-2b4bc7c892a9,Epistemology,,9
67fddb7a-f133-41d4-b060-103601445f8e,c3c5dce6-d0a7-4df1-904c-750d9b4357ce,Coursera for Business,,0
cf2abd31-2acf-4e33-9637-ed9eeea24bac,c3c5dce6-d0a7-4df1-904c-750d9b4357ce,Neuropsychiatry,,1
606c1a6e-f14c-4904-b0de-443f8398a2b7,c3c5dce6-d0a7-4df1-904c-750d9b4357ce,Psychiatric Care,,2
a5fafc69-1184-460b-af4c-db0e5bc14989,c3c5dce6-d0a7-4df1-904c-750d9b4357ce,DSM,,3
307c36af-db06-4ff9-965c-7ec1d98650bc,c3c5dce6-d0a7-4df1-904c-750d9b4357ce,Finance,,4
52aa360f-0a7e-4b3d-846b-1b7109a8bcc5,c3c5dce6-d0a7-4df1-904c-750d9b4357ce,Leadership,,5
85c7caa0-701c-48ae-bcae-3dc75406975c,c3c5dce6-d0a7-4df1-904c-750d9b4357ce,Team Leadership,,6
799266ab-95d2-4d63-944c-7b6828a6dcf3,c3c5dce6-d0a7-4df1-904c-750d9b4357ce,Cross-functional Team Leadership,,7
ef042220-c599-4465-8aab-86b48958f0ca,c3c5dce6-d0a7-4df1-904c-750d9b4357ce,Leadership Development,,8
47543902-abf3-44b9-aa3f-1e0ae71d1f30,c3c5dce6-d0a7-4df1-904c-750d9b4357ce,Educational Leadership,,9
34361aa6-e0bc-4e08-aeb9-91f8ab33bd0d,53e7e2e4-276f-42e2-b540-4511c3c0e518,Cellular Assays,,0
6533c0c6-479d-4956-90d9-b47c501a0f9b,53e7e2e4-276f-42e2-b540-4511c3c0e518,Assay Development,,1
d2b09825-ad5f-4fa3-84d7-8e6ed720ec6d,53e7e2e4-276f-42e2-b540-4511c3c0e518,Molecular Biology,,2
3706ce5a-9cc2-4703-8d86-8f5742dca05d,53e7e2e4-276f-42e2-b540-4511c3c0e518,Molecular,,3
5fe96dea-5bb7-4ff4-b057-318ac6583317,53e7e2e4-276f-42e2-b540-4511c3c0e518,Cytometry,,4
e780c54d-594f-47e9-8003-8afecf1df629,53e7e2e4-276f-42e2-b540-4511c3c0e518,Communication,,5
b2561418-d81f-4361-b191-3a0a8c3a7b85,53e7e2e4-276f-42e2-b540-4511c3c0e518,Cell Culture,,6
0e16e8f9-8002-440a-93bc-73499b4c02c2,53e7e2e4-276f-42e2-b540-4511c3c0e518,Materials Science,,7
1b197ecd-84a4-4176-8176-8c6ba0d2d638,53e7e2e4-276f-42e2-b540-4511c3c0e518,Characterization,,8
6bda83ae-2148-4aaa-b7f1-2a21c9e777f2,53e7e2e4-276f-42e2-b540-4511c3c0e518,Metallurgy,,9
c67a2092-2b10-4b9c-8f49-0670de834411,98585330-2788-4e3b-8d6b-c3e725337e3d,Writing,,0
07e959fa-da15-4070-9571-06ba30f0e651,98585330-2788-4e3b-8d6b-c3e725337e3d,External Communications,,1
000b0ee6-822d-4679-ac8f-fd48efb71525,98585330-2788-4e3b-8d6b-c3e725337e3d,Strategic Communications,,2
9f10ea47-98b1-4bd5-80d7-5d09696094f6,98585330-2788-4e3b-8d6b-c3e725337e3d,Strategy,,3
8dfe0095-7e13-448f-8f68-896a61c2dd71,98585330-2788-4e3b-8d6b-c3e725337e3d,Stakeholder Engagement,,4
47a8f998-d73f-4bfc-828a-ba3bb3f253d2,98585330-2788-4e3b-8d6b-c3e725337e3d,Healthcare Innovation,,5
09dc0a7b-205f-4c6b-8305-9ead30fc27e1,98585330-2788-4e3b-8d6b-c3e725337e3d,Digital Strategy,,6
982257b3-ae6a-4cd3-97bd-b8330d1a97b4,98585330-2788-4e3b-8d6b-c3e725337e3d,Technical Writing,,7
852ad0ce-59ee-4b94-b8fc-e5ef0e86d3a3,98585330-2788-4e3b-8d6b-c3e725337e3d,Technical Reports,,8
c02de710-03ee-45e1-8cb1-fd042924b92f,98585330-2788-4e3b-8d6b-c3e725337e3d,Qualitative Research,,9
ce0fce9b-57b4-476c-8594-88343d4e7fd5,f9e43c0f-7efd-4957-9421-99f475662578,Good Laboratory Practices (GLP),,0
88f10b66-d1b3-4afb-a95c-35d90747ef0a,f9e43c0f-7efd-4957-9421-99f475662578,5 experiences at Istituto Italiano di Tecnologia and 4 other companies,,1
c44a3b5e-8129-4a4e-aa5e-f3cf0de82e9c,8d7a8eea-78e1-4d00-bd44-1d68eb4f30fb,Vision pro,,0
958fe138-be0b-453a-8a3b-38314be153d5,8d7a8eea-78e1-4d00-bd44-1d68eb4f30fb,Swift (Programming Language),,1
cb756d1d-7c18-4d16-b608-ab472015be22,8d7a8eea-78e1-4d00-bd44-1d68eb4f30fb,PyTorch,,2
e343fec1-ce6f-40d5-aec6-eb21194822dd,8d7a8eea-78e1-4d00-bd44-1d68eb4f30fb,Blender,,3
ea8d8159-63b1-40e2-8a7e-4468e470511f,8d7a8eea-78e1-4d00-bd44-1d68eb4f30fb,Python (Programming Language),,4
6ad6d98e-a908-4c08-9605-e5bb88b9c664,8d7a8eea-78e1-4d00-bd44-1d68eb4f30fb,R (Programming Language),,5
138756ac-9af5-4eac-819a-2a53f7c4177e,8d7a8eea-78e1-4d00-bd44-1d68eb4f30fb,Virtual Reality (VR),,6
5448f398-b0d4-4de3-9929-7036454b292b,8d7a8eea-78e1-4d00-bd44-1d68eb4f30fb,XR,,7
06adafa7-42d5-48c5-a864-2860f39ea62e,8d7a8eea-78e1-4d00-bd44-1d68eb4f30fb,Human Computer Interaction,,8
6a57a4ae-b36f-4676-9681-792acb58e476,8d7a8eea-78e1-4d00-bd44-1d68eb4f30fb,Information Visualization,,9
51567d43-4c08-4e8b-b93b-5997cfef2b4a,717e91dd-45f4-4543-b46b-88655adacdc2,Therapeutic Botox,,0
d9429147-53d0-48d5-a504-b4946ea19556,717e91dd-45f4-4543-b46b-88655adacdc2,Clinical Neurophysiology,,1
4407f234-05a7-4515-a629-200686a7fe35,717e91dd-45f4-4543-b46b-88655adacdc2,Medical Education,,2
7197c2aa-2e0c-4c52-b5d2-0e5f02af32e0,717e91dd-45f4-4543-b46b-88655adacdc2,Clinical Research,,3
67e96684-4d1d-4cc1-aa76-e5a5be441d16,d807ca01-6967-47f1-88f6-af9959597750,MATLAB,,0
f9557595-cb0a-49a0-878b-04e4c91144a1,d807ca01-6967-47f1-88f6-af9959597750,Cyclic Voltammetry,,1
4036da95-8e00-4030-9578-13a6e8ff3882,d807ca01-6967-47f1-88f6-af9959597750,IBM SPSS Statistics,,2
c1d21358-3993-411d-a0b3-ad8a1c6a6d35,d807ca01-6967-47f1-88f6-af9959597750,Python (Programming Language),,3
da31917d-7efa-44d0-bfa5-23f2057c0557,d807ca01-6967-47f1-88f6-af9959597750,Medicine,,4
0b65922c-f5ad-4b36-ae79-00c7d500d765,d807ca01-6967-47f1-88f6-af9959597750,Physics,,5
5c0c862a-8e27-4fab-812b-9895badecc51,d807ca01-6967-47f1-88f6-af9959597750,Neurosurgery,,6
196d65eb-01d9-4a54-bee3-9adff5e8d991,d807ca01-6967-47f1-88f6-af9959597750,Healthcare,,7
851a65a6-64e3-484c-b647-bc3e6ce83573,d807ca01-6967-47f1-88f6-af9959597750,Hospitals,,8
3be2783a-5451-4218-a332-06830dbe7aa7,d1881764-31ff-45eb-8541-55527faa2df8,Modeling and Simulation,,0
3ab06044-2eb3-4e7f-b438-e29190c7b5fa,d1881764-31ff-45eb-8541-55527faa2df8,Human Computer Interaction,,1
d0d80d1e-db0c-4879-94a4-9f1b7f674218,d1881764-31ff-45eb-8541-55527faa2df8,Virtual Reality (VR),,2
828defaf-d451-41e0-b5d8-e13aaa41126f,d1881764-31ff-45eb-8541-55527faa2df8,Gesture Recognition,,3
acbaba96-5bf4-4559-9064-e99e2fa746c3,d1881764-31ff-45eb-8541-55527faa2df8,Software Development,,4
f73b415c-6ff4-4f9f-94eb-cf3ce4467b42,d1881764-31ff-45eb-8541-55527faa2df8,Signal Processing,,5
e9225606-ec38-47c4-914e-c49a69289a5b,d1881764-31ff-45eb-8541-55527faa2df8,Brain-computer Interfaces,,6
704fa773-1a05-4cb0-8c8e-6894fe67f1b9,d1881764-31ff-45eb-8541-55527faa2df8,Computational Neuroscience,,7
db0b1a2d-94b4-4725-ab3a-d53a94929c6e,d1881764-31ff-45eb-8541-55527faa2df8,Real Time System Design,,8
dea7c08c-1ba7-45a0-b06f-f5543c382c14,d1881764-31ff-45eb-8541-55527faa2df8,Grant Writing,,9
965ea3a4-ce99-4b4d-873e-deaa43d556e3,d309f65f-8058-4fd6-ac23-dade310355f1,Organizational Psychology,,0
78b9430a-dc11-49d5-9547-5d43555ba93d,d309f65f-8058-4fd6-ac23-dade310355f1,Safety Research,,1
d9681539-2168-4519-8ab9-3c0751409cb0,d309f65f-8058-4fd6-ac23-dade310355f1,Ceramic Art,,2
f2ce7c70-0d3b-4ad4-8bcf-9022a8426cb4,d309f65f-8058-4fd6-ac23-dade310355f1,Safety Management Systems,,3
ec302fdb-4229-4a1a-95dc-574141a86f39,d309f65f-8058-4fd6-ac23-dade310355f1,Surface Mining,,4
7a471e07-a252-47b8-b258-e05837af895f,d309f65f-8058-4fd6-ac23-dade310355f1,Oil and Gas,,5
1201c1cd-bd78-4734-9dfd-b05f57a6355d,d309f65f-8058-4fd6-ac23-dade310355f1,Human Factors Engineering,,6
c0751310-9f46-4b0f-894b-0f3a53e294bb,d309f65f-8058-4fd6-ac23-dade310355f1,"Environment, Health, and Safety (EHS)",,7
9e6d29ac-f218-4a18-828c-11982df7fc99,d309f65f-8058-4fd6-ac23-dade310355f1,Project Management,,8
dd5efcff-666a-46b8-a216-bec81ee5c4d0,d309f65f-8058-4fd6-ac23-dade310355f1,Design Research,,9
15762785-6852-4d08-b0f5-1c23d23f4b1a,32413467-6716-4e39-bbfb-8abfd52a1093,Neuroimaging,,0
4cc3f31a-8374-4343-9f80-ce0d1c6d0395,32413467-6716-4e39-bbfb-8abfd52a1093,Stroke,,1
1030a047-e8ac-40ec-88c6-34a5c864abfe,32413467-6716-4e39-bbfb-8abfd52a1093,Neurodegeneration,,2
084be010-3729-4d03-a0bd-939d97fc91a2,32413467-6716-4e39-bbfb-8abfd52a1093,Immunohistochemistry,,3
886718c3-3100-4ef8-b9c9-94e81eef062e,32413467-6716-4e39-bbfb-8abfd52a1093,Animal Models,,4
a251949d-9ab5-47d3-b6a8-aa05865440f5,32413467-6716-4e39-bbfb-8abfd52a1093,Microscopy,,5
e6e663fa-11fd-46fe-8954-177f01eb1b7e,32413467-6716-4e39-bbfb-8abfd52a1093,Neuroscience,,6
df46c3f8-3307-4fb3-ad58-96fdd7cd098b,32413467-6716-4e39-bbfb-8abfd52a1093,In Vivo,,7
d25bcf7d-58e5-4f3a-8ce1-6316e8332638,32413467-6716-4e39-bbfb-8abfd52a1093,Microsurgery,,8
d4bea6a3-7fef-4f14-865e-b5026b43a498,32413467-6716-4e39-bbfb-8abfd52a1093,Science,,9
e5f6e770-6f66-4a93-9115-b6038f3fb1a6,b3ca0883-1b69-4526-8547-842affc5bde3,Research Coordination,,0
40ac9fa6-8cf2-43bb-9eb6-3c0c47ed332e,b3ca0883-1b69-4526-8547-842affc5bde3,Program Coordination,,1
45a9183d-9d62-4119-b9c6-b828b5451df4,b3ca0883-1b69-4526-8547-842affc5bde3,Clinical Research Management Systems,,2
30b60128-9dfe-484b-833b-fbd5e5ec78d2,b3ca0883-1b69-4526-8547-842affc5bde3,Psychological Assessment,,3
bd9c3f19-682e-4540-b450-74937de3b4b4,b3ca0883-1b69-4526-8547-842affc5bde3,Clinical Psychology,,4
692e7aa4-c401-42fa-ba86-427ec640f08c,b3ca0883-1b69-4526-8547-842affc5bde3,Psychotherapy,,5
9e1dae93-6ff0-4b0e-9d9b-523295d4de0b,b3ca0883-1b69-4526-8547-842affc5bde3,Family Therapy,,6
30eea424-c9a2-45e7-9c5d-ad89c25a2896,b3ca0883-1b69-4526-8547-842affc5bde3,Case Management,,7
6552d37c-8438-4614-a2b3-cb3925ba8948,b3ca0883-1b69-4526-8547-842affc5bde3,Community Mental Health,,8
257eef76-6a98-4967-b035-651f71d3fb7f,b3ca0883-1b69-4526-8547-842affc5bde3,Program Development,,9
988cd561-f9b2-47ec-9016-892107ba9fa2,d03205c9-1de9-4aa9-bae6-9e0fe78cc303,Microsoft Office,,0
1dcba7b9-fa8c-43d3-9845-0c4dd62fc224,d03205c9-1de9-4aa9-bae6-9e0fe78cc303,Microsoft Power BI,,1
9db4c208-adbf-4d4f-b23d-4a83a4b2b099,d03205c9-1de9-4aa9-bae6-9e0fe78cc303,SQL,,2
ede262c6-80c0-4065-8e47-d0bbdad9f96b,d03205c9-1de9-4aa9-bae6-9e0fe78cc303,Data Analytics,,3
d23432c2-f207-4179-a8f3-9013c84d7693,d03205c9-1de9-4aa9-bae6-9e0fe78cc303,Statistics,,4
5860befe-e393-4071-8fc5-f316611d10ad,d03205c9-1de9-4aa9-bae6-9e0fe78cc303,Scikit-Learn,,5
0c1fbbcf-0925-4e36-933b-c2b1baf1232e,d03205c9-1de9-4aa9-bae6-9e0fe78cc303,Homework Help,,6
d1fe6960-1704-4d32-84f3-2a53480fe0d2,d03205c9-1de9-4aa9-bae6-9e0fe78cc303,Assistant Teaching,,7
5984ea19-64d8-473c-bcf9-a099d4ebb8a7,d03205c9-1de9-4aa9-bae6-9e0fe78cc303,Data Storytelling,,8
b3406a37-b2b7-4120-85a0-19fffd8c283e,d03205c9-1de9-4aa9-bae6-9e0fe78cc303,Data Collection,,9
a7d9eeed-9858-43de-8b3b-4df65c3cb201,147ff05e-6029-4059-b633-1c8e30a11ca4,Sales Operations,,0
54ea2394-cd1c-4ca3-9ba7-dcb5262980b1,147ff05e-6029-4059-b633-1c8e30a11ca4,Adaptability,,1
7f26a0a5-0091-4b09-8ac7-854bee672e12,147ff05e-6029-4059-b633-1c8e30a11ca4,Peer Mentoring,,2
25bbdcea-7fb3-4603-b3b4-f44eacb76b09,147ff05e-6029-4059-b633-1c8e30a11ca4,Communication,,3
06cdf439-99f2-4d66-ac6c-e6d90a4eeeed,147ff05e-6029-4059-b633-1c8e30a11ca4,Exercise Prescription,,4
8c59d3c3-23ed-4d0b-83d6-2a1cb1bc5152,147ff05e-6029-4059-b633-1c8e30a11ca4,Musculoskeletal Injuries,,5
552fcc67-9008-4659-9490-f4bcab1cae9b,147ff05e-6029-4059-b633-1c8e30a11ca4,Rehabilitation,,6
7cad9db0-dab3-4cd5-a77e-9a860edb8315,147ff05e-6029-4059-b633-1c8e30a11ca4,Patient Education,,7
95d44fd5-d77a-478d-aa51-b62b5fb826af,147ff05e-6029-4059-b633-1c8e30a11ca4,Kinesiology,,8
85659e64-7120-4405-9409-55695c220187,147ff05e-6029-4059-b633-1c8e30a11ca4,Translational Medicine,,9
ecb44764-417a-44ec-8613-1f1153328db6,816bf2d8-e030-48da-a529-ce6b670e1c9a,Itineraries,,0
0d47ea3c-4841-41fa-ad2a-cda18ec63db4,816bf2d8-e030-48da-a529-ce6b670e1c9a,Internal and External Communications,,1
729a0adf-4e7c-471b-a4a2-6b74abe49fac,816bf2d8-e030-48da-a529-ce6b670e1c9a,Expense Reports,,2
6d9c607a-f019-4530-bb1a-e1cf0aadc49c,816bf2d8-e030-48da-a529-ce6b670e1c9a,Budget Management,,3
2634d4ac-ed6c-4b71-ac1c-b4aa862cbd0f,816bf2d8-e030-48da-a529-ce6b670e1c9a,Planning Budgeting & Forecasting,,4
43b5e08e-306d-487e-854d-8a1adac54168,816bf2d8-e030-48da-a529-ce6b670e1c9a,Event Management Software,,5
a1c1e81b-a7ad-4870-b758-b2d0d093c825,816bf2d8-e030-48da-a529-ce6b670e1c9a,Event Management,,6
2af80912-69e0-4acd-9a72-e68a8dd36ac6,816bf2d8-e030-48da-a529-ce6b670e1c9a,Strategic Planning,,7
1ae0d905-18a1-4bc5-b64d-3390e810e4a0,816bf2d8-e030-48da-a529-ce6b670e1c9a,Program Management,,8
4bd369fe-b481-4e21-8531-114b2a6c4c28,816bf2d8-e030-48da-a529-ce6b670e1c9a,Financial Analysis,,9
d70897a7-180a-43ab-affb-5ff8985ce24d,aa8f3964-61a0-4bf5-8473-a0a078b27304,Education,,0
6805dea5-cb13-4c2c-99ea-f2140f109020,aa8f3964-61a0-4bf5-8473-a0a078b27304,Neuroscience,,1
18d28a2b-4838-45b4-906e-294009df4ad3,aa8f3964-61a0-4bf5-8473-a0a078b27304,Research and Development (R&D),,2
fe0373f0-52ac-484b-8f29-3f741e56251d,aa8f3964-61a0-4bf5-8473-a0a078b27304,MATLAB,,3
4235b72b-c937-46c3-b5a0-de17214a1440,aa8f3964-61a0-4bf5-8473-a0a078b27304,Python (Programming Language),,4
98a63979-bad8-44eb-9162-6b291d42a3b2,aa8f3964-61a0-4bf5-8473-a0a078b27304,Signal Processing,,5
8fff3194-10cd-4138-9934-a6f5aaed2989,aa8f3964-61a0-4bf5-8473-a0a078b27304,Frequency Analysis,,6
8dbbd5e3-47cb-4592-b729-e4d605fc0f2e,aa8f3964-61a0-4bf5-8473-a0a078b27304,Time Series Analysis,,7
6d0f224d-3d0b-4feb-903e-be31226f8fb1,aa8f3964-61a0-4bf5-8473-a0a078b27304,Solver,,8
3a6a9a75-c578-4bd8-9008-14e23ad17a4e,aa8f3964-61a0-4bf5-8473-a0a078b27304,Research Projects,,9
ed4ddb5e-83dc-404e-9e33-ab1187620cd3,c482b87a-e1fb-469c-bc13-0fe781d721cb,MRI,,0
15c11cb9-a09d-401b-a72e-bdf17e09a12a,c482b87a-e1fb-469c-bc13-0fe781d721cb,Parkinson's Disease,,1
c0ded510-7473-4671-9ee1-e4db12632f3d,c482b87a-e1fb-469c-bc13-0fe781d721cb,MATLAB,,2
9157c952-53f8-4f93-bcd8-0b590f6b8b01,c482b87a-e1fb-469c-bc13-0fe781d721cb,Cognitive Neuroscience,,3
70c668da-384d-46eb-94b0-68286f7f23be,c482b87a-e1fb-469c-bc13-0fe781d721cb,Neuroscience,,4
1734a17b-ea7c-4359-9208-a002dfcd96fa,c482b87a-e1fb-469c-bc13-0fe781d721cb,Physics,,5
b6441d21-9e09-4270-b53f-1d486ab306fd,c482b87a-e1fb-469c-bc13-0fe781d721cb,Teaching,,6
ec0dddea-e456-4025-a5a6-7aacdc8784b6,c482b87a-e1fb-469c-bc13-0fe781d721cb,Epilepsy,,7
05f24aeb-1e51-4f70-9bbe-fc14f17ab0fd,c482b87a-e1fb-469c-bc13-0fe781d721cb,Neuroimaging,,8
bcd4eb42-d8a3-4d41-845f-625f48735536,c482b87a-e1fb-469c-bc13-0fe781d721cb,Python (Programming Language),,9
91ca70ba-a668-489d-8ff5-8c5aef12a0a8,089251cd-d243-41a0-aaa7-ca8e3c3bf49e,Project Management,,0
365475a4-9c87-4b85-8fca-a36d905fd371,089251cd-d243-41a0-aaa7-ca8e3c3bf49e,Occupational Health,,1
7538d33d-02ac-486f-9a07-780570c8c44d,089251cd-d243-41a0-aaa7-ca8e3c3bf49e,C (Programming Language),,2
0389c7ff-9afe-440a-bc1c-44df1d031d5d,089251cd-d243-41a0-aaa7-ca8e3c3bf49e,Mechanical Engineering,,3
53a5e1cc-3e2b-4737-98c7-5f0881f87b4f,089251cd-d243-41a0-aaa7-ca8e3c3bf49e,Robotics,,4
bde67ad5-0b0a-47f6-a741-b3f1479e53a2,089251cd-d243-41a0-aaa7-ca8e3c3bf49e,Entrepreneurship,,5
96b03495-d500-4728-83fb-b591f93830d6,089251cd-d243-41a0-aaa7-ca8e3c3bf49e,Team Management,,6
baac7cd3-0d63-4a65-a2b2-f8e1a14637f2,089251cd-d243-41a0-aaa7-ca8e3c3bf49e,International Relations,,7
ad262249-ad1f-4336-b711-f4834521434d,089251cd-d243-41a0-aaa7-ca8e3c3bf49e,Animal Models,,8
ca548210-7d0b-461d-9dce-5b8a2ae83f9d,089251cd-d243-41a0-aaa7-ca8e3c3bf49e,Behavioral Health,,9
3737f7f4-43aa-4f84-a827-e5b84212d2c7,6d81bb30-a5bd-4fbe-a017-1d11fa42b2be,Corporate Sponsorships,,0
9b3bd140-62f6-4488-bffe-0661bde8df8f,6d81bb30-a5bd-4fbe-a017-1d11fa42b2be,Community Impact,,1
29c15619-6a6c-4f51-abf2-b8d61380348e,6d81bb30-a5bd-4fbe-a017-1d11fa42b2be,Management,,2
5cf8d046-fbf4-4b65-a874-835a1c842426,6d81bb30-a5bd-4fbe-a017-1d11fa42b2be,Leadership,,3
53c6e140-bcbf-4ed4-9c39-becd0a1e8318,6d81bb30-a5bd-4fbe-a017-1d11fa42b2be,Internal and External Communications,,4
1edf2d15-1552-4804-839c-6f3a18fa59b7,6d81bb30-a5bd-4fbe-a017-1d11fa42b2be,Public Engagement,,5
4bb45af1-cdfd-4a46-b5fb-5751ce1f7886,6d81bb30-a5bd-4fbe-a017-1d11fa42b2be,Machine Learning,,6
8d9aec70-431b-437c-a296-92f0d7a7fac8,6d81bb30-a5bd-4fbe-a017-1d11fa42b2be,Data Analysis,,7
57eb7593-f5d1-4b25-bc8b-9f845878ea69,6d81bb30-a5bd-4fbe-a017-1d11fa42b2be,Special Events Coordination,,8
28a5e638-25bd-40ff-9e94-3b9c73272a02,d07adc24-05cb-41bb-b469-b5a81ee5d3d6,Instructional Design,,0
26c6e35f-8d2d-4e9d-b7de-4bf9a3a3d681,d07adc24-05cb-41bb-b469-b5a81ee5d3d6,Educational Leadership,,1
fc12c928-3ae8-4927-8a0a-03ce7b4be62b,d07adc24-05cb-41bb-b469-b5a81ee5d3d6,Learning Management Systems,,2
a67e39b0-9d61-4693-bc7a-c52eb152f459,d07adc24-05cb-41bb-b469-b5a81ee5d3d6,Curriculum Development,,3
b9e33495-9509-49e4-84f6-048e23003224,d07adc24-05cb-41bb-b469-b5a81ee5d3d6,Scientific entrepreneurship,,4
33940e13-4fe8-471f-964c-d90b74f14e2f,d07adc24-05cb-41bb-b469-b5a81ee5d3d6,Pitch Development,,5
82bd4ef7-0b09-40dc-b780-e39ad88d3957,d07adc24-05cb-41bb-b469-b5a81ee5d3d6,Research impact,,6
1acb59fc-4af5-4a1c-b164-a733c02b5a06,d07adc24-05cb-41bb-b469-b5a81ee5d3d6,Innovation,,7
42643019-0abc-42a5-9c0f-832df10d15a2,d07adc24-05cb-41bb-b469-b5a81ee5d3d6,Business Development,,8
4e482e7e-45a8-485f-ab8b-dee330ba815d,80281d2c-029e-410a-8ce6-1f503a69df14,WriteWiseAI-AI powered IELTS writing rater,,0
90896f9a-3624-40dd-bfff-facf241026ee,80281d2c-029e-410a-8ce6-1f503a69df14,IELTS Group Training,,1
8ffba911-bf9c-4157-851f-1f833752077d,80281d2c-029e-410a-8ce6-1f503a69df14,Project Planning,,2
c590a208-0d10-4b27-b228-02730624e314,80281d2c-029e-410a-8ce6-1f503a69df14,Operating Systems,,3
7cadf563-0d9f-4e99-89a1-830a5f99925a,80281d2c-029e-410a-8ce6-1f503a69df14,Stakeholder Engagement,,4
57aabe88-6a24-4573-ab1b-27ed94961fb7,80281d2c-029e-410a-8ce6-1f503a69df14,Questionnaire Design,,5
08dead38-bacf-4ee9-91d1-e0f8e642c346,80281d2c-029e-410a-8ce6-1f503a69df14,Project Management,,6
eb52b19c-6db5-42f9-afcc-bfd0be45502d,80281d2c-029e-410a-8ce6-1f503a69df14,Data Analysis,,7
1c04939c-7581-4144-a7d5-e4c90d9dbf99,80281d2c-029e-410a-8ce6-1f503a69df14,Database Design,,8
8fe7d015-f400-4f3a-a342-ad619320e5a9,80281d2c-029e-410a-8ce6-1f503a69df14,Case Studies,,9
a2f4fa18-c2bf-492d-b28e-a3b306ec22bf,2859c91d-dacd-4c6f-945e-6f86067fce4b,Chair - Worcestershire Dementia Partnership,,0
6e3b4daa-6f56-4a85-ab98-a8d2fccce59e,2859c91d-dacd-4c6f-945e-6f86067fce4b,Bid Writing,,1
130f39c7-db97-44c4-9ce5-cd7236aff2de,2859c91d-dacd-4c6f-945e-6f86067fce4b,Communication,,2
c1790b38-9d95-4756-8626-17238028c73c,2859c91d-dacd-4c6f-945e-6f86067fce4b,Strategic Planning,,3
34817d05-ec87-4d20-8ffa-e627e98ed787,2859c91d-dacd-4c6f-945e-6f86067fce4b,Dementia,,4
1de851be-0ca0-4148-851f-6def92f53f19,2859c91d-dacd-4c6f-945e-6f86067fce4b,Operations Management,,5
da0f79a5-0a8c-41fc-a37e-80ace2dd95f4,2859c91d-dacd-4c6f-945e-6f86067fce4b,Problem Solving,,6
8c9b99a1-a927-407b-859a-a22c14969e64,2859c91d-dacd-4c6f-945e-6f86067fce4b,Leadership,,7
74dc842b-4532-4b1a-bd4b-1e60bf7d5e35,2859c91d-dacd-4c6f-945e-6f86067fce4b,People Management,,8
c9552300-1b56-45e3-8825-ca0a362dbd8b,2859c91d-dacd-4c6f-945e-6f86067fce4b,Teamwork,,9
8266a66d-badb-49ed-b35c-c1da952a55c4,f93c32dc-4e62-4d82-9d76-5371a6cb5c3c,Congresos,,0
ebb83c1f-f87b-4dec-8a00-4b54f37cfa69,f93c32dc-4e62-4d82-9d76-5371a6cb5c3c,Captación de fondos,,1
b0a54b2c-43e7-407c-a615-2f82fb841d11,f93c32dc-4e62-4d82-9d76-5371a6cb5c3c,Investigacion,,2
ee84bb71-2b51-401e-a550-929836948c93,f93c32dc-4e62-4d82-9d76-5371a6cb5c3c,Aptitudes de organización,,3
eac1ac1d-9986-4686-83cd-97fe07f8aa92,f93c32dc-4e62-4d82-9d76-5371a6cb5c3c,Tecnología educativa,,4
f07788c0-81ba-4542-bd5f-51118c5871e3,f93c32dc-4e62-4d82-9d76-5371a6cb5c3c,Responsabilidad,,5
0fd03eef-816c-4820-8679-9e2e4da5d7f3,f93c32dc-4e62-4d82-9d76-5371a6cb5c3c,Pedagogía,,6
8b76bea0-77bd-404a-963f-c1ad8fc6082b,aca6d277-4105-44eb-b4fe-aba9e000cd9a,Research Project Management,,0
c0aed090-c037-4351-94a2-cc2d9a0a3c6b,aca6d277-4105-44eb-b4fe-aba9e000cd9a,Clinical Site Management,,1
b5097a9b-adcc-410d-819c-dd822121dd88,aca6d277-4105-44eb-b4fe-aba9e000cd9a,Clinical Research Management Systems,,2
6d57b8f6-dbd0-4881-9d92-7412cec15d6e,aca6d277-4105-44eb-b4fe-aba9e000cd9a,Clinical Study Management,,3
de85b046-4e46-40c9-944d-e2735e6b1f9e,aca6d277-4105-44eb-b4fe-aba9e000cd9a,Organization Skills,,4
fa915d59-b7c6-48e9-93f0-5e45dfc5d2c5,aca6d277-4105-44eb-b4fe-aba9e000cd9a,Spoken English,,5
92b0118d-eba9-428a-8a45-8fd4d2fa5395,aca6d277-4105-44eb-b4fe-aba9e000cd9a,Oral Communication,,6
26adf1f6-9583-4b44-b99f-398a48c8de68,aca6d277-4105-44eb-b4fe-aba9e000cd9a,Clinical Research,,7
45b6bcd0-f5a6-4618-ae97-c358b80d112d,aca6d277-4105-44eb-b4fe-aba9e000cd9a,Medical Research,,8
8e4ab44a-b90a-4f86-b294-982dfd9e312b,aca6d277-4105-44eb-b4fe-aba9e000cd9a,Clinical Trials,,9
9c741699-e91a-4b8f-8d1b-496a4cddd31e,555c71ac-1863-4f3d-8f49-075278d3720b,Peer Support,,0
b237a04b-a224-4809-bd0b-93a188c945f1,555c71ac-1863-4f3d-8f49-075278d3720b,Digital Storytelling,,1
26a73415-d131-456d-8048-fe64698f8700,555c71ac-1863-4f3d-8f49-075278d3720b,Multimedia Marketing Communications,,2
7452cb27-b098-4382-b1fc-32a61f7c76e1,555c71ac-1863-4f3d-8f49-075278d3720b,Content Strategy,,3
444dc6df-3e07-410b-919c-4b53ed1eaa22,555c71ac-1863-4f3d-8f49-075278d3720b,Content Development,,4
e64d3e2b-cd67-4371-abd9-49c7fe57aa3d,555c71ac-1863-4f3d-8f49-075278d3720b,Scientific Communications,,5
176a4c88-cc97-4a59-bd33-5569c1590e41,555c71ac-1863-4f3d-8f49-075278d3720b,Business Writing,,6
cd910349-ebd0-4d39-b326-78b2aa01633f,555c71ac-1863-4f3d-8f49-075278d3720b,Online Journalism,,7
8bfcc7c4-8a70-4cc2-8d18-86c88f196a86,555c71ac-1863-4f3d-8f49-075278d3720b,Copywriting,,8
f33b836d-9219-4ebe-8cc7-0b4848ec17a3,555c71ac-1863-4f3d-8f49-075278d3720b,Social Media,,9
f59dc0e5-5c5a-433f-bdb7-046de64edd64,dbe7dde7-d7b7-4573-90bc-49c9bcea6a4e,Nanoparticles,,0
d3b4f7ba-1981-46a9-9fc1-ef557ba59c48,dbe7dde7-d7b7-4573-90bc-49c9bcea6a4e,"ImageJ, GraphPad Prism.",,1
250f9872-2883-49d4-b4b7-d4c5cdf43ec8,dbe7dde7-d7b7-4573-90bc-49c9bcea6a4e,rodent disease models,,2
adeb9166-9b53-4165-8c44-8daf8c086a5f,dbe7dde7-d7b7-4573-90bc-49c9bcea6a4e,Mammalian Cell Culture,,3
a14b5ab9-a9fa-4b55-a4f6-1c5a2cba74ec,dbe7dde7-d7b7-4573-90bc-49c9bcea6a4e,cDNA,,4
055acdde-c2d3-46c3-864c-62896f3a52ad,dbe7dde7-d7b7-4573-90bc-49c9bcea6a4e,Immunofluorescence,,5
ac332eb9-adb4-4cbe-981d-cb02e76a7d61,dbe7dde7-d7b7-4573-90bc-49c9bcea6a4e,DNA/RNA extraction,,6
beb11d1e-3d57-4dd7-af5f-2f904519aea2,dbe7dde7-d7b7-4573-90bc-49c9bcea6a4e,CNS tissue processing,,7
3d12b31e-1028-4083-80f7-2ce35fecd7a1,dbe7dde7-d7b7-4573-90bc-49c9bcea6a4e,GraphPad Prism,,8
71db043d-c7ac-4306-8d6b-11ee566afdf2,dbe7dde7-d7b7-4573-90bc-49c9bcea6a4e,Dimensional Modeling,,9
4b5b3f8b-94ee-4453-b108-28c0415e5080,8b2f4794-cebd-42d4-ba95-32cd7b228be6,Business Acumen,,0
41c12b61-dfce-4be3-933f-5753a1a87d8f,8b2f4794-cebd-42d4-ba95-32cd7b228be6,Digital Marketing,,1
95f31d4e-c190-409c-9006-06ff8a9da15f,8b2f4794-cebd-42d4-ba95-32cd7b228be6,Brand Management,,2
ede2d090-d899-4acb-b9e6-8897a61664c5,8b2f4794-cebd-42d4-ba95-32cd7b228be6,Skill Development,,3
dfd66904-e38f-4789-8791-9ccd4bc4d09d,8b2f4794-cebd-42d4-ba95-32cd7b228be6,Relationship Development,,4
7692d848-3706-4bd6-a7e1-6ae8c56ec8b3,8b2f4794-cebd-42d4-ba95-32cd7b228be6,Knowledge Acquisition,,5
afdf5e2d-bef3-40ff-9163-bfd28505a5d1,8b2f4794-cebd-42d4-ba95-32cd7b228be6,Goal Setting,,6
c453e4f0-6153-4c45-9136-0938c644e9ea,8b2f4794-cebd-42d4-ba95-32cd7b228be6,Critical Thinking,,7
8d5850c8-b803-42ca-9e92-b349ad7b3507,8b2f4794-cebd-42d4-ba95-32cd7b228be6,Communication,,8
25cfeb71-dd2b-4b41-b359-55ae336bfb87,0dcf30b0-b73a-4aff-b52c-36206ae14e09,conduite des projets de transformation et d’innovation par une approche prospective,,0
d8910b0e-920b-4b02-98b0-095ee22eac62,0dcf30b0-b73a-4aff-b52c-36206ae14e09,Digital Ethics / neurotechnology-BCI ethics / AI ethics / DATA ethics,,1
7ac8501e-b933-42b3-abd5-f011fd20ec17,0dcf30b0-b73a-4aff-b52c-36206ae14e09,Neuroethics / ethics / bioethics research,,2
a1182823-7c2b-4477-bbe8-0b41957dd35c,0dcf30b0-b73a-4aff-b52c-36206ae14e09,Ethics and R&D&I project management and coordination / Ethics business strategy,,3
6cb32892-8418-4d08-8de9-a35a83d3e133,0dcf30b0-b73a-4aff-b52c-36206ae14e09,appréhender la complexité · détection de signaux faibles · interdépendance des enjeux,,4
c152d038-b8fa-4d98-84a4-a084b624243e,0dcf30b0-b73a-4aff-b52c-36206ae14e09,development of innovative scientific research approaches,,5
942a78d2-a957-456a-b403-347a400a29c3,0dcf30b0-b73a-4aff-b52c-36206ae14e09,Research ethics / Research integrity / open science,,6
3d9314e7-41a6-494d-90c0-b9a79da4abd4,0dcf30b0-b73a-4aff-b52c-36206ae14e09,Project leadership / project management,,7
33eeae12-36c3-46c4-b51a-ccc5b91697dd,0dcf30b0-b73a-4aff-b52c-36206ae14e09,scientific vulgarisation and mediation / school intervation,,8
d8fa1343-03e2-46b1-aa7f-941f3a652662,0dcf30b0-b73a-4aff-b52c-36206ae14e09,"international scientific communication / Write and present scientific article, report, publication",,9
73087ff0-1726-4aa3-9272-9993df7ae0b1,ebac1297-2f5b-464f-8bcd-ac922bcd9647,"Data Quality, Risk Management & Regulatory Compliance (ICH-GCP 21 CFR Part 11, GDMP)",,0
64bee2f6-b839-412d-91be-b7d959cdc943,ebac1297-2f5b-464f-8bcd-ac922bcd9647,Project Management Body of Knowledge (PMBOK),,1
58abd66f-191d-4349-8a31-2b7a81acd2e7,ebac1297-2f5b-464f-8bcd-ac922bcd9647,Digital Health & App-Based Research Implementation,,2
6f75d7ec-54bb-4c02-94a0-65cfc0373665,ebac1297-2f5b-464f-8bcd-ac922bcd9647,"Data Strategy (DMP), Governance (SOPs) & Data sharing platforms",,3
118d8489-2db9-4802-87d6-6504d311c5d2,ebac1297-2f5b-464f-8bcd-ac922bcd9647,"Clinical Trial Data Leadership lifecycle management (National, multi-centre, randomized trials)",,4
03673d90-32d1-4249-8e30-fb3a912fd99a,d1c6fa0b-7980-4556-8c68-36a09432ed74,Neuroscience,,0
753f8166-01cc-4c8c-9a56-c716b39e5f04,d1c6fa0b-7980-4556-8c68-36a09432ed74,EEG,,1
fbf9c989-7cd5-40ee-925f-09249cf3d25f,d1c6fa0b-7980-4556-8c68-36a09432ed74,Research and Development (R&D),,2
adf80bd9-1aaf-4907-924a-3412c69d73fe,d1c6fa0b-7980-4556-8c68-36a09432ed74,Data Collection,,3
97bd6fff-3e6e-4ab9-bd8f-aca75bd2cdc6,d1c6fa0b-7980-4556-8c68-36a09432ed74,Python (Programming Language),,4
e6c281f6-9ff5-4233-97e3-7a5aadf6d922,d1c6fa0b-7980-4556-8c68-36a09432ed74,Computer Hardware Troubleshooting,,5
3700ecb2-f188-4751-88e8-79ab90892c4d,d1c6fa0b-7980-4556-8c68-36a09432ed74,In Vivo Research,,6
b82cf8c0-7253-48b8-a247-5c3c76611ff2,d1c6fa0b-7980-4556-8c68-36a09432ed74,Scientific Communications,,7
04072825-2ab4-486b-bb8f-f30d2d7cf05f,d1c6fa0b-7980-4556-8c68-36a09432ed74,Competitive Analysis,,8
599675d6-a416-47f9-bd7b-0b17b201d110,d1c6fa0b-7980-4556-8c68-36a09432ed74,Medical Device Market Research,,9
1d472209-8379-4af7-85fa-32ba41d28187,c61976ef-1f9d-486d-a1dd-d94a99339763,Impact Evaluation,,0
3521ecc0-b90a-4aa6-ab8c-8526e2e5d247,c61976ef-1f9d-486d-a1dd-d94a99339763,Project Management,,1
413ec39e-4223-4a2a-9a43-2df6e86d9aae,c61976ef-1f9d-486d-a1dd-d94a99339763,Science Communication,,2
15819558-df0b-4b75-92b5-133d2dded4f7,c61976ef-1f9d-486d-a1dd-d94a99339763,Leadership,,3
6eb196f9-a7b3-44fc-9fa0-626a6ad31a43,c61976ef-1f9d-486d-a1dd-d94a99339763,Research Design,,4
d763a738-0aa8-42a6-aab9-10dff03df1dd,c61976ef-1f9d-486d-a1dd-d94a99339763,Research Skills,,5
8c20c551-e804-4a35-af8a-fb35db88b95f,c61976ef-1f9d-486d-a1dd-d94a99339763,Problem Solving,,6
00ae24d1-122b-4998-9e83-f987b7548500,c61976ef-1f9d-486d-a1dd-d94a99339763,Questionnaire Design,,7
353570ea-6993-45f7-883e-3ee1fd24cabd,c61976ef-1f9d-486d-a1dd-d94a99339763,Knowledge Translation,,8
dbc6992c-8df6-492b-89ce-9d22ce8d6201,c61976ef-1f9d-486d-a1dd-d94a99339763,Communication,,9
d00a53d6-3351-43a0-a2e5-a20499c61d6a,a7830bdf-a614-45f3-8e8b-adb3395843b3,Presentation Skills,,0
1a19b3ac-c5f4-457a-8caa-e44c9591229f,a7830bdf-a614-45f3-8e8b-adb3395843b3,3 experiences at University of Calgary,,1
78dd37d3-7571-4397-9d3e-25a72c325f58,c2b2028c-718a-44ce-97f6-17a66f98917f,Outcomes Research & Program Evaluation,,0
fb7190c0-5515-4827-832c-325ed0212ef8,c2b2028c-718a-44ce-97f6-17a66f98917f,8 experiences at Institute of Biomedical Engineering and 7 other companies,,1
73ec41cb-e000-48fa-a71e-849e95a53c8b,c463eef1-129f-42ce-a502-8d38cc7ce96e,Project Management,,0
c314c63e-bb46-46b1-856d-b3ebe516e523,c463eef1-129f-42ce-a502-8d38cc7ce96e,Program Management,,1
48a71b8a-d53f-4b8b-b76f-fb47da5f9466,c463eef1-129f-42ce-a502-8d38cc7ce96e,Presentation Development,,2
6eedab49-a378-4cb4-9da8-3b3a401ad8c9,c463eef1-129f-42ce-a502-8d38cc7ce96e,Written Communication,,3
1c2e5142-49ef-46a7-9e76-2181e42c9e5a,c463eef1-129f-42ce-a502-8d38cc7ce96e,Microsoft Excel,,4
03a6c149-2254-4040-9748-b2ca23420b36,c463eef1-129f-42ce-a502-8d38cc7ce96e,Biotechnology,,5
62b05f66-6f4a-44c4-b7e2-200a0fe4409a,c463eef1-129f-42ce-a502-8d38cc7ce96e,Organization Skills,,6
9071e4d1-d4bb-47dc-99ef-15652d08fc01,c463eef1-129f-42ce-a502-8d38cc7ce96e,Customer Service,,7
72b92c9f-533c-4468-8847-59a168c81700,c463eef1-129f-42ce-a502-8d38cc7ce96e,Time Management,,8
1bad53eb-f0df-41f3-8966-888b14a1d32d,c463eef1-129f-42ce-a502-8d38cc7ce96e,Teamwork,,9
5733051a-15e7-460e-9340-fc9a4d921467,f8ce96c2-3901-4776-ac86-8fbbee2e1dab,Science,,0
449730ed-53d3-4a14-b1fe-4ef86fdb79ea,f8ce96c2-3901-4776-ac86-8fbbee2e1dab,Neuroscience,,1
23b1a71f-e665-459b-9673-a3e4ded44269,f8ce96c2-3901-4776-ac86-8fbbee2e1dab,Business Planning,,2
6011a51f-617b-47bf-b373-97e085150c81,f8ce96c2-3901-4776-ac86-8fbbee2e1dab,Strategic Planning,,3
b016b135-2a4c-44b8-8d80-7f38701eff30,f8ce96c2-3901-4776-ac86-8fbbee2e1dab,Program Design,,4
c4b551a9-f526-4592-b948-52bb6091b3fc,f8ce96c2-3901-4776-ac86-8fbbee2e1dab,Science Journalism,,5
f7e4645f-f6f6-41f9-bc36-a21cd77108ab,f8ce96c2-3901-4776-ac86-8fbbee2e1dab,Leadership,,6
45e01270-7634-4396-a2d3-8a099c5b007a,f8ce96c2-3901-4776-ac86-8fbbee2e1dab,Strategic Communications,,7
920b5d42-d435-4637-9409-974c84d42afb,f8ce96c2-3901-4776-ac86-8fbbee2e1dab,Content Strategy,,8
00a404b1-4eee-412d-ae0c-f93351c75dcc,f8ce96c2-3901-4776-ac86-8fbbee2e1dab,Stakeholder Engagement,,9
8d5213a8-ceb0-4c1f-93bb-32907fc17bdf,2af70b0b-f9d3-40f7-989e-f1deaf2f4f07,Virologie,,0
e6a1e901-3133-4a66-8680-c5f904921b54,2af70b0b-f9d3-40f7-989e-f1deaf2f4f07,In vivo,,1
515398ee-8e49-4f97-81c7-9b0c4ae84bdc,2af70b0b-f9d3-40f7-989e-f1deaf2f4f07,Études précliniques,,2
f9d8a822-524f-4a05-9d4b-71d356b25c25,2af70b0b-f9d3-40f7-989e-f1deaf2f4f07,Management,,3
154ea531-5fcc-45b1-a05d-12cc8d276527,2af70b0b-f9d3-40f7-989e-f1deaf2f4f07,Pharmacologie clinique,,4
14ad0a6a-fa63-4c2f-901d-d39a64a465ef,2af70b0b-f9d3-40f7-989e-f1deaf2f4f07,Neurologie,,5
ff61abb3-3b86-4813-b387-0e286da5f920,2af70b0b-f9d3-40f7-989e-f1deaf2f4f07,Analyse des données,,6
82e76370-59d1-4c4b-bf64-017033297bd8,2af70b0b-f9d3-40f7-989e-f1deaf2f4f07,Leadership d’équipe,,7
71479972-59eb-4cf1-8075-2dc477e3d499,2af70b0b-f9d3-40f7-989e-f1deaf2f4f07,Apprentissage automatique,,8
3032db59-cac8-4134-9553-a8fec4378941,2af70b0b-f9d3-40f7-989e-f1deaf2f4f07,Biotechnologie,,9
62484610-870e-49c5-ab7e-63bda1146885,4da25d4d-d7c7-48c6-8bff-bb18e28ed1cc,Medical Imaging,,0
19710652-0a98-4251-a627-9b34daf0a7a8,4da25d4d-d7c7-48c6-8bff-bb18e28ed1cc,Random Forest,,1
09328195-09db-4b7f-bf49-e96f1e996262,4da25d4d-d7c7-48c6-8bff-bb18e28ed1cc,Support Vector Machine (SVM),,2
29d12b10-7756-4ea8-bfc9-4b5a5b601d1c,4da25d4d-d7c7-48c6-8bff-bb18e28ed1cc,Ultrasonics,,3
929083c4-a080-4817-8293-69b2a9c94076,4da25d4d-d7c7-48c6-8bff-bb18e28ed1cc,Deep Learning,,4
a7bb4c4e-1e12-464e-93be-b26ff3809173,4da25d4d-d7c7-48c6-8bff-bb18e28ed1cc,Machine Learning,,5
4d9e08f0-567e-4c26-a8b4-e9ba7abf1890,4da25d4d-d7c7-48c6-8bff-bb18e28ed1cc,Git,,6
6b6fb9a7-dc82-41e8-95be-125fbd6ed6bd,4da25d4d-d7c7-48c6-8bff-bb18e28ed1cc,Convolutional Neural Networks (CNN),,7
100024a6-5521-4358-9431-73aaf9464419,4da25d4d-d7c7-48c6-8bff-bb18e28ed1cc,Software Development,,8
0535f768-416a-476a-a140-51d582f0cf7c,4da25d4d-d7c7-48c6-8bff-bb18e28ed1cc,Bioinformatics,,9
d4f15d8c-e12b-4d91-a80e-3df386832967,b453ce90-0a16-4abb-9546-8f7c70872345,Team Leadership,,0
e58ddbbe-11c7-469a-b467-1c8972d58be7,b453ce90-0a16-4abb-9546-8f7c70872345,Project Management,,1
e893c9fe-bab1-4e3f-bedf-846d683d6faf,b453ce90-0a16-4abb-9546-8f7c70872345,Research,,2
b830efaf-faf3-4892-aff4-4a4483712e49,b453ce90-0a16-4abb-9546-8f7c70872345,Stakeholder Engagement,,3
549debf2-d216-4c4d-9ec3-32d0bbdba23f,b453ce90-0a16-4abb-9546-8f7c70872345,Leadership,,4
ab96287c-e995-438d-9280-59bcc3fdffec,b453ce90-0a16-4abb-9546-8f7c70872345,Interpreting,,5
2f40be99-c6a9-42c5-a1d0-6d79711c6f7e,b453ce90-0a16-4abb-9546-8f7c70872345,Customer Relationship Management (CRM),,6
548e0d12-4c4e-4fbd-a002-e7ff7084c9cb,b453ce90-0a16-4abb-9546-8f7c70872345,Neuroscience,,7
fb1a0092-dd65-424f-a654-d4e561f0afb8,b453ce90-0a16-4abb-9546-8f7c70872345,Literature Reviews,,8
d89a7c2d-e318-4a31-a947-b923144c585c,b453ce90-0a16-4abb-9546-8f7c70872345,Scientific Writing,,9
7dd3730b-0fe0-4b4d-9238-6b10cdddd918,9ea313d3-7aea-4da0-a0ef-bf5b42539175,HubSpot,,0
55193fd1-d233-4cb3-9a37-3f2b1d2be17d,9ea313d3-7aea-4da0-a0ef-bf5b42539175,Email Sequencing,,1
51c16291-08cb-4efd-969b-22babf0326b4,9ea313d3-7aea-4da0-a0ef-bf5b42539175,Apollo CRM,,2
7384dd84-e830-4efd-8738-58e3a470fb1a,9ea313d3-7aea-4da0-a0ef-bf5b42539175,Salesforce.com,,3
97dbce88-2755-4376-a509-8b6f80d40738,9ea313d3-7aea-4da0-a0ef-bf5b42539175,Client Services,,4
0967e7fd-9995-4b61-8943-ba09041ce2b1,9ea313d3-7aea-4da0-a0ef-bf5b42539175,Equipment Installation,,5
72338df0-5b04-4e8e-83d7-beb6f8111e20,9ea313d3-7aea-4da0-a0ef-bf5b42539175,Quote Preparation,,6
6070f922-eab6-41b2-b501-b4e5e378de81,9ea313d3-7aea-4da0-a0ef-bf5b42539175,Poster Presentations,,7
f15657c2-5b2e-434c-8ce8-a5153c8b23f6,9ea313d3-7aea-4da0-a0ef-bf5b42539175,Life Sciences,,8
b4bb315d-c153-4c56-a596-6a11fe89b8f2,9ea313d3-7aea-4da0-a0ef-bf5b42539175,Inside Sales,,9
4628a75f-bc77-4f6d-a787-10b1aac100cb,42a1ef57-63fd-4376-9c6f-496b0d2a1fdd,TMS & tDCS Training and Instruction,,0
dbacfc2f-a2a8-43d6-8657-a489dc38b958,42a1ef57-63fd-4376-9c6f-496b0d2a1fdd,Neurotherapy,,1
1e89c91b-3f44-40a6-b366-7e10d28a210b,42a1ef57-63fd-4376-9c6f-496b0d2a1fdd,rTMS & tDCS specialist,,2
523246aa-b8bf-4c24-affc-00324270042b,42a1ef57-63fd-4376-9c6f-496b0d2a1fdd,Brain Mapping with QEEG,,3
2867747f-9594-4a1a-89e0-50d8a2d3a4fd,42a1ef57-63fd-4376-9c6f-496b0d2a1fdd,researcher,,4
f26fdf09-e7bb-4c9a-9fdc-56d1ec17d4af,4c45028f-78a4-4e31-9bf1-53230323a7e0,Forward Modelling,,0
9d399739-2f7b-48c9-8bf1-29919b11a6fb,4c45028f-78a4-4e31-9bf1-53230323a7e0,Numerical Simulations,,1
f6511213-bf3e-414c-80db-3642eff895d4,4c45028f-78a4-4e31-9bf1-53230323a7e0,Double Diffusion Encoding,,2
92d6b697-2442-4918-9aa2-92b1cd505fe6,4c45028f-78a4-4e31-9bf1-53230323a7e0,Tensor Physics,,3
39a7c83f-d266-4169-b78a-78d311784ab0,4c45028f-78a4-4e31-9bf1-53230323a7e0,Advanced Diffusion MRI Sequences - Acquisition & Analysis,,4
cfc98377-2be9-417f-b76b-4ed6191c3cb3,4c45028f-78a4-4e31-9bf1-53230323a7e0,Correlation Tensor MRI,,5
44af0ab2-c6a5-4b2a-a281-410f1cc14e31,4c45028f-78a4-4e31-9bf1-53230323a7e0,Denoising Strategies for DIffusion MRI,,6
2bf45da8-a504-4e3f-866e-8034b2d7d038,4c45028f-78a4-4e31-9bf1-53230323a7e0,Advanced Diffusion MRI Sequences,,7
fa96abe7-ecd1-4feb-b003-77441c89b18c,4c45028f-78a4-4e31-9bf1-53230323a7e0,Simulations for MRI Sequence Optimization,,8
7115d7f3-adc1-4f6d-93ba-c0596ea0fb46,4c45028f-78a4-4e31-9bf1-53230323a7e0,dMRI Denoising,,9
e6370351-86b4-4033-98ec-181b2b0bd69a,44690fbb-d507-49cc-8d36-c0b8ce386b63,Research Skills,,0
d478b82d-27a0-4bf5-b750-09f2a7631afc,44690fbb-d507-49cc-8d36-c0b8ce386b63,Micromotor,,1
46280053-0023-44c4-81e7-052ed7d8a6ab,44690fbb-d507-49cc-8d36-c0b8ce386b63,Nanoparticles,,2
45c76865-9957-4f20-95d2-30b5ba937e3c,44690fbb-d507-49cc-8d36-c0b8ce386b63,Experimental Research,,3
61b8fdad-c9c4-4dfc-b708-363c89dcce4a,44690fbb-d507-49cc-8d36-c0b8ce386b63,Biomedical Research,,4
49b912ab-714c-4e67-9ec1-0a4fe0116d8d,44690fbb-d507-49cc-8d36-c0b8ce386b63,Product Development,,5
5f018ce6-3cc4-4ec3-9d5b-e21cc38c0426,44690fbb-d507-49cc-8d36-c0b8ce386b63,Medical Device R&D,,6
744bdca9-5502-4782-9a4e-948691defad3,44690fbb-d507-49cc-8d36-c0b8ce386b63,Neuroscience,,7
10ea3146-8d35-44d0-bb3a-dd746bed9661,44690fbb-d507-49cc-8d36-c0b8ce386b63,Formulation,,8
18bc02cf-2697-4d2e-8e22-96d2d744cf6b,44690fbb-d507-49cc-8d36-c0b8ce386b63,Formulation Chemistry,,9
0e2f0b5b-6020-4804-95fd-ef075a6981d8,885f9d94-976d-4602-bf81-dc31794ceb6f,EEG,,0
6c51655f-509d-4ab6-a100-0e92e2423e19,885f9d94-976d-4602-bf81-dc31794ceb6f,fNIRS,,1
ee738714-24bc-4130-800a-87bc0c7942c7,885f9d94-976d-4602-bf81-dc31794ceb6f,Hardware and software troubleshooting,,2
b754ea9b-ea4d-467b-9f4a-e04b63646106,885f9d94-976d-4602-bf81-dc31794ceb6f,Experimental Design,,3
6e9cf447-d30f-4a57-9091-4188fb991b1a,885f9d94-976d-4602-bf81-dc31794ceb6f,Data Collection,,4
e035f9fb-79aa-4da9-ad55-fbc9d4c2d334,885f9d94-976d-4602-bf81-dc31794ceb6f,Data Analysis,,5
496fbe76-62f6-4852-bfb3-1dc2480fc5fc,885f9d94-976d-4602-bf81-dc31794ceb6f,Signal Processing,,6
dead46e8-1d77-44fc-a12a-bbf1eabd7717,885f9d94-976d-4602-bf81-dc31794ceb6f,Python (Programming Language),,7
99e4a2f5-7c65-4821-b3e4-aa7323fd998e,885f9d94-976d-4602-bf81-dc31794ceb6f,MATLAB,,8
1d796751-6434-4c51-a67b-3c57f99c3a06,885f9d94-976d-4602-bf81-dc31794ceb6f,Simulink,,9
c476f683-cf94-42bb-9ed0-8ac25a014c9f,288a6056-c393-40f6-91a3-e76d499ff131,Clinical Data Management,,0
6c5f8d7e-6597-4a38-869b-ec064a56a69d,288a6056-c393-40f6-91a3-e76d499ff131,Good Clinical Practice (GCP),,1
b3bd38b1-5a21-4aa0-b0cc-293ba65ee41f,288a6056-c393-40f6-91a3-e76d499ff131,Data Collection,,2
d4bcb98a-1fa0-4f2d-9c58-861d16f2091a,288a6056-c393-40f6-91a3-e76d499ff131,Data Management,,3
2a2366e0-cefd-4def-a738-4caad460691d,288a6056-c393-40f6-91a3-e76d499ff131,Neuropsychology,,4
c8eb0664-3a4d-435e-bd4d-b99da7577db6,288a6056-c393-40f6-91a3-e76d499ff131,Teaching,,5
a7a5590c-7106-4688-a419-fc783d2df84d,288a6056-c393-40f6-91a3-e76d499ff131,Psychological Testing,,6
c83620eb-8285-4169-ad16-5ebe000d23ee,288a6056-c393-40f6-91a3-e76d499ff131,Knowledge Translation,,7
495e1360-3344-46a7-8436-276470daf05a,288a6056-c393-40f6-91a3-e76d499ff131,Protocol Writing,,8
955aa925-58fa-474e-84ef-84ab0bb3e6e3,288a6056-c393-40f6-91a3-e76d499ff131,Analytical Skills,,9
ebdbe29b-4286-465c-afb9-a51d04621cb7,9aa28073-82f7-497d-97f1-726b37e7ba6f,Responsável por subprojeto,,0
82586903-3d8b-4d39-af99-9f9575177c5a,9aa28073-82f7-497d-97f1-726b37e7ba6f,Termo de Consentimento Livre e Esclarecido,,1
b9e7501d-de15-4eb5-93da-eb90f0ac8d89,9aa28073-82f7-497d-97f1-726b37e7ba6f,Desenvolvimento de cronograma,,2
534382bc-9aef-4ed7-95a3-cedf08f82b81,9aa28073-82f7-497d-97f1-726b37e7ba6f,Relatórios e análises,,3
cf38823c-639a-4083-a078-b4b9d8311a31,9aa28073-82f7-497d-97f1-726b37e7ba6f,Privacidade dos dados,,4
ee446cee-8b47-43b1-9046-e89dacaf7bdb,9aa28073-82f7-497d-97f1-726b37e7ba6f,Liderança,,5
22803914-9463-40bb-a741-a0d364083ad3,9aa28073-82f7-497d-97f1-726b37e7ba6f,Saúde pública,,6
e42a2f4f-49c3-4b38-822e-1ba1117cf6e6,9aa28073-82f7-497d-97f1-726b37e7ba6f,Revisões,,7
0f431b34-de92-4cc2-acd4-368ae375ff06,9aa28073-82f7-497d-97f1-726b37e7ba6f,Questionários de pesquisas,,8
60f20e45-4369-49b5-81ba-affd5f81383c,9aa28073-82f7-497d-97f1-726b37e7ba6f,Sistemas de gestão,,9
0b941362-c7b0-471b-97a7-27762dce46ff,6ff1a2df-a769-49dc-8079-7aab30419e90,Project Management,,0
50063bcf-d79b-40c4-8d07-7e9ab6d1b012,6ff1a2df-a769-49dc-8079-7aab30419e90,Computer Simulations,,1
95c20251-42d5-4da6-b3c1-1186fa5cceac,6ff1a2df-a769-49dc-8079-7aab30419e90,Programming,,2
3dcc9c23-6efb-45d7-8a68-b46d369b4559,6ff1a2df-a769-49dc-8079-7aab30419e90,Forecasting,,3
73168143-c55a-4f52-81fd-3a43bb469228,6ff1a2df-a769-49dc-8079-7aab30419e90,Client Relations,,4
729ddd04-a1cb-4440-80b2-210d36f79f13,6ff1a2df-a769-49dc-8079-7aab30419e90,Software Support,,5
7b66406b-c51b-4c62-9dcf-b384726c74d3,6ff1a2df-a769-49dc-8079-7aab30419e90,Software Development,,6
4462c751-ad20-4936-b1ac-9262bbe948f0,6ff1a2df-a769-49dc-8079-7aab30419e90,Computer Software Training,,7
10eb14c8-cc7d-4b57-b343-8d6c746cd927,6ff1a2df-a769-49dc-8079-7aab30419e90,Software Troubleshooting,,8
4ba7d09d-5eda-4ef8-b6b5-7a8c10a5d12e,6ff1a2df-a769-49dc-8079-7aab30419e90,Clinical Research,,9
7adae53d-d124-415a-a502-78ddf9b04d77,abfe5a06-6025-42b4-b5a1-99139598ef98,Research Development,,0
f4086a84-8a7d-438f-9072-7d992a71c83c,abfe5a06-6025-42b4-b5a1-99139598ef98,Statistical Analysis,,1
aefae8f5-a2c5-4f56-8418-e447b7287ba6,abfe5a06-6025-42b4-b5a1-99139598ef98,Research and Development (R&D),,2
de262ca5-7c5f-44d8-ac64-0453e2752ae6,abfe5a06-6025-42b4-b5a1-99139598ef98,Startup Development,,3
34931e1b-e581-47e0-8fe6-89cd1d693d28,abfe5a06-6025-42b4-b5a1-99139598ef98,Stakeholder Engagement,,4
982404e9-3f32-479b-84df-56d817dd6d66,abfe5a06-6025-42b4-b5a1-99139598ef98,Research Project Management,,5
d8b5a5ff-6707-4426-a5b7-bfc06339fcef,abfe5a06-6025-42b4-b5a1-99139598ef98,Team Coordination,,6
25e073cd-8140-443d-8412-7c12218ef99c,abfe5a06-6025-42b4-b5a1-99139598ef98,Meeting Facilitation,,7
227586f4-6511-482d-8627-4d3d37d2d54d,abfe5a06-6025-42b4-b5a1-99139598ef98,Research Ethics,,8
422b7825-40c9-45a9-9448-fc8deedb17b3,abfe5a06-6025-42b4-b5a1-99139598ef98,Project Performance,,9
38ed0095-f8f9-48ef-9bd0-4efc02376ec8,f79c8bd8-11c8-45d4-968f-9b1406b12c84,Training,,0
8d26f333-1de5-485c-9710-30d5ef90864d,f79c8bd8-11c8-45d4-968f-9b1406b12c84,Biologics,,1
73d27537-a46f-414b-b5c7-7a459ff33258,f79c8bd8-11c8-45d4-968f-9b1406b12c84,Literature,,2
e3506f8d-994b-4d36-8c2d-093087f9fdf1,f79c8bd8-11c8-45d4-968f-9b1406b12c84,Presentations,,3
61df5c6e-f687-4f0a-baca-e337e39cb481,f79c8bd8-11c8-45d4-968f-9b1406b12c84,Community Service,,4
913db730-2809-4bc7-a3ea-0208cb8b2afd,f79c8bd8-11c8-45d4-968f-9b1406b12c84,Volunteering,,5
282401f6-52bb-4a95-95f6-a6a2fc064b1e,f79c8bd8-11c8-45d4-968f-9b1406b12c84,Data Analysis,,6
d48df07c-85e1-4656-9a54-38bee8510bb7,f79c8bd8-11c8-45d4-968f-9b1406b12c84,Statistics,,7
5eed925a-211a-498e-b029-debe729025b1,f79c8bd8-11c8-45d4-968f-9b1406b12c84,Research,,8
b7135f55-a1b1-40ad-a0ce-70e06d7936e7,fe387c21-49ef-42af-8efd-d5887f35f5e2,Technical Editing,,0
a4097863-0a66-44b2-8090-3ff0c7370ac5,fe387c21-49ef-42af-8efd-d5887f35f5e2,Crisis Management,,1
da7ea7af-21b0-43ce-8d74-dde62880feeb,fe387c21-49ef-42af-8efd-d5887f35f5e2,Corporate Communications,,2
cad67e1c-ef28-4737-8bef-5f8fff960958,fe387c21-49ef-42af-8efd-d5887f35f5e2,Integrated Marketing Communications Planning,,3
a93fb57f-ed98-40f6-9b49-218b7847964e,fe387c21-49ef-42af-8efd-d5887f35f5e2,Content Management,,4
ae4c6191-0545-497f-9ed7-00d3673e3612,fe387c21-49ef-42af-8efd-d5887f35f5e2,Marketing Communications,,5
7e48c1a5-a39f-4d5e-9eea-16b68d2cf8ac,fe387c21-49ef-42af-8efd-d5887f35f5e2,Social Media Marketing,,6
e28653f2-a85a-4b93-9cf7-0029b2aced40,fe387c21-49ef-42af-8efd-d5887f35f5e2,Brand Development,,7
e5a97a44-13a0-47b8-9f4a-bff1da2153dd,fe387c21-49ef-42af-8efd-d5887f35f5e2,Public Relations,,8
7aa10898-4732-4d84-9709-d641987d19ef,fe387c21-49ef-42af-8efd-d5887f35f5e2,Marketing,,9
f096f7b4-a88f-4f4c-952c-526490ca7717,e1573620-ff4f-4f0e-8e52-4b8351c42ece,Political Communication,,0
9bc50fe1-d29d-4e39-b2bc-7f1b2cbb6290,e1573620-ff4f-4f0e-8e52-4b8351c42ece,Political Consulting,,1
a9d4ba96-4c36-4631-9c1b-3920364287f1,e1573620-ff4f-4f0e-8e52-4b8351c42ece,Political Risk Analysis,,2
5b1c7a57-b56a-4cf3-89d6-baf604efe05f,e1573620-ff4f-4f0e-8e52-4b8351c42ece,Economics,,3
9b8262c3-4ae2-4b72-8261-82e6a12f6618,e1573620-ff4f-4f0e-8e52-4b8351c42ece,Accounting,,4
4a3cffbf-2461-44a0-9c19-08d56b08ca0b,e1573620-ff4f-4f0e-8e52-4b8351c42ece,Data Visualization,,5
56627b27-6026-4c7e-9583-36cb6a4529e9,e1573620-ff4f-4f0e-8e52-4b8351c42ece,Entrepreneurship Education,,6
d40115e0-2a9e-480a-9726-acc6518880e8,e1573620-ff4f-4f0e-8e52-4b8351c42ece,Crisis Management,,7
bb8f9036-d287-46f3-96e3-61d896bcbeeb,e1573620-ff4f-4f0e-8e52-4b8351c42ece,Community Engagement,,8
fa0f0f7d-08af-4ab5-9e36-701eb991f3b4,e1573620-ff4f-4f0e-8e52-4b8351c42ece,Search Engine Optimization (SEO),,9
d2c4ae52-0110-4028-8960-2b07a9ad990f,470c9dd3-ed8d-472a-8583-e3e292bd605b,Neuroscience,,0
fe13ea47-ddd7-4eaf-8bf5-37262bb862bc,470c9dd3-ed8d-472a-8583-e3e292bd605b,Project nanagement,,1
549e327e-380a-4fd8-b152-596bbb3be1fd,470c9dd3-ed8d-472a-8583-e3e292bd605b,Visualization,,2
dcb7dfc5-1233-4252-b32e-326804932a97,470c9dd3-ed8d-472a-8583-e3e292bd605b,Computer Graphics,,3
2ba06c48-806c-482f-9478-15e5dd8183be,470c9dd3-ed8d-472a-8583-e3e292bd605b,Image Processing,,4
5e36136d-b488-443d-9697-487fbbf02428,470c9dd3-ed8d-472a-8583-e3e292bd605b,High Performance Computing,,5
468b5797-66ba-4d66-80a2-713f1d2d4cc6,470c9dd3-ed8d-472a-8583-e3e292bd605b,C++,,6
4d355123-94d0-4796-9347-46af891940db,470c9dd3-ed8d-472a-8583-e3e292bd605b,Scientific Visualization,,7
4d58e43c-0d5e-4a80-a816-53b1c6d89688,470c9dd3-ed8d-472a-8583-e3e292bd605b,OpenGL,,8
60cbb6f0-1db3-4adf-961e-bcd480b93274,470c9dd3-ed8d-472a-8583-e3e292bd605b,OpenCL,,9
3f62cf65-4821-40a5-961b-081952023cc4,06b5ce8b-a076-4613-894b-95f8346fb0d2,Computer Vision,,0
7808ffab-6a78-4417-8d51-9eb76902ec38,06b5ce8b-a076-4613-894b-95f8346fb0d2,Natural Language Processing (NLP),,1
2788b137-a631-4621-94ca-65fe1a46a9ea,06b5ce8b-a076-4613-894b-95f8346fb0d2,Statistical Analysis,,2
287ca15f-75ab-4571-abed-b35d59a7f544,06b5ce8b-a076-4613-894b-95f8346fb0d2,Data Analytics,,3
29728d95-af7d-45f6-b5cd-70cba26e2b1c,06b5ce8b-a076-4613-894b-95f8346fb0d2,Analytical Skills,,4
f9b00741-188c-4824-a1b0-336317ee6eb0,06b5ce8b-a076-4613-894b-95f8346fb0d2,Communication,,5
1b32b142-3322-4c7d-944f-eeb486d07212,06b5ce8b-a076-4613-894b-95f8346fb0d2,Data Science,,6
25fefc36-406c-4273-92b6-ab2c8105ad2a,06b5ce8b-a076-4613-894b-95f8346fb0d2,Analytics,,7
a20d6a58-eb6f-4321-94c7-3932a06252f3,06b5ce8b-a076-4613-894b-95f8346fb0d2,Seaborn,,8
80ebbf26-265e-40b5-950a-6a8c5408a024,f0c4e37d-cff0-4412-86b8-63aac8817692,R programming,,0
22ee0ae5-add9-4d79-96db-3989e182658c,f0c4e37d-cff0-4412-86b8-63aac8817692,Exploratory Data Analysis,,1
be774502-8a75-40d6-92de-e4a79c62c021,f0c4e37d-cff0-4412-86b8-63aac8817692,Statistical Modeling,,2
c7b3fce5-5acf-48da-9a19-13f787dbd1c6,f0c4e37d-cff0-4412-86b8-63aac8817692,Machine Learning,,3
9e7bcb17-dbb2-4eb1-9545-b1c0fdfdc7bd,f0c4e37d-cff0-4412-86b8-63aac8817692,Data Validation,,4
14c6956f-ecb8-4cde-8221-8f7b4eb3521b,f0c4e37d-cff0-4412-86b8-63aac8817692,Data Cleaning,,5
5810cb4c-7994-40eb-88f3-0a4f01391f81,f0c4e37d-cff0-4412-86b8-63aac8817692,Python (Programming Language),,6
74adce3e-67ab-4585-b3d0-36c4c7064f0d,f0c4e37d-cff0-4412-86b8-63aac8817692,SQL,,7
b61e1ec6-798d-48ae-9150-0dbe2967f881,f0c4e37d-cff0-4412-86b8-63aac8817692,Scientific Presentation,,8
5ac238a7-f600-45cb-94d6-950ef6d81e33,f0c4e37d-cff0-4412-86b8-63aac8817692,Large-scale Data Analysis,,9
f22da581-1f48-4e0a-85c1-90c140aa82c3,f3fe9def-bc17-4e55-ab3a-6e8214f75798,DICOM image management,,0
1dee7659-93cd-410b-97a9-280fcc15f7a7,f3fe9def-bc17-4e55-ab3a-6e8214f75798,Lumbar spine vertebral segmentation,,1
24f0a33a-34ce-4aad-bd80-b0505e848463,f3fe9def-bc17-4e55-ab3a-6e8214f75798,Text Mining,,2
6cfa36d9-9b8e-4d74-83c3-dc0092542c0d,f3fe9def-bc17-4e55-ab3a-6e8214f75798,Statistical Data Analysis,,3
a4fbb611-2106-4788-966f-314c68f95c6e,f3fe9def-bc17-4e55-ab3a-6e8214f75798,Algorithm Development,,4
78c35ef3-eb58-4862-ad48-53b2824b7d65,f3fe9def-bc17-4e55-ab3a-6e8214f75798,Microsoft SQL Server,,5
87bfc7ed-6e3f-42c0-8c23-271dd5b95117,f3fe9def-bc17-4e55-ab3a-6e8214f75798,Medical Imaging,,6
da7e295d-65c4-4b3f-a7ff-fb6b091e26c8,f3fe9def-bc17-4e55-ab3a-6e8214f75798,Python & R,,7
70881388-817c-401b-8493-673637d37c70,f3fe9def-bc17-4e55-ab3a-6e8214f75798,Business Intelligence (BI),,8
bbf2937b-65f6-47a5-a98d-68e4e5800f2b,f3fe9def-bc17-4e55-ab3a-6e8214f75798,Big Data & Distributed Computing,,9
69f88398-1bce-432e-b691-c2930394e9c1,4d5f7a7b-6165-47a3-aaff-e267690c1424,Family Therapy,,0
f0beabe3-1888-4fea-b89a-ed3dad2ed446,4d5f7a7b-6165-47a3-aaff-e267690c1424,Narrative Therapy,,1
a234dd36-3725-4715-aca8-e1e68b4d5202,4d5f7a7b-6165-47a3-aaff-e267690c1424,Play Therapy,,2
bac7bcf9-1b20-48fc-a70d-226626f285c6,4d5f7a7b-6165-47a3-aaff-e267690c1424,Risk Assessment,,3
065ecde3-34a1-4753-9389-011671d272f4,4d5f7a7b-6165-47a3-aaff-e267690c1424,Problem Solving,,4
abc0cce1-ffbc-4a5c-8c41-1bd61ca45380,4d5f7a7b-6165-47a3-aaff-e267690c1424,Communication,,5
86005c93-8bcc-4407-ba60-57fe967f05ba,4d5f7a7b-6165-47a3-aaff-e267690c1424,Teamwork,,6
a3bf3483-d47c-41b9-9eb3-1ffd3a8a0a02,4d5f7a7b-6165-47a3-aaff-e267690c1424,Leadership,,7
6f24e56d-ccca-4d5d-957a-5f8c7754e4c8,4d5f7a7b-6165-47a3-aaff-e267690c1424,Early Intervention,,8
c7957087-0061-4f2b-ba5d-c26b9f8efd0e,4d5f7a7b-6165-47a3-aaff-e267690c1424,Cultural Competency,,9
479d6adb-0218-4e85-9f74-45d4ccd5ae2f,f921d385-7d53-493d-b164-e99e23870f51,Mouse,,0
0590f93a-8975-420c-bab7-69b0c235660d,f921d385-7d53-493d-b164-e99e23870f51,Optical Fiber,,1
650adab2-3323-4e92-a445-112b1530e5c5,f921d385-7d53-493d-b164-e99e23870f51,Functional Imaging,,2
3fad13c9-b3d7-45a8-9fc0-629bcbf0115d,f921d385-7d53-493d-b164-e99e23870f51,Electronic Circuits,,3
52ea416b-8c0f-48dc-b200-f8e35dcbf1f9,f921d385-7d53-493d-b164-e99e23870f51,Photometry,,4
6b1cda37-889f-4299-a380-b0dda523a1c5,f921d385-7d53-493d-b164-e99e23870f51,AAV Injections,,5
0d519f45-7349-48b3-b04d-8f095c4a5dfa,f921d385-7d53-493d-b164-e99e23870f51,Animal Handling,,6
c0a7d684-e3bd-4f68-be16-a5f810146fde,f921d385-7d53-493d-b164-e99e23870f51,Optogenetics,,7
44a40bc9-efc9-49bd-b9b3-314129b614b5,f921d385-7d53-493d-b164-e99e23870f51,Neural Dynamics,,8
dbb9f6d2-e58e-4515-8b67-42b012f7d507,f921d385-7d53-493d-b164-e99e23870f51,Neural Networks,,9
de7709d7-6b54-45f8-b72c-bf658221b067,522a562b-6e75-415a-b9e3-0b93b346b9fa,Pilates Instruction,,0
def337ff-5e16-47ab-b1b0-db1a45a57429,522a562b-6e75-415a-b9e3-0b93b346b9fa,Physical Therapy,,1
e15497c6-f68f-4b2f-b9e7-033cdcd54c82,522a562b-6e75-415a-b9e3-0b93b346b9fa,Human Physiology,,2
1384f78e-818b-49b1-93be-81b40fbf0815,522a562b-6e75-415a-b9e3-0b93b346b9fa,Cerebral Palsy,,3
b86b86ea-59f0-4820-ad95-eeeb169969fc,522a562b-6e75-415a-b9e3-0b93b346b9fa,Neurodevelopmental Disorders,,4
da26fae1-47cd-4fbe-a22b-f9bd4ef301cd,522a562b-6e75-415a-b9e3-0b93b346b9fa,Neurodevelopmental Treatment,,5
2343069d-07ee-4484-9f8a-895264e2caeb,522a562b-6e75-415a-b9e3-0b93b346b9fa,Pediatric Physical Therapy,,6
baebe4d8-1987-4864-a0d7-23dbff921cfb,522a562b-6e75-415a-b9e3-0b93b346b9fa,Research Skills,,7
2677a3bf-a76e-44f8-a46d-3e21db413978,522a562b-6e75-415a-b9e3-0b93b346b9fa,Research Project Management,,8
eb5d3a26-c850-4a72-9d82-e243e9845a08,522a562b-6e75-415a-b9e3-0b93b346b9fa,Good Laboratory Practice (GLP),,9
0e528273-191f-42e5-9ef4-6bb529736a3f,1c9fdfdf-0c59-4c32-af97-a33f11f84efd,Clinical Trials,,0
d0499706-e6de-4873-a755-dbbfcba4228f,1c9fdfdf-0c59-4c32-af97-a33f11f84efd,Pharmaceutical Research,,1
5b87ca50-cddc-4f80-b235-1f6b96c4f49f,1c9fdfdf-0c59-4c32-af97-a33f11f84efd,Data Science,,2
a9097960-6cbe-4eb0-9ffb-25d122ffc6f5,1c9fdfdf-0c59-4c32-af97-a33f11f84efd,Consulting,,3
d93fb54e-3807-4d3a-9876-f399c362c3f3,1c9fdfdf-0c59-4c32-af97-a33f11f84efd,Project Management,,4
0a8cb116-cf83-4a0d-8bfd-81e60977ccca,1c9fdfdf-0c59-4c32-af97-a33f11f84efd,Natural Language Processing (NLP),,5
acf46299-20a1-44ce-8593-513c0b2e5c29,1c9fdfdf-0c59-4c32-af97-a33f11f84efd,Consultation,,6
19b61a11-a354-4a63-9032-0d045ae8474b,1c9fdfdf-0c59-4c32-af97-a33f11f84efd,Client Presentation,,7
ea5512cb-27dc-4cc1-b344-3dce917106eb,1c9fdfdf-0c59-4c32-af97-a33f11f84efd,Statistical Data Analysis,,8
b55a3dba-b71e-483b-b1d7-8458c324e084,1c9fdfdf-0c59-4c32-af97-a33f11f84efd,Clinical Training,,9
df82ab77-1dba-4ec9-8f00-303050cafbf0,443d6fde-f582-4154-9c51-8834123e543c,Time Series Analysis,,0
f9ccd504-b508-4348-818a-076516b5ffd9,443d6fde-f582-4154-9c51-8834123e543c,Deep Learning,,1
0e98d5b2-b299-4d2a-983b-9f5914ff7f31,443d6fde-f582-4154-9c51-8834123e543c,Medical Imaging,,2
47e12772-713d-40b9-86be-5b1a64c7ca3e,443d6fde-f582-4154-9c51-8834123e543c,Diffusion Tensor Imaging,,3
b263dbfd-2027-4c66-840b-049aed24becd,443d6fde-f582-4154-9c51-8834123e543c,Marvin EDC,,4
8d9e2f5e-e5f0-4add-8be8-f6c921f752c3,443d6fde-f582-4154-9c51-8834123e543c,eCRF,,5
71259f6e-353f-4c8a-9304-d919b4540258,443d6fde-f582-4154-9c51-8834123e543c,Computational Neuroimaging,,6
fe99ba4a-93a0-40f1-8cd0-69467f40bdd5,443d6fde-f582-4154-9c51-8834123e543c,Graphical User Interface (GUI),,7
4c74fccc-36af-4628-bd8c-1938ed4738ca,443d6fde-f582-4154-9c51-8834123e543c,Electronic Health Records (EHR),,8
41bbc3ca-eadd-4c47-b36f-eea1e192352a,443d6fde-f582-4154-9c51-8834123e543c,Digital Health,,9
824c3652-fa6c-4a87-9a7a-1895be5aa91e,77c02672-c741-414b-a8d9-896a2624378a,alphafold,,0
a1197b42-c563-4809-9c12-63be8db6d2af,77c02672-c741-414b-a8d9-896a2624378a,Strucutural biology,,1
9dfe3300-a828-4b23-9c64-5e3e9698e400,77c02672-c741-414b-a8d9-896a2624378a,Public Health,,2
ed9f3da1-9fa1-4322-bea3-4d63dcc36cc0,77c02672-c741-414b-a8d9-896a2624378a,Health Policy,,3
0ac91569-7a24-4f2c-a6c8-ad685cbcf008,77c02672-c741-414b-a8d9-896a2624378a,Drug Discovery,,4
ba1e6cc0-8532-466f-b4b8-9d1e1ec0b2cc,77c02672-c741-414b-a8d9-896a2624378a,Virtual Screening,,5
a9e18e8c-8114-4000-8241-e2ca300da33f,77c02672-c741-414b-a8d9-896a2624378a,BIOVIA Discovery Studio,,6
dcebf8b0-c968-4c2d-bdc1-601d1e2f3f92,77c02672-c741-414b-a8d9-896a2624378a,ChemDraw,,7
6a09fd0d-151a-41c7-a2e7-6c2a69c5e932,77c02672-c741-414b-a8d9-896a2624378a,Cryogenic Electron Microscopy,,8
b07d907a-3d3a-4575-9684-4af75438c3ee,77c02672-c741-414b-a8d9-896a2624378a,X-ray crystallography,,9
7e75586d-bd44-4dff-9f38-0e7f1abbffe3,50b65c09-8d57-45b5-9b77-16fbe93df512,Printed Circuit Board (PCB) Design,,0
3672e09b-9b6f-4274-870f-1a2852dbd76d,50b65c09-8d57-45b5-9b77-16fbe93df512,MATLAB,,1
b2a95964-4cd4-446a-824f-5d11063c4749,50b65c09-8d57-45b5-9b77-16fbe93df512,Artificial Intelligence (AI),,2
e9f121b8-5fcc-4dae-959a-6692aa38ff39,50b65c09-8d57-45b5-9b77-16fbe93df512,Robotics Trainer,,3
1f7414b9-a69f-423b-8293-6bfdb13463cf,50b65c09-8d57-45b5-9b77-16fbe93df512,Teamwork,,4
e78236ee-9df5-4db4-a4d9-3fde6c5f4c14,50b65c09-8d57-45b5-9b77-16fbe93df512,Volunteering,,5
3af7bfd0-740f-4f0f-adc2-6f76b80fa575,50b65c09-8d57-45b5-9b77-16fbe93df512,Robot training,,6
a8264ea8-9f1d-4509-ab91-d37aace89921,50b65c09-8d57-45b5-9b77-16fbe93df512,Electronics maintenance,,7
9bdadb21-7733-405c-bd05-656e4fefd589,50b65c09-8d57-45b5-9b77-16fbe93df512,Machine Learning,,8
24e979d7-0c32-4703-9cb5-22c192c77b2d,50b65c09-8d57-45b5-9b77-16fbe93df512,Python (Programming Language),,9
bc13dd7b-ce68-4c1f-ad7d-e4f022d8a70a,3a7ea1ce-b539-484c-b8c0-8f8873da2f8c,Biopurification Therapy,,0
df45fbf7-850c-460a-a55e-de689082c6c7,3a7ea1ce-b539-484c-b8c0-8f8873da2f8c,mentorship,,1
f8f8887e-2a22-47c9-adf0-0b77b145021f,3a7ea1ce-b539-484c-b8c0-8f8873da2f8c,Networking,,2
2c6a0c37-e39e-490b-8d46-cebce0e70aff,3a7ea1ce-b539-484c-b8c0-8f8873da2f8c,Referencing system & Mendeley,,3
f4195eee-0bd0-4ce2-a5cb-35acf35fb150,3a7ea1ce-b539-484c-b8c0-8f8873da2f8c,Data Analysis,,4
cfadb1d1-b012-492e-9ff3-315be07c2a05,3a7ea1ce-b539-484c-b8c0-8f8873da2f8c,Team Leadership,,5
7cdce4f2-010a-4d95-a33f-71cf00e52c09,3a7ea1ce-b539-484c-b8c0-8f8873da2f8c,Complementary & Alternative Medicine,,6
efc470d3-9fe4-46c3-b5eb-56053f4bbc8f,3a7ea1ce-b539-484c-b8c0-8f8873da2f8c,Clinical Research,,7
eb41fa3b-9b6c-494c-8e1e-53147da05153,3a7ea1ce-b539-484c-b8c0-8f8873da2f8c,Healthcare Consulting,,8
7cf79387-83a7-4786-ba44-06662ed13708,3a7ea1ce-b539-484c-b8c0-8f8873da2f8c,Quantitative Research,,9
29cf7083-79cd-4d2a-b300-482f8848a42d,1a13a761-668c-47c3-9bb3-3431ec4c9ac8,Natural Language Processing (NLP),,0
845ce1b9-5b2e-4fa6-9a4d-0c6f0412d5df,1a13a761-668c-47c3-9bb3-3431ec4c9ac8,Microsoft Power BI,,1
630a536e-3fa0-4fd3-a3b8-2bcedfd244c3,1a13a761-668c-47c3-9bb3-3431ec4c9ac8,Tableau,,2
71169f3d-e158-462d-86ea-aec9fbf927c7,1a13a761-668c-47c3-9bb3-3431ec4c9ac8,Robot Operating System (ROS),,3
f841a8f8-0c8f-497c-b75f-40d1f5431f44,1a13a761-668c-47c3-9bb3-3431ec4c9ac8,FastAPI,,4
6f4f8544-dc71-4153-adc4-3699187923b5,1a13a761-668c-47c3-9bb3-3431ec4c9ac8,Scikit-Learn,,5
7028ed0d-2168-4554-bb90-105500963483,1a13a761-668c-47c3-9bb3-3431ec4c9ac8,Large Language Models (LLM),,6
474e1e66-a565-45e7-a56f-b7117716f5b3,1a13a761-668c-47c3-9bb3-3431ec4c9ac8,Healthcare Analytics,,7
67b72ec3-4d63-47d8-b2d8-e8bbffba9fe9,1a13a761-668c-47c3-9bb3-3431ec4c9ac8,Microsoft Azure,,8
bd44d03e-b0d9-4031-aa3a-08527f6f794c,1a13a761-668c-47c3-9bb3-3431ec4c9ac8,Image Processing,,9
3d25a712-905b-4a1f-9a9b-93ee01984ba9,5e6a90cc-580a-46f5-b53e-e2404c5e5abf,Research Analysis,,0
bd6a78e5-bc67-4e07-9142-41fb20f9ca37,5e6a90cc-580a-46f5-b53e-e2404c5e5abf,Computer Science,,1
c8b0b749-2646-4cda-ac66-c44b8d872a3c,5e6a90cc-580a-46f5-b53e-e2404c5e5abf,Knowledge Acquisition,,2
f50029da-7e91-4607-b97a-f87d0dcf5d54,5e6a90cc-580a-46f5-b53e-e2404c5e5abf,Leadership,,3
8e1151f1-bdc2-44a2-83bc-3642c85a1c82,5e6a90cc-580a-46f5-b53e-e2404c5e5abf,Radiation Safety,,4
a99d83e0-ca02-4901-a40a-895f115292d2,5e6a90cc-580a-46f5-b53e-e2404c5e5abf,X-ray,,5
4ed5edbe-a411-4cbb-a45b-75f573c5cd9d,5e6a90cc-580a-46f5-b53e-e2404c5e5abf,Customer Service,,6
3180f567-1576-40d3-baa6-68e51d188d31,5e6a90cc-580a-46f5-b53e-e2404c5e5abf,Model Development,,7
4388841f-1d9f-4ed3-a612-796044e67b2e,5e6a90cc-580a-46f5-b53e-e2404c5e5abf,Engineering Data Management,,8
ba4dfd1b-91a2-43ba-a9a4-92d397902398,5e6a90cc-580a-46f5-b53e-e2404c5e5abf,Data Loading,,9
e491e530-2005-4636-a42e-768dfec07faf,68533464-d69e-425f-a1e1-7477b0d57337,Strategic Communications,,0
ae8c7061-e6bd-4f98-aa7c-80e5f8bb2a1f,68533464-d69e-425f-a1e1-7477b0d57337,Flow Cytometry,,1
91ca698e-38ee-4f88-864f-3a42aadbc4d8,68533464-d69e-425f-a1e1-7477b0d57337,Technical Presentations,,2
ddf9d4da-ff0e-40d1-a04d-dfad6cb5970e,68533464-d69e-425f-a1e1-7477b0d57337,Modulation,,3
a82bc2fb-5c54-47f7-9aba-18a8b960be9e,68533464-d69e-425f-a1e1-7477b0d57337,Project Management,,4
b9a7235f-4abd-4a70-8108-800dbae3f0ba,68533464-d69e-425f-a1e1-7477b0d57337,Screening,,5
be81ce18-e7b3-4cd3-aa32-8d84794ff7d8,68533464-d69e-425f-a1e1-7477b0d57337,Cellular Assays,,6
8cf25830-e35a-430a-85db-5f5f69035388,68533464-d69e-425f-a1e1-7477b0d57337,Research Skills,,7
2ecb4913-0784-4755-9978-c6bfbaee9e66,68533464-d69e-425f-a1e1-7477b0d57337,Life Sciences,,8
d029821a-ede9-42c6-b2cb-4fbde3982612,ea25782c-b7c6-4258-82df-8fc7b2859463,Clinical Pharmacy,,0
653e39e4-05aa-4242-9fcc-ddfded29710b,ea25782c-b7c6-4258-82df-8fc7b2859463,Pharmaceutical Management,,1
f23d56a9-621d-4f61-9f73-fdaa2487ba32,ea25782c-b7c6-4258-82df-8fc7b2859463,Retail Pharmacy,,2
10268332-db40-487b-ae3e-850c1d2d6591,ea25782c-b7c6-4258-82df-8fc7b2859463,Client Liaison,,3
45f5608d-6d6a-406d-9c8b-e0d28202aea0,ea25782c-b7c6-4258-82df-8fc7b2859463,Data Management,,4
ce1a65d8-39c5-4e35-9501-74431e4a0b95,ea25782c-b7c6-4258-82df-8fc7b2859463,Administrative Assistance,,5
6cc3994d-42e4-4ced-8ec5-6a583e970afe,ea25782c-b7c6-4258-82df-8fc7b2859463,Client Relations,,6
28caff34-2531-43f6-9bd5-91924c6dd8ee,ea25782c-b7c6-4258-82df-8fc7b2859463,IT Management,,7
71370be3-23cd-41bc-9596-fa7a0f013e4d,ea25782c-b7c6-4258-82df-8fc7b2859463,Spreadsheets,,8
bb103e2f-cdbb-43eb-98f0-c6fdb1adb3f1,ea25782c-b7c6-4258-82df-8fc7b2859463,Pharmaceutical Law,,9
58b7d02b-0b04-4adf-94d4-7c1f349842ff,13790336-60b2-46c8-a654-1d8672a6aab3,Signal Processing,,0
502a6b40-c835-47ae-b352-4116f3c252f0,13790336-60b2-46c8-a654-1d8672a6aab3,Sensor Design,,1
cecb3f0e-8e72-4afe-8a00-2ac68af49d18,13790336-60b2-46c8-a654-1d8672a6aab3,Digital Signal Processors,,2
3a8535ac-7272-46b3-870b-671fd3cd08ee,13790336-60b2-46c8-a654-1d8672a6aab3,Robotics,,3
f62d9bf4-3fe5-4988-9964-aa4aac753566,13790336-60b2-46c8-a654-1d8672a6aab3,Firmware,,4
17352499-d96e-465f-8d78-0f67ff4090a7,13790336-60b2-46c8-a654-1d8672a6aab3,Product Design,,5
eb44c5da-e925-4721-8d3a-a4193cb55d54,13790336-60b2-46c8-a654-1d8672a6aab3,Technical Drawing,,6
a7e7bc4d-78b0-4874-a0e3-87c416e59aee,13790336-60b2-46c8-a654-1d8672a6aab3,Image Processing,,7
37035940-fd9b-424d-a3ab-a37001c647a6,13790336-60b2-46c8-a654-1d8672a6aab3,Mechanical Testing,,8
cf0ae29a-8bcd-42a6-b369-0b8b92bf9192,13790336-60b2-46c8-a654-1d8672a6aab3,Finite Element Analysis (FEA),,9
7f6d60e7-f1fd-486f-9171-a3f706e0eee4,9f091f98-3b8d-4022-b142-87687ba61557,Magneto,,0
b77de2f7-485e-4075-9e99-326e209e57f3,9f091f98-3b8d-4022-b142-87687ba61557,Signal,,1
a0d56be2-3040-4778-9bcb-fd0a18ad9cf6,9f091f98-3b8d-4022-b142-87687ba61557,Data Collection,,2
61049375-104b-483a-95f9-58b4604ac152,9f091f98-3b8d-4022-b142-87687ba61557,Matlab,,3
7194a576-fa57-4789-9391-ff76e63d4ab6,9f091f98-3b8d-4022-b142-87687ba61557,Neuroscience,,4
1ee20f25-71b7-4e7d-9edf-d43529be1050,9f091f98-3b8d-4022-b142-87687ba61557,Research,,5
a9fa3e7b-9c8a-4bb8-8546-af431eda220e,9f091f98-3b8d-4022-b142-87687ba61557,Science,,6
61e13956-4d8b-4d5f-b697-9164eb0cc23d,9f091f98-3b8d-4022-b142-87687ba61557,Software Engineering,,7
2942684f-9421-4f23-b557-c016ba408751,9f091f98-3b8d-4022-b142-87687ba61557,Molecular Biology,,8
1c05df1b-57ce-466c-bdec-d64d9e5634fe,9f091f98-3b8d-4022-b142-87687ba61557,Statistics,,9
91d3a5c1-5132-4450-a005-24e96fed8003,be739f3d-c675-4411-b354-eda0850ec8d4,Geriatric Psychiatry,,0
6cfeed31-267d-4b1c-ad49-93a2a62f0590,be739f3d-c675-4411-b354-eda0850ec8d4,Neuropsychiatry,,1
f5360bba-39a6-4158-b26f-44514a6ef755,be739f3d-c675-4411-b354-eda0850ec8d4,Research,,2
163f91c6-66b9-4057-baba-52c799a0c932,be739f3d-c675-4411-b354-eda0850ec8d4,Microsoft Office,,3
145efeb7-f47e-4a83-bc5e-7a93355c3472,be739f3d-c675-4411-b354-eda0850ec8d4,Public Speaking,,4
10f87b43-bef6-47cd-b53f-4067fa569e1f,be739f3d-c675-4411-b354-eda0850ec8d4,Strategic Planning,,5
59953cfb-3d5b-4dd4-b8cc-27a13d0202ef,be739f3d-c675-4411-b354-eda0850ec8d4,Customer Service,,6
e0db3073-d523-424f-bd0e-e1b04ba0383b,be739f3d-c675-4411-b354-eda0850ec8d4,Microsoft Excel,,7
6b24369d-ad58-4de7-b6aa-f14ccf04873f,be739f3d-c675-4411-b354-eda0850ec8d4,Leadership,,8
2a424117-4ec8-4831-b2ee-87073976e786,be739f3d-c675-4411-b354-eda0850ec8d4,Management,,9
cedb0ad1-c43d-4afb-aca4-0b92a0d990a1,a7fbe451-933b-42b0-83d9-4af1d3651e8e,Research and Development (R&D),,0
cdfc3c19-7638-4623-ad3a-5f424ec96df8,a7fbe451-933b-42b0-83d9-4af1d3651e8e,Analyzer,,1
06bce45e-7252-41df-9bf7-295dfac0b221,a7fbe451-933b-42b0-83d9-4af1d3651e8e,Neurobiology,,2
064bec2e-1fa6-442e-81d8-08eaa612e22d,a7fbe451-933b-42b0-83d9-4af1d3651e8e,Applied Research,,3
61e38ef7-0e4e-4634-b532-f13f6c9f3443,a7fbe451-933b-42b0-83d9-4af1d3651e8e,Protein Expression,,4
e9fd0591-6c48-47ae-9a89-cabdbeac6dfb,a7fbe451-933b-42b0-83d9-4af1d3651e8e,Component Design,,5
e19a4541-6816-413c-b843-6d4e1e1dd700,a7fbe451-933b-42b0-83d9-4af1d3651e8e,Root Cause,,6
2ad8657f-875b-4783-b6ca-fca88b21ab2a,a7fbe451-933b-42b0-83d9-4af1d3651e8e,Project Plans,,7
12f717ba-b2b7-42ab-87f7-3e661fd3b143,a7fbe451-933b-42b0-83d9-4af1d3651e8e,Word Processing,,8
86a2aad2-3272-440f-b60f-a8d2aa40da60,a7fbe451-933b-42b0-83d9-4af1d3651e8e,Problem Solving,,9
0ac4291e-7b81-4133-ae9e-44af00c95ea0,d6461659-1a0d-4af9-b151-21f7dc274082,Técnicos de laboratorio,,0
3cbb7122-63a9-4af8-bd3e-918938efd7dd,d6461659-1a0d-4af9-b151-21f7dc274082,Investigación y desarrollo (I+D),,1
d8770363-9a57-4c55-b9f3-b11fd2b52f2a,d6461659-1a0d-4af9-b151-21f7dc274082,Atención al detalle,,2
d8ce06aa-7b67-4125-adb7-0c5806866bbd,d6461659-1a0d-4af9-b151-21f7dc274082,Gestión de redes sociales,,3
fe31dc79-f593-48c8-a6c6-f8f86b730032,d6461659-1a0d-4af9-b151-21f7dc274082,Criopreservación,,4
a90666a6-3a90-4764-9fb6-f7557e68d4a9,d6461659-1a0d-4af9-b151-21f7dc274082,Registros clínicos,,5
51823fd1-d857-469c-85e3-a288c87e8c06,d6461659-1a0d-4af9-b151-21f7dc274082,Matemáticas básicas,,6
11130af7-ceb2-4bc6-a80b-39733f770d9f,d6461659-1a0d-4af9-b151-21f7dc274082,Capacidad de razonamiento,,7
59b4a6d4-69f6-4424-a455-2c0013993f3a,d6461659-1a0d-4af9-b151-21f7dc274082,Coordinación de proyectos,,8
d5e93e38-1a14-46e7-b8d0-9e1f24271376,d6461659-1a0d-4af9-b151-21f7dc274082,Habla,,9
2596352b-26e4-4601-8e13-9e1e61d2a947,59bba1a3-d1a0-4ef9-9bae-125fe9cbee4a,Laboratory Management,,0
df3ac406-7f63-4ba8-98cd-bbb472bbc9c3,59bba1a3-d1a0-4ef9-9bae-125fe9cbee4a,Confocal Microscopy,,1
07e57f02-1197-435f-8e40-882ef5fa733b,59bba1a3-d1a0-4ef9-9bae-125fe9cbee4a,Technical Writing,,2
7fc81a46-fecc-41c6-a098-0d7752f1aeca,59bba1a3-d1a0-4ef9-9bae-125fe9cbee4a,Bacterial Culture,,3
ab5df262-d345-44d4-bfee-a41059551be7,59bba1a3-d1a0-4ef9-9bae-125fe9cbee4a,Cell Culture,,4
7f46412d-499c-43c2-9cf2-e672e98f1a55,59bba1a3-d1a0-4ef9-9bae-125fe9cbee4a,Electrospinning,,5
eec1fdb1-0897-4f77-85c6-a22a73e9976b,59bba1a3-d1a0-4ef9-9bae-125fe9cbee4a,MTT Assay,,6
3ccd91cf-fac6-4194-ae5d-075d8755ce2d,59bba1a3-d1a0-4ef9-9bae-125fe9cbee4a,Mechanical Strength Analysis,,7
c8509a47-68fd-4c40-ad7d-6b8d001cfe7d,59bba1a3-d1a0-4ef9-9bae-125fe9cbee4a,Alizarin Red Staining,,8
42b05f2f-75b5-401c-a818-c20670489f2d,59bba1a3-d1a0-4ef9-9bae-125fe9cbee4a,Tissue Engineering,,9
994e88a2-107b-44f3-999c-dc75122c30c9,bb722c02-9f56-470f-9e82-b7ccc8607800,Communication écrite,,0
5eccc2a4-b12c-4e85-aa19-bb0616aef47f,bb722c02-9f56-470f-9e82-b7ccc8607800,Imagerie cérébrale,,1
51b616fb-e6ac-4dd8-b01f-443b3b100456,bb722c02-9f56-470f-9e82-b7ccc8607800,Sistemas operacionais,,2
5c6af8bd-f3e3-42f7-a1bd-5f3df7ec075c,bb722c02-9f56-470f-9e82-b7ccc8607800,Gestion du temps,,3
068b9e9b-72a8-495d-bef4-8490f3f1ff1b,bb722c02-9f56-470f-9e82-b7ccc8607800,Enxaqueca,,4
a96ed6e2-71ec-4b63-8b27-2a2314387172,bb722c02-9f56-470f-9e82-b7ccc8607800,Pesquisa,,5
c9999f21-a492-4efc-a11d-82678fb0c12d,bb722c02-9f56-470f-9e82-b7ccc8607800,Medicina preventiva,,6
5fb541de-9752-4837-8bff-3ac833fc0d4e,bb722c02-9f56-470f-9e82-b7ccc8607800,Distúrbios neurológicos,,7
600f8ea2-53ad-48ca-8660-fe02005a030d,bb722c02-9f56-470f-9e82-b7ccc8607800,Pesquisa médica,,8
f9adf74b-9a1d-4489-99c4-a16fdd0a1d94,bb722c02-9f56-470f-9e82-b7ccc8607800,Registros médicos eletrônicos (RME),,9
cec3b5d6-4533-45a8-8a4a-e9154713d903,0f2cbe04-a9e3-4a95-b902-f258f727b824,alpha-synuclein fibrillation test,,0
d12489b9-ce31-44d1-a810-8630f2d62dca,0f2cbe04-a9e3-4a95-b902-f258f727b824,English,,1
72d3f055-832c-44b3-a6d1-50c5a50d00af,0f2cbe04-a9e3-4a95-b902-f258f727b824,Vaccinations,,2
62b399ee-ffd3-4053-bb68-982628b12e93,0f2cbe04-a9e3-4a95-b902-f258f727b824,Blood Sample Collection,,3
6150264c-7014-47e3-91b5-90487479882a,0f2cbe04-a9e3-4a95-b902-f258f727b824,Prenatal Care,,4
334287e0-6dd2-4830-9030-4d57c05b318b,0f2cbe04-a9e3-4a95-b902-f258f727b824,Nano Material synthesis,,5
7bac72be-1495-4c5a-a717-abbac8071316,0f2cbe04-a9e3-4a95-b902-f258f727b824,Healthcare,,6
ea054b7e-f28d-43ae-9af6-e6536c1bd6d7,0f2cbe04-a9e3-4a95-b902-f258f727b824,Health Education,,7
0f8f053e-b543-469c-83ec-ebcc58e44a4c,0f2cbe04-a9e3-4a95-b902-f258f727b824,Clinical Research,,8
e35146e7-4fa5-4df4-97f6-67cd4134ad1f,0f2cbe04-a9e3-4a95-b902-f258f727b824,Nursing,,9
61ddab5c-9769-46c0-bbda-8a786ad24500,822ad0dc-29ab-4ca6-bb2e-643798e3a78b,Research Project Management,,0
3e2fe891-1306-4e7b-b412-ad818a346caa,822ad0dc-29ab-4ca6-bb2e-643798e3a78b,Research Projects,,1
67e9f5c1-4b96-44e4-bea7-172c8bdd47d4,822ad0dc-29ab-4ca6-bb2e-643798e3a78b,Sexuality Education,,2
6982468e-173c-472d-9a7d-e1e6f5bda8ea,822ad0dc-29ab-4ca6-bb2e-643798e3a78b,Direct Patient Care,,3
c2b8889c-3336-471d-beeb-a8b50e5ace62,822ad0dc-29ab-4ca6-bb2e-643798e3a78b,Respiratory Disease,,4
32709155-7ea2-4ae9-b758-9e514d189dc4,822ad0dc-29ab-4ca6-bb2e-643798e3a78b,Neonatal Intensive Care,,5
dc9d81d1-0fdd-4745-8855-0e49f7e27bc7,822ad0dc-29ab-4ca6-bb2e-643798e3a78b,Infant Care,,6
8d5d31da-c042-48a0-9393-575a815d2df5,822ad0dc-29ab-4ca6-bb2e-643798e3a78b,Community Outreach,,7
ec8276d8-a8c6-4a71-8d48-9e3c0a29ba3b,822ad0dc-29ab-4ca6-bb2e-643798e3a78b,Community Engagement,,8
b8fce505-b2f7-429b-83a7-8653dcd58c51,822ad0dc-29ab-4ca6-bb2e-643798e3a78b,Learning Disabilities,,9
e6bae922-ec1f-483c-ae1e-ce25155735f0,0e8ba76a-d206-4095-bcbc-36192920130d,Histology,,0
70083a4e-98cb-4271-a531-282b0a7d187a,0e8ba76a-d206-4095-bcbc-36192920130d,Project Consultation,,1
1a8e57bd-50f3-4c92-acf6-9eca2e66408f,0e8ba76a-d206-4095-bcbc-36192920130d,spatial transcriptomics,,2
2245c26d-2ef0-4885-9bd2-b396d888768a,0e8ba76a-d206-4095-bcbc-36192920130d,Library prep,,3
dbad1eeb-0559-49fb-af55-a0f8c6145d42,0e8ba76a-d206-4095-bcbc-36192920130d,Ingenuity Pathway Analysis,,4
ffcf96a3-95bc-4928-bb96-db8fe3805738,0e8ba76a-d206-4095-bcbc-36192920130d,Qiagen IPA,,5
a7006ad1-f793-4dc4-868a-d08dad426bf4,0e8ba76a-d206-4095-bcbc-36192920130d,Molecular Biology,,6
7732409f-0112-4c39-a947-7915468b351b,0e8ba76a-d206-4095-bcbc-36192920130d,Unix,,7
afcddf53-2a00-41b9-b654-dd377c9b8e8e,0e8ba76a-d206-4095-bcbc-36192920130d,Next-Generation Sequencing (NGS),,8
fa6b872c-853a-4f83-bbba-da74ead6403c,0e8ba76a-d206-4095-bcbc-36192920130d,Genomics,,9
1b083f50-a8d4-4289-a0ec-07bcce88f664,05ca0e5c-464a-481b-9a80-2c72075cd6d8,Enseñanza superior,,0
fbeb1b24-c4dd-450f-8d50-842ddea7e2ab,05ca0e5c-464a-481b-9a80-2c72075cd6d8,Gestión de datos,,1
925507f7-4732-4d30-937d-a6b85ecacfd0,05ca0e5c-464a-481b-9a80-2c72075cd6d8,Publicaciones académicas,,2
cadfd10f-9db8-4f03-b13c-f4b0d9181704,05ca0e5c-464a-481b-9a80-2c72075cd6d8,Biología molecular,,3
b03a859b-2dc9-4176-80e9-3047b41e561b,05ca0e5c-464a-481b-9a80-2c72075cd6d8,Microscopia,,4
0f9e75f2-79c4-4b4c-a66d-9078c2a5c8bd,05ca0e5c-464a-481b-9a80-2c72075cd6d8,Statistics,,5
d0620eb1-1d43-4a99-9bab-d6db5f2a7b47,05ca0e5c-464a-481b-9a80-2c72075cd6d8,Programming,,6
e3f5d5fb-cb3a-4c38-a32f-fd5b15ef12f2,05ca0e5c-464a-481b-9a80-2c72075cd6d8,Parkinson's Disease,,7
582abb73-5fd4-408d-a0a9-8b5201fd8aec,05ca0e5c-464a-481b-9a80-2c72075cd6d8,Data Analysis,,8
db1677f3-0979-43e5-8386-d884fc1c399a,05ca0e5c-464a-481b-9a80-2c72075cd6d8,Laboratory Animal Colony Management,,9
0587a420-70f7-475f-9adf-3201b2058f0a,d4be45fc-67dd-4ea4-a5b2-f4d911db24fd,English,,0
38410753-773f-4d01-9168-0efdf0812e10,d4be45fc-67dd-4ea4-a5b2-f4d911db24fd,4 experiences at Centre de recherche de l'Hôpital Maisonneuve-Rosemont (CR-HMR) and 1 other company,,1
e54536bc-b495-4af4-bc92-6b4c4c32da17,e7274334-74fa-4e68-811e-c8d259c13aa6,User Research,,0
1208e73e-d359-46bf-bf42-94a9dc81a4ac,e7274334-74fa-4e68-811e-c8d259c13aa6,R (Programming Language),,1
2897989f-0565-4777-ac16-b0996809da45,e7274334-74fa-4e68-811e-c8d259c13aa6,Machine Learning,,2
6834a171-cd05-4cfc-8df7-06ddf12070f1,e7274334-74fa-4e68-811e-c8d259c13aa6,Deep Neural Networks (DNN),,3
603a89cb-2d1a-43ff-a922-bd0c9d5d2356,e7274334-74fa-4e68-811e-c8d259c13aa6,Artificial Intelligence (AI),,4
7c1700e8-79dc-45e3-94d0-4b6406593442,e7274334-74fa-4e68-811e-c8d259c13aa6,Python (Programming Language),,5
9a228f80-c537-4b59-ab72-b93c7c7801f4,e7274334-74fa-4e68-811e-c8d259c13aa6,NumPy,,6
6e0261dd-bc99-4d84-b588-d48b6d56ec91,e7274334-74fa-4e68-811e-c8d259c13aa6,Pandas (Software),,7
8e8c6d8f-1503-4b1f-aa86-905f9fbfcffa,e7274334-74fa-4e68-811e-c8d259c13aa6,Analytical Skills,,8
85869077-bba6-48a5-83eb-24ef15da9789,e7274334-74fa-4e68-811e-c8d259c13aa6,Applied Behavior Analysis,,9
81a6a6e7-d54a-46b0-a95d-e86b9d2de8ad,ba21b5e0-19ec-42e4-957a-b48edc7e7014,Quality Assurance,,0
400557b1-1d33-4c72-8559-fe706af6e1d1,ba21b5e0-19ec-42e4-957a-b48edc7e7014,Biostatistics,,1
31fc4b23-9c82-4389-bbd8-a4e79b925123,ba21b5e0-19ec-42e4-957a-b48edc7e7014,Qualitative & Quantitative Research Methodologies,,2
f5a994c2-8643-4306-9a6c-1de0abd92384,ba21b5e0-19ec-42e4-957a-b48edc7e7014,Research and Development (R&D),,3
b2fbfd43-ee46-436c-876b-91676b7a1fdd,ba21b5e0-19ec-42e4-957a-b48edc7e7014,Policy Analysis,,4
adb0f3e8-e02f-4aa4-924e-473944e510c8,ba21b5e0-19ec-42e4-957a-b48edc7e7014,International Relations,,5
8acb1aeb-8107-414d-8cd3-827211ad5846,ba21b5e0-19ec-42e4-957a-b48edc7e7014,Project Coordination,,6
08218108-0b6f-4d6f-b6a1-2825b0727658,ba21b5e0-19ec-42e4-957a-b48edc7e7014,Analytical Skills,,7
95afcf3e-6138-45ea-bb3d-c851a91f3054,ba21b5e0-19ec-42e4-957a-b48edc7e7014,Healthcare,,8
8552f35a-ebb3-404b-b094-d8d7c128079b,ba21b5e0-19ec-42e4-957a-b48edc7e7014,Health Education,,9
9bbee0f9-1b7b-4dff-a3d2-ef96d2899862,5dfd86cb-33f9-45db-96bc-407dd3780775,Administrative Management,,0
e11cd227-bdc0-44a7-a033-c2c0b33f1d0b,5dfd86cb-33f9-45db-96bc-407dd3780775,University Lecturing,,1
748db4b7-2779-42d6-87a3-2b48a58d334a,5dfd86cb-33f9-45db-96bc-407dd3780775,Higher Education Teaching,,2
32aed181-edf2-4ebb-9c2e-a2c2ab945fc9,5dfd86cb-33f9-45db-96bc-407dd3780775,Classroom Instruction,,3
72e9da96-b8bf-4d56-a69a-bf4c0c414ef9,5dfd86cb-33f9-45db-96bc-407dd3780775,Supervisory Skills,,4
b2cacc83-2736-4c46-a95e-1c4b569d58c5,5dfd86cb-33f9-45db-96bc-407dd3780775,University Teaching,,5
52d2f1a6-2cc1-4b82-8f67-d54fa31240b8,5dfd86cb-33f9-45db-96bc-407dd3780775,Wireless Networking,,6
e5511b0c-6903-47c9-aa3e-4155905abf4d,5dfd86cb-33f9-45db-96bc-407dd3780775,Coaching & Mentoring,,7
310f71a8-6fd5-430a-870a-021cb6598f36,5dfd86cb-33f9-45db-96bc-407dd3780775,graduate supervision,,8
01903165-58ee-4c24-b59a-0dee774017f9,5dfd86cb-33f9-45db-96bc-407dd3780775,Peer Reviews,,9
88734a45-dfd7-484f-b6a8-570e08673b58,9b98db48-21e2-44f4-b856-e0bede436734,"Python, Numpy, Pandas, Matplotlib, SciktLearn, Data science",,0
fd9fb9b0-768f-400c-b881-d1426406497f,9b98db48-21e2-44f4-b856-e0bede436734,Sales Management,,1
048a9338-7ac6-4a31-a6ea-a8f0c54e11ef,9b98db48-21e2-44f4-b856-e0bede436734,"Histology, Hisochemistry, Immunohistochemistry, Rodent models, Rodent behavioral tools",,2
e30c468e-1074-43dd-9f63-c2a52d897aec,9b98db48-21e2-44f4-b856-e0bede436734,Microsoft Office,,3
e089c412-9512-472f-adc8-3f582c4b2735,5fc12814-52d4-48a5-901f-28cd1429c0e1,Multivariate Analysis,,0
5e81244a-ae67-4da7-8659-6dde02d8eb29,5fc12814-52d4-48a5-901f-28cd1429c0e1,4 experiences at University of Calgary and 3 other companies,,1
32b1c37c-1cc1-47a0-9553-0ad61e1d09f7,ed647580-cc91-47a7-9243-4d04a3d6bfbe,WHMIS,,0
90986527-4ff6-4ee4-89da-5bae5b89f42f,ed647580-cc91-47a7-9243-4d04a3d6bfbe,Customer Service,,1
5ad2e4f7-2287-4d13-b4e8-8a338ff35b87,ed647580-cc91-47a7-9243-4d04a3d6bfbe,Digital Illustration,,2
e3791c5f-fea4-487f-b205-f8335e4a3cd2,ed647580-cc91-47a7-9243-4d04a3d6bfbe,Teaching,,3
91bd00ec-c4b4-4246-a5ae-1e01c8bd75db,ed647580-cc91-47a7-9243-4d04a3d6bfbe,Leadership,,4
8a29d1a3-34a3-4a77-9016-d8340fef95eb,ed647580-cc91-47a7-9243-4d04a3d6bfbe,Teamwork,,5
84a668b1-6e7f-4416-b838-00f9a7d08a0b,ed647580-cc91-47a7-9243-4d04a3d6bfbe,Procreate App,,6
a823220e-59ad-4ea7-bc8d-c169b751f87d,ed647580-cc91-47a7-9243-4d04a3d6bfbe,Oil Painting,,7
f26c3027-cd43-40e4-b2e9-ccdbe4cc0c9c,ed647580-cc91-47a7-9243-4d04a3d6bfbe,Social Media Management,,8
13f911b8-e919-425a-9331-26eb48cab2f6,ed647580-cc91-47a7-9243-4d04a3d6bfbe,Online Tutoring,,9
c800c333-c361-4b07-bfd8-6305e34dc250,6a46f198-3968-4222-a961-f70042923e41,Medical Operations,,0
7eb297a7-23a9-4edc-8304-88e29735fae0,6a46f198-3968-4222-a961-f70042923e41,Hospital Medicine,,1
d35507c7-3d38-4022-8114-ff9d53f7f4d9,6a46f198-3968-4222-a961-f70042923e41,Product Distribution,,2
16ff2882-f946-4a84-b071-c68a88dfd910,6a46f198-3968-4222-a961-f70042923e41,Business Management,,3
4a8aebc1-866e-49e4-b064-4c30bdf08a93,6a46f198-3968-4222-a961-f70042923e41,Sales,,4
6dfeaed5-65c5-4cac-b71a-f22cf384220c,6a46f198-3968-4222-a961-f70042923e41,Pitching Ideas,,5
a40465be-2b04-4052-bdbf-514d4ce80386,6a46f198-3968-4222-a961-f70042923e41,Interviewing,,6
66d1d1dd-8255-4fb4-831c-1923072a1927,6a46f198-3968-4222-a961-f70042923e41,Communication,,7
4e381a10-c178-4a2a-b23f-6d50d2eadb02,6a46f198-3968-4222-a961-f70042923e41,Writing,,8
101deda2-e279-42ee-ad46-a239afebb09c,6a46f198-3968-4222-a961-f70042923e41,Non-profit Volunteering,,9
b07a3c85-2d3e-4b1b-af1c-9a270c3dd5ba,3119235a-5ac2-4395-b7e1-c1c65d307e02,Holistic & Multidisciplinary Patient Care,,0
d16d8822-84a5-4683-bd8b-78245d857750,3119235a-5ac2-4395-b7e1-c1c65d307e02,Mental Health Counseling & Advocacy,,1
6c050df6-997d-4f5c-a170-2c7be7709ca8,3119235a-5ac2-4395-b7e1-c1c65d307e02,Crisis Intervention & Suicide Prevention,,2
14cfb2b6-ec9c-433e-bd12-e15e0116ae21,3119235a-5ac2-4395-b7e1-c1c65d307e02,Team Leadership,,3
97d60788-0c1c-423c-b0e6-d5dc13b8c3de,3119235a-5ac2-4395-b7e1-c1c65d307e02,Community Engagement,,4
07b51eb5-368b-443b-ac79-b76e68dec2fe,3119235a-5ac2-4395-b7e1-c1c65d307e02,Community Health,,5
d10d94c0-1a10-45d5-82a4-c4677b517ff0,3119235a-5ac2-4395-b7e1-c1c65d307e02,Healthcare,,6
1c6ff1d5-a970-48db-ad97-5ff30c49da35,3119235a-5ac2-4395-b7e1-c1c65d307e02,Teaching,,7
453d81ca-0619-4ab7-90f1-4c1ee0a49865,3119235a-5ac2-4395-b7e1-c1c65d307e02,Public Speaking,,8
ff29ce70-e6a0-4d05-99f2-937ffeb43871,3119235a-5ac2-4395-b7e1-c1c65d307e02,Community Development,,9
348d3ddf-4355-47e0-a07b-4329fd2c0188,ba314b50-c9c7-4a8d-ab10-891c13f5d20b,Digital Health,,0
48df0847-e678-4843-9bf8-c26fb5bae89d,ba314b50-c9c7-4a8d-ab10-891c13f5d20b,Emergency Medicine,,1
610d69de-4b7c-4709-aed7-4a7ab4daf92e,ba314b50-c9c7-4a8d-ab10-891c13f5d20b,Patient Care Management,,2
b99da69e-6e95-4679-be82-44cbdc37ba93,ba314b50-c9c7-4a8d-ab10-891c13f5d20b,Brain-computer Interfaces,,3
30936ed8-a681-4b52-94e6-fde51b202212,ba314b50-c9c7-4a8d-ab10-891c13f5d20b,Data Science,,4
cc142f9b-6a5d-4bd4-a6c9-efc0baea03b7,ba314b50-c9c7-4a8d-ab10-891c13f5d20b,Medical Diagnostics,,5
59a5265b-96aa-4a70-a128-b59126a60ad3,ba314b50-c9c7-4a8d-ab10-891c13f5d20b,Neuroanatomy,,6
5f337a8b-489a-47d7-aea2-cf57cb7e095e,ba314b50-c9c7-4a8d-ab10-891c13f5d20b,Research Skills,,7
0a06e436-01c3-4752-bc6a-201e4e90b55d,ba314b50-c9c7-4a8d-ab10-891c13f5d20b,Neuroscience,,8
1c4685dc-5628-41fa-b6c0-3d5e93238d9f,ba314b50-c9c7-4a8d-ab10-891c13f5d20b,Data Analysis,,9
a12ba0e0-b62c-4a02-a2c3-5aff14cd4b4b,d7250ee2-58aa-45e8-8986-f88a9ae831a1,Cuisine méditerranéenne,,0
7903ca08-989e-424a-a4bc-9776f5364710,d7250ee2-58aa-45e8-8986-f88a9ae831a1,BMC,,1
4de44abf-ef39-458f-93c1-cb8762e5e5f4,d7250ee2-58aa-45e8-8986-f88a9ae831a1,Intelligence artificielle (IA),,2
81a3db45-4270-4e6b-83c6-76d0b885c5f6,d7250ee2-58aa-45e8-8986-f88a9ae831a1,E health,,3
e03f4fa8-8715-4162-a41f-29c3d84d0f2a,d7250ee2-58aa-45e8-8986-f88a9ae831a1,Neuro-Inflamation,,4
0e76788a-a906-4917-abea-228ccbe49302,d7250ee2-58aa-45e8-8986-f88a9ae831a1,Programmation neurolinguistique (PNL),,5
f3e301d2-7cc3-4996-ae62-17ae7ccdc057,d7250ee2-58aa-45e8-8986-f88a9ae831a1,Recherche clinique en oncologie,,6
f7288b58-bfef-4d90-acf3-25333947e373,d7250ee2-58aa-45e8-8986-f88a9ae831a1,Compétences interpersonnelles,,7
e9d7a4ce-fcf5-4d01-8187-0826c6d1e2fb,d7250ee2-58aa-45e8-8986-f88a9ae831a1,Épigénétique,,8
73f9ddeb-b134-40e0-9dea-74f60ef9f5ac,d7250ee2-58aa-45e8-8986-f88a9ae831a1,Contrôle qualité,,9
342698d9-a894-4042-9a3b-cf01a5887f96,f79ff24e-c99f-4c23-b4fa-065e10da32dc,Academic Support & Mentorship,,0
8d702e80-35d2-4bcc-9179-9422f4f0a362,f79ff24e-c99f-4c23-b4fa-065e10da32dc,Instructional Collaboration,,1
e3dc305c-2ac5-4cf8-be08-4e66ea372e6e,f79ff24e-c99f-4c23-b4fa-065e10da32dc,Assessment & Feedback,,2
283a214b-966e-4f40-8e1d-55c3c872f14e,f79ff24e-c99f-4c23-b4fa-065e10da32dc,Communication & Professionalism,,3
9e335bc7-76cf-4423-921f-518796b23366,f79ff24e-c99f-4c23-b4fa-065e10da32dc,Multicultural Sensitivity & Adaptability,,4
bb8d9e10-a280-4fb7-8163-845ebdfb61a1,f79ff24e-c99f-4c23-b4fa-065e10da32dc,"Diversity, Equity, Inclusion and Belonging (DEIB)",,5
63d94b5b-4b3e-4c47-8a37-ae40c77c2ed3,f79ff24e-c99f-4c23-b4fa-065e10da32dc,ERP Data Analysis,,6
c9a376e6-30cb-4ebc-9817-b86980d7896c,f79ff24e-c99f-4c23-b4fa-065e10da32dc,Statistical Data Analysis,,7
f6755b81-c83b-4263-b5f7-a9108eb957e1,f79ff24e-c99f-4c23-b4fa-065e10da32dc,Adherence to Ethical Practices,,8
1e915ae6-aa31-47d8-93e7-cc6671efd489,f79ff24e-c99f-4c23-b4fa-065e10da32dc,Communication of Research Findings,,9
28474e8f-7d8f-4eef-b1a3-7ea8bc85d93c,f3ee93ac-8b77-4e76-8641-cab8cf0da4df,Secondary Education,,0
3cf310d0-1033-45b4-a22b-abb9cf6cff1c,f3ee93ac-8b77-4e76-8641-cab8cf0da4df,Lab Testing,,1
31760c01-c7c7-4ece-9762-d23561a8e3e9,f3ee93ac-8b77-4e76-8641-cab8cf0da4df,Laboratory Equipment,,2
a2018f04-8159-41ac-b147-951fb801232e,f3ee93ac-8b77-4e76-8641-cab8cf0da4df,Customer Service Representatives,,3
f4f98f64-2c0a-41ae-9b75-4a8a9d59b3c6,f3ee93ac-8b77-4e76-8641-cab8cf0da4df,Post-Sales Support,,4
6da1ea05-19f2-41e5-94fc-8e1fd591d399,f3ee93ac-8b77-4e76-8641-cab8cf0da4df,Quality Assurance Analysis,,5
9b7b0e2a-43a6-4a96-844b-ae311fc72457,f3ee93ac-8b77-4e76-8641-cab8cf0da4df,Notion Productivity Software,,6
2d3c53eb-b223-43c3-abc6-1c827da13c01,f3ee93ac-8b77-4e76-8641-cab8cf0da4df,Quality Control,,7
be0b8fe0-2fa1-48d7-9f1b-392d01b8fee2,f3ee93ac-8b77-4e76-8641-cab8cf0da4df,ISO 9001,,8
c592a0ee-5fc1-40da-b7d7-7b2b8afb77f1,f3ee93ac-8b77-4e76-8641-cab8cf0da4df,Good Manufacturing Practice (GMP),,9
d77cad11-a651-41d1-a00b-5f773689744d,11fcd1a8-5fd7-4fdc-a3b4-1ab257b5dcfa,Animal Behavior,,0
7b4a3719-bf61-42b0-a9a4-77f63ef96d96,11fcd1a8-5fd7-4fdc-a3b4-1ab257b5dcfa,Neuroscience,,1
3c83f3a0-9766-4af6-84e3-e63889b0962c,11fcd1a8-5fd7-4fdc-a3b4-1ab257b5dcfa,Stereotaxic Surgery,,2
0a2d9f9c-2097-49b1-b367-3af331d2453e,11fcd1a8-5fd7-4fdc-a3b4-1ab257b5dcfa,two-voltage clamp,,3
c589ce52-a3af-4cf0-a52a-1f2861a475db,11fcd1a8-5fd7-4fdc-a3b4-1ab257b5dcfa,RNA Isolation,,4
64f06881-5bbc-4dda-b325-dd386f93544c,11fcd1a8-5fd7-4fdc-a3b4-1ab257b5dcfa,qRT-PCR,,5
18660e3a-cc2a-4136-9d97-f150d6f83935,11fcd1a8-5fd7-4fdc-a3b4-1ab257b5dcfa,Genotyping,,6
e71f3b5a-76c6-4d3f-a826-6e23eb93ee33,11fcd1a8-5fd7-4fdc-a3b4-1ab257b5dcfa,Immunostaining,,7
61fc67df-be23-4405-a26c-39f0715edad9,11fcd1a8-5fd7-4fdc-a3b4-1ab257b5dcfa,Animal Handling,,8
b22416b8-2429-46a8-b5ae-75ed1068a949,11fcd1a8-5fd7-4fdc-a3b4-1ab257b5dcfa,Immunofluorescence,,9
e2e949d8-781f-402a-9634-77bcb1a89b62,8433a119-8984-409f-9113-7b2363d702de,Project Management,,0
726c001a-c2a1-41ce-9a65-c1771c1b7064,8433a119-8984-409f-9113-7b2363d702de,Change Management,,1
44e005ff-427e-4f18-9bc4-f0b3217a5902,8433a119-8984-409f-9113-7b2363d702de,Department Budget Management,,2
fdb2567b-2d26-4d99-b1da-16d5b66a96bb,8433a119-8984-409f-9113-7b2363d702de,Department Supervision,,3
6bf9051f-9b37-42da-8e90-5b6edf31ddf3,8433a119-8984-409f-9113-7b2363d702de,Higher Education Teaching,,4
df817801-f881-490d-954d-0c823ade06c8,8433a119-8984-409f-9113-7b2363d702de,Undergraduate Teaching,,5
777d367f-1011-4003-867a-b7c1995b148c,8433a119-8984-409f-9113-7b2363d702de,Academic Administration,,6
5d4ec76c-6db5-44d6-8c45-9db90d81b0ad,8433a119-8984-409f-9113-7b2363d702de,Team Leadership,,7
8ecc9b6d-9e1a-4867-b106-168459889451,8433a119-8984-409f-9113-7b2363d702de,Program Evaluation,,8
b34524d2-7212-4ec8-b717-9d8dbfa77da4,8433a119-8984-409f-9113-7b2363d702de,Neuroscience,,9
6a571c0f-9aa6-4850-b2f1-47e4b89cd7a5,f8ea2907-abdd-4289-8533-5e32297330c3,Skills,,0
2334dfb6-c661-4711-9797-f99d11b4660b,f8ea2907-abdd-4289-8533-5e32297330c3,University Lecturing,,1
5cb48704-86f4-4f0c-a798-b2ac1f4747d0,0d60608f-9dc4-4951-8608-72facde9dd66,AI for Science,,0
6eef1407-26d1-45c8-8d5c-ffc654401212,0d60608f-9dc4-4951-8608-72facde9dd66,AI Agents,,1
f0efc822-7082-41c2-ba00-9b9a5c7e2c2c,0d60608f-9dc4-4951-8608-72facde9dd66,Model Context Protocol (MCP),,2
2519eabe-7842-4823-8eb7-680c69488816,0d60608f-9dc4-4951-8608-72facde9dd66,Trade Finance,,3
fb6ecd67-bae1-4785-8535-a0aed200dd25,0d60608f-9dc4-4951-8608-72facde9dd66,Cloud Computing,,4
48d9d98b-ed08-409c-91cd-104231d82761,0d60608f-9dc4-4951-8608-72facde9dd66,Forecasting,,5
ff81aeca-8f15-4686-a879-a789f2e44da0,0d60608f-9dc4-4951-8608-72facde9dd66,Retrieval-Augmented Generation (RAG),,6
8e33f7db-9dd0-451f-b907-40dfcfa6e594,0d60608f-9dc4-4951-8608-72facde9dd66,Git,,7
74380b9d-51f7-48a9-8fba-d819ca64ff2b,0d60608f-9dc4-4951-8608-72facde9dd66,Computer Science,,8
6adefd9d-67a0-48e5-8d3e-30b08a0b45a8,0d60608f-9dc4-4951-8608-72facde9dd66,Quantitative Research,,9
f4b7b4b8-53be-4204-99c1-aca0ba68ef27,24cd1d3d-1012-46ca-aab5-037d543c19eb,AI and Business Automation,,0
d52759f6-9d3c-4d7e-9822-36afd3824544,24cd1d3d-1012-46ca-aab5-037d543c19eb,Academic Advising,,1
d35918a9-13e0-4a7c-8041-a81a5f44cbfa,24cd1d3d-1012-46ca-aab5-037d543c19eb,Program Creation,,2
79edc228-9694-411a-b251-daf81ecde1d5,24cd1d3d-1012-46ca-aab5-037d543c19eb,Counselor Education,,3
fbe002ff-6036-468c-be3c-0f4c71f4a823,24cd1d3d-1012-46ca-aab5-037d543c19eb,Statistical Data Analysis,,4
364d02e1-1031-46de-8892-08e010fd8fc5,24cd1d3d-1012-46ca-aab5-037d543c19eb,Microsoft Word,,5
a15b663c-e7ff-439c-9370-21570c46e30e,24cd1d3d-1012-46ca-aab5-037d543c19eb,Artificial Intelligence (AI),,6
d35c069d-964c-47f0-bfd2-14530ed1340f,24cd1d3d-1012-46ca-aab5-037d543c19eb,Problem Solving,,7
1824b61a-b140-4e77-8f0a-572e4593e453,24cd1d3d-1012-46ca-aab5-037d543c19eb,research-oriented thinking,,8
0c37a9a3-5154-4a43-a4cc-2eb4d5b1499c,24cd1d3d-1012-46ca-aab5-037d543c19eb,Scientific Writing,,9
e84cebfb-b92a-4003-a8b9-91b02fc0e6ba,7b61a509-1615-4f71-abbc-c1b16c5a5703,Endovascular neurosurgery,,0
232d3fb6-6142-4651-805e-2d81f4e0116b,7b61a509-1615-4f71-abbc-c1b16c5a5703,Interventional Neuroradiologist,,1
a66d41ed-bfd2-484b-8316-69cc00d360a1,7b61a509-1615-4f71-abbc-c1b16c5a5703,Interventional neurology,,2
be9ebe1c-8d12-4b9e-b181-cf7e832039f3,7b61a509-1615-4f71-abbc-c1b16c5a5703,Neuroscience,,3
179379b3-6801-42c1-a747-96112d48c31e,7b61a509-1615-4f71-abbc-c1b16c5a5703,Interventional Radiology,,4
a74aa0fe-4083-43af-a0e4-c62c8e4c061f,7b61a509-1615-4f71-abbc-c1b16c5a5703,Neurointervention,,5
1d079d15-e0e5-41bd-8160-5299a3af27d5,7b61a509-1615-4f71-abbc-c1b16c5a5703,Neurosurgery,,6
b7ccc196-f8fa-40dc-9b99-9b9925628670,7b61a509-1615-4f71-abbc-c1b16c5a5703,Neurology,,7
9d1a2939-cc56-4786-a525-9927e5e61625,7b61a509-1615-4f71-abbc-c1b16c5a5703,Hospitals,,8
cafaeeb9-7714-462b-9e4b-27fbbebd2083,7b61a509-1615-4f71-abbc-c1b16c5a5703,Clinical Research,,9
94c9ea69-94a7-4a1e-94cc-aa2a79bf89e7,107eb1e2-8673-4d55-bcda-1d89cb35ba5f,safety and risk management,,0
9eb1fce5-943f-498a-9b7a-5b5b2211c996,107eb1e2-8673-4d55-bcda-1d89cb35ba5f,Medication Administration,,1
a72ff82c-f161-4eac-8ce0-073a92e28cb1,107eb1e2-8673-4d55-bcda-1d89cb35ba5f,Comprehensive Planning,,2
454e80df-ff2f-43b1-81d5-6ee0976ebad3,107eb1e2-8673-4d55-bcda-1d89cb35ba5f,Individual Counselling,,3
1c9ea65d-cfad-4175-919a-bb9bc5338599,107eb1e2-8673-4d55-bcda-1d89cb35ba5f,Mental Health Advocacy,,4
29df1778-e0f0-4597-8767-0f7eae393003,107eb1e2-8673-4d55-bcda-1d89cb35ba5f,Obstructive Sleep Apnea,,5
d273fde8-97f4-4c5e-bdee-152939ef3db4,107eb1e2-8673-4d55-bcda-1d89cb35ba5f,Insomnia,,6
896502e3-2e36-4332-b7c6-72ce55429a64,107eb1e2-8673-4d55-bcda-1d89cb35ba5f,Narcolepsy,,7
cbe29a14-680a-477b-9b72-7914755330c5,107eb1e2-8673-4d55-bcda-1d89cb35ba5f,Sleep Medicine,,8
a95c44a2-918d-4ac5-9019-d40c011c3bf0,107eb1e2-8673-4d55-bcda-1d89cb35ba5f,Sleep Disorders,,9
87c62339-a23c-4bfb-a9d8-a32e793561fb,1ddb26fd-7710-49ca-879b-b76bf8df43d8,Neuroscientist | Drug Discovery Specialist | Scientific Consultant | Project Manager,,0
63232b76-d5c2-470f-8015-ffee5cb5ccb2,1ddb26fd-7710-49ca-879b-b76bf8df43d8,Skilled Multi-tasker,,1
ebbb0143-c20f-4588-8160-b7bc6810ee4e,1ddb26fd-7710-49ca-879b-b76bf8df43d8,Medical Communications,,2
77715866-f134-43cb-a06e-c89e557a3cf7,1ddb26fd-7710-49ca-879b-b76bf8df43d8,Marketing Materials,,3
3d76be0e-f55c-4aa8-946d-d1af839bdcae,1ddb26fd-7710-49ca-879b-b76bf8df43d8,Web Content Writing,,4
f7fcac9b-25e6-444f-9077-36f85984a537,1ddb26fd-7710-49ca-879b-b76bf8df43d8,Case Studies,,5
d6245a13-280a-4c94-a0a1-89189db037ac,1ddb26fd-7710-49ca-879b-b76bf8df43d8,Molecular Cloning,,6
532f9d2f-349b-4a6b-8300-458d983d0e8b,1ddb26fd-7710-49ca-879b-b76bf8df43d8,Immunofluorescence,,7
1723335b-ad02-4801-a09c-a9d8514f097e,1ddb26fd-7710-49ca-879b-b76bf8df43d8,Bacterial Cell Culture,,8
712f2aed-ae4b-4ee1-b2f8-3788404af6b5,1ddb26fd-7710-49ca-879b-b76bf8df43d8,Teamwork,,9
1d39f0d6-94f5-4a7e-8988-3c1760ca94b5,25b7acaf-e830-4c50-9ff8-a690f68cbe5c,Data Research,,0
9ea98fc8-5e73-4c22-ac0d-74242ea92960,25b7acaf-e830-4c50-9ff8-a690f68cbe5c,Science,,1
ac4281a7-a9f0-4977-bee3-ffff78b6f6dd,25b7acaf-e830-4c50-9ff8-a690f68cbe5c,Public Policy,,2
4a96e963-3547-43a4-aa1b-c43d0809fda1,25b7acaf-e830-4c50-9ff8-a690f68cbe5c,Mental Health,,3
a07b70b8-37a0-425d-bd8f-0535b3c11f1c,25b7acaf-e830-4c50-9ff8-a690f68cbe5c,Data Science,,4
ed304886-2681-4c0e-a51d-6ab59208fa21,25b7acaf-e830-4c50-9ff8-a690f68cbe5c,Impact Evaluation,,5
217f9ee1-80a3-4b6d-98ea-71306e6b8fe5,25b7acaf-e830-4c50-9ff8-a690f68cbe5c,Python (Programming Language),,6
03061d02-b5f0-41ae-a103-ce789ebf41b8,25b7acaf-e830-4c50-9ff8-a690f68cbe5c,SPSS Statistics,,7
ce0f57f5-1ce5-406b-9abb-6bfbeadd5cda,25b7acaf-e830-4c50-9ff8-a690f68cbe5c,Qualtrics,,8
33c313bd-a98c-40a9-b3e8-46c6c198b56e,25b7acaf-e830-4c50-9ff8-a690f68cbe5c,Cross-functional Team Leadership,,9
58e8b017-cc8a-46ed-93e0-2411304aa9db,f9793082-5888-4207-ac3b-16bfd623a34e,Microdissection,,0
14d64ee7-206c-4b13-98c2-e76c46242ad2,f9793082-5888-4207-ac3b-16bfd623a34e,Collaborative Work,,1
0371bca1-b487-46bb-b35f-9d5ff00995fb,f9793082-5888-4207-ac3b-16bfd623a34e,Leadership,,2
843f48b8-69d6-4f22-9a76-cbcb50431b5c,f9793082-5888-4207-ac3b-16bfd623a34e,Organization Skills,,3
88907552-1f2f-430f-9d0c-9e7c1272f3f4,f9793082-5888-4207-ac3b-16bfd623a34e,Leadership Development,,4
1e28352e-d18e-4389-b426-ee9732dcbc0b,f9793082-5888-4207-ac3b-16bfd623a34e,Educational Assessment,,5
cf64509c-427e-49e2-b03b-1ae00a48bc72,f9793082-5888-4207-ac3b-16bfd623a34e,Gut microbiome,,6
1e00ee78-0341-4715-90c8-561bb0b4d42c,f9793082-5888-4207-ac3b-16bfd623a34e,Experimental Pharmacology,,7
988db8ee-1a88-4cfc-bf35-1101407a0b9d,f9793082-5888-4207-ac3b-16bfd623a34e,Clinical Research,,8
295e76a2-0d98-4316-adc1-1468c5c60bd9,f9793082-5888-4207-ac3b-16bfd623a34e,Pharmacovigilance,,9
db6d4937-5d4e-4078-b331-1515504b5036,a5f192f8-8e95-4c87-83b2-37e14b794b33,Operational Excellence,,0
e49847fd-fc4c-4e41-aa11-b19ebba545d9,a5f192f8-8e95-4c87-83b2-37e14b794b33,Chief Science Officer at BioAro Inc.,,1
7d3db693-c844-4c13-aca7-429a4b3b332f,116eca65-16fd-4b86-8dfb-9389d507a860,Brain Tumors,,0
a561fd0c-315e-4840-bf84-d89b25c95c1f,116eca65-16fd-4b86-8dfb-9389d507a860,Cerebrovascular & Skullbase Neurosurgery,,1
27c9e96b-4b98-458d-bc35-922663dd8348,116eca65-16fd-4b86-8dfb-9389d507a860,Neurooncology,,2
5d729141-8949-48f3-8071-83f26388db8a,116eca65-16fd-4b86-8dfb-9389d507a860,Surgery for degenerative diseases and trauma of spine,,3
717375a5-60b1-4d2c-8a00-8faa6e4d223b,116eca65-16fd-4b86-8dfb-9389d507a860,Peripheral Nerve Surgery,,4
eb2441d6-c1b9-46b4-b905-01d6ee38d88e,116eca65-16fd-4b86-8dfb-9389d507a860,Neurotrauma,,5
2546a947-5b53-44a4-83b6-21d4254fc1b0,116eca65-16fd-4b86-8dfb-9389d507a860,Healthcare,,6
b8eee70f-e009-48d2-98e6-66cd64b919f5,1fa79df5-3a3f-42ce-9c13-7e5894de4d9f,Consulting,,0
88a0e27c-9b2b-4e22-ad76-d15fb0264abe,1fa79df5-3a3f-42ce-9c13-7e5894de4d9f,Territory Planning,,1
7508f289-2ab8-4ca8-9e45-ba3891405e78,1fa79df5-3a3f-42ce-9c13-7e5894de4d9f,Cold Calling,,2
edc31e8b-9141-4144-be93-ed80364ddd32,1fa79df5-3a3f-42ce-9c13-7e5894de4d9f,Client Relations,,3
faf9771d-5e95-4a73-beaf-ae59b80c06b3,1fa79df5-3a3f-42ce-9c13-7e5894de4d9f,Business-to-Business (B2B),,4
353c95c8-79f4-4269-80b6-d22540185abd,1fa79df5-3a3f-42ce-9c13-7e5894de4d9f,Product Management,,5
b98153b0-2def-4622-ab8d-33a0827b4199,1fa79df5-3a3f-42ce-9c13-7e5894de4d9f,Consultative Selling,,6
52272e28-e150-49fb-8c20-bdbc6bc85568,1fa79df5-3a3f-42ce-9c13-7e5894de4d9f,Statistical Data Analysis,,7
15eaa236-2bbd-4411-8678-c409dbb6c193,1fa79df5-3a3f-42ce-9c13-7e5894de4d9f,Marketing Strategy,,8
f880237b-e100-488e-ae22-44f45ef6eaf3,1fa79df5-3a3f-42ce-9c13-7e5894de4d9f,Communication,,9
6d4e9312-d3f1-499b-9e0c-c6ea1e5e5576,e0416812-98ab-4a74-8adb-5336e3ea4593,Process Validation,,0
865481c4-eaec-4506-a78f-e5084b897edc,e0416812-98ab-4a74-8adb-5336e3ea4593,Scientific Presentation,,1
07ae1f7f-c351-45c7-a53c-4a705c487f04,e0416812-98ab-4a74-8adb-5336e3ea4593,Team Productivity,,2
14f76697-aa12-42d0-ab44-c4180351b3c7,e0416812-98ab-4a74-8adb-5336e3ea4593,Defining Requirements,,3
047e6f95-0d05-4346-b690-d6869d458321,e0416812-98ab-4a74-8adb-5336e3ea4593,Analytical Skills,,4
8ad94d69-d166-4b28-898e-a7edbf109674,e0416812-98ab-4a74-8adb-5336e3ea4593,Product Training,,5
f38075e9-042b-4941-8acf-7228f324e7d5,e0416812-98ab-4a74-8adb-5336e3ea4593,Problem Solving,,6
1c3b1450-2162-44c5-8f8e-87b6a8091acf,e0416812-98ab-4a74-8adb-5336e3ea4593,Biophysics,,7
ce3fa1f3-a470-45ab-bd7a-d80696408132,e0416812-98ab-4a74-8adb-5336e3ea4593,Scientific Reports,,8
e42361e9-d024-4c93-a61d-11d6603ea2ce,e0416812-98ab-4a74-8adb-5336e3ea4593,Technical Writing,,9
b9c526ca-cbf5-4d38-ae29-8bc882e22000,e5618dcb-a060-4fbf-bc45-9a8a40911e21,Bioinformatics,,0
a99676f3-1f79-4529-b90c-c17181e48ff4,e5618dcb-a060-4fbf-bc45-9a8a40911e21,2 experiences at University of Toronto and 1 other company,,1
7593a7ee-7409-42a9-92e4-9d6187f1e568,db5d3b98-1f94-467c-8799-e72038b43635,Violin Instructor,,0
466c3de2-ffd0-4489-bfdb-8b5d2aab5dcd,db5d3b98-1f94-467c-8799-e72038b43635,Music Education,,1
4a14a675-e21c-46dd-a86c-5ee8acad985f,db5d3b98-1f94-467c-8799-e72038b43635,Music Theory,,2
2c41c713-a061-4cf2-b409-51a11eedb393,db5d3b98-1f94-467c-8799-e72038b43635,Early Childhood Music Education,,3
71f331c1-8e9c-4982-9dd6-d7fb3a687c2b,db5d3b98-1f94-467c-8799-e72038b43635,Office Administration,,4
06cc35e5-96fc-4e8c-bd33-fccd5cd540db,db5d3b98-1f94-467c-8799-e72038b43635,Cognitive Neuroscience of Music,,5
8cf52ec2-15f8-4ec0-b900-45f2aca2bc33,db5d3b98-1f94-467c-8799-e72038b43635,Music and the Brain,,6
b3f052ae-ae66-4aac-a2dd-8556a522c5be,1d952de0-1f31-4376-a3ad-6e4bcdc48daa,First Aid Training,,0
d8a679b5-8213-4725-9254-e25a30c6541b,1d952de0-1f31-4376-a3ad-6e4bcdc48daa,Workplace Safety,,1
4df2b2f1-af74-4d96-aa24-165ff85cae60,1d952de0-1f31-4376-a3ad-6e4bcdc48daa,Management,,2
0b059926-816c-4248-8a82-e2bed60bfe2b,1d952de0-1f31-4376-a3ad-6e4bcdc48daa,Computer Numerical Control (CNC),,3
a2ce9115-e22b-4ff0-b522-a46b1bcf90bd,1d952de0-1f31-4376-a3ad-6e4bcdc48daa,CAD/CAM,,4
635d7f8c-82ca-4866-bd49-7691e932a306,1d952de0-1f31-4376-a3ad-6e4bcdc48daa,Steel Structures,,5
7a206feb-8b10-4547-b13c-f05e8893ee69,1d952de0-1f31-4376-a3ad-6e4bcdc48daa,Test Validation,,6
1989cd5e-2ddd-40f0-a602-8bc8a23b4e81,1d952de0-1f31-4376-a3ad-6e4bcdc48daa,Laboratory Skills,,7
5346c07c-3306-46bc-baa1-55911dfc214b,1d952de0-1f31-4376-a3ad-6e4bcdc48daa,Medical Devices Quality Management Systems,,8
7b3547df-d59d-4ea1-bad0-f293d6f2372a,1d952de0-1f31-4376-a3ad-6e4bcdc48daa,ISO 13485,,9
0b4fc4ce-31eb-4123-b019-596cdd4205cd,7d321488-511a-4e40-a753-8ab5a73972c8,Neurologist,,0
ff8db320-5776-486a-9492-333967e96a5a,7d321488-511a-4e40-a753-8ab5a73972c8,Epileptologist,,1
d59c44d6-19d7-442b-90f1-5cf2b3d55f2b,c05fda80-48d3-49a4-a865-99d58d50af10,Strategic Partnerships,,0
26e9b162-9609-4402-9ef6-0e8d156b73d8,c05fda80-48d3-49a4-a865-99d58d50af10,Organization Skills,,1
62beeed8-f399-4837-9597-9ae9a8d12d24,c05fda80-48d3-49a4-a865-99d58d50af10,Interdepartmental Liaison,,2
590a3b9c-8946-4cf7-afcd-ed54b91837e8,c05fda80-48d3-49a4-a865-99d58d50af10,Salesforce.com,,3
388e45f7-5900-40ca-b320-0085777a9a47,c05fda80-48d3-49a4-a865-99d58d50af10,Relationship Building,,4
84fec0a1-ad46-4e44-931b-c2a03c2f0c3f,c05fda80-48d3-49a4-a865-99d58d50af10,Market Analysis,,5
e98d4e38-3205-4823-b398-2d14be930214,c05fda80-48d3-49a4-a865-99d58d50af10,Brand Management,,6
d7c07968-246c-4fa9-8734-c67076026519,c05fda80-48d3-49a4-a865-99d58d50af10,Strategic Initiatives,,7
d79d4b6d-7854-4b34-8e2f-3c2f97b4309a,c05fda80-48d3-49a4-a865-99d58d50af10,Direct Sales,,8
ba7302aa-971d-446d-8c6f-ca47a5baa01f,c05fda80-48d3-49a4-a865-99d58d50af10,Good Laboratory Practice (GLP),,9
45b7be96-f181-4a01-9c3e-5796f0d27334,8acaea3d-7fa8-4815-888a-64eff9a46cd3,Customer Satisfaction,,0
1c0136a6-d864-4448-a96f-b300fbb62342,8acaea3d-7fa8-4815-888a-64eff9a46cd3,Biomedical Engineering,,1
911794c6-0a12-4b49-a53a-55ec3d995d85,8acaea3d-7fa8-4815-888a-64eff9a46cd3,Research Skills,,2
a0f7abfd-149a-4dbe-9a23-91666bcaf9b9,8acaea3d-7fa8-4815-888a-64eff9a46cd3,Research and Development (R&D),,3
0621c319-6f23-4d7a-ab2a-1f58e9cffe88,8acaea3d-7fa8-4815-888a-64eff9a46cd3,Biological Engineering,,4
8c9870c0-6be2-4174-be7d-b828eee1caee,8acaea3d-7fa8-4815-888a-64eff9a46cd3,Educational Research,,5
2245288a-d124-4a29-b697-e21e70d339c4,8acaea3d-7fa8-4815-888a-64eff9a46cd3,Biotechnology,,6
1ebe2b01-2a70-47ff-850a-407f3b9eb805,8acaea3d-7fa8-4815-888a-64eff9a46cd3,Liquid Chromatography-Mass Spectrometry (LC-MS),,7
7774fd1e-1b87-424c-8a98-858b0366de13,8acaea3d-7fa8-4815-888a-64eff9a46cd3,Mass Spectrometry,,8
b8fcf422-dbb7-4ad3-85e9-57a5a87d0680,c084099e-b60c-4a88-8339-5c12a5c0e9ff,In Vitro Electrophysiology,,0
c577af2e-7b50-4129-a4de-b3d96be9b33c,c084099e-b60c-4a88-8339-5c12a5c0e9ff,Brain Slice Electrophysiology,,1
b3aebbc6-5573-4543-8bc4-4b84e2298812,c084099e-b60c-4a88-8339-5c12a5c0e9ff,Transporter Biology,,2
5d07e505-fa46-41af-8ae1-5ab7920656bb,c084099e-b60c-4a88-8339-5c12a5c0e9ff,Cellular Neuroscience,,3
add4a2ec-c0df-49a9-8bc1-31ffd1e08342,c084099e-b60c-4a88-8339-5c12a5c0e9ff,Translational Research,,4
7239bcae-3c68-48fd-b1cf-5e19d70ec02c,c084099e-b60c-4a88-8339-5c12a5c0e9ff,Translational Science,,5
711ceab5-a925-4703-b947-043113ac1f74,c084099e-b60c-4a88-8339-5c12a5c0e9ff,Automated Electrophysiology,,6
b6f84c47-22f8-4378-b9d8-02b603a89e98,c084099e-b60c-4a88-8339-5c12a5c0e9ff,Mammalian Cell Culture,,7
fb633f13-2cf3-489e-89a2-7a5698cdc9e9,c084099e-b60c-4a88-8339-5c12a5c0e9ff,Collaborative Problem Solving,,8
843ca60e-2f13-4e6e-a56f-e8365947d5ca,c084099e-b60c-4a88-8339-5c12a5c0e9ff,Cross-team Collaboration,,9
70f6a9dc-61b6-4771-b268-0e80add1aff1,43f91b87-4d1b-418e-a716-c8d15b3e2f64,Research Ethics,,0
70a47adc-44f9-4db9-842d-b62d92140b20,43f91b87-4d1b-418e-a716-c8d15b3e2f64,Human Subjects Research,,1
76356cc5-8c8b-4e06-8c20-0c6643721081,43f91b87-4d1b-418e-a716-c8d15b3e2f64,Statistical Data Analysis,,2
37833b23-d637-4400-9072-ceece9937dfc,43f91b87-4d1b-418e-a716-c8d15b3e2f64,Data Modeling,,3
936f1ea5-79fd-4e5c-ac28-a73b8a7a4a05,43f91b87-4d1b-418e-a716-c8d15b3e2f64,SQL,,4
5db2e6cb-18e7-4b04-b2c9-80b7a3e9876a,43f91b87-4d1b-418e-a716-c8d15b3e2f64,DICOM,,5
3d57da55-0a38-443d-b5fb-d5091079d59f,43f91b87-4d1b-418e-a716-c8d15b3e2f64,3D Slicer,,6
6d92a6f4-fefa-47ea-b69a-522692a4ea87,43f91b87-4d1b-418e-a716-c8d15b3e2f64,Electronics,,7
0f91a2dd-26f3-4088-bbad-bee602e969c4,43f91b87-4d1b-418e-a716-c8d15b3e2f64,Altium Designer,,8
e2b52fd8-9f7f-4a96-8d3a-5f8e187e71e0,43f91b87-4d1b-418e-a716-c8d15b3e2f64,Simulink,,9
c39c8e98-e774-434f-bfeb-ab539d5bc9b0,d6e8f38a-4456-4c08-a5c1-d84b071e7c7b,Neural Networks,,0
6ab295d1-724e-4098-88f5-9370980cf262,d6e8f38a-4456-4c08-a5c1-d84b071e7c7b,Python,,1
1d23a99c-662b-4a29-bc19-79dbb110dd14,d6e8f38a-4456-4c08-a5c1-d84b071e7c7b,Application Programming Interfaces (API),,2
f04384e4-ead9-4092-b90c-aa3c50d924cc,d6e8f38a-4456-4c08-a5c1-d84b071e7c7b,Behavioral Neuroscience,,3
673c7c4f-10fd-429d-80de-56aaa94037f0,d6e8f38a-4456-4c08-a5c1-d84b071e7c7b,Advanced Analytics,,4
71fa3499-b4fd-43f5-b7de-a0142f0bc9d4,d6e8f38a-4456-4c08-a5c1-d84b071e7c7b,Natural Language Processing (NLP),,5
bc48b23b-7684-4ab8-af09-7ea6b9b25e14,d6e8f38a-4456-4c08-a5c1-d84b071e7c7b,Microsoft Power BI,,6
48a1abaf-c47b-48b5-956f-14d4a7881a0c,d6e8f38a-4456-4c08-a5c1-d84b071e7c7b,Data Science,,7
d8a425d9-349a-44fb-b273-1e0dc71b45b5,d6e8f38a-4456-4c08-a5c1-d84b071e7c7b,SQL,,8
12727d17-8193-44c0-853e-58d74f0a5a27,d6e8f38a-4456-4c08-a5c1-d84b071e7c7b,Artificial Intelligence (AI),,9
cb0e01df-71e4-46a1-8556-d182528f5faf,fcbd9798-0364-4cdb-b25a-c6e6d7aaba4f,Key Performance Indicators,,0
1a769955-b075-42af-9446-3f77377c82ff,fcbd9798-0364-4cdb-b25a-c6e6d7aaba4f,Product Strategy,,1
68a4c807-3093-493c-a28f-3739a5712b02,fcbd9798-0364-4cdb-b25a-c6e6d7aaba4f,Business Insights,,2
2696fe14-9260-4628-afe3-d505c11bd8f7,fcbd9798-0364-4cdb-b25a-c6e6d7aaba4f,Presentation Skills,,3
57119cad-c438-4ed5-a3b1-885bff869d50,fcbd9798-0364-4cdb-b25a-c6e6d7aaba4f,Competitive Analysis,,4
bd3986a1-ff8b-4b9b-8f84-624028fd017d,fcbd9798-0364-4cdb-b25a-c6e6d7aaba4f,Product Launch,,5
3402d4b3-ef59-4692-a9eb-653dd16a23cc,fcbd9798-0364-4cdb-b25a-c6e6d7aaba4f,Research,,6
65889fb3-4481-435a-b36b-0fdd42b4f49a,fcbd9798-0364-4cdb-b25a-c6e6d7aaba4f,Molecular Biology,,7
95464a60-46fa-46d8-a68d-394265ea8620,fcbd9798-0364-4cdb-b25a-c6e6d7aaba4f,Statistics,,8
e42901f7-2a55-4ea2-a48d-0f803831e736,fcbd9798-0364-4cdb-b25a-c6e6d7aaba4f,Biotechnology,,9
dae75ba9-f5de-487a-8165-b473004757dd,7505066c-c5d6-4459-8907-b612033c5522,Behavioural Medicine,,0
f3322800-67a4-4ff8-87cc-6cd9d3a8b6af,7505066c-c5d6-4459-8907-b612033c5522,Operations Management,,1
87370b8f-16a7-4c8b-8157-7bc40fc8e0e7,7505066c-c5d6-4459-8907-b612033c5522,Translational Research,,2
44d9bc01-0be0-4d9c-a78c-bad40236c95a,7505066c-c5d6-4459-8907-b612033c5522,Signal integration,,3
fe1ca53e-0520-40f3-8c9c-240231dc8507,7505066c-c5d6-4459-8907-b612033c5522,Research and development,,4
56d3a7a5-3ead-4ea1-acb9-983b4c4e9d45,7505066c-c5d6-4459-8907-b612033c5522,Cognitive and Physical Performance,,5
4ecd8513-0ef8-412b-8868-c3d85b950795,7505066c-c5d6-4459-8907-b612033c5522,Sport Science,,6
80ba658d-e7b2-42dc-8886-aa658e471c2e,7505066c-c5d6-4459-8907-b612033c5522,Neural Networks,,7
2475882f-e9f7-4dfe-a148-40783d80d4d6,7505066c-c5d6-4459-8907-b612033c5522,Research applications,,8
4d8200ed-3ded-42e3-beac-3c439682ab48,7505066c-c5d6-4459-8907-b612033c5522,EEG,,9
d6d3af96-94fd-42b4-9b4e-421eb879e2c1,27efe892-ff92-4834-acf9-3c80f5dbac4b,Neuromodulation,,0
9bb024c6-c36c-40b4-b0b9-dadf6f52f9b1,27efe892-ff92-4834-acf9-3c80f5dbac4b,Clinical Trials,,1
67209fc3-b109-4593-a033-6415244dc13f,27efe892-ff92-4834-acf9-3c80f5dbac4b,Magnetic Resonance Imaging,,2
45e6c069-a18d-439c-97df-e48cb9a1f4f8,27efe892-ff92-4834-acf9-3c80f5dbac4b,Transcranial Magnetic Stimulation,,3
7003ade5-dc58-41f8-90e9-842d65a00712,27efe892-ff92-4834-acf9-3c80f5dbac4b,Image Processing,,4
1495c05b-8760-495a-a8dc-16a8bd02fcbb,27efe892-ff92-4834-acf9-3c80f5dbac4b,Clinical Research,,5
852aac32-043d-46f9-ba88-a370122a93b3,27efe892-ff92-4834-acf9-3c80f5dbac4b,Scientific Communications,,6
cb67111f-20ec-4d0d-a873-76d228288d81,27efe892-ff92-4834-acf9-3c80f5dbac4b,Analytical Skills,,7
de5e81dc-5810-476c-94c9-e83639839b22,27efe892-ff92-4834-acf9-3c80f5dbac4b,Big Data,,8
7edc8334-3e64-4b4e-bc76-463284ad07ca,27efe892-ff92-4834-acf9-3c80f5dbac4b,Medical Devices,,9
3b4ae794-de9e-46df-85c1-7a81c26add7a,921dcbe8-29f4-40d3-8148-8f4170f372b1,Mathematics,,0
63f09129-b087-45c1-a14b-1102417a52de,921dcbe8-29f4-40d3-8148-8f4170f372b1,Physics,,1
cd739b5a-6554-4662-951b-1d428b033659,921dcbe8-29f4-40d3-8148-8f4170f372b1,Chemistry,,2
5bfad4e5-0d6b-40c5-af87-1fd37515e26c,921dcbe8-29f4-40d3-8148-8f4170f372b1,Zoology,,3
958ecb03-6601-4bac-8a74-2e3d15c4fc2e,921dcbe8-29f4-40d3-8148-8f4170f372b1,Botany,,4
a9ed759b-fd55-4073-9a24-3d9796cdcb5f,921dcbe8-29f4-40d3-8148-8f4170f372b1,Bangla,,5
04027b1b-c7be-418c-b7c5-d6c40618628e,921dcbe8-29f4-40d3-8148-8f4170f372b1,Internal Medicine,,6
9c08c21e-09d4-4819-b91e-aceb1ea3ceaf,921dcbe8-29f4-40d3-8148-8f4170f372b1,General Medicine,,7
48e55e85-2583-4333-8bb0-e7b18f49ef96,921dcbe8-29f4-40d3-8148-8f4170f372b1,Pediatrics,,8
28fea241-f3a8-431c-b2ed-fb07feafc594,921dcbe8-29f4-40d3-8148-8f4170f372b1,Cardiology,,9
c13451e2-3038-4ad9-bbde-6a331aebdd03,7a93fc9c-9128-4aa6-a928-584dcac2927f,Neurobehavioral Tests,,0
57cd2dfa-ed6d-42dc-841e-8bb7647f410f,7a93fc9c-9128-4aa6-a928-584dcac2927f,Animal Models,,1
f8c97858-fa03-44ee-bb76-d79b5db9c05f,7a93fc9c-9128-4aa6-a928-584dcac2927f,Scientific Writing,,2
e6bbf66c-b20b-4ed7-835c-c0f3c9b370de,7a93fc9c-9128-4aa6-a928-584dcac2927f,Curriculum Development,,3
7a55dc00-5e59-4703-8aa9-f186cd031f28,7a93fc9c-9128-4aa6-a928-584dcac2927f,Academic Leadership,,4
242384f4-acae-410b-9012-d32b9accf969,7a93fc9c-9128-4aa6-a928-584dcac2927f,Medical Education,,5
ba51657a-59ee-42c8-bf1f-e3619bc563ce,7a93fc9c-9128-4aa6-a928-584dcac2927f,Embryology,,6
3421aa43-d44f-488d-b4fc-25641bea3932,7a93fc9c-9128-4aa6-a928-584dcac2927f,Histology,,7
13524bd8-c669-4372-9cf6-a75ec5b704aa,7a93fc9c-9128-4aa6-a928-584dcac2927f,Neuroanatomy,,8
aa0cea9b-8838-46eb-a7f6-5060135daadd,7a93fc9c-9128-4aa6-a928-584dcac2927f,Gross Anatomy,,9
124a0022-873a-418d-a0f2-06aebb2a7295,f6f2ebae-ca13-453a-b5d6-95c690a20f26,Cell Culture,,0
faa52f4d-67fb-4382-8f76-59904919e65b,f6f2ebae-ca13-453a-b5d6-95c690a20f26,Polymerase Chain Reaction (PCR),,1
e6053095-79f1-417b-a4a5-d1964f8ea33f,f6f2ebae-ca13-453a-b5d6-95c690a20f26,Behavioral Neuroscience,,2
b3cec36a-b417-4da0-8266-ec6d4feaf134,f6f2ebae-ca13-453a-b5d6-95c690a20f26,Stereotaxic Surgery,,3
5049a85d-cf3a-4490-b8d6-a014e03e0430,f6f2ebae-ca13-453a-b5d6-95c690a20f26,rodent IV catheter surgery,,4
986dad22-3e3f-401c-904c-33febcec24a2,f6f2ebae-ca13-453a-b5d6-95c690a20f26,rodent self administration,,5
def13c36-19cf-4730-a4e7-0dfb456afca3,f6f2ebae-ca13-453a-b5d6-95c690a20f26,Confocal Microscopy,,6
1eb4783c-81b6-417d-b2f3-df9c5f8dcea4,f6f2ebae-ca13-453a-b5d6-95c690a20f26,Business and Economics,,7
eeb138f9-2289-41a5-bdce-2cf2e151705c,f6f2ebae-ca13-453a-b5d6-95c690a20f26,Tissue Culture,,8
1a777b66-8f04-4f88-95db-eba90474739e,f6f2ebae-ca13-453a-b5d6-95c690a20f26,Drug Testing,,9
8fcd51bd-cb2f-4bcc-aaaa-8896a6f00bbd,8714568c-9216-4d07-9205-726b1c73b9ce,Computational Neuroscience,,0
8089725f-143d-46f9-bd73-7839e6aa3f2a,8714568c-9216-4d07-9205-726b1c73b9ce,Mixed Methods Research,,1
b93afa56-b3df-4658-8f01-b3013c070d0d,8714568c-9216-4d07-9205-726b1c73b9ce,Quantitative Research,,2
36f272f8-7d33-4c3f-97e5-666fc22fcc1f,8714568c-9216-4d07-9205-726b1c73b9ce,Qualitative Research,,3
9bb1f5c6-2b3a-40f7-ade9-d7b17ede0169,8714568c-9216-4d07-9205-726b1c73b9ce,Data Analysis,,4
bc108ce9-8917-49e9-988b-fab8b7a60dca,8714568c-9216-4d07-9205-726b1c73b9ce,Eye Tracking,,5
0970e675-c010-4bfd-9b4a-24f99edb2017,8714568c-9216-4d07-9205-726b1c73b9ce,EEG,,6
2ab5a177-2010-4116-ad0a-e0672717bbeb,8714568c-9216-4d07-9205-726b1c73b9ce,Research study,,7
98b3d225-55a2-4b06-be49-3ded40e301b4,8714568c-9216-4d07-9205-726b1c73b9ce,Cognitive Neuroscience,,8
270a22e1-de69-4a4d-87af-4301cda36f12,8714568c-9216-4d07-9205-726b1c73b9ce,Human Computer Interaction,,9
630e18e2-59a7-4db8-ac47-ef02e771ffb7,7de8a760-603a-433b-b15b-6ef93e1dd366,Forecasting,,0
b5f378e1-7a71-49df-8bc9-b28677a69309,7de8a760-603a-433b-b15b-6ef93e1dd366,Artificial Intelligence (AI),,1
669b2f26-2623-478f-9956-ed25a2b89288,7de8a760-603a-433b-b15b-6ef93e1dd366,Machine Learning,,2
fe091704-b7c2-4e98-b39b-a85a9f4a223e,7de8a760-603a-433b-b15b-6ef93e1dd366,Deep Learning,,3
de870117-24c1-4f54-8ba3-2cc86789563b,7de8a760-603a-433b-b15b-6ef93e1dd366,Computer Vision,,4
d3a18159-5e42-498d-8a88-0a903d66572b,7de8a760-603a-433b-b15b-6ef93e1dd366,Medical Imaging,,5
0788a656-377f-46c7-ad5d-afcdaf84db42,7de8a760-603a-433b-b15b-6ef93e1dd366,Arduino,,6
924b0236-1f82-4f68-96b7-43a2527763d4,7de8a760-603a-433b-b15b-6ef93e1dd366,Electronics,,7
b39554bf-f6e9-491a-8418-7ec50157a2f8,7de8a760-603a-433b-b15b-6ef93e1dd366,Solar System Design,,8
6a3dc851-bda2-4010-bfb0-3297fe2249c6,7de8a760-603a-433b-b15b-6ef93e1dd366,Computer-Aided Design (CAD),,9
94b795d3-59b6-4358-83ac-5dfa135ec398,ab48d84c-563e-4701-bff4-5de389298f21,Written Communication,,0
68350a62-b2ab-40a9-bcba-208d49454ebd,ab48d84c-563e-4701-bff4-5de389298f21,5 experiences at Imperative Care and 4 other companies,,1
7402bd93-33da-4221-acd8-de8fec5978d5,2080ae6b-42b9-4e05-9d06-baf27b56b490,Medical Writing,,0
2be0fda5-9940-4089-8c16-49d5873dc83f,2080ae6b-42b9-4e05-9d06-baf27b56b490,Behavioral Pharmacology,,1
8af2c551-00f1-47d0-97ae-ea70bae02a86,2080ae6b-42b9-4e05-9d06-baf27b56b490,Endocrinology,,2
a2915c5f-ae9c-4442-af8b-23669d83e29d,2080ae6b-42b9-4e05-9d06-baf27b56b490,Research,,3
6f7fbf1e-f524-4521-b486-52f5959a5b86,2080ae6b-42b9-4e05-9d06-baf27b56b490,In Vivo Research,,4
69fdc32c-9277-44e2-a215-17926575cd5a,2080ae6b-42b9-4e05-9d06-baf27b56b490,Clinical Animal Models,,5
dd44661d-3d0e-4f21-9ba7-9a4c0518f1d3,2080ae6b-42b9-4e05-9d06-baf27b56b490,Communication,,6
7be0763d-ccf2-4e6b-8948-db2b71023470,2080ae6b-42b9-4e05-9d06-baf27b56b490,Presentation Skills,,7
b4db86d3-a14f-4268-b554-d6e38ca8653e,2080ae6b-42b9-4e05-9d06-baf27b56b490,Data Analysis,,8
c1479ba5-5ab4-4cdf-9fb1-f1dc35ee23ba,2080ae6b-42b9-4e05-9d06-baf27b56b490,Community Outreach,,9
5f5112de-3209-492c-8a20-99814e530b9d,6a817305-1f64-485b-ae43-80611ae7f60d,Invention,,0
e7a4694b-fae9-4a96-b89f-ee7bf1d9cd65,6a817305-1f64-485b-ae43-80611ae7f60d,Deep Brain Stimulation,,1
96398b98-93e6-492e-89d9-b16e148d5437,6a817305-1f64-485b-ae43-80611ae7f60d,Neuroimaging,,2
84e153fe-f237-451b-8df4-b1687b738a15,6a817305-1f64-485b-ae43-80611ae7f60d,Image Processing,,3
a08b1e25-2e98-4641-ba99-c780295c6f51,6a817305-1f64-485b-ae43-80611ae7f60d,fMRI,,4
5f85f298-c7cc-4f2e-b84f-904f4c69f20c,6a817305-1f64-485b-ae43-80611ae7f60d,Neuromodulation,,5
a04a683b-c14b-4b92-bb87-fccc0777f237,6a817305-1f64-485b-ae43-80611ae7f60d,Signal Processing,,6
ac5c788b-adfb-42b2-9d55-83b0ad8ec54c,6a817305-1f64-485b-ae43-80611ae7f60d,Artificial Intelligence (AI),,7
ec32c22a-ab7e-47fb-9f75-89d37cd10806,6a817305-1f64-485b-ae43-80611ae7f60d,Electronics,,8
a3d1b373-478f-44a1-9020-ca06f75b19d0,6a817305-1f64-485b-ae43-80611ae7f60d,Electrical Engineering,,9
6be17777-f497-4334-a991-9172986f0504,fc7da236-aea8-4e25-a033-c1d75b7b9e16,Prevention,,0
2ec6f860-2df1-469c-9042-c9230c0e7e4b,fc7da236-aea8-4e25-a033-c1d75b7b9e16,Alzheimer's Disease,,1
6e889ee5-89a9-47c1-872a-73c21617d08c,fc7da236-aea8-4e25-a033-c1d75b7b9e16,Analytical Support,,2
6406fb2b-0cac-4f72-8cf9-ac1d467034fe,fc7da236-aea8-4e25-a033-c1d75b7b9e16,Epidemiology,,3
d3b9b052-8209-4da3-b00d-c95ba3cec91a,fc7da236-aea8-4e25-a033-c1d75b7b9e16,Statistical Modeling,,4
570a185f-61d5-41d2-b91f-f6b1d2eaaa77,fc7da236-aea8-4e25-a033-c1d75b7b9e16,Data Extraction,,5
60caff7b-a7b7-4ec4-a24a-1713f097ec67,fc7da236-aea8-4e25-a033-c1d75b7b9e16,Statistical Data Analysis,,6
66ec9791-553f-48f4-9133-a708bb1cf558,fc7da236-aea8-4e25-a033-c1d75b7b9e16,Administrative data,,7
9d23d5ce-e9ce-43c0-898a-b64453644567,fc7da236-aea8-4e25-a033-c1d75b7b9e16,Drug safety,,8
6ee81c93-9644-4bde-a631-63cb968e3bef,fc7da236-aea8-4e25-a033-c1d75b7b9e16,Machine Learning,,9
b0eb9ff3-4955-429c-8948-8be8c4b0f09f,806b3242-1eea-4466-b3e5-79b657436bf3,Risk Assessment,,0
04124db0-5068-46f3-912c-0407cc609319,806b3242-1eea-4466-b3e5-79b657436bf3,Borderline personality Disorder Treatment,,1
4dde5931-1785-4bc7-9182-ae1dfbc2a4be,806b3242-1eea-4466-b3e5-79b657436bf3,Grief Counseling,,2
c463e8a8-fdb4-409b-8f36-7a70a2a3ca1a,806b3242-1eea-4466-b3e5-79b657436bf3,Dialectical Behavior Therapy (DBT),,3
4c46a4c3-7a52-44d0-97e2-164ad1209b75,806b3242-1eea-4466-b3e5-79b657436bf3,Mental Health Counseling,,4
2a1f1f48-81ce-464b-ba20-f65a5dfbc642,806b3242-1eea-4466-b3e5-79b657436bf3,Addiction Counseling,,5
1d6ee882-a110-487c-9859-19b2e4081538,806b3242-1eea-4466-b3e5-79b657436bf3,Anxiety and depression treatment,,6
eb478b02-77f9-4925-b12e-6926e04f6a75,806b3242-1eea-4466-b3e5-79b657436bf3,Neuroimmunology,,7
2863eccd-6efa-4e5c-978e-560ae6e37eaf,806b3242-1eea-4466-b3e5-79b657436bf3,Neuroinflammation,,8
589e04b2-2008-4518-a155-cd87ed017eb9,806b3242-1eea-4466-b3e5-79b657436bf3,Cellular Physiology,,9
0d57c224-dfdf-4b72-b65e-a7cf238dfee5,c84d00bf-e63a-487e-9526-9d1cddd13850,"Business Transformation, Value Creation, Cross-Functional Leadership & Commercial Excellence",,0
054e7904-f935-460d-a29d-e92eaafd5252,c84d00bf-e63a-487e-9526-9d1cddd13850,"Business Transformation, Value Creation, Commercial Excellence & Cross-Functional Leadership",,1
1084036c-b335-472e-9cbd-741789ed7189,c84d00bf-e63a-487e-9526-9d1cddd13850,Market Research Analysis & Strategic Global Product Lifecycle Management,,2
4b9c309f-cbc1-444e-8bb8-d155b8c207ef,c84d00bf-e63a-487e-9526-9d1cddd13850,Market Research Analysis & Global Product Lifecycle Management,,3
ec6cd901-f25d-488e-903d-fec8a24775bf,c84d00bf-e63a-487e-9526-9d1cddd13850,End-to-End Product Launch,,4
912f9dd3-dfa0-42b0-87e8-0433c08b88c5,c84d00bf-e63a-487e-9526-9d1cddd13850,Global Technical Support,,5
f0a0a44d-d8b3-4bb6-a97a-9a1f85f28927,c84d00bf-e63a-487e-9526-9d1cddd13850,"Global Business Strategy, Growth & Marketing",,6
756ec5e1-df77-4c38-8146-cbc0ad400091,c84d00bf-e63a-487e-9526-9d1cddd13850,Commercial Excellence and Cross-Functional Leadership,,7
8f3bcb99-3e76-4564-8e37-a0f7ce5db67a,c84d00bf-e63a-487e-9526-9d1cddd13850,Commercial Excellence & Cross-Functional Leadership,,8
31a52908-a603-482f-980d-1e034f36df25,c84d00bf-e63a-487e-9526-9d1cddd13850,Commercial Excellence & Cross-functional Leadership,,9
a62c7610-e73b-4ff5-83d0-f5be3b24ac38,398ce932-5ba8-41d3-a5b5-dcff0cf01ea8,WordPress,,0
9dc1ab55-c159-4043-840a-939e66c528bb,398ce932-5ba8-41d3-a5b5-dcff0cf01ea8,WordPress Design,,1
988d561e-e4b3-4c50-8148-43c1bbc6c2ad,398ce932-5ba8-41d3-a5b5-dcff0cf01ea8,Corporate Identity,,2
cca0191b-4e90-4f89-b1da-135b172b55ad,398ce932-5ba8-41d3-a5b5-dcff0cf01ea8,Corporate Design,,3
011738b0-16d9-49ad-97bd-4cb64da14c19,398ce932-5ba8-41d3-a5b5-dcff0cf01ea8,Marketing Strategy,,4
940395e7-e2c6-4758-856c-9443031a94d4,398ce932-5ba8-41d3-a5b5-dcff0cf01ea8,Social Media,,5
65afd382-e153-4a28-8a30-8fdb79a2cb5c,398ce932-5ba8-41d3-a5b5-dcff0cf01ea8,Social Media Communications,,6
eb2eb300-df9d-40a5-8bbe-11b9bee6d7bd,398ce932-5ba8-41d3-a5b5-dcff0cf01ea8,Content Strategy,,7
66f7d7a0-016e-4046-be58-18284b042381,398ce932-5ba8-41d3-a5b5-dcff0cf01ea8,Content Development,,8
71b957a0-a920-42cf-853b-26ef480fb666,398ce932-5ba8-41d3-a5b5-dcff0cf01ea8,Web Content Creation,,9
143cf90c-e9c8-4d81-9dc6-7f3b6db04390,bed85419-cd14-48ec-9258-f7193881a881,DNA Sequencing,,0
b571bf1f-b16e-4e0f-b947-7903740e6198,bed85419-cd14-48ec-9258-f7193881a881,New Account Growth,,1
1291862d-ced7-4eb3-9fad-690f7f0294d7,bed85419-cd14-48ec-9258-f7193881a881,SAP Products,,2
bd1357b7-cc7b-4458-9dc3-25d4f46cda84,bed85419-cd14-48ec-9258-f7193881a881,Relationship Building,,3
a5fa5faa-7bf4-4197-ba21-8f1194db06f6,bed85419-cd14-48ec-9258-f7193881a881,Medical Terminology,,4
d5d3a29b-0bb7-4a4e-8a8e-591d4442a5e4,bed85419-cd14-48ec-9258-f7193881a881,International Sales,,5
4ea28aaa-6902-4c5b-a43e-c6d8ff9a195f,bed85419-cd14-48ec-9258-f7193881a881,Account Management,,6
bd9c610c-7de4-48bb-880b-753a191a8c2d,bed85419-cd14-48ec-9258-f7193881a881,Customer Relationship Management (CRM),,7
4081047f-2039-41f4-8d7f-4afd4c8908f6,bed85419-cd14-48ec-9258-f7193881a881,Biological Engineering,,8
59208970-d0f3-4052-b517-9f8a2ecd5f1e,bed85419-cd14-48ec-9258-f7193881a881,Next-Generation Sequencing (NGS),,9
f6878d08-db39-4c1d-a93d-e93550c1eeb4,dfe5cc4b-ed49-4209-8bc5-c41b08973675,Therapeutic Areas,,0
dc4befd0-8c74-4ec0-9f47-de182b340639,dfe5cc4b-ed49-4209-8bc5-c41b08973675,Client Relations,,1
127f32e7-7fd2-495c-a595-c484e82f340e,dfe5cc4b-ed49-4209-8bc5-c41b08973675,Salesforce.com,,2
f00c8308-c61f-4334-81b3-28ffb395a98c,dfe5cc4b-ed49-4209-8bc5-c41b08973675,Content Strategy,,3
fe69cff7-3bea-4ba0-b588-b6122a38f555,dfe5cc4b-ed49-4209-8bc5-c41b08973675,Digital Content,,4
d903cbcf-7f29-4501-be15-eceadacf7580,dfe5cc4b-ed49-4209-8bc5-c41b08973675,Direct Sales,,5
d03718a4-2a99-4c9c-9b93-1c1106e5c856,dfe5cc4b-ed49-4209-8bc5-c41b08973675,Content Marketing,,6
e26fb6fc-a148-4d00-8eee-ce56d021b273,dfe5cc4b-ed49-4209-8bc5-c41b08973675,Stakeholder Engagement,,7
0980a27f-ceb4-4d2c-a96d-0ece24de00d0,dfe5cc4b-ed49-4209-8bc5-c41b08973675,Commercialization,,8
7d134248-a800-4d21-9f67-1e6a243bd8ad,6c26adaf-2a3a-4ecd-b32d-e525f865c457,Narrativ terapi,,0
d3b7bac6-4263-48b6-aa8d-c64e330e556a,6c26adaf-2a3a-4ecd-b32d-e525f865c457,Mentorarbejde,,1
1484a731-6028-45c3-a15d-e36c921b170a,6c26adaf-2a3a-4ecd-b32d-e525f865c457,Sparring,,2
537f420c-3b17-4c80-b618-ccf0eaa4feca,6c26adaf-2a3a-4ecd-b32d-e525f865c457,Psykologi,,3
73738fd5-29d5-481d-913e-df5ace923f0f,6c26adaf-2a3a-4ecd-b32d-e525f865c457,Neurologi,,4
d413d51d-91c4-4304-9f2e-b4963a713008,6c26adaf-2a3a-4ecd-b32d-e525f865c457,Mental sundhed,,5
cd172d5f-9d54-4413-a817-bc77974e5b0e,6c26adaf-2a3a-4ecd-b32d-e525f865c457,Unge,,6
a8d5e11a-23a1-4a4e-9592-5698f682ebfd,6c26adaf-2a3a-4ecd-b32d-e525f865c457,Tech savvy,,7
3347318f-16ed-43fd-87d3-a06d83d45587,6c26adaf-2a3a-4ecd-b32d-e525f865c457,Human Resources (HR),,8
07d70dad-5bf7-498f-be59-46a90fba47eb,6c26adaf-2a3a-4ecd-b32d-e525f865c457,Samarbejdsevner,,9
10e2e1e6-eaa7-4eff-ac78-a03c8a1151ff,fd0374a9-defe-4e33-b754-c3a91f1b6d57,Report Writing,,0
e5905939-a348-4241-a1e7-851881eec300,fd0374a9-defe-4e33-b754-c3a91f1b6d57,Cognitive Therapy,,1
164a16e3-9596-469c-a450-37e515512a68,fd0374a9-defe-4e33-b754-c3a91f1b6d57,Leadership,,2
e11c7566-998c-43fe-b44e-8aa42c4b6708,fd0374a9-defe-4e33-b754-c3a91f1b6d57,De-escalation,,3
0afd83bf-9c35-44eb-9524-f1f5259c0881,fd0374a9-defe-4e33-b754-c3a91f1b6d57,Office Administration,,4
adf5bbfc-a202-4cdc-8e45-8255e0f3fd3e,fd0374a9-defe-4e33-b754-c3a91f1b6d57,Critical Thinking,,5
92174c69-491a-4c0b-91f6-450793f4b928,fd0374a9-defe-4e33-b754-c3a91f1b6d57,Time Management,,6
2de8c000-b975-4848-bf0c-cbd874f22473,fd0374a9-defe-4e33-b754-c3a91f1b6d57,Analytical Skills,,7
8afaf6f2-eef1-4e8f-89dd-8ac1f4ce5bd7,fd0374a9-defe-4e33-b754-c3a91f1b6d57,Administrative Assistance,,8
eff31694-8935-4258-8b0a-9fb9038c0951,fd0374a9-defe-4e33-b754-c3a91f1b6d57,Data Analysis,,9
73522c97-5173-4741-999b-f7dc8fa1b477,cec43a59-3fea-4677-94fa-301e87a96e8b,University Lecturing,,0
ef0bb892-6097-496b-83c1-490082388b5a,cec43a59-3fea-4677-94fa-301e87a96e8b,Assistant Teaching,,1
ed845fb9-93bd-4041-8d1c-886dc8a2d2b1,cec43a59-3fea-4677-94fa-301e87a96e8b,Academic Support Services,,2
a0b40071-794f-4225-b721-672922660110,cec43a59-3fea-4677-94fa-301e87a96e8b,Cell Biology,,3
874df6fd-9eab-43ef-9e51-4621bbbfd1b0,cec43a59-3fea-4677-94fa-301e87a96e8b,Writing,,4
c47406b4-1691-4316-98d0-4e4ea2aa4897,cec43a59-3fea-4677-94fa-301e87a96e8b,Data Analysis,,5
756d3641-98fb-441e-a97f-bbdeed8fa138,cec43a59-3fea-4677-94fa-301e87a96e8b,Analytical Skills,,6
d5a97ef3-ea5a-4e76-83a7-f34a5236a31c,cec43a59-3fea-4677-94fa-301e87a96e8b,MS Excel,,7
a24f3d81-ea80-45b2-8121-2f4cd61b8e9c,cec43a59-3fea-4677-94fa-301e87a96e8b,"Environment, Health, and Safety (EHS)",,8
fb97eaf2-fc33-400c-b0ee-7d97ec3df04b,cec43a59-3fea-4677-94fa-301e87a96e8b,Immunofluorescence,,9
a7dada08-b59b-400e-89b9-cb4e73843e15,2effaea9-9a95-4be9-b2a0-b9783eee9896,Editing,,0
a9702183-d52d-42f3-97e8-faf18f9919e5,2effaea9-9a95-4be9-b2a0-b9783eee9896,Medical Communications,,1
64d423cc-a13d-46b3-a60a-018d205fa0a7,2effaea9-9a95-4be9-b2a0-b9783eee9896,Learning & Development Solutions,,2
e61a930b-5416-4201-b5cc-e9282908dbda,2effaea9-9a95-4be9-b2a0-b9783eee9896,MedDRA,,3
a419b97f-c7e0-4f83-bf66-7ee430641c11,2effaea9-9a95-4be9-b2a0-b9783eee9896,Quality Control,,4
4ef8ce7d-a1f9-46bd-99a2-3cddc54c963c,2effaea9-9a95-4be9-b2a0-b9783eee9896,ICH-E3,,5
0b2d6368-06fc-467f-8f1b-8b16839755c4,2effaea9-9a95-4be9-b2a0-b9783eee9896,Study Reports,,6
340c2db9-a9a3-4c7d-823b-a2e1f44c4cc5,2effaea9-9a95-4be9-b2a0-b9783eee9896,QAQC,,7
10de0e5e-5b80-4354-bf92-abca1a3ed9f8,2effaea9-9a95-4be9-b2a0-b9783eee9896,Document Review,,8
7e06e66e-f197-4e4c-87dc-748b983500ed,2effaea9-9a95-4be9-b2a0-b9783eee9896,Skilled Multi-tasker,,9
0a632693-0ecb-4ef3-aaf7-e14b84439670,e717d97d-665c-460e-9290-1219403bcf3b,Programming,,0
a8f2ab6c-5839-4c24-b528-d95a22febab1,e717d97d-665c-460e-9290-1219403bcf3b,Logistic Regression,,1
f9de0afe-b2d8-48ba-a3f6-461f54901773,e717d97d-665c-460e-9290-1219403bcf3b,ELISA,,2
201b1cf1-6b44-448b-96ec-9b38c7004cfe,e717d97d-665c-460e-9290-1219403bcf3b,Communication,,3
c3d5959c-07ee-44b1-b2e8-69fdd0817aba,e717d97d-665c-460e-9290-1219403bcf3b,Troubleshooting,,4
4f121880-4314-441b-8f6c-81a99d05f7c4,e717d97d-665c-460e-9290-1219403bcf3b,Illumina,,5
30848317-bc57-4272-b370-b48a7f0d784c,e717d97d-665c-460e-9290-1219403bcf3b,Medical Research,,6
bb28620e-fd1c-460a-a8bd-220d6feaf048,e717d97d-665c-460e-9290-1219403bcf3b,Salesforce.com,,7
7228e08f-7348-488e-9846-9462ed882dd6,e717d97d-665c-460e-9290-1219403bcf3b,Adobe Creative Cloud,,8
3570d28a-4736-4a9a-b0d8-af95e3a21d05,e717d97d-665c-460e-9290-1219403bcf3b,Adobe Premiere Pro,,9
828f2aac-b286-480a-ae46-56f4089e0e09,fdeba256-a129-4e54-b78c-07a317ab8367,Mental Health Counseling,,0
464816f1-9d70-4ff6-b69e-a4fa5715bcca,fdeba256-a129-4e54-b78c-07a317ab8367,Higher Education Teaching,,1
edc81462-4c43-4fe9-925b-9a87eb8cc785,fdeba256-a129-4e54-b78c-07a317ab8367,Applied Psychology,,2
4e6c7c7e-2265-411f-84fd-acc4cc88d761,fdeba256-a129-4e54-b78c-07a317ab8367,Cognitive Behavioral Therapy (CBT),,3
609192c6-fa6c-46c6-9246-e4c0a07eb306,fdeba256-a129-4e54-b78c-07a317ab8367,Psychodynamic Psychotherapy,,4
d952565c-6ad2-4fdc-a11f-513152f5ca74,fdeba256-a129-4e54-b78c-07a317ab8367,Clinical Assessment,,5
bae4c7b1-5159-4cc9-ba9d-f9c539f8277d,fdeba256-a129-4e54-b78c-07a317ab8367,Psychometrics,,6
79ba83ca-b263-4eab-bd8f-190234f2648d,fdeba256-a129-4e54-b78c-07a317ab8367,Mental Health Treatment,,7
9109454f-1680-48e9-a6ad-2fff168cfd8f,fdeba256-a129-4e54-b78c-07a317ab8367,Teaching,,8
f9a1f77b-ce3e-4321-bad1-3dde7689af9c,fdeba256-a129-4e54-b78c-07a317ab8367,Cognitive Neuroscience,,9
2dfba981-0912-4326-9551-07b2a5b94f3c,911c384b-58df-455b-b4ae-e5a62748a5b9,Medical Sales,,0
d7c94d19-48cf-4ea1-8b9d-2a3e17146f3a,911c384b-58df-455b-b4ae-e5a62748a5b9,Sales Management,,1
e3bfd22f-4d84-4dfb-98c2-b96c0a813231,911c384b-58df-455b-b4ae-e5a62748a5b9,Business Acumen,,2
46e1a762-247d-4dad-afcc-19fcee1d0ed3,911c384b-58df-455b-b4ae-e5a62748a5b9,Medical Devices,,3
a264f7d7-fec4-4683-8ad7-6d5c9e67d5ef,911c384b-58df-455b-b4ae-e5a62748a5b9,Product Development,,4
c8fbe4e3-fdf9-4f2c-85bc-bbfeca8d2d3a,911c384b-58df-455b-b4ae-e5a62748a5b9,Product Marketing,,5
2ddd15d8-09e9-41f4-b1c9-7baf339ce76b,911c384b-58df-455b-b4ae-e5a62748a5b9,Engineering,,6
404da697-7600-47fb-85b8-1545e9b7b336,911c384b-58df-455b-b4ae-e5a62748a5b9,Strategy,,7
e1f1e402-2699-45b1-807e-5d1a1fddb845,911c384b-58df-455b-b4ae-e5a62748a5b9,Marketing Strategy,,8
18f592c8-f7ef-497a-aa76-04cf1f8ed8d0,911c384b-58df-455b-b4ae-e5a62748a5b9,Management,,9
15c9d18f-6f99-42ec-80ae-b7afd8f98f08,de778b51-fd19-41e3-b39e-f13de6abf368,Working with Investors,,0
91dc6ae7-7593-47ae-bd9b-9f96352df2b1,de778b51-fd19-41e3-b39e-f13de6abf368,Pitching Ideas,,1
f1dc281f-e75e-4adf-86dc-11ec7cfb3bb3,de778b51-fd19-41e3-b39e-f13de6abf368,Start-up Leadership,,2
62430458-3f81-44c4-af38-58c38495fb7e,de778b51-fd19-41e3-b39e-f13de6abf368,Teaching,,3
084ee5fc-b897-4405-a19d-dd53ac8e49cb,de778b51-fd19-41e3-b39e-f13de6abf368,3D Printing,,4
5c3a1d60-df7d-4fbe-8cdf-23148d2c0493,de778b51-fd19-41e3-b39e-f13de6abf368,neurotech,,5
31afd830-13ab-47e5-8399-45e57091358d,de778b51-fd19-41e3-b39e-f13de6abf368,Start-up Ventures,,6
14b68b95-598c-429f-98ce-24e9013e9ea6,de778b51-fd19-41e3-b39e-f13de6abf368,3D Prototyping,,7
68829053-054d-487e-bb90-bf63c44166da,de778b51-fd19-41e3-b39e-f13de6abf368,Research Skills,,8
b4e799d9-cee1-4bec-8c72-db8fe2809e1b,de778b51-fd19-41e3-b39e-f13de6abf368,Neuroscience,,9
36ee737a-157b-4209-82b8-e52f66dc9b4a,1466a5ef-ffed-4074-9032-5ef17cabd977,Clinical Training,,0
a4d45471-68ce-431b-b0c0-b003dea62962,1466a5ef-ffed-4074-9032-5ef17cabd977,covid-19 Vaccination program,,1
1288712c-e838-4bb2-b73d-708211f6ccaf,1466a5ef-ffed-4074-9032-5ef17cabd977,Cancer Immunotherapy,,2
38ae0e0f-1003-4e11-bb61-df357a545f08,1466a5ef-ffed-4074-9032-5ef17cabd977,Clinical Quality Improvement,,3
9e2d2a1c-4275-4b59-b5b9-3edb93a1b0c1,1466a5ef-ffed-4074-9032-5ef17cabd977,Medical Terminology and Writing,,4
f04a6c77-92dd-4b2e-969f-4fd19acd7267,1466a5ef-ffed-4074-9032-5ef17cabd977,Clinical Communication,,5
24ce8147-5dd5-418a-9ee8-2e90c220f55e,1466a5ef-ffed-4074-9032-5ef17cabd977,Active Listening,,6
a61de6fc-e13c-4c05-af0f-9ffbfb0a5243,1466a5ef-ffed-4074-9032-5ef17cabd977,Consent management,,7
a03e3a40-f9cf-4304-9e32-08a5a3452753,1466a5ef-ffed-4074-9032-5ef17cabd977,Privacy and Confidentiality,,8
c6b387a0-b65c-4670-951f-c124d108e9fd,1466a5ef-ffed-4074-9032-5ef17cabd977,Indigenous Research Ethics,,9
f0e237b5-976c-4867-826d-d1b9b7e0aebf,6dade75c-1f33-4023-ab8d-5212bb82c4aa,Biology,,0
a4dd1944-dc0d-454a-9fc5-4329957781b7,6dade75c-1f33-4023-ab8d-5212bb82c4aa,Slice Electrophysiology,,1
b0fedb70-2746-4d1a-8354-6de0a369bd8d,6dade75c-1f33-4023-ab8d-5212bb82c4aa,Stereotaxic Surgery,,2
408c995c-225a-4561-9ce4-facdc897e412,6dade75c-1f33-4023-ab8d-5212bb82c4aa,Academic Writing,,3
ecd218ce-9070-4b54-8d7b-9735e6695376,6dade75c-1f33-4023-ab8d-5212bb82c4aa,Undergraduate Teaching,,4
48974dcc-ae5d-4c51-b91a-1449253a0762,6dade75c-1f33-4023-ab8d-5212bb82c4aa,Animal Behavior,,5
9e1c0fef-9d38-4778-8b8d-20188cbec203,6dade75c-1f33-4023-ab8d-5212bb82c4aa,Adobe Illustrator,,6
ad2093a3-3a4e-4715-95cc-11637ed116b5,6dade75c-1f33-4023-ab8d-5212bb82c4aa,GraphPad Prism,,7
be29dae6-d10d-49ff-bb87-5b094a50d82a,6dade75c-1f33-4023-ab8d-5212bb82c4aa,Transcardial Perfusions,,8
b01e6902-c0d5-4ca0-80a1-d7701abb7ec5,6dade75c-1f33-4023-ab8d-5212bb82c4aa,Calcium Imaging,,9
00ae5b93-b3bf-4dab-bf8d-0cfceacbb095,653ad497-5642-471e-b3cb-c4e0d7d56556,Wet Labs,,0
7fbc842f-d5e7-48d0-a0f9-965175887385,653ad497-5642-471e-b3cb-c4e0d7d56556,REDCap,,1
d5e8ce6e-4015-48d0-96c2-c76e8ea12068,653ad497-5642-471e-b3cb-c4e0d7d56556,Ethics,,2
b54ab036-9cf7-4efb-8df8-779c5e585765,653ad497-5642-471e-b3cb-c4e0d7d56556,RStudio,,3
32eeeeca-a0eb-474b-bddc-ac957dcf4a85,653ad497-5642-471e-b3cb-c4e0d7d56556,Meta-analysis,,4
a8dcedd2-fd22-4d2b-bb05-8541ba95d674,653ad497-5642-471e-b3cb-c4e0d7d56556,Clinical Research,,5
bcb5e50e-f306-49d6-8a4f-96e138b38b68,653ad497-5642-471e-b3cb-c4e0d7d56556,Statistical Data Analysis,,6
e066b87b-9dfa-48a6-a379-29086959cde9,653ad497-5642-471e-b3cb-c4e0d7d56556,R (Programming Language),,7
eb4c4af3-8c31-4c6b-80a6-db3f56aba9be,653ad497-5642-471e-b3cb-c4e0d7d56556,Coaching,,8
bc72bcc6-83cb-4240-8940-17ceb404daab,653ad497-5642-471e-b3cb-c4e0d7d56556,Teamwork,,9
bede7cf1-7450-4c9a-bff7-ec24fc6a6e19,6806e9de-e813-4e71-81a1-c07c1d7e14a2,Autogestión,,0
00f7032f-077d-4502-8728-67f3380f2dc2,6806e9de-e813-4e71-81a1-c07c1d7e14a2,Informes técnicos,,1
e5bee217-8990-441a-a0b0-7f352c8ab277,6806e9de-e813-4e71-81a1-c07c1d7e14a2,Estudios observacionales,,2
f89d41ba-daba-42a1-86ad-0942da4e654f,6806e9de-e813-4e71-81a1-c07c1d7e14a2,Directrices reguladoras,,3
e7aa958f-bcb0-4939-82d4-b858c6259d0a,6806e9de-e813-4e71-81a1-c07c1d7e14a2,Redacción de contenidos web,,4
6b8acdd4-9aff-45b3-888d-033195b78692,6806e9de-e813-4e71-81a1-c07c1d7e14a2,Comunicaciones estratégicas,,5
2ca02535-e619-4f1f-b7f9-7f26cbd2c6bb,6806e9de-e813-4e71-81a1-c07c1d7e14a2,Asuntos normativos,,6
2b9d15b9-d3d9-4b0c-a2ff-75ddd1e23542,6806e9de-e813-4e71-81a1-c07c1d7e14a2,Investigación clínica,,7
44411640-da32-4a56-8168-473b4bfdf5b3,6806e9de-e813-4e71-81a1-c07c1d7e14a2,Entrega de proyectos,,8
b679f207-ee88-4ec1-8eff-0ddc2edb2056,6806e9de-e813-4e71-81a1-c07c1d7e14a2,Aptitudes para hacer presentaciones,,9
6358b874-d34f-49aa-833c-c31c0dd3c200,b9fce920-16b6-4ba3-abaf-58b9c235d52c,HubSpot,,0
554f2939-69f7-42a8-8520-3fd0c0f4063c,b9fce920-16b6-4ba3-abaf-58b9c235d52c,Clinical Data Analysis,,1
bcecd2b6-04bf-4b47-b99d-52757689b601,b9fce920-16b6-4ba3-abaf-58b9c235d52c,Salesforce Lightning,,2
665caf94-0601-4748-b580-b3d30b3d00ed,b9fce920-16b6-4ba3-abaf-58b9c235d52c,Demand Generation,,3
a03fd4bc-74e9-4b4b-8244-386705a72d31,b9fce920-16b6-4ba3-abaf-58b9c235d52c,Business Intelligence (BI),,4
21b95c33-2614-4742-a090-ea7535f2ee7f,b9fce920-16b6-4ba3-abaf-58b9c235d52c,REDCap,,5
87a18af3-3a87-41b2-8809-e34905df2c4a,b9fce920-16b6-4ba3-abaf-58b9c235d52c,Medidata,,6
adb1a869-b8a3-4813-9d84-3aae44cc269a,b9fce920-16b6-4ba3-abaf-58b9c235d52c,Graphic Design,,7
a5dd82eb-44e9-4af8-9e80-fa20f5abb043,b9fce920-16b6-4ba3-abaf-58b9c235d52c,Web Design,,8
ecc2d651-22d2-49c7-a04e-1b3cba76501d,b9fce920-16b6-4ba3-abaf-58b9c235d52c,Training Course Development,,9
48d5398d-583c-4d35-b1a2-e070ce51a128,434b45fb-74ec-4e0f-95f2-ce0810c77a66,Team Building,,0
e460720c-c499-438a-bd30-6e2e3ba48f15,434b45fb-74ec-4e0f-95f2-ce0810c77a66,Scholarly Research,,1
a6e092e8-89d5-4106-955d-a50a6ff534e1,434b45fb-74ec-4e0f-95f2-ce0810c77a66,Research Collaboration,,2
78e4cf72-deb5-40bb-ac71-c2942e2841e7,434b45fb-74ec-4e0f-95f2-ce0810c77a66,Program Monitoring,,3
a50da40b-0b8f-4dd7-9fe4-e6b70938f1f2,434b45fb-74ec-4e0f-95f2-ce0810c77a66,Research Coordination,,4
dabcd468-45ae-42c8-9fa3-d99cfc2db6bf,434b45fb-74ec-4e0f-95f2-ce0810c77a66,Research Project Management,,5
1f863e2b-5c34-48dc-90a8-6d893c35b942,434b45fb-74ec-4e0f-95f2-ce0810c77a66,Quantitative Research,,6
1b877094-7e68-4a2e-92f6-a8aa55dc710f,434b45fb-74ec-4e0f-95f2-ce0810c77a66,Qualitative Research,,7
ba41c12b-5b20-4b77-a0f7-86ff5d5fca3e,434b45fb-74ec-4e0f-95f2-ce0810c77a66,Academic Writing,,8
3903fdde-dbf0-4fc8-b7d7-6e6dc0d947f1,434b45fb-74ec-4e0f-95f2-ce0810c77a66,Grant Writing,,9
5df257d1-603d-4fda-b304-d3e0c9a3f84b,43f88688-d257-464b-a57d-6cfcfcc575e3,Coordinating Skills,,0
e66d6261-dcb8-409a-ae42-0cab31f470ac,43f88688-d257-464b-a57d-6cfcfcc575e3,Performance Reporting,,1
665fe08d-6958-439d-8822-04d314ac4224,43f88688-d257-464b-a57d-6cfcfcc575e3,Confidentiality,,2
f308dcd9-7f8d-4a8d-ae78-9ae5e61da700,43f88688-d257-464b-a57d-6cfcfcc575e3,Good Clinical Practice (GCP),,3
e5eff1c8-f286-45c2-9ea4-89cc1d951f6c,43f88688-d257-464b-a57d-6cfcfcc575e3,Virtual Collaboration,,4
d19e0754-7ca2-4468-a2df-74f25f9c724a,43f88688-d257-464b-a57d-6cfcfcc575e3,Educational Programs,,5
48d3d800-c4de-4d6c-b48b-56049781058c,43f88688-d257-464b-a57d-6cfcfcc575e3,Workshops,,6
1b695222-b2c6-4399-a246-9058263aff82,43f88688-d257-464b-a57d-6cfcfcc575e3,General Office Work,,7
72a7caa1-8012-4562-9c25-72ef0b6600f6,43f88688-d257-464b-a57d-6cfcfcc575e3,Intercultural Communication,,8
a0a5b547-47ff-4f48-8d8a-e823e2056c98,43f88688-d257-464b-a57d-6cfcfcc575e3,Attention to Detail,,9
a51afc93-3654-482d-9a69-a94d60d0bf40,30e03ab6-d7fc-4211-8da2-b89501875a8e,Customer Service,,0
919415f9-250a-4579-8d0b-ca02f8138971,30e03ab6-d7fc-4211-8da2-b89501875a8e,Research Ethics,,1
4a7a154f-5740-48a7-b10f-a11aa39b705c,30e03ab6-d7fc-4211-8da2-b89501875a8e,Presentations,,2
7c1acf58-e53f-4a97-b957-a99128569e1f,30e03ab6-d7fc-4211-8da2-b89501875a8e,Communication,,3
4ba7c60e-f06c-4c69-b5ac-a55a04bc4c37,30e03ab6-d7fc-4211-8da2-b89501875a8e,Community Mental Health,,4
8d97eeb4-454f-4e8c-814d-aa96e8702d68,30e03ab6-d7fc-4211-8da2-b89501875a8e,Grant Writing,,5
1d7f62c0-7dcb-406e-9ffe-d3ca2494993b,30e03ab6-d7fc-4211-8da2-b89501875a8e,Program Evaluation,,6
a3ce850f-2598-4647-9bfc-4244a2cba19c,30e03ab6-d7fc-4211-8da2-b89501875a8e,Data Entry,,7
d2100f51-d264-49d8-8b4b-392b352fc169,30e03ab6-d7fc-4211-8da2-b89501875a8e,Data Visualization,,8
c205f58c-cd28-4883-92da-23b304f3a0e6,30e03ab6-d7fc-4211-8da2-b89501875a8e,JASP,,9
