profile,source_url,original,raw_normalized,research_area_normalized,matched_candidate_terms,matched_sources,matched_cuis,has_umls_match,final_output,final_output_simplified,final_output_simplified_cleaned,research_tag_publishable
Wayne S.R. Chen,https://cumming.ucalgary.ca/departments/bmb/profiles/dr-wayne-sr-chen,cellular basis of cardiac arrhythmia,cellular basis of cardiac arrhythmia,Cardiac Arrhythmia | Cellular | Cellular Senescence | Basis | Enrollment basis,,MTH,C0003811 | C0178539 | C0007581 | C1874451 | C3865248,yes,Cardiac Arrhythmia | Cellular | Cellular Senescence | Basis | Enrollment basis,Cardiac Arrhythmia,Cardiac Arrhythmia,Cardiac Arrhythmia
Wayne S.R. Chen,https://cumming.ucalgary.ca/departments/bmb/profiles/dr-wayne-sr-chen,(ii) the molecular actions of pro,ii the molecular actions of pro,Actions not completed,ii molecular,SNOMEDCT_US,C0424237,yes,,(ii) the molecular actions of pro,Ii The Molecular Actions Of Pro,
Wayne S.R. Chen,https://cumming.ucalgary.ca/departments/bmb/profiles/dr-wayne-sr-chen,anti-arrhythmic drugs,anti-arrhythmic drugs,Anti-Arrhythmia Agents,anti arrhythmic,MTH,C0003195,yes,Anti-Arrhythmia Agents,anti-arrhythmic drugs,Anti Arrhythmic Drugs,Anti Arrhythmic Drugs
Wayne S.R. Chen,https://cumming.ucalgary.ca/departments/bmb/profiles/dr-wayne-sr-chen,development of novel anti-arrhythmic therapies,development of novel anti-arrhythmic therapies,Pervasive Development Disorder | Psychosexual Development | literary novel | Graphic Novel | novel human deoxyribonuclease,,MTH | MSH,C0524528 | C0033944 | C0679622 | C4042926 | C0537310,yes,Pervasive Development Disorder | Psychosexual Development | literary novel | Graphic Novel | novel human deoxyribonuclease,development of novel anti-arrhythmic therapies,Development Of Novel Anti Arrhythmic Therapies,
Wayne S.R. Chen,https://cumming.ucalgary.ca/departments/bmb/profiles/dr-wayne-sr-chen,(iv) regulation of ryr by phosphorylation,iv regulation of ryr by phosphorylation,Menstrual Regulation | Phosphorylation | Protein phosphorylation | Down-Regulation | Allosteric Regulation,,MTH | MSH,C0025335 | C0031715 | C1158886 | C0013081 | C0002145,yes,Menstrual Regulation | Phosphorylation | Protein phosphorylation | Down-Regulation | Allosteric Regulation,(iv) regulation of ryr by phosphorylation,Iv Regulation Of Ryr By Phosphorylation,
Wayne S.R. Chen,https://cumming.ucalgary.ca/departments/bmb/profiles/dr-wayne-sr-chen,single channel recordings in planar lipid bilayers,single channel recordings in planar lipid bilayers,,,,,no,single channel recordings in planar lipid bilayers,single channel recordings in planar lipid bilayers,Single Channel Recordings In Planar Lipid Bilayers,
Wayne S.R. Chen,https://cumming.ucalgary.ca/departments/bmb/profiles/dr-wayne-sr-chen,fluorescence ca2+ imaging,fluorescence ca2 imaging,Fluorescence Imaging | Fluorescence Spectroscopy | Diagnostic Imaging | Radionuclide Imaging | Magnetic Resonance Imaging,,MSH | MTH,C0430876 | C0242506 | C0011923 | C0034606 | C0024485,yes,Fluorescence Imaging | Fluorescence Spectroscopy | Diagnostic Imaging | Radionuclide Imaging | Magnetic Resonance Imaging,Fluorescence Imaging,Fluorescence Imaging,Fluorescence Imaging
Oksana Suchowersky,https://cumming.ucalgary.ca/departments/medical-genetics/Oksana-Suchowersky,neuroprotective therapies,neuroprotective therapies,Therapeutic procedure | Complementary therapies | Manual Therapies | Neuroprotective Agents | Psychological therapies,,MTH | MSH | SNOMEDCT_US,C0087111 | C0936077 | C0454525 | C0242912 | C0841584,yes,Therapeutic procedure | Complementary therapies | Manual Therapies | Neuroprotective Agents | Psychological therapies,neuroprotective therapies,Neuroprotective Therapies,Neuroprotective Therapies
Oksana Suchowersky,https://cumming.ucalgary.ca/departments/medical-genetics/Oksana-Suchowersky,developing new treatments for these disorders,developing new treatments for these disorders,Major Treatments | Ophthalmology Treatments | Mechanical Treatments | These questions three panel | How often did one or the other of these happen,developing new treatments,MTH,C2598130 | C1315028 | C0699886 | C4522116 | C6025086,yes,Major Treatments | Ophthalmology Treatments | Mechanical Treatments | These questions three panel | How often did one or the other of these happen,developing new treatments for these disorders,Developing New Treatments For These Disorders,
Morley Hollenberg,https://cumming.ucalgary.ca/departments/physiology-pharmacology/morley-hollenberg,molecular pharmacology,molecular pharmacology,Network Pharmacology,molecular pharmacology,MSH,C5544472,yes,Network Pharmacology,molecular pharmacology,Molecular Pharmacology,Molecular Pharmacology
Morley Hollenberg,https://cumming.ucalgary.ca/departments/physiology-pharmacology/morley-hollenberg,pathophysiology of receptor-mediated signaling by growth factors,pathophysiology of receptor-mediated signaling by growth factors,Receptor-Mediated Signal Transduction,receptor mediated signaling,MSH,C0034782,yes,Receptor-Mediated Signal Transduction,Receptor-Mediated Signal Transduction,Receptor Mediated Signal,Receptor Mediated Signal
Morley Hollenberg,https://cumming.ucalgary.ca/departments/physiology-pharmacology/morley-hollenberg,inflammatory processes triggered by microenvironment proteolytic enzymes,inflammatory processes triggered by microenvironment proteolytic enzymes,,,,,no,inflammatory processes triggered by microenvironment proteolytic enzymes,inflammatory processes triggered by microenvironment proteolytic enzymes,Inflammatory Processes Triggered By Microenvironment Proteolytic Enzymes,
Ki-Young Lee,https://cumming.ucalgary.ca/node/18463,alzheimer disease,alzheimer disease,Alzheimer's Disease | ALZHEIMER DISEASE 2 | ALZHEIMER DISEASE 4 | Alzheimer Disease 9,alzheimer disease,MTH,C0002395 | C1863051 | C1847200 | C1837149,yes,Alzheimer's Disease | ALZHEIMER DISEASE 2 | ALZHEIMER DISEASE 4 | Alzheimer Disease 9,Alzheimer's Disease,Alzheimer Disease,Alzheimer Disease
Ki-Young Lee,https://cumming.ucalgary.ca/node/18463,tau hyperphosphorylation in ad brain,tau hyperphosphorylation in ad brain,Hyperphosphorylated paratarg-7 | Brain Concussion | Brain Injuries | Brain Neoplasms | Brain Diseases,,MTH,C4083252 | C0006107 | C0270611 | C0006118 | C0006111,yes,Hyperphosphorylated paratarg-7 | Brain Concussion | Brain Injuries | Brain Neoplasms | Brain Diseases,tau hyperphosphorylation in ad brain,Tau Hyperphosphorylation In Ad Brain,
Aaron Gruber,https://profiles.ucalgary.ca/aaron-gruber,attention deficit disorder,attention deficit disorder,Attention Deficit Disorder | Attention deficit hyperactivity disorder | Child attention deficit disorder,attention deficit disorder | attention deficit | deficit disorder,MTH,C0041671 | C1263846 | C0004269,yes,Attention Deficit Disorder | Attention deficit hyperactivity disorder | Child attention deficit disorder,Attention Deficit Disorder,Attention Deficit Disorder,Attention Deficit Disorder
Aaron Gruber,https://profiles.ucalgary.ca/aaron-gruber,autism,autism,Autistic Disorder | Autism suspected,autism,MTH | SNOMEDCT_US,C0004352 | C1303176,yes,Autistic Disorder | Autism suspected,Autistic Disorder,Autistic Disorder,Autistic Disorder
Aaron Gruber,https://profiles.ucalgary.ca/aaron-gruber,environmental toxins,environmental toxins,Environmental Illness | Botulinum Toxins | Bacterial Toxins | Marine Toxins | Shiga Toxins,environmental toxins,MTH | MSH,C0282504 | C0006055 | C0004630 | C0024813 | C0148323,yes,Environmental Illness | Botulinum Toxins | Bacterial Toxins | Marine Toxins | Shiga Toxins,environmental toxins,Environmental Toxins,Environmental Toxins
Aaron Gruber,https://profiles.ucalgary.ca/aaron-gruber,depression,depression,"Mental Depression | Depressive disorder | Reactive depression | Depression, Postpartum",depression,MTH | MSH,C0011570 | C0011581 | C0011579 | C0221074,yes,"Mental Depression | Depressive disorder | Reactive depression | Depression, Postpartum",Mental Depression,Depression,Depression
Aaron Gruber,https://profiles.ucalgary.ca/aaron-gruber,inflammatory molecules,inflammatory molecules,Pelvic Inflammatory Disease | Inflammatory Bowel Diseases | Inflammatory carcinoma | Inflammatory polyp | Cell Adhesion Molecules,inflammatory molecules,MTH,C0242172 | C0021390 | C0334385 | C0032568 | C0007578,yes,Pelvic Inflammatory Disease | Inflammatory Bowel Diseases | Inflammatory carcinoma | Inflammatory polyp | Cell Adhesion Molecules,inflammatory molecules,Inflammatory Molecules,Inflammatory Molecules
Aaron Gruber,https://profiles.ucalgary.ca/aaron-gruber,neuromodulators like dopamine,neuromodulators like dopamine,dopamine | dopamine hydrochloride | Dopamine Agonists | Dopamine Receptor | Dopamine Antagonists,,MTH,C0013030 | C0282151 | C0178601 | C0034798 | C0242702,yes,dopamine | dopamine hydrochloride | Dopamine Agonists | Dopamine Receptor | Dopamine Antagonists,neuromodulators like dopamine,Neuromodulators Like Dopamine,Neuromodulators Like Dopamine
Aaron Gruber,https://profiles.ucalgary.ca/aaron-gruber,machine learning,machine learning,Machine Learning | Supervised Machine Learning | Unsupervised Machine Learning | Reinforcement Machine Learning | Representation Machine Learning,machine learning,MSH,C0376284 | C4042903 | C4042902 | C5940531 | C5940532,yes,Machine Learning | Supervised Machine Learning | Unsupervised Machine Learning | Reinforcement Machine Learning | Representation Machine Learning,Machine Learning,Machine Learning,Machine Learning
Aaron Phillips,https://profiles.ucalgary.ca/aaron-phillips,he studies the interactions between the nervous,he studies the interactions between the nervous,Drug Interactions | Feeling nervous | nervous system disorder | Nervous breakdown | Hydrophobic Interactions,,MTH | MSH,C0687133 | C0849963 | C0027765 | C0221508 | C0678607,yes,Drug Interactions | Feeling nervous | nervous system disorder | Nervous breakdown | Hydrophobic Interactions,he studies the interactions between the nervous,Studies The Interactions Between The Nervous,
Aaron Phillips,https://profiles.ucalgary.ca/aaron-phillips,cardiovascular systems,cardiovascular systems,Cardiovascular system alteration | Cardiovascular system excision | Cardiovascular Diseases,cardiovascular systems,MTH | SNOMEDCT_US,C0184522 | C0189591 | C0007222,yes,Cardiovascular system alteration | Cardiovascular system excision | Cardiovascular Diseases,Cardiovascular system excision,Cardiovascular System,Cardiovascular System
Aaron Phillips,https://profiles.ucalgary.ca/aaron-phillips,has driven the development of enhanced monitoring,has driven the development of enhanced monitoring,Pervasive Development Disorder | Psychosexual Development | Enhanced note | Contrast-Enhanced Mammography | Enhanced external counterpulsation,,MTH | SNOMEDCT_US,C0524528 | C0033944 | C4018861 | C4723846 | C1640731,yes,Pervasive Development Disorder | Psychosexual Development | Enhanced note | Contrast-Enhanced Mammography | Enhanced external counterpulsation,has driven the development of enhanced monitoring,Driven The Development Of Enhanced Monitoring,
Aaron Phillips,https://profiles.ucalgary.ca/aaron-phillips,therapeutics for neurological,therapeutics for neurological,Therapeutic procedure | Neurological Rehabilitation | Neurological observations,,MTH,C0087111 | C0204096 | C0422837,yes,Therapeutic procedure | Neurological Rehabilitation | Neurological observations,therapeutics for neurological,Therapeutics For Neurological,Therapeutics For Neurological
Aaron Phillips,https://profiles.ucalgary.ca/aaron-phillips,biomedical engineering,biomedical engineering,Biomedical Cement | Biomedical Research | Tissue Engineering,biomedical engineering,MTH | MSH,C1704479 | C0005540 | C0596171,yes,Biomedical Cement | Biomedical Research | Tissue Engineering,biomedical engineering,Biomedical Engineering,Biomedical Engineering
Aaron Phillips,https://profiles.ucalgary.ca/aaron-phillips,physiology & pharmacology,physiology pharmacology,physiological aspects | Cell physiology | Respiratory physiology | Network Pharmacology,,MTH | MSH,C0031843 | C0007613 | C0035245 | C5544472,yes,physiological aspects | Cell physiology | Respiratory physiology | Network Pharmacology,physiology & pharmacology,Physiology Pharmacology,Physiology Pharmacology
Aaron Phillips,https://profiles.ucalgary.ca/aaron-phillips,pins prize in neuromodulation from science,pins prize in neuromodulation from science,Percutaneous Neuromodulation Therapy | Neuromodulators | Neurostimulation/modulation,,MSH | SNOMEDCT_US,C1518963 | C0949370 | C0394674,yes,Percutaneous Neuromodulation Therapy | Neuromodulators | Neurostimulation/modulation,pins prize in neuromodulation from science,Pins Prize In Neuromodulation From Science,
Aaron Phillips,https://profiles.ucalgary.ca/aaron-phillips,brain canada leader,brain canada leader,Brain Concussion | Brain Injuries | Brain Neoplasms | Brain Diseases,,MTH,C0006107 | C0270611 | C0006118 | C0006111,yes,Brain Concussion | Brain Injuries | Brain Neoplasms | Brain Diseases,brain canada leader,Brain Canada Leader,
Aaron Phillips,https://profiles.ucalgary.ca/aaron-phillips,leads a graduate-level course on commercializing medical neuro-technologies,leads a graduate-level course on commercializing medical neuro-technologies,,,,,no,leads a graduate-level course on commercializing medical neuro-technologies,leads a graduate-level course on commercializing medical neuro-technologies,Leads A Graduate Level Course On Commercializing Medical Neuro Technologies,
Aaron Phillips,https://profiles.ucalgary.ca/aaron-phillips,neurostimulation hardware,neurostimulation hardware,Hardware Removal | Orthopedic Hardware Removal | Neurostimulation procedure | Neurostimulation/modulation | Neurostimulation of peripheral nerve,,MSH | SNOMEDCT_US,C5453054 | C5940846 | C0521307 | C0394674 | C0394632,yes,Hardware Removal | Orthopedic Hardware Removal | Neurostimulation procedure | Neurostimulation/modulation | Neurostimulation of peripheral nerve,neurostimulation hardware,Neurostimulation Hardware,Neurostimulation Hardware
Aaron Phillips,https://profiles.ucalgary.ca/aaron-phillips,brain computer interfaces,brain computer interfaces,Computed tomography of brain | User-Computer Interface | Computed tomography of brain abnormal,brain computer interfaces | brain computer | computer interfaces,MTH | SNOMEDCT_US,C0412585 | C0042117 | C1318624,yes,Computed tomography of brain | User-Computer Interface | Computed tomography of brain abnormal,User-Computer Interface,Brain Computer Interfaces,Brain Computer Interfaces
Abdullah Al Maruf,https://profiles.ucalgary.ca/abdullah-al-maruf,precision pharmacotherapy,precision pharmacotherapy,Pharmacotherapy | antidepressant pharmacotherapy | Precision Medicine | Supportive pharmacotherapy,,MTH | MSH | SNOMEDCT_US,C0013216 | C2957654 | C2718059 | C0436313,yes,Pharmacotherapy | antidepressant pharmacotherapy | Precision Medicine | Supportive pharmacotherapy,precision pharmacotherapy,Precision Pharmacotherapy,Precision Pharmacotherapy
Abdullah Al Maruf,https://profiles.ucalgary.ca/abdullah-al-maruf,adverse drug reactions,adverse drug reactions,Adverse reaction to drug | Allergies & Adverse Drug Reactions | Adverse reaction to antidiarrheal drug,adverse drug reactions | adverse drug | drug reactions,MTH,C0041755 | C2599643 | C0474035,yes,Adverse reaction to drug | Allergies & Adverse Drug Reactions | Adverse reaction to antidiarrheal drug,Allergies & Adverse Drug Reactions,Adverse Drug Reactions,Adverse Drug Reactions
Abdullah Al Maruf,https://profiles.ucalgary.ca/abdullah-al-maruf,translational pharmacotherapy,translational pharmacotherapy,"Translational Research, Biomedical | Pharmacotherapy | antidepressant pharmacotherapy | Translational osteotomy | Supportive pharmacotherapy",,MTH | SNOMEDCT_US,C1519620 | C0013216 | C2957654 | C0407434 | C0436313,yes,"Translational Research, Biomedical | Pharmacotherapy | antidepressant pharmacotherapy | Translational osteotomy | Supportive pharmacotherapy",translational pharmacotherapy,Translational Pharmacotherapy,Translational Pharmacotherapy
Abdullah Al Maruf,https://profiles.ucalgary.ca/abdullah-al-maruf,population therapeutics and health outcomes,population therapeutics and health outcomes,Therapeutic procedure | mental health,,MTH,C0087111 | C0025353,yes,Therapeutic procedure | mental health,population therapeutics and health outcomes,Population Therapeutics And Health Outcomes,
Abdullah Al Maruf,https://profiles.ucalgary.ca/abdullah-al-maruf,scholarship of teaching and learning,scholarship of teaching and learning,Learning | Learning Disorders | Learning Disabilities | Verbal Learning | Receives income from scholarship,,MTH | MSH | SNOMEDCT_US,C0023185 | C0023186 | C0751265 | C0042531 | C6064258,yes,Learning | Learning Disorders | Learning Disabilities | Verbal Learning | Receives income from scholarship,scholarship of teaching and learning,Scholarship Of Teaching And Learning,
Abdullah Al Maruf,https://profiles.ucalgary.ca/abdullah-al-maruf,population therapeutics,population therapeutics,Therapeutic procedure,,MTH,C0087111,yes,Therapeutic procedure,population therapeutics,Population Therapeutics,Population Therapeutics
Abdullah Al Maruf,https://profiles.ucalgary.ca/abdullah-al-maruf,health outcomes,health outcomes,Health behavior outcomes,health outcomes,MTH,C0518902,yes,Health behavior outcomes,Health behavior outcomes,Health Outcomes,Health Outcomes
Abdullah Al Maruf,https://profiles.ucalgary.ca/abdullah-al-maruf,maruf investigated the connections between inflammation,maruf investigated the connections between inflammation,Gastrointestinal investigation | Concordant atrioventricular connections | Concordant ventriculoarterial connections | Double outlet ventriculoarterial connections | Systemic venous connections normal,,MTH | SNOMEDCT_US,C0430681 | C2063577 | C3164485 | C3164840 | C2960602,yes,Gastrointestinal investigation | Concordant atrioventricular connections | Concordant ventriculoarterial connections | Double outlet ventriculoarterial connections | Systemic venous connections normal,maruf investigated the connections between inflammation,Maruf Investigated The Connections Between Inflammation,
Abdullah Al Maruf,https://profiles.ucalgary.ca/abdullah-al-maruf,xenobiotic-induced liver injury,xenobiotic-induced liver injury,"Chemical and Drug Induced Liver Injury | Drug-Induced Liver Injury, Chronic | Drug-Induced Acute Liver Injury | Chemical-Induced Liver Injury, Chronic | Drug-Induced Liver Disease",induced liver injury,MTH | MSH,C4277682 | C2717837 | C3658290 | C4505493 | C0860207,yes,"Chemical and Drug Induced Liver Injury | Drug-Induced Liver Injury, Chronic | Drug-Induced Acute Liver Injury | Chemical-Induced Liver Injury, Chronic | Drug-Induced Liver Disease","Chemical-Induced Liver Injury, Chronic",Induced Liver Injury,Induced Liver Injury
Abdullah Al Maruf,https://profiles.ucalgary.ca/abdullah-al-maruf,roles of carbonyl metabolizing enzymes in health,roles of carbonyl metabolizing enzymes in health,iron carbonyl | nickel carbonyl | Gene product metabolic activity descriptors,,MTH | MSH | SNOMEDCT_US,C0876769 | C0068680 | C5761567,yes,iron carbonyl | nickel carbonyl | Gene product metabolic activity descriptors,roles of carbonyl metabolizing enzymes in health,Roles Of Carbonyl Metabolizing Enzymes In Health,
Adel Gabriel,https://profiles.ucalgary.ca/adel-gabriel,clinical outcomes,clinical outcomes,Clinical Trials | Nutrition outcomes | Expected outcomes | R-Outcomes | Elimination outcomes,clinical outcomes,MTH,C0008976 | C0518896 | C2963499 | C5445044 | C0518891,yes,Clinical Trials | Nutrition outcomes | Expected outcomes | R-Outcomes | Elimination outcomes,clinical outcomes,Clinical Outcomes,Clinical Outcomes
Adel Gabriel,https://profiles.ucalgary.ca/adel-gabriel,mood disorders,mood disorders,Mood Disorders | Psychotic Mood Disorders | Organic mood disorder | Bipolar Disorder,mood disorders,MSH | SNOMEDCT_US | MTH,C0525045 | C0086640 | C0029232 | C0005586,yes,Mood Disorders | Psychotic Mood Disorders | Organic mood disorder | Bipolar Disorder,Mood Disorders,Mood Disorders,Mood Disorders
Adel Gabriel,https://profiles.ucalgary.ca/adel-gabriel,anxiety disorders,anxiety disorders,Anxiety Disorders | Generalized Anxiety Disorder | Anxiety disorders NEC in MedDRA,anxiety disorders,MTH,C0003469 | C0270549 | C0853381,yes,Anxiety Disorders | Generalized Anxiety Disorder | Anxiety disorders NEC in MedDRA,Anxiety Disorders,Anxiety Disorders,Anxiety Disorders
Adel Gabriel,https://profiles.ucalgary.ca/adel-gabriel,attention deficit disorder,attention deficit disorder,Attention Deficit Disorder | Attention deficit hyperactivity disorder | Child attention deficit disorder,attention deficit disorder | attention deficit | deficit disorder,MTH,C0041671 | C1263846 | C0004269,yes,Attention Deficit Disorder | Attention deficit hyperactivity disorder | Child attention deficit disorder,Attention Deficit Disorder,Attention Deficit Disorder,Attention Deficit Disorder
Adriana Zardini Buzatto,https://profiles.ucalgary.ca/adriana-zardini-buzatto,biochemical pathways,biochemical pathways,Biochemical Pathway,biochemical pathways,MTH,C1704259,yes,Biochemical Pathway,Biochemical Pathway,Biochemical Pathway,Biochemical Pathway
Adriana Zardini Buzatto,https://profiles.ucalgary.ca/adriana-zardini-buzatto,physiological processes,physiological processes,Physiological Processes | Cell Physiological Processes,physiological processes,MTH | MSH,C0031845 | C2350484,yes,Physiological Processes | Cell Physiological Processes,Physiological Processes,Physiological Processes,Physiological Processes
Adriana Zardini Buzatto,https://profiles.ucalgary.ca/adriana-zardini-buzatto,bioinformatics,bioinformatics,,bioinformatics,,,no,bioinformatics,bioinformatics,Bioinformatics,Bioinformatics
Adriana Zardini Buzatto,https://profiles.ucalgary.ca/adriana-zardini-buzatto,semi-targeted lipidomics,semi-targeted lipidomics,"Radiotherapy, Targeted | Targeted Toxins | Molecular Targeted Therapy | Lipidome | Targeted muscle reinnervation",,MSH | SNOMEDCT_US,C0205918 | C0162321 | C2699893 | C4727084 | C5191671,yes,"Radiotherapy, Targeted | Targeted Toxins | Molecular Targeted Therapy | Lipidome | Targeted muscle reinnervation",semi-targeted lipidomics,Semi Targeted Lipidomics,Semi Targeted Lipidomics
Adriana Zardini Buzatto,https://profiles.ucalgary.ca/adriana-zardini-buzatto,lipid differences amongst control,lipid differences amongst control,"Lipids | Pneumonia, Lipid | Lipid Metabolism Disorders | Lipid panel | Regional ventilation differences",,MTH | SNOMEDCT_US,C0023779 | C0032298 | C0154251 | C0200382 | C0231943,yes,"Lipids | Pneumonia, Lipid | Lipid Metabolism Disorders | Lipid panel | Regional ventilation differences",lipid differences amongst control,Lipid Differences Amongst Control,Lipid Differences Amongst Control
Adriana Zardini Buzatto,https://profiles.ucalgary.ca/adriana-zardini-buzatto,lipidomics (analytical methods using chromatography and mass spectrometry,lipidomics analytical methods using chromatography and mass spectrometry,,,,,no,lipidomics analytical methods using chromatography and mass spectrometry,lipidomics (analytical methods using chromatography and mass spectrometry,Lipidomics Analytical Methods Using Chromatography And Mass Spectrometry,
Adriana Zardini Buzatto,https://profiles.ucalgary.ca/adriana-zardini-buzatto,software development,software development,Computer software | Pervasive Development Disorder | Psychosexual Development,,MTH,C0037585 | C0524528 | C0033944,yes,Computer software | Pervasive Development Disorder | Psychosexual Development,software development,Software Development,Software Development
Adriana Zardini Buzatto,https://profiles.ucalgary.ca/adriana-zardini-buzatto,microbial lipidomics,microbial lipidomics,Microbial subculture | microbial metalloproteinases | Lipidome | Microbial antigen,,MTH | MSH | SNOMEDCT_US,C0200940 | C0066508 | C4727084 | C1291775,yes,Microbial subculture | microbial metalloproteinases | Lipidome | Microbial antigen,microbial lipidomics,Microbial Lipidomics,Microbial Lipidomics
Adriana Zardini Buzatto,https://profiles.ucalgary.ca/adriana-zardini-buzatto,lipidomics of extracellular vesicles,lipidomics of extracellular vesicles,Lipidome,extracellular vesicles,MSH,C4727084,yes,Lipidome,lipidomics of extracellular vesicles,Lipidomics Of Extracellular Vesicles,Lipidomics Of Extracellular Vesicles
Adriana Zardini Buzatto,https://profiles.ucalgary.ca/adriana-zardini-buzatto,lipids involved in neurodegeneration and aging,lipids involved in neurodegeneration and aging,Lipids | Lipids measurement | Total lipids | guggul lipids | Autosomal dominant striatal neurodegeneration,lipids involved,MTH,C0023779 | C0523744 | C0369610 | C0937628 | C4511004,yes,Lipids | Lipids measurement | Total lipids | guggul lipids | Autosomal dominant striatal neurodegeneration,lipids involved in neurodegeneration and aging,Lipids Involved In Neurodegeneration And Aging,
Adriana Zardini Buzatto,https://profiles.ucalgary.ca/adriana-zardini-buzatto,exposomics - environmental lipidomics,exposomics - environmental lipidomics,Environmental Illness | Lipidome,,MTH | MSH,C0282504 | C4727084,yes,Environmental Illness | Lipidome,exposomics - environmental lipidomics,Exposomics Environmental Lipidomics,Exposomics Environmental Lipidomics
Adriana Zardini Buzatto,https://profiles.ucalgary.ca/adriana-zardini-buzatto,lipidomics (analytical methods,lipidomics analytical methods,Analytic Sample Preparation Methods,analytical methods,MSH,C1720914,yes,Analytic Sample Preparation Methods,lipidomics (analytical methods,Lipidomics Analytical Methods,Lipidomics Analytical Methods
Adriana Zardini Buzatto,https://profiles.ucalgary.ca/adriana-zardini-buzatto,"mass spectrometry, database creation, software development, data sciences)",mass spectrometry database creation software development data sciences,Mass Spectrometry | database management software,,MTH,C0037813 | C0683869,yes,Mass Spectrometry | database management software,Mass Spectrometry,Mass Spectrometry,Mass Spectrometry
Adriana Zardini Buzatto,https://profiles.ucalgary.ca/adriana-zardini-buzatto,alzheimer disease,alzheimer disease,Alzheimer's Disease | ALZHEIMER DISEASE 2 | ALZHEIMER DISEASE 4 | Alzheimer Disease 9,alzheimer disease,MTH,C0002395 | C1863051 | C1847200 | C1837149,yes,Alzheimer's Disease | ALZHEIMER DISEASE 2 | ALZHEIMER DISEASE 4 | Alzheimer Disease 9,Alzheimer's Disease,Alzheimer Disease,Alzheimer Disease
Adriana Zardini Buzatto,https://profiles.ucalgary.ca/adriana-zardini-buzatto,role of lipid species in human metabolism,role of lipid species in human metabolism,"Lipid Metabolism Disorders | Lipids | Pneumonia, Lipid | Lipid panel",,MTH,C0154251 | C0023779 | C0032298 | C0200382,yes,"Lipid Metabolism Disorders | Lipids | Pneumonia, Lipid | Lipid panel",Lipid Metabolism Disorders,Lipid Metabolism,Lipid Metabolism
Adriana Zardini Buzatto,https://profiles.ucalgary.ca/adriana-zardini-buzatto,intercellular communication,intercellular communication,Intercellular Communication,intercellular communication,MTH,C0007582,yes,Intercellular Communication,Intercellular Communication,Intercellular Communication,Intercellular Communication
Adriana Zardini Buzatto,https://profiles.ucalgary.ca/adriana-zardini-buzatto,lipid species in human metabolism,lipid species in human metabolism,"Lipid Metabolism Disorders | Lipids | Pneumonia, Lipid | Lipid panel | insulin, regular, human",,MTH,C0154251 | C0023779 | C0032298 | C0200382 | C0795635,yes,"Lipid Metabolism Disorders | Lipids | Pneumonia, Lipid | Lipid panel | insulin, regular, human",Lipid Metabolism Disorders,Lipid Metabolism,Lipid Metabolism
Adrianna Giuffre,https://profiles.ucalgary.ca/adrianna-giuffre,brain stimulation,brain stimulation,Deep Brain Stimulation | Electrical Stimulation of the Brain | Brain stimulation | Direct brain stimulation,brain stimulation,MTH | MSH | SNOMEDCT_US,C0394162 | C0302825 | C0870227 | C0555354,yes,Deep Brain Stimulation | Electrical Stimulation of the Brain | Brain stimulation | Direct brain stimulation,Brain stimulation,Brain Stimulation,Brain Stimulation
Adrianna Giuffre,https://profiles.ucalgary.ca/adrianna-giuffre,mental health,mental health,mental health | Mental health treatment,mental health,MTH | SNOMEDCT_US,C0025353 | C0184647,yes,mental health | Mental health treatment,mental health,Mental Health,Mental Health
Adrianna Giuffre,https://profiles.ucalgary.ca/adrianna-giuffre,neurodevelopment disorders,neurodevelopment disorders,Neurodevelopmental Disorders | Deglutition Disorders | Migraine Disorders | Cerebrovascular Disorders | Personality Disorders,neurodevelopment disorders,MTH | MSH,C1535926 | C0011168 | C0149931 | C0007820 | C0031212,yes,Neurodevelopmental Disorders | Deglutition Disorders | Migraine Disorders | Cerebrovascular Disorders | Personality Disorders,neurodevelopment disorders,Neurodevelopment Disorders,Neurodevelopment Disorders
Adrianna Giuffre,https://profiles.ucalgary.ca/adrianna-giuffre,neuroimaging,neuroimaging,Neuroimaging | Functional Neuroimaging,neuroimaging,MTH | MSH,C0679575 | C3178877,yes,Neuroimaging | Functional Neuroimaging,Neuroimaging,Neuroimaging,Neuroimaging
Adrianna Giuffre,https://profiles.ucalgary.ca/adrianna-giuffre,epilepsy,epilepsy,"Epilepsy | Absence Epilepsy | Tonic-Clonic Epilepsy | Epilepsy, Complex Partial",epilepsy,MTH | MSH,C0014544 | C0014553 | C0014549 | C0085417,yes,"Epilepsy | Absence Epilepsy | Tonic-Clonic Epilepsy | Epilepsy, Complex Partial",Epilepsy,Epilepsy,Epilepsy
Adrianna Giuffre,https://profiles.ucalgary.ca/adrianna-giuffre,multiple sclerosis,multiple sclerosis,"Multiple Sclerosis | Multiple Sclerosis, Chronic Progressive | Malignant multiple sclerosis | Benign multiple sclerosis",multiple sclerosis,MTH | MSH | SNOMEDCT_US,C0026769 | C0393665 | C2586221 | C2585570,yes,"Multiple Sclerosis | Multiple Sclerosis, Chronic Progressive | Malignant multiple sclerosis | Benign multiple sclerosis",Multiple Sclerosis,Multiple Sclerosis,Multiple Sclerosis
Adrianna Giuffre,https://profiles.ucalgary.ca/adrianna-giuffre,clinical outcomes,clinical outcomes,Clinical Trials | Nutrition outcomes | Expected outcomes | R-Outcomes | Elimination outcomes,clinical outcomes,MTH,C0008976 | C0518896 | C2963499 | C5445044 | C0518891,yes,Clinical Trials | Nutrition outcomes | Expected outcomes | R-Outcomes | Elimination outcomes,clinical outcomes,Clinical Outcomes,Clinical Outcomes
Adrianna Giuffre,https://profiles.ucalgary.ca/adrianna-giuffre,stroke,stroke,Heat Stroke | Ischemic stroke | Hemorrhagic Stroke | Embolic Stroke,stroke,MTH | MSH,C0018843 | C0948008 | C5234922 | C0262469,yes,Heat Stroke | Ischemic stroke | Hemorrhagic Stroke | Embolic Stroke,Heat Stroke,Stroke,Stroke
Adrianna Giuffre,https://profiles.ucalgary.ca/adrianna-giuffre,depression,depression,"Mental Depression | Depressive disorder | Reactive depression | Depression, Postpartum",depression,MTH | MSH,C0011570 | C0011581 | C0011579 | C0221074,yes,"Mental Depression | Depressive disorder | Reactive depression | Depression, Postpartum",Mental Depression,Mental Depression,Mental Depression
Adrianna Giuffre,https://profiles.ucalgary.ca/adrianna-giuffre,individuals with neurological conditions,individuals with neurological conditions,Neurological Rehabilitation | Neurological observations | Precancerous Conditions | Nutrition skill of supportive individuals | Nutrition knowledge of supportive individuals,neurological conditions,MTH | SNOMEDCT_US,C0204096 | C0422837 | C0032927 | C5191782 | C5191783,yes,Neurological Rehabilitation | Neurological observations | Precancerous Conditions | Nutrition skill of supportive individuals | Nutrition knowledge of supportive individuals,individuals with neurological conditions,Individuals With Neurological Conditions,Individuals With Neurological Conditions
Adrianna Giuffre,https://profiles.ucalgary.ca/adrianna-giuffre,development of psychiatric disorders in children,development of psychiatric disorders in children,Pervasive Development Disorder | Psychosexual Development | Psychiatric symptom | Deglutition Disorders | Migraine Disorders,,MTH,C0524528 | C0033944 | C0233401 | C0011168 | C0149931,yes,Pervasive Development Disorder | Psychosexual Development | Psychiatric symptom | Deglutition Disorders | Migraine Disorders,Pervasive Development Disorder,Development Disorder,Development Disorder
Alan McLuckie,https://profiles.ucalgary.ca/alan-mcluckie,youth mental health,youth mental health,mental health | Mental health treatment,mental health,MTH | SNOMEDCT_US,C0025353 | C0184647,yes,mental health | Mental health treatment,mental health,Mental Health,Mental Health
Alan McLuckie,https://profiles.ucalgary.ca/alan-mcluckie,neurodevelopmental and learning difficulties,neurodevelopmental and learning difficulties,Learning difficulties,learning difficulties,SNOMEDCT_US,C0424939,yes,Learning difficulties,Learning difficulties,Learning Difficulties,Learning Difficulties
Alan McLuckie,https://profiles.ucalgary.ca/alan-mcluckie,vulnerable family coping,vulnerable family coping,Ineffective family coping | Ineffective family coping: compromised | Vulnerable child in family | Ineffective family coping: disabling | Effective family coping behavior,vulnerable family | family coping,MTH | SNOMEDCT_US,C0150027 | C4281561 | C0585081 | C0150028 | C5545605,yes,Ineffective family coping | Ineffective family coping: compromised | Vulnerable child in family | Ineffective family coping: disabling | Effective family coping behavior,Ineffective family coping,Family Coping,Family Coping
Alan McLuckie,https://profiles.ucalgary.ca/alan-mcluckie,school-based mental health,school-based mental health,Play-based Mental Health Intervention,school-based mental health | school based mental | based mental health | school based,MSH,C5691412,yes,Play-based Mental Health Intervention,school-based mental health,School Based Mental Health,School Based Mental Health
Aleksandra Mineyko,https://profiles.ucalgary.ca/aleksandra-mineyko,inflammation,inflammation,Inflammation | Ear Inflammation | Bubo Inflammation | Gummatous inflammation | Eosinophilic inflammation,inflammation,MTH | SNOMEDCT_US,C0021368 | C0029877 | C0221382 | C0333422 | C3687252,yes,Inflammation | Ear Inflammation | Bubo Inflammation | Gummatous inflammation | Eosinophilic inflammation,Inflammation,Inflammation,Inflammation
Aleksandra Mineyko,https://profiles.ucalgary.ca/aleksandra-mineyko,stroke,stroke,Heat Stroke | Ischemic stroke | Hemorrhagic Stroke | Embolic Stroke,stroke,MTH | MSH,C0018843 | C0948008 | C5234922 | C0262469,yes,Heat Stroke | Ischemic stroke | Hemorrhagic Stroke | Embolic Stroke,Heat Stroke,Stroke,Stroke
Aleksandra Mineyko,https://profiles.ucalgary.ca/aleksandra-mineyko,migraine,migraine,Migraine Disorders | Common Migraine | Abdominal Migraine | Ophthalmoplegic Migraine | Hemiplegic migraine,migraine,MTH | MSH | SNOMEDCT_US,C0149931 | C0338480 | C0270858 | C0221058 | C0270862,yes,Migraine Disorders | Common Migraine | Abdominal Migraine | Ophthalmoplegic Migraine | Hemiplegic migraine,Migraine Disorders,Migraine,Migraine
Aleksandra Mineyko,https://profiles.ucalgary.ca/aleksandra-mineyko,inflammation in neurological diseases of childhood,inflammation in neurological diseases of childhood,Inflammation associated with neurological device,inflammation neurological,SNOMEDCT_US,C3532571,yes,Inflammation associated with neurological device,Inflammation associated with neurological device,Inflammation Associated With Neurological,Inflammation Associated With Neurological
Aleksandra Mineyko,https://profiles.ucalgary.ca/aleksandra-mineyko,pediatric neurology,pediatric neurology,Pediatric Obesity,pediatric neurology,MTH,C2362324,yes,Pediatric Obesity,pediatric neurology,Pediatric Neurology,Pediatric Neurology
Alexander McGirr,https://profiles.ucalgary.ca/alexander-mcgirr,mental health,mental health,mental health | Mental health treatment,mental health,MTH | SNOMEDCT_US,C0025353 | C0184647,yes,mental health | Mental health treatment,mental health,Mental Health,Mental Health
Alexander McGirr,https://profiles.ucalgary.ca/alexander-mcgirr,stress,stress,Stress | Urinary Stress Incontinence | Stress Fractures | Stress polycythemia,stress,MTH,C0038435 | C0042025 | C0016664 | C0541719,yes,Stress | Urinary Stress Incontinence | Stress Fractures | Stress polycythemia,Stress,Stress,Stress
Alexander McGirr,https://profiles.ucalgary.ca/alexander-mcgirr,bipolar disorder,bipolar disorder,Bipolar Disorder | Bipolar Disorder Type 2 | Bipolar I disorder | Organic bipolar disorder | Mild bipolar disorder,bipolar disorder,MTH | MSH | SNOMEDCT_US,C0005586 | C0236788 | C0853193 | C0338653 | C0270419,yes,Bipolar Disorder | Bipolar Disorder Type 2 | Bipolar I disorder | Organic bipolar disorder | Mild bipolar disorder,Bipolar Disorder,Bipolar Disorder,Bipolar Disorder
Alexander McGirr,https://profiles.ucalgary.ca/alexander-mcgirr,mood disorders,mood disorders,Mood Disorders | Psychotic Mood Disorders | Organic mood disorder | Bipolar Disorder,mood disorders,MSH | SNOMEDCT_US | MTH,C0525045 | C0086640 | C0029232 | C0005586,yes,Mood Disorders | Psychotic Mood Disorders | Organic mood disorder | Bipolar Disorder,Mood Disorders,Mood Disorders,Mood Disorders
Alexander McGirr,https://profiles.ucalgary.ca/alexander-mcgirr,such as major depressive disorder,such as major depressive disorder,Major Depressive Disorder | Major Depressive Disorder 2 | Major Depressive Disorder 1 | Major depressive disorder in mother complicating pregnancy,major depressive disorder,MTH | MSH | SNOMEDCT_US,C1269683 | C1837529 | C1837929 | C3839814,yes,Major Depressive Disorder | Major Depressive Disorder 2 | Major Depressive Disorder 1 | Major depressive disorder in mother complicating pregnancy,Major Depressive Disorder,Major Depressive Disorder,Major Depressive Disorder
Alex Lohman,https://profiles.ucalgary.ca/alex-lohman,brain injury,brain injury,"Brain Injuries | Traumatic Brain Injury | Brain Injury, Chronic | Crush injury of brain | Injury of parenchyma of brain",brain injury,MTH | MSH | SNOMEDCT_US,C0270611 | C0876926 | C0751813 | C4303411 | C5880441,yes,"Brain Injuries | Traumatic Brain Injury | Brain Injury, Chronic | Crush injury of brain | Injury of parenchyma of brain",Traumatic Brain Injury,Traumatic Brain Injury,Traumatic Brain Injury
Alex Lohman,https://profiles.ucalgary.ca/alex-lohman,inflammation,inflammation,Inflammation | Ear Inflammation | Bubo Inflammation | Gummatous inflammation | Eosinophilic inflammation,inflammation,MTH | SNOMEDCT_US,C0021368 | C0029877 | C0221382 | C0333422 | C3687252,yes,Inflammation | Ear Inflammation | Bubo Inflammation | Gummatous inflammation | Eosinophilic inflammation,Inflammation,Inflammation,Inflammation
Alex Lohman,https://profiles.ucalgary.ca/alex-lohman,molecular mechanisms,molecular mechanisms,Molecular Mechanisms of Pharmacological Action,molecular mechanisms,MSH,C1258062,yes,Molecular Mechanisms of Pharmacological Action,Molecular Mechanisms of Pharmacological Action,Molecular Mechanisms,Molecular Mechanisms
Alex Lohman,https://profiles.ucalgary.ca/alex-lohman,stroke,stroke,Heat Stroke | Ischemic stroke | Hemorrhagic Stroke | Embolic Stroke,stroke,MTH | MSH,C0018843 | C0948008 | C5234922 | C0262469,yes,Heat Stroke | Ischemic stroke | Hemorrhagic Stroke | Embolic Stroke,Heat Stroke,Stroke,Stroke
Alex Lohman,https://profiles.ucalgary.ca/alex-lohman,tissue regeneration,tissue regeneration,"Guided Tissue Regeneration | Guided Tissue Regeneration, Periodontal",tissue regeneration,MTH,C0085147 | C1448477,yes,"Guided Tissue Regeneration | Guided Tissue Regeneration, Periodontal",Guided Tissue Regeneration,Tissue Regeneration,Tissue Regeneration
Alex Lohman,https://profiles.ucalgary.ca/alex-lohman,repetitive brain injuries,repetitive brain injuries,"Brain Injuries | Brain Injuries, Diffuse | Brain Injuries, Focal | Injuries, Acute Brain | Brain Injuries, Penetrating",brain injuries,MTH | MSH,C0270611 | C0433856 | C0452047 | C0085742 | C0751796,yes,"Brain Injuries | Brain Injuries, Diffuse | Brain Injuries, Focal | Injuries, Acute Brain | Brain Injuries, Penetrating",Brain Injuries,Brain Injuries,Brain Injuries
Alex Lohman,https://profiles.ucalgary.ca/alex-lohman,molecular biology,molecular biology,Molecular biology method | Molecular biology identification technique,molecular biology,SNOMEDCT_US,C0200924 | C0200925,yes,Molecular biology method | Molecular biology identification technique,Molecular biology method,Molecular Biology,Molecular Biology
Alex Lohman,https://profiles.ucalgary.ca/alex-lohman,chronic time points following injury,chronic time points following injury,"Pancreatitis, Chronic | Chronic pain | Alcoholic Intoxication, Chronic | Bronchitis, Chronic",,MTH | MSH,C0149521 | C0150055 | C0001973 | C0008677,yes,"Pancreatitis, Chronic | Chronic pain | Alcoholic Intoxication, Chronic | Bronchitis, Chronic",chronic time points following injury,Chronic Time Points Following Injury,
Alex Lohman,https://profiles.ucalgary.ca/alex-lohman,mild traumatic brain injury (concussion) in adolescence,mild traumatic brain injury concussion in adolescence,Mild Traumatic Brain Injury | Traumatic Brain Injury | Traumatic AND/OR non-traumatic brain injury | History of traumatic brain injury (situation) | History of concussion injury of brain | Brain injury with open intracranial wound AND concussion,mild traumatic brain | traumatic brain injury | brain injury concussion,MTH | SNOMEDCT_US,C3508472 | C0876926 | C1456496 | C5942876 | C4512032 | C0272944,yes,Mild Traumatic Brain Injury | Traumatic Brain Injury | Traumatic AND/OR non-traumatic brain injury | History of traumatic brain injury (situation) | History of concussion injury of brain | Brain injury with open intracranial wound AND concussion,Mild Traumatic Brain Injury,Mild Traumatic Brain Injury,Mild Traumatic Brain Injury
Alex Lohman,https://profiles.ucalgary.ca/alex-lohman,single cell rna sequencing,single cell rna sequencing,Single-Cell Analysis | single cell proteins,single cell rna | single cell,MSH,C0597452 | C0074562,yes,Single-Cell Analysis | single cell proteins,Single-Cell Analysis,Single Cell,Single Cell
Alex Lohman,https://profiles.ucalgary.ca/alex-lohman,inflammatory cytokine panels,inflammatory cytokine panels,Cytokines panel,inflammatory cytokine | cytokine panels,MTH,C4296796,yes,Cytokines panel,Cytokines panel,Cytokines Panel,Cytokines Panel
Alex Lohman,https://profiles.ucalgary.ca/alex-lohman,harmful neuroinflammation,harmful neuroinflammation,Neuroinflammation | Harmful thoughts | Dangerous and harmful thoughts,,MSH | SNOMEDCT_US,C5394393 | C0438698 | C0563168,yes,Neuroinflammation | Harmful thoughts | Dangerous and harmful thoughts,harmful neuroinflammation,Harmful Neuroinflammation,Harmful Neuroinflammation
Alex Lohman,https://profiles.ucalgary.ca/alex-lohman,optically-controlled genetically encoded proteins,optically-controlled genetically encoded proteins,"Controlled potassium, controlled sodium and controlled protein diet | Optic Neuritis | Optic Atrophy | controlled substance | Controlled Study",,SNOMEDCT_US | MTH,C0301599 | C0029134 | C0029124 | C0678485 | C0681867,yes,"Controlled potassium, controlled sodium and controlled protein diet | Optic Neuritis | Optic Atrophy | controlled substance | Controlled Study","Controlled potassium, controlled sodium and controlled protein diet",Controlled Controlled And Controlled Protein,
Alex Lohman,https://profiles.ucalgary.ca/alex-lohman,chronic neuroinflammatory pathologies,chronic neuroinflammatory pathologies,"Pancreatitis, Chronic | Chronic pain | Alcoholic Intoxication, Chronic | Bronchitis, Chronic | Neuroinflammatory Diseases",,MTH | MSH,C0149521 | C0150055 | C0001973 | C0008677 | C5544451,yes,"Pancreatitis, Chronic | Chronic pain | Alcoholic Intoxication, Chronic | Bronchitis, Chronic | Neuroinflammatory Diseases",chronic neuroinflammatory pathologies,Chronic Neuroinflammatory Pathologies,Chronic Neuroinflammatory Pathologies
Ali Golestani,https://profiles.ucalgary.ca/ali-golestani,functional mri,functional mri,MRI of brain with functional imaging,functional mri,SNOMEDCT_US,C0412677,yes,MRI of brain with functional imaging,MRI of brain with functional imaging,MRI Of Brain With Functional Imaging,MRI Of Brain With Functional Imaging
Ali Golestani,https://profiles.ucalgary.ca/ali-golestani,neuroimaging,neuroimaging,Neuroimaging | Functional Neuroimaging,neuroimaging,MTH | MSH,C0679575 | C3178877,yes,Neuroimaging | Functional Neuroimaging,Neuroimaging,Neuroimaging,Neuroimaging
Ali Golestani,https://profiles.ucalgary.ca/ali-golestani,mri quality assurance,mri quality assurance,Lot Quality Assurance Sampling,mri quality assurance | mri quality | quality assurance,MSH,C2350573,yes,Lot Quality Assurance Sampling,Lot Quality Assurance Sampling,Quality Assurance,Quality Assurance
Ali Golestani,https://profiles.ucalgary.ca/ali-golestani,mri in radiation therapy,mri in radiation therapy,Radiation therapy (procedure) | Interstitial Radiation Therapy | Infrared radiation therapy,mri in radiation therapy | mri radiation therapy | mri radiation | radiation therapy,MTH,C1522449 | C1881237 | C0204032,yes,Radiation therapy (procedure) | Interstitial Radiation Therapy | Infrared radiation therapy,Infrared radiation therapy,Radiation Therapy,Radiation Therapy
Ali Golestani,https://profiles.ucalgary.ca/ali-golestani,medical imaging,medical imaging,Medical Imaging,medical imaging,MTH,C0025086,yes,Medical Imaging,Medical Imaging,Medical Imaging,Medical Imaging
Ali Golestani,https://profiles.ucalgary.ca/ali-golestani,image processing,image processing,Image Processing | Digital Image Processing | Biomedical Image Processing | Medical Image Processing,image processing,MTH | MSH,C0178706 | C5392915 | C5392916 | C5392917,yes,Image Processing | Digital Image Processing | Biomedical Image Processing | Medical Image Processing,Image Processing,Image Processing,Image Processing
Ali Golestani,https://profiles.ucalgary.ca/ali-golestani,functional magnetic resonance imaging,functional magnetic resonance imaging,Blood Oxygen Level Dependent Functional Magnetic Resonance Imaging | Magnetic Resonance Imaging | Multiparametric Magnetic Resonance Imaging | Diffusion Magnetic Resonance Imaging | MRI of brain with functional imaging,functional magnetic resonance imaging | functional magnetic resonance | magnetic resonance imaging | functional magnetic,MTH | SNOMEDCT_US,C1705491 | C0024485 | C3898221 | C1136216 | C0412677,yes,Blood Oxygen Level Dependent Functional Magnetic Resonance Imaging | Magnetic Resonance Imaging | Multiparametric Magnetic Resonance Imaging | Diffusion Magnetic Resonance Imaging | MRI of brain with functional imaging,Magnetic Resonance Imaging,Magnetic Resonance Imaging,Magnetic Resonance Imaging
Ali Golestani,https://profiles.ucalgary.ca/ali-golestani,developing mri acquisition,developing mri acquisition,Image Acquisition | Acquisition technique,,MTH | SNOMEDCT_US,C1708464 | C0449859,yes,Image Acquisition | Acquisition technique,developing mri acquisition,Developing Mri Acquisition,
Ali Golestani,https://profiles.ucalgary.ca/ali-golestani,processing method,processing method,Method of signal processing,processing method,SNOMEDCT_US,C0449373,yes,Method of signal processing,Method of signal processing,Method Of Processing,Method Of Processing
Ali Golestani,https://profiles.ucalgary.ca/ali-golestani,applications in cancer treatment,applications in cancer treatment,Response to cancer treatment | Hormone treatment for cancer | PhenX measure - cancer treatment | Cancer treatment started | Hyperthermia treatment of cancer,cancer treatment,MTH | SNOMEDCT_US,C4522175 | C4760323 | C3165951 | C1273386 | C0203598,yes,Response to cancer treatment | Hormone treatment for cancer | PhenX measure - cancer treatment | Cancer treatment started | Hyperthermia treatment of cancer,Cancer treatment started,Cancer Treatment,Cancer Treatment
Ali Golestani,https://profiles.ucalgary.ca/ali-golestani,"functional mri in oncology (diffusion, perfusion, spectroscopy)",functional mri in oncology diffusion perfusion spectroscopy,,,,,no,functional mri in oncology diffusion perfusion spectroscopy,"functional mri in oncology (diffusion, perfusion, spectroscopy)",Functional Mri In Oncology Diffusion Perfusion Spectroscopy,
Alim Mitha,https://profiles.ucalgary.ca/alim-mitha,stroke,stroke,Heat Stroke | Ischemic stroke | Hemorrhagic Stroke | Embolic Stroke,stroke,MTH | MSH,C0018843 | C0948008 | C5234922 | C0262469,yes,Heat Stroke | Ischemic stroke | Hemorrhagic Stroke | Embolic Stroke,Heat Stroke,Stroke,Stroke
Alim Mitha,https://profiles.ucalgary.ca/alim-mitha,additional year in endovascular neurosurgery with dr,additional year in endovascular neurosurgery with dr,Additional note | Endovascular papillary angioendothelioma | Endovascular Procedures | Endovascular Aneurysm Repair | Additional values,,MTH | MSH | SNOMEDCT_US,C2004578 | C0346087 | C2936204 | C4763880 | C0439062,yes,Additional note | Endovascular papillary angioendothelioma | Endovascular Procedures | Endovascular Aneurysm Repair | Additional values,additional year in endovascular neurosurgery with dr,Additional Year In Endovascular Neurosurgery With Dr,
Alvin Joselin,https://profiles.ucalgary.ca/alvin-joselin,proteins associated with the diseases,proteins associated with the diseases,Parkinson Disease Associated Proteins | Microtubule-Associated Proteins | Centrosomal Associated Proteins | CRISPR-Associated Proteins | Dystrophin-Associated Proteins | Keratin-Associated Proteins,proteins associated with the diseases | proteins associated diseases | proteins associated | associated diseases,MSH | MTH,C4277660 | C0026045 | C5828398 | C3658352 | C1449958 | C1621904,yes,Parkinson Disease Associated Proteins | Microtubule-Associated Proteins | Centrosomal Associated Proteins | CRISPR-Associated Proteins | Dystrophin-Associated Proteins | Keratin-Associated Proteins,Parkinson Disease Associated Proteins,Parkinson Disease Associated Proteins,Parkinson Disease Associated Proteins
Alvin Joselin,https://profiles.ucalgary.ca/alvin-joselin,parkinson disease,parkinson disease,"Parkinson Disease | Parkinson Disease, Mitochondrial | Parkinson Disease 16 | Parkinson Disease, Postencephalitic",parkinson disease,MTH | MSH,C0030567 | C1838867 | C2751012 | C0030568,yes,"Parkinson Disease | Parkinson Disease, Mitochondrial | Parkinson Disease 16 | Parkinson Disease, Postencephalitic",Parkinson Disease,Parkinson Disease,Parkinson Disease
Alvin Joselin,https://profiles.ucalgary.ca/alvin-joselin,endoplasmic reticulum (er) stress,endoplasmic reticulum er stress,Stress | Post-Traumatic Stress Disorder | Urinary Stress Incontinence | Stress Fractures | Stress polycythemia,endoplasmic reticulum er | endoplasmic reticulum,MTH,C0038435 | C0038436 | C0042025 | C0016664 | C0541719,yes,Stress | Post-Traumatic Stress Disorder | Urinary Stress Incontinence | Stress Fractures | Stress polycythemia,endoplasmic reticulum (er) stress,Endoplasmic Reticulum Er Stress,Endoplasmic Reticulum Er Stress
Alvin Joselin,https://profiles.ucalgary.ca/alvin-joselin,implications on neurodegeneration,implications on neurodegeneration,,,,,no,implications on neurodegeneration,implications on neurodegeneration,Implications On Neurodegeneration,
Amanda Tyndall,https://profiles.ucalgary.ca/amanda-tyndall,alzheimer disease,alzheimer disease,Alzheimer's Disease | ALZHEIMER DISEASE 2 | ALZHEIMER DISEASE 4 | Alzheimer Disease 9,alzheimer disease,MTH,C0002395 | C1863051 | C1847200 | C1837149,yes,Alzheimer's Disease | ALZHEIMER DISEASE 2 | ALZHEIMER DISEASE 4 | Alzheimer Disease 9,Alzheimer's Disease,Alzheimer Disease,Alzheimer Disease
Amanda Tyndall,https://profiles.ucalgary.ca/amanda-tyndall,related dementias,related dementias,Frontotemporal dementia,related dementias,MTH,C0338451,yes,Frontotemporal dementia,related dementias,Related Dementias,Related Dementias
Amanda Tyndall,https://profiles.ucalgary.ca/amanda-tyndall,"genetic disorders, genomics, neurodevelopmental disorders, rare diseases",genetic disorders genomics neurodevelopmental disorders rare diseases,Deglutition Disorders | Migraine Disorders | Cerebrovascular Disorders | Personality Disorders,,MTH | MSH,C0011168 | C0149931 | C0007820 | C0031212,yes,Deglutition Disorders | Migraine Disorders | Cerebrovascular Disorders | Personality Disorders,"genetic disorders, genomics, neurodevelopmental disorders, rare diseases",Genetic Disorders Genomics Neurodevelopmental Disorders Rare Diseases,
Amanda Tyndall,https://profiles.ucalgary.ca/amanda-tyndall,genetic disorders,genetic disorders,Genetic obesity disorder | Genetic susceptibility to genetic disorder | Genetic Carriers | Imprinting Disorders,genetic disorders,SNOMEDCT_US | MTH | MSH,C6008360 | C4510149 | C0007294 | C5816793,yes,Genetic obesity disorder | Genetic susceptibility to genetic disorder | Genetic Carriers | Imprinting Disorders,Genetic obesity disorder,Genetic Disorder,Genetic Disorder
Amanda Tyndall,https://profiles.ucalgary.ca/amanda-tyndall,neurodevelopmental disorders,neurodevelopmental disorders,Neurodevelopmental Disorders | Fetal neurodevelopmental disorder,neurodevelopmental disorders,MTH | SNOMEDCT_US,C1535926 | C1285381,yes,Neurodevelopmental Disorders | Fetal neurodevelopmental disorder,Neurodevelopmental Disorders,Neurodevelopmental Disorders,Neurodevelopmental Disorders
Amanda Tyndall,https://profiles.ucalgary.ca/amanda-tyndall,rare diseases,rare diseases,Rare Diseases,rare diseases,MSH,C0678236,yes,Rare Diseases,Rare Diseases,Rare Diseases,Rare Diseases
Amir Sanati Nezhad,https://profiles.ucalgary.ca/amir-sanati-nezhad,digital health technologies,digital health technologies,Digital Health Technology | Health Information Technology,digital health technologies | digital health | health technologies,MSH,C5828393 | C2936756,yes,Digital Health Technology | Health Information Technology,Digital Health Technology,Digital Health Technology,Digital Health Technology
Amir Sanati Nezhad,https://profiles.ucalgary.ca/amir-sanati-nezhad,tissue engineering approaches for disease modeling,tissue engineering approaches for disease modeling,Tissue Engineering | Nutritional approaches,,MSH | MTH,C0596171 | C1718142,yes,Tissue Engineering | Nutritional approaches,Tissue Engineering,Tissue Engineering,Tissue Engineering
Amir Sanati Nezhad,https://profiles.ucalgary.ca/amir-sanati-nezhad,drug discovery,drug discovery,Drug Discovery,drug discovery,MSH,C0920472,yes,Drug Discovery,Drug Discovery,Drug Discovery,Drug Discovery
Amir Sanati Nezhad,https://profiles.ucalgary.ca/amir-sanati-nezhad,recognitions during his research career,recognitions during his research career,"During - dosing instruction fragment | research | Research Design | Pattern Recognition, Machine | Voice Emotion Recognition",,MTH | MSH,C1706551 | C0035168 | C0035171 | C5940539 | C5392878,yes,"During - dosing instruction fragment | research | Research Design | Pattern Recognition, Machine | Voice Emotion Recognition",recognitions during his research career,Recognitions During His Research Career,
Amir Sanati Nezhad,https://profiles.ucalgary.ca/amir-sanati-nezhad,"colton medal for research excellence""",colton medal for research excellence,research | Research Design | Nursing Research | Antigen in Colton blood group system,,MTH | MSH | SNOMEDCT_US,C0035168 | C0035171 | C0028695 | C0443841,yes,research | Research Design | Nursing Research | Antigen in Colton blood group system,"colton medal for research excellence""",Colton Medal For Research Excellence,
Amir Sanati Nezhad,https://profiles.ucalgary.ca/amir-sanati-nezhad,book chapters flexible electronic devices for biomedical applications,book chapters flexible electronic devices for biomedical applications,Book Chapter,,MSH,C0005990,yes,Book Chapter,book chapters flexible electronic devices for biomedical applications,Book Chapters Flexible Electronic Devices For Biomedical Applications,
Ami Tint,https://profiles.ucalgary.ca/ami-tint,mental health needs of autistic girls,mental health needs of autistic girls,mental health | Mental Depression | Mental disorders | Mental Retardation | Mental Orientation,,MTH,C0025353 | C0011570 | C0004936 | C0025362 | C0029266,yes,mental health | Mental Depression | Mental disorders | Mental Retardation | Mental Orientation,mental health,Mental Health,Mental Health
Ami Tint,https://profiles.ucalgary.ca/ami-tint,autism,autism,Autistic Disorder | Autism suspected,autism,MTH | SNOMEDCT_US,C0004352 | C1303176,yes,Autistic Disorder | Autism suspected,Autistic Disorder,Autistic,Autistic
Ami Tint,https://profiles.ucalgary.ca/ami-tint,pre-doctoral residency at holland bloorview kids rehabilitation hospital,pre-doctoral residency at holland bloorview kids rehabilitation hospital,,,,,no,pre-doctoral residency at holland bloorview kids rehabilitation hospital,pre-doctoral residency at holland bloorview kids rehabilitation hospital,Pre Doctoral Residency At Holland Bloorview Kids Rehabilitation Hospital,
Ami Tint,https://profiles.ucalgary.ca/ami-tint,mental health (camh),mental health camh,mental health | Mental health treatment,mental health camh | mental health | health camh,MTH | SNOMEDCT_US,C0025353 | C0184647,yes,mental health | Mental health treatment,mental health,Mental Health,Mental Health
Amy Warren,https://profiles.ucalgary.ca/amy-warren,mental health,mental health,mental health | Mental health treatment,mental health,MTH | SNOMEDCT_US,C0025353 | C0184647,yes,mental health | Mental health treatment,mental health,Mental Health,Mental Health
Amy Warren,https://profiles.ucalgary.ca/amy-warren,clinical science,clinical science,Clinical Trials,clinical science,MTH,C0008976,yes,Clinical Trials,clinical science,Clinical Science,Clinical Science
Amy Warren,https://profiles.ucalgary.ca/amy-warren,clinical reasoning,clinical reasoning,Clinical Reasoning,clinical reasoning,MSH,C5392149,yes,Clinical Reasoning,Clinical Reasoning,Clinical Reasoning,Clinical Reasoning
Amy Warren,https://profiles.ucalgary.ca/amy-warren,functional magnetic resonance imaging,functional magnetic resonance imaging,Blood Oxygen Level Dependent Functional Magnetic Resonance Imaging | Magnetic Resonance Imaging | Multiparametric Magnetic Resonance Imaging | Diffusion Magnetic Resonance Imaging | MRI of brain with functional imaging,functional magnetic resonance imaging | functional magnetic resonance | magnetic resonance imaging | functional magnetic,MTH | SNOMEDCT_US,C1705491 | C0024485 | C3898221 | C1136216 | C0412677,yes,Blood Oxygen Level Dependent Functional Magnetic Resonance Imaging | Magnetic Resonance Imaging | Multiparametric Magnetic Resonance Imaging | Diffusion Magnetic Resonance Imaging | MRI of brain with functional imaging,Magnetic Resonance Imaging,Magnetic Resonance Imaging,Magnetic Resonance Imaging
Amy Warren,https://profiles.ucalgary.ca/amy-warren,histopathologic characterization of disease,histopathologic characterization of disease,Disease | Hypertensive disease | Hodgkin Disease | Parkinson Disease | Alzheimer's Disease,,MTH,C0012634 | C0020538 | C0019829 | C0030567 | C0002395,yes,Disease | Hypertensive disease | Hodgkin Disease | Parkinson Disease | Alzheimer's Disease,histopathologic characterization of disease,Histopathologic Characterization Of Disease,Histopathologic Characterization Of Disease
Ana Nikolic,https://profiles.ucalgary.ca/ana-nikolic,interrogating the spatiotemporal heterogeneity in brain tumours,interrogating the spatiotemporal heterogeneity in brain tumours,Spatio-Temporal Analysis | Interrogation of cardiac pacemaker,,MSH | SNOMEDCT_US,C3494293 | C3163962,yes,Spatio-Temporal Analysis | Interrogation of cardiac pacemaker,interrogating the spatiotemporal heterogeneity in brain tumours,Interrogating The Spatiotemporal Heterogeneity In Brain Tumours,
Ana Nikolic,https://profiles.ucalgary.ca/ana-nikolic,temporal epigenetic remodelling,temporal epigenetic remodelling,"Temporal Arteritis | Epilepsy, Temporal Lobe | Bone Remodelling Pathway | Airway Remodeling | Small Airway Remodeling",,MTH | MSH,C1956391 | C0014556 | C1521997 | C2717792 | C2717793,yes,"Temporal Arteritis | Epilepsy, Temporal Lobe | Bone Remodelling Pathway | Airway Remodeling | Small Airway Remodeling",temporal epigenetic remodelling,Temporal Epigenetic Remodelling,Temporal Epigenetic Remodelling
Ana Nikolic,https://profiles.ucalgary.ca/ana-nikolic,functional factors in disease progression,functional factors in disease progression,Functional encopresis | Functional disorder | Functional Status | risk factors | Biological Factors,functional factors,MTH,C0014089 | C0277785 | C0598463 | C0035648 | C0005515,yes,Functional encopresis | Functional disorder | Functional Status | risk factors | Biological Factors,functional factors in disease progression,Functional Factors In Disease Progression,
Ana Nikolic,https://profiles.ucalgary.ca/ana-nikolic,expertise in both wet lab brain tumour biology,expertise in both wet lab brain tumour biology,,,,,no,expertise in both wet lab brain tumour biology,expertise in both wet lab brain tumour biology,Expertise In Both Wet Lab Brain Tumour Biology,
Ana Nikolic,https://profiles.ucalgary.ca/ana-nikolic,takes a interdisciplinary approach to brain tumour biology,takes a interdisciplinary approach to brain tumour biology,,,,,no,takes a interdisciplinary approach to brain tumour biology,takes a interdisciplinary approach to brain tumour biology,Takes A Interdisciplinary Approach To Brain Tumour Biology,
Andrea Protzner,https://profiles.ucalgary.ca/andrea-protzner,depression,depression,"Mental Depression | Depressive disorder | Reactive depression | Depression, Postpartum",depression,MTH | MSH,C0011570 | C0011581 | C0011579 | C0221074,yes,"Mental Depression | Depressive disorder | Reactive depression | Depression, Postpartum",Mental Depression,Mental Depression,Mental Depression
Andrea Protzner,https://profiles.ucalgary.ca/andrea-protzner,neuroimaging,neuroimaging,Neuroimaging | Functional Neuroimaging,neuroimaging,MTH | MSH,C0679575 | C3178877,yes,Neuroimaging | Functional Neuroimaging,Neuroimaging,Neuroimaging,Neuroimaging
Andrea Protzner,https://profiles.ucalgary.ca/andrea-protzner,neurocognitive aging and plasticity,neurocognitive aging and plasticity,Neurocognitive Disorders | Computerized Neurocognitive Battery | Premature aging syndrome | Cell Aging | Mild Neurocognitive Disorder,,MTH | MSH,C4041080 | C4321301 | C0231341 | C5550967 | C5574859,yes,Neurocognitive Disorders | Computerized Neurocognitive Battery | Premature aging syndrome | Cell Aging | Mild Neurocognitive Disorder,neurocognitive aging and plasticity,Neurocognitive Aging And Plasticity,Neurocognitive Aging And Plasticity
Andrea Protzner,https://profiles.ucalgary.ca/andrea-protzner,but individual differences influence disease trajectories,but individual differences influence disease trajectories,"Experience of influence, control, and passivity | Individual psychotherapy | Individual income | Individual exercises | Regional ventilation differences",,MTH | SNOMEDCT_US,C5970501 | C0204525 | C0557168 | C0203986 | C0231943,yes,"Experience of influence, control, and passivity | Individual psychotherapy | Individual income | Individual exercises | Regional ventilation differences",but individual differences influence disease trajectories,Individual Differences Influence Disease Trajectories,
Andrea Protzner,https://profiles.ucalgary.ca/andrea-protzner,treatment outcomes,treatment outcomes,outcomes otolaryngology swallowing (treatment) | Treatment Expectations,treatment outcomes,MTH | MSH,C3665547 | C5940589,yes,outcomes otolaryngology swallowing (treatment) | Treatment Expectations,outcomes otolaryngology swallowing (treatment),Outcomes Treatment,Outcomes Treatment
Andreas Kramer,https://profiles.ucalgary.ca/andreas-kramer,clinical neurosciences,clinical neurosciences,Clinical Trials,clinical neurosciences,MTH,C0008976,yes,Clinical Trials,clinical neurosciences,Clinical Neurosciences,Clinical Neurosciences
Andreas Kramer,https://profiles.ucalgary.ca/andreas-kramer,clinical interest in neuro-monitoring,clinical interest in neuro-monitoring,"Clinical Trials | Erotic interest | Neuro-p24 protein, mouse | Interest checklist | Normal interest",clinical interest,MTH | MSH | SNOMEDCT_US,C0008976 | C0424400 | C1434469 | C0451231 | C1276356,yes,"Clinical Trials | Erotic interest | Neuro-p24 protein, mouse | Interest checklist | Normal interest",clinical interest in neuro-monitoring,Clinical Interest In Neuro Monitoring,
Andreas Kramer,https://profiles.ucalgary.ca/andreas-kramer,serves on numerous canadian blood services advisory committees,serves on numerous canadian blood services advisory committees,,,,,no,serves on numerous canadian blood services advisory committees,serves on numerous canadian blood services advisory committees,Serves On Numerous Canadian Blood Services Advisory Committees,
Andreas Wissmann,https://profiles.ucalgary.ca/andreas-wissmann,depression,depression,"Mental Depression | Depressive disorder | Reactive depression | Depression, Postpartum",depression,MTH | MSH,C0011570 | C0011581 | C0011579 | C0221074,yes,"Mental Depression | Depressive disorder | Reactive depression | Depression, Postpartum",Mental Depression,Depression,Depression
Andrew Braun,https://profiles.ucalgary.ca/andrew-braun,smooth muscle,smooth muscle,Smooth Muscle Tumor | Smooth muscle antibody | Smooth muscle relaxant,smooth muscle,MTH | SNOMEDCT_US,C0206658 | C0369998 | C0304437,yes,Smooth Muscle Tumor | Smooth muscle antibody | Smooth muscle relaxant,Smooth Muscle Tumor,Smooth Muscle,Smooth Muscle
Andrew Braun,https://profiles.ucalgary.ca/andrew-braun,biomedical research,biomedical research,"Translational Research, Biomedical | Biomedical Research",biomedical research,MTH | MSH,C1519620 | C0005540,yes,"Translational Research, Biomedical | Biomedical Research",Biomedical Research,Biomedical Research,Biomedical Research
Andrew Braun,https://profiles.ucalgary.ca/andrew-braun,stroke,stroke,Heat Stroke | Ischemic stroke | Hemorrhagic Stroke | Embolic Stroke,stroke,MTH | MSH,C0018843 | C0948008 | C5234922 | C0262469,yes,Heat Stroke | Ischemic stroke | Hemorrhagic Stroke | Embolic Stroke,Heat Stroke,Stroke,Stroke
Andrew Demchuk,https://profiles.ucalgary.ca/andrew-demchuk,vascular imaging,vascular imaging,Vascular imaging | Thyroid imaging with vascular flow | Liver imaging with vascular flow,vascular imaging,MTH | SNOMEDCT_US,C0546783 | C0203785 | C0203761,yes,Vascular imaging | Thyroid imaging with vascular flow | Liver imaging with vascular flow,Vascular imaging,Vascular Imaging,Vascular Imaging
Andrew Demchuk,https://profiles.ucalgary.ca/andrew-demchuk,stroke,stroke,Heat Stroke | Ischemic stroke | Hemorrhagic Stroke | Embolic Stroke,stroke,MTH | MSH,C0018843 | C0948008 | C5234922 | C0262469,yes,Heat Stroke | Ischemic stroke | Hemorrhagic Stroke | Embolic Stroke,Heat Stroke,Stroke,Stroke
Andrew Gabriel McKay Bulloch,https://profiles.ucalgary.ca/andrew-gabriel-mckay-bulloch,bipolar disorder,bipolar disorder,Bipolar Disorder | Bipolar Disorder Type 2 | Bipolar I disorder | Organic bipolar disorder | Mild bipolar disorder,bipolar disorder,MTH | MSH | SNOMEDCT_US,C0005586 | C0236788 | C0853193 | C0338653 | C0270419,yes,Bipolar Disorder | Bipolar Disorder Type 2 | Bipolar I disorder | Organic bipolar disorder | Mild bipolar disorder,Bipolar Disorder,Bipolar Disorder,Bipolar Disorder
Andrew Gabriel McKay Bulloch,https://profiles.ucalgary.ca/andrew-gabriel-mckay-bulloch,epidemiology,epidemiology,,epidemiology,,,no,epidemiology,epidemiology,Epidemiology,Epidemiology
Andrew Gabriel McKay Bulloch,https://profiles.ucalgary.ca/andrew-gabriel-mckay-bulloch,depression,depression,"Mental Depression | Depressive disorder | Reactive depression | Depression, Postpartum",depression,MTH | MSH,C0011570 | C0011581 | C0011579 | C0221074,yes,"Mental Depression | Depressive disorder | Reactive depression | Depression, Postpartum",Mental Depression,Mental Depression,Mental Depression
Andrew Kim,https://profiles.ucalgary.ca/andrew-kim,behavioural addictions,behavioural addictions,Behavior Therapy | Problem Behavior | Opiate Addiction | Nicotine Addiction | Technology Addiction,behavioural addictions,MTH | MSH,C0004933 | C5886745 | C0524662 | C5241305 | C5544511,yes,Behavior Therapy | Problem Behavior | Opiate Addiction | Nicotine Addiction | Technology Addiction,behavioural addictions,Behavioural Addictions,Behavioural Addictions
Andrew Kim,https://profiles.ucalgary.ca/andrew-kim,concurrent disorders),concurrent disorders,Deglutition Disorders | Migraine Disorders | Cerebrovascular Disorders | Concurrent Chemoradiotherapy | Concurrent Surgery,concurrent disorders,MTH | MSH,C0011168 | C0149931 | C0007820 | C3178775 | C5828354,yes,Deglutition Disorders | Migraine Disorders | Cerebrovascular Disorders | Concurrent Chemoradiotherapy | Concurrent Surgery,concurrent disorders),Concurrent Disorders,Concurrent Disorders
Andrew Kim,https://profiles.ucalgary.ca/andrew-kim,sports betting,sports betting,Sports anemia,,SNOMEDCT_US,C0221022,yes,Sports anemia,sports betting,Sports Betting,Sports Betting
Andrew Kim,https://profiles.ucalgary.ca/andrew-kim,depression,depression,"Mental Depression | Depressive disorder | Reactive depression | Depression, Postpartum",depression,MTH | MSH,C0011570 | C0011581 | C0011579 | C0221074,yes,"Mental Depression | Depressive disorder | Reactive depression | Depression, Postpartum",Mental Depression,Mental Depression,Mental Depression
Andrew Kim,https://profiles.ucalgary.ca/andrew-kim,emotion dysregulation in four potentially addictive behaviors,emotion dysregulation in four potentially addictive behaviors,,,,,no,emotion dysregulation in four potentially addictive behaviors,emotion dysregulation in four potentially addictive behaviors,Emotion Dysregulation In Four Potentially Addictive Behaviors,
Angela Haffenden,https://profiles.ucalgary.ca/angela-haffenden,movement disorders,movement disorders,"Movement Disorders | Extrapyramidal and movement disorders | Stereotypic Movement Disorder | Movement Disorders, Rhythmic Nocturnal",movement disorders,MTH | MSH,C0026650 | C0477355 | C0038273 | C0752298,yes,"Movement Disorders | Extrapyramidal and movement disorders | Stereotypic Movement Disorder | Movement Disorders, Rhythmic Nocturnal",Movement Disorders,Movement Disorders,Movement Disorders
Angela Haffenden,https://profiles.ucalgary.ca/angela-haffenden,visually guided movements,visually guided movements,"Guided imagery | Involuntary Movements | Eye Movements | Radiotherapy, Image-Guided | Image-Guided Biopsy",visually guided | guided movements,MTH | MSH,C0150627 | C0427086 | C0015413 | C3179062 | C0456852,yes,"Guided imagery | Involuntary Movements | Eye Movements | Radiotherapy, Image-Guided | Image-Guided Biopsy",visually guided movements,Visually Guided Movements,Visually Guided Movements
Angelique Jenney,https://profiles.ucalgary.ca/angelique-jenney,impact of trauma on children,impact of trauma on children,Wandering - impact | IMPACT gene | Trauma | Physical trauma | Traumatic injury,impact trauma | trauma children,MTH,C2707019 | C1825598 | C3714660 | C1368081 | C3263723,yes,Wandering - impact | IMPACT gene | Trauma | Physical trauma | Traumatic injury,impact of trauma on children,Impact Of Trauma On Children,
Angelique Jenney,https://profiles.ucalgary.ca/angelique-jenney,development of skill-based clinical competencies,development of skill-based clinical competencies,Pervasive Development Disorder | Psychosexual Development | Social confrontation skill | Psychomotor skill training | Listening skill exercises,development skill based,MTH | SNOMEDCT_US,C0524528 | C0033944 | C0518608 | C0150383 | C0589207,yes,Pervasive Development Disorder | Psychosexual Development | Social confrontation skill | Psychomotor skill training | Listening skill exercises,development of skill-based clinical competencies,Development Of Skill Based Clinical Competencies,
Angelique Jenney,https://profiles.ucalgary.ca/angelique-jenney,simulation-based experiential learning,simulation-based experiential learning,Computer simulation | Work simulation | Experiential constructivist therapy | Experiential sensory symptoms | Crown-crisp experiential index,,MTH | SNOMEDCT_US,C0009609 | C0556565 | C0542305 | C3163890 | C0582622,yes,Computer simulation | Work simulation | Experiential constructivist therapy | Experiential sensory symptoms | Crown-crisp experiential index,simulation-based experiential learning,Simulation Based Experiential Learning,Simulation Based Experiential Learning
Angelique Jenney,https://profiles.ucalgary.ca/angelique-jenney,child mental health,child mental health,mental health | Mental health treatment,child mental health | child mental | mental health,MTH | SNOMEDCT_US,C0025353 | C0184647,yes,mental health | Mental health treatment,mental health,Mental Health,Mental Health
Angelique Jenney,https://profiles.ucalgary.ca/angelique-jenney,gender-based violence,gender-based violence,Gender-Based Violence | Honor-Based Violence | At increased risk of honor based violence,gender-based violence | gender based violence | gender based | based violence,MSH | SNOMEDCT_US,C4505226 | C5828326 | C4544591,yes,Gender-Based Violence | Honor-Based Violence | At increased risk of honor based violence,Gender-Based Violence,Gender Based Violence,Gender Based Violence
Angelique Jenney,https://profiles.ucalgary.ca/angelique-jenney,trauma across the lifespan,trauma across the lifespan,Trauma | Physical trauma | Traumatic injury | Ache across chest | import across plasma membrane,,MTH,C3714660 | C1368081 | C3263723 | C0857030 | C3893696,yes,Trauma | Physical trauma | Traumatic injury | Ache across chest | import across plasma membrane,trauma across the lifespan,Trauma Across The Lifespan,Trauma Across The Lifespan
Angelique Jenney,https://profiles.ucalgary.ca/angelique-jenney,simulation-based learning,simulation-based learning,Computer simulation | Learning | Learning Disorders | Learning Disabilities | Verbal Learning,based learning,MTH | MSH,C0009609 | C0023185 | C0023186 | C0751265 | C0042531,yes,Computer simulation | Learning | Learning Disorders | Learning Disabilities | Verbal Learning,simulation-based learning,Simulation Based Learning,Simulation Based Learning
Angelique Jenney,https://profiles.ucalgary.ca/angelique-jenney,trauma-informed approaches to working with young people,trauma-informed approaches to working with young people,,,,,no,trauma-informed approaches to working with young people,trauma-informed approaches to working with young people,Trauma Informed Approaches To Working With Young People,
Angelique Jenney,https://profiles.ucalgary.ca/angelique-jenney,youth care work in therapeutic campus-based care settings,youth care work in therapeutic campus-based care settings,,,,,no,youth care work in therapeutic campus-based care settings,youth care work in therapeutic campus-based care settings,Youth Care Work In Therapeutic Campus Based Care Settings,
Angelique Jenney,https://profiles.ucalgary.ca/angelique-jenney,child development,child development,Child development inventory | Motor development - child,child development,MTH | SNOMEDCT_US,C3484121 | C0554824,yes,Child development inventory | Motor development - child,Child development inventory,Child Development,Child Development
Anne Patricia Flynn,https://profiles.ucalgary.ca/anne-patricia-flynn,health promotion anne flynn,health promotion anne flynn,Oral health promotion,health promotion,SNOMEDCT_US,C0150290,yes,Oral health promotion,Oral health promotion,Health Promotion,Health Promotion
Anne Patricia Flynn,https://profiles.ucalgary.ca/anne-patricia-flynn,alex senior's health centre,alex senior s health centre,mental health,,MTH,C0025353,yes,mental health,alex senior's health centre,Alex Senior S Health Centre,
Anne Patricia Flynn,https://profiles.ucalgary.ca/anne-patricia-flynn,movement program for senior citizens,movement program for senior citizens,Movement Disorders | Abnormal movement | Spasmodic movement | Program | Programs - Publication Format,,MTH,C0026650 | C0558189 | C1704276 | C2728259 | C0376691,yes,Movement Disorders | Abnormal movement | Spasmodic movement | Program | Programs - Publication Format,movement program for senior citizens,Movement Program For Senior Citizens,
Anne Patricia Flynn,https://profiles.ucalgary.ca/anne-patricia-flynn,health study group,health study group,mental health | Group Psychotherapy | Group I (alphabetic group) | Group P (alphabetic group),,MTH,C0025353 | C0033971 | C0441843 | C0441849,yes,mental health | Group Psychotherapy | Group I (alphabetic group) | Group P (alphabetic group),health study group,Health Study Group,Health Study Group
Antoine Dufour,https://profiles.ucalgary.ca/antoine-dufour,substrates on a cell,substrates on a cell,G-substrate,substrates on a cell | substrates cell,MTH,C0060916,yes,G-substrate,substrates on a cell,Substrates On A Cell,Substrates On A Cell
Antoine Dufour,https://profiles.ucalgary.ca/antoine-dufour,inactivation of immune responses in inflammatory diseases,inactivation of immune responses in inflammatory diseases,Immune System Diseases | Immune | Immune thrombocytopenic purpura | Immune status | Virus Inactivation,,MTH | MSH,C0021053 | C0439662 | C0398650 | C5234945 | C0599953,yes,Immune System Diseases | Immune | Immune thrombocytopenic purpura | Immune status | Virus Inactivation,Immune System Diseases,Immune Diseases,Immune Diseases
Antoine Dufour,https://profiles.ucalgary.ca/antoine-dufour,hemopexin domain of matrix metalloproteinases in cell migration,hemopexin domain of matrix metalloproteinases in cell migration,,,,,no,hemopexin domain of matrix metalloproteinases in cell migration,hemopexin domain of matrix metalloproteinases in cell migration,Hemopexin Domain Of Matrix Metalloproteinases In Cell Migration,
Antoine Dufour,https://profiles.ucalgary.ca/antoine-dufour,pain,pain,Pain | Chest Pain | Back Pain | Low Back Pain | Abdominal Pain,pain,MTH,C0030193 | C0008031 | C0004604 | C0024031 | C0000737,yes,Pain | Chest Pain | Back Pain | Low Back Pain | Abdominal Pain,Pain,Pain,Pain
Araba Chintoh,https://profiles.ucalgary.ca/araba-chintoh,schizophrenia,schizophrenia,"Schizophrenia | Paranoid Schizophrenia | Schizophrenia, Disorganized | Schizophrenia, Catatonic | Residual schizophrenia",schizophrenia,MTH | MSH | SNOMEDCT_US,C0036341 | C0036349 | C0036347 | C0036344 | C0036351,yes,"Schizophrenia | Paranoid Schizophrenia | Schizophrenia, Disorganized | Schizophrenia, Catatonic | Residual schizophrenia",Schizophrenia,Schizophrenia,Schizophrenia
Araba Chintoh,https://profiles.ucalgary.ca/araba-chintoh,physical health care,physical health care,community health care history and physical note | Physical health problem | Caregiver physical health status | Neglect of physical health,physical health care | physical health | health care,MTH | SNOMEDCT_US,C5781858 | C1446390 | C0516976 | C0424362,yes,community health care history and physical note | Physical health problem | Caregiver physical health status | Neglect of physical health,Physical health problem,Physical Health,Physical Health
Araba Chintoh,https://profiles.ucalgary.ca/araba-chintoh,mitigating risk factors for poor mental health,mitigating risk factors for poor mental health,Risk Evaluation and Mitigation Strategies Requirement | risk factors,,MTH,C4284141 | C0035648,yes,Risk Evaluation and Mitigation Strategies Requirement | risk factors,risk factors,Risk Factors,Risk Factors
Aravind Ganesh,https://profiles.ucalgary.ca/aravind-ganesh,stroke,stroke,Heat Stroke | Ischemic stroke | Hemorrhagic Stroke | Embolic Stroke,stroke,MTH | MSH,C0018843 | C0948008 | C5234922 | C0262469,yes,Heat Stroke | Ischemic stroke | Hemorrhagic Stroke | Embolic Stroke,Heat Stroke,Stroke,Stroke
Aravind Ganesh,https://profiles.ucalgary.ca/aravind-ganesh,neuropsychiatric sequelae,neuropsychiatric sequelae,Neuropsychiatric Inventory Questionnaire | sequelae aspects | Sequelae of rickets | Sequelae of tuberculosis | Sequelae of leprosy,,MTH | SNOMEDCT_US,C3539727 | C0243088 | C0494328 | C0494132 | C0348302,yes,Neuropsychiatric Inventory Questionnaire | sequelae aspects | Sequelae of rickets | Sequelae of tuberculosis | Sequelae of leprosy,neuropsychiatric sequelae,Neuropsychiatric Sequelae,Neuropsychiatric Sequelae
Arvi Rauk,https://profiles.ucalgary.ca/arvi-rauk,alzheimer disease,alzheimer disease,Alzheimer's Disease | ALZHEIMER DISEASE 2 | ALZHEIMER DISEASE 4 | Alzheimer Disease 9,alzheimer disease,MTH,C0002395 | C1863051 | C1847200 | C1837149,yes,Alzheimer's Disease | ALZHEIMER DISEASE 2 | ALZHEIMER DISEASE 4 | Alzheimer Disease 9,Alzheimer's Disease,Alzheimer Disease,Alzheimer Disease
Ashley Harris,https://profiles.ucalgary.ca/ashley-harris,brain development,brain development,Brain Concussion | Brain Injuries | Brain Neoplasms | Brain Diseases | Pervasive Development Disorder,brain development,MTH,C0006107 | C0270611 | C0006118 | C0006111 | C0524528,yes,Brain Concussion | Brain Injuries | Brain Neoplasms | Brain Diseases | Pervasive Development Disorder,brain development,Brain Development,Brain Development
Ashley Harris,https://profiles.ucalgary.ca/ashley-harris,brain injury,brain injury,"Brain Injuries | Traumatic Brain Injury | Brain Injury, Chronic | Crush injury of brain | Injury of parenchyma of brain",brain injury,MTH | MSH | SNOMEDCT_US,C0270611 | C0876926 | C0751813 | C4303411 | C5880441,yes,"Brain Injuries | Traumatic Brain Injury | Brain Injury, Chronic | Crush injury of brain | Injury of parenchyma of brain",Traumatic Brain Injury,Brain Injury,Brain Injury
Ashley Harris,https://profiles.ucalgary.ca/ashley-harris,neurodevelopmental disorders,neurodevelopmental disorders,Neurodevelopmental Disorders | Fetal neurodevelopmental disorder,neurodevelopmental disorders,MTH | SNOMEDCT_US,C1535926 | C1285381,yes,Neurodevelopmental Disorders | Fetal neurodevelopmental disorder,Neurodevelopmental Disorders,Neurodevelopmental Disorders,Neurodevelopmental Disorders
Ashley Harris,https://profiles.ucalgary.ca/ashley-harris,neuroimaging,neuroimaging,Neuroimaging | Functional Neuroimaging,neuroimaging,MTH | MSH,C0679575 | C3178877,yes,Neuroimaging | Functional Neuroimaging,Neuroimaging,Neuroimaging,Neuroimaging
Ashley Harris,https://profiles.ucalgary.ca/ashley-harris,pain,pain,Pain | Chest Pain | Back Pain | Low Back Pain | Abdominal Pain,pain,MTH,C0030193 | C0008031 | C0004604 | C0024031 | C0000737,yes,Pain | Chest Pain | Back Pain | Low Back Pain | Abdominal Pain,Pain,Pain,Pain
Ashley Harris,https://profiles.ucalgary.ca/ashley-harris,ashley harris develops magnetic resonance imaging,ashley harris develops magnetic resonance imaging,,,,,no,ashley harris develops magnetic resonance imaging,ashley harris develops magnetic resonance imaging,Ashley Harris Develops Magnetic Resonance Imaging,
Ashley Harris,https://profiles.ucalgary.ca/ashley-harris,spectroscopy methods for clinical,spectroscopy methods for clinical,Magnetic Resonance Spectroscopy | Fluorescence Spectroscopy | bioimpedance spectroscopy | Contraceptive methods | Clinical Trials,spectroscopy methods | methods clinical,MTH,C0024487 | C0242506 | C2958857 | C0700589 | C0008976,yes,Magnetic Resonance Spectroscopy | Fluorescence Spectroscopy | bioimpedance spectroscopy | Contraceptive methods | Clinical Trials,spectroscopy methods for clinical,Spectroscopy Methods For Clinical,Spectroscopy Methods For Clinical
Ashley Harris,https://profiles.ucalgary.ca/ashley-harris,neurosciences research,neurosciences research,research | Research Design | Nursing Research,,MTH | MSH,C0035168 | C0035171 | C0028695,yes,research | Research Design | Nursing Research,neurosciences research,Neurosciences Research,Neurosciences Research
Ashley Harris,https://profiles.ucalgary.ca/ashley-harris,migraine,migraine,Migraine Disorders | Common Migraine | Abdominal Migraine | Ophthalmoplegic Migraine | Hemiplegic migraine,migraine,MTH | MSH | SNOMEDCT_US,C0149931 | C0338480 | C0270858 | C0221058 | C0270862,yes,Migraine Disorders | Common Migraine | Abdominal Migraine | Ophthalmoplegic Migraine | Hemiplegic migraine,Migraine Disorders,Migraine Disorders,Migraine Disorders
Audrey-Ann Deneault,https://profiles.ucalgary.ca/audrey-ann-deneault,youth mental health,youth mental health,mental health | Mental health treatment,mental health,MTH | SNOMEDCT_US,C0025353 | C0184647,yes,mental health | Mental health treatment,mental health,Mental Health,Mental Health
Audrey-Ann Deneault,https://profiles.ucalgary.ca/audrey-ann-deneault,knowing how different family members beyond mothers (e,knowing how different family members beyond mothers e,,,,,no,knowing how different family members beyond mothers e,knowing how different family members beyond mothers (e,Knowing How Different Family Members Beyond Mothers E,
Audrey-Ann Deneault,https://profiles.ucalgary.ca/audrey-ann-deneault,mental health,mental health,mental health | Mental health treatment,mental health,MTH | SNOMEDCT_US,C0025353 | C0184647,yes,mental health | Mental health treatment,mental health,Mental Health,Mental Health
Beverly Lynn Adams,https://profiles.ucalgary.ca/beverly-lynn-adams,early psychosis,early psychosis,Psychosis in early childhood | Early intervention in psychosis HRGs,early psychosis,SNOMEDCT_US,C3531752 | C1271770,yes,Psychosis in early childhood | Early intervention in psychosis HRGs,Psychosis in early childhood,Psychosis In Early,Psychosis In Early
Beverly Lynn Adams,https://profiles.ucalgary.ca/beverly-lynn-adams,schizophrenia,schizophrenia,"Schizophrenia | Paranoid Schizophrenia | Schizophrenia, Disorganized | Schizophrenia, Catatonic | Residual schizophrenia",schizophrenia,MTH | MSH | SNOMEDCT_US,C0036341 | C0036349 | C0036347 | C0036344 | C0036351,yes,"Schizophrenia | Paranoid Schizophrenia | Schizophrenia, Disorganized | Schizophrenia, Catatonic | Residual schizophrenia",Schizophrenia,Schizophrenia,Schizophrenia
Beverly Lynn Adams,https://profiles.ucalgary.ca/beverly-lynn-adams,obsessive compulsive disorder,obsessive compulsive disorder,Obsessive-Compulsive Disorder | Obsessive compulsive disorder drugs,obsessive compulsive disorder | obsessive compulsive | compulsive disorder,MTH,C0028768 | C4760315,yes,Obsessive-Compulsive Disorder | Obsessive compulsive disorder drugs,Obsessive-Compulsive Disorder,Obsessive Compulsive Disorder,Obsessive Compulsive Disorder
Bijoy Menon,https://profiles.ucalgary.ca/bijoy-menon,stroke,stroke,Heat Stroke | Ischemic stroke | Hemorrhagic Stroke | Embolic Stroke,stroke,MTH | MSH,C0018843 | C0948008 | C5234922 | C0262469,yes,Heat Stroke | Ischemic stroke | Hemorrhagic Stroke | Embolic Stroke,Heat Stroke,Stroke,Stroke
Bijoy Menon,https://profiles.ucalgary.ca/bijoy-menon,clinical outcomes,clinical outcomes,Clinical Trials | Nutrition outcomes | Expected outcomes | R-Outcomes | Elimination outcomes,clinical outcomes,MTH,C0008976 | C0518896 | C2963499 | C5445044 | C0518891,yes,Clinical Trials | Nutrition outcomes | Expected outcomes | R-Outcomes | Elimination outcomes,clinical outcomes,Clinical Outcomes,Clinical Outcomes
Bin Hu,https://profiles.ucalgary.ca/bin-hu,brain development,brain development,Brain Concussion | Brain Injuries | Brain Neoplasms | Brain Diseases | Pervasive Development Disorder,brain development,MTH,C0006107 | C0270611 | C0006118 | C0006111 | C0524528,yes,Brain Concussion | Brain Injuries | Brain Neoplasms | Brain Diseases | Pervasive Development Disorder,brain development,Brain Development,Brain Development
Bin Hu,https://profiles.ucalgary.ca/bin-hu,brain stimulation,brain stimulation,Deep Brain Stimulation | Electrical Stimulation of the Brain | Brain stimulation | Direct brain stimulation,brain stimulation,MTH | MSH | SNOMEDCT_US,C0394162 | C0302825 | C0870227 | C0555354,yes,Deep Brain Stimulation | Electrical Stimulation of the Brain | Brain stimulation | Direct brain stimulation,Brain stimulation,Brain Stimulation,Brain Stimulation
Bin Hu,https://profiles.ucalgary.ca/bin-hu,parkinson disease,parkinson disease,"Parkinson Disease | Parkinson Disease, Mitochondrial | Parkinson Disease 16 | Parkinson Disease, Postencephalitic",parkinson disease,MTH | MSH,C0030567 | C1838867 | C2751012 | C0030568,yes,"Parkinson Disease | Parkinson Disease, Mitochondrial | Parkinson Disease 16 | Parkinson Disease, Postencephalitic",Parkinson Disease,Parkinson Disease,Parkinson Disease
Bin Hu,https://profiles.ucalgary.ca/bin-hu,thalamic stimulation in the cortex,thalamic stimulation in the cortex,Thalamic infarction | Stimulation procedure | electrical stimulation (treatment) | Photic Stimulation | Thalamic hemorrhage,,MTH | MSH | SNOMEDCT_US,C1611171 | C1292856 | C0013786 | C0031734 | C0472376,yes,Thalamic infarction | Stimulation procedure | electrical stimulation (treatment) | Photic Stimulation | Thalamic hemorrhage,thalamic stimulation in the cortex,Thalamic Stimulation In The Cortex,
Bin Hu,https://profiles.ucalgary.ca/bin-hu,autism,autism,Autistic Disorder | Autism suspected,autism,MTH | SNOMEDCT_US,C0004352 | C1303176,yes,Autistic Disorder | Autism suspected,Autistic Disorder,Autistic,Autistic
Bin Hu,https://profiles.ucalgary.ca/bin-hu,applications of instrumental learning,applications of instrumental learning,Instrumental delivery | Instrumental delivery (finding) | Learning | Learning Disorders | Learning Disabilities,instrumental learning,MTH,C0162209 | C1455848 | C0023185 | C0023186 | C0751265,yes,Instrumental delivery | Instrumental delivery (finding) | Learning | Learning Disorders | Learning Disabilities,applications of instrumental learning,Applications Of Instrumental Learning,Applications Of Instrumental Learning
Bin Hu,https://profiles.ucalgary.ca/bin-hu,cognitive decline in neurodegenerative diseases,cognitive decline in neurodegenerative diseases,Age-related cognitive decline | GDS level 1 - no cognitive decline | GDS level 6 - severe cognitive decline,cognitive decline,SNOMEDCT_US,C0236848 | C1319816 | C1319821,yes,Age-related cognitive decline | GDS level 1 - no cognitive decline | GDS level 6 - severe cognitive decline,Age-related cognitive decline,Cognitive Decline,Cognitive Decline
Bin Hu,https://profiles.ucalgary.ca/bin-hu,3) neurobiological circuits,3 neurobiological circuits,Gene Circuits | Exercise circuits,,MSH | SNOMEDCT_US,C1720951 | C0454286,yes,Gene Circuits | Exercise circuits,3) neurobiological circuits,3 Neurobiological Circuits,3 Neurobiological Circuits
Bin Hu,https://profiles.ucalgary.ca/bin-hu,system underlying music-induced paradoxical movement in pd,system underlying music-induced paradoxical movement in pd,,,,,no,system underlying music-induced paradoxical movement in pd,system underlying music-induced paradoxical movement in pd,System Underlying Music Induced Paradoxical Movement In Pd,
Boguslaw Tomanek,https://profiles.ucalgary.ca/boguslaw-tomanek,pain,pain,Pain | Chest Pain | Back Pain | Low Back Pain | Abdominal Pain,pain,MTH,C0030193 | C0008031 | C0004604 | C0024031 | C0000737,yes,Pain | Chest Pain | Back Pain | Low Back Pain | Abdominal Pain,Pain,Pain,Pain
Boguslaw Tomanek,https://profiles.ucalgary.ca/boguslaw-tomanek,functional magnetic resonance imaging,functional magnetic resonance imaging,Blood Oxygen Level Dependent Functional Magnetic Resonance Imaging | Magnetic Resonance Imaging | Multiparametric Magnetic Resonance Imaging | Diffusion Magnetic Resonance Imaging | MRI of brain with functional imaging,functional magnetic resonance imaging | functional magnetic resonance | magnetic resonance imaging | functional magnetic,MTH | SNOMEDCT_US,C1705491 | C0024485 | C3898221 | C1136216 | C0412677,yes,Blood Oxygen Level Dependent Functional Magnetic Resonance Imaging | Magnetic Resonance Imaging | Multiparametric Magnetic Resonance Imaging | Diffusion Magnetic Resonance Imaging | MRI of brain with functional imaging,Magnetic Resonance Imaging,Magnetic Resonance Imaging,Magnetic Resonance Imaging
Boguslaw Tomanek,https://profiles.ucalgary.ca/boguslaw-tomanek,molecular mr imaging of brain cancer,molecular mr imaging of brain cancer,Diagnostic Imaging | Radionuclide Imaging | Magnetic Resonance Imaging | Imaging Techniques | Brain Concussion,,MTH,C0011923 | C0034606 | C0024485 | C0079595 | C0006107,yes,Diagnostic Imaging | Radionuclide Imaging | Magnetic Resonance Imaging | Imaging Techniques | Brain Concussion,molecular mr imaging of brain cancer,Molecular Mr Imaging Of Brain Cancer,
Boguslaw Tomanek,https://profiles.ucalgary.ca/boguslaw-tomanek,alzheimer disease,alzheimer disease,Alzheimer's Disease | ALZHEIMER DISEASE 2 | ALZHEIMER DISEASE 4 | Alzheimer Disease 9,alzheimer disease,MTH,C0002395 | C1863051 | C1847200 | C1837149,yes,Alzheimer's Disease | ALZHEIMER DISEASE 2 | ALZHEIMER DISEASE 4 | Alzheimer Disease 9,Alzheimer's Disease,Alzheimer Disease,Alzheimer Disease
Boguslaw Tomanek,https://profiles.ucalgary.ca/boguslaw-tomanek,stroke,stroke,Heat Stroke | Ischemic stroke | Hemorrhagic Stroke | Embolic Stroke,stroke,MTH | MSH,C0018843 | C0948008 | C5234922 | C0262469,yes,Heat Stroke | Ischemic stroke | Hemorrhagic Stroke | Embolic Stroke,Heat Stroke,Stroke,Stroke
Boguslaw Tomanek,https://profiles.ucalgary.ca/boguslaw-tomanek,innovative approaches in health research,innovative approaches in health research,Nutritional approaches | mental health | Innovative Therapies | Innovativeness | Technological Innovations,,MTH | MSH,C1718142 | C0025353 | C1136080 | C0683243 | C0683888,yes,Nutritional approaches | mental health | Innovative Therapies | Innovativeness | Technological Innovations,innovative approaches in health research,Innovative Approaches In Health Research,
Bonnie Kaplan,https://profiles.ucalgary.ca/bonnie-kaplan,mental health – particularly,mental health particularly,mental health | Mental health treatment,mental health,MTH | SNOMEDCT_US,C0025353 | C0184647,yes,mental health | Mental health treatment,mental health,Mental Health,Mental Health
Bonnie Kaplan,https://profiles.ucalgary.ca/bonnie-kaplan,contribution of nutrition to mental health,contribution of nutrition to mental health,Nutrition Disorders | Nutrition Assessment | Parenteral Nutrition | Mental Depression | Mental disorders,,MTH,C3714509 | C0028708 | C0030547 | C0011570 | C0004936,yes,Nutrition Disorders | Nutrition Assessment | Parenteral Nutrition | Mental Depression | Mental disorders,contribution of nutrition to mental health,Contribution Of Nutrition To Mental Health,
Bonnie Kaplan,https://profiles.ucalgary.ca/bonnie-kaplan,rogers prize for excellence in integrative,rogers prize for excellence in integrative,Pitt-Rogers-Danks Syndrome | Dedication to Excellence + Inspiration to All | Woods Leversha Rogers syndrome | S.P. Rogers amputation,,MTH | MSH | SNOMEDCT_US,C0796117 | C3533144 | C2931307 | C0337315,yes,Pitt-Rogers-Danks Syndrome | Dedication to Excellence + Inspiration to All | Woods Leversha Rogers syndrome | S.P. Rogers amputation,rogers prize for excellence in integrative,Rogers Prize For Excellence In Integrative,
Bonnie Kaplan,https://profiles.ucalgary.ca/bonnie-kaplan,partly for her book the better brain,partly for her book the better brain,A Little Better | Better than Others | Much better,,MTH | SNOMEDCT_US,C4049139 | C4522046 | C3841449,yes,A Little Better | Better than Others | Much better,partly for her book the better brain,Partly For Her Book The Better Brain,
Bonnie Kaplan,https://profiles.ucalgary.ca/bonnie-kaplan,treatment to the forefront of mental health care,treatment to the forefront of mental health care,Intensive mental health care,mental health care,SNOMEDCT_US,C1320527,yes,Intensive mental health care,Intensive mental health care,Mental Health Care,Mental Health Care
Bonnie Kaplan,https://profiles.ucalgary.ca/bonnie-kaplan,"behaviour, mental health, maternal health, nutrition",behaviour mental health maternal health nutrition,Knowledge level: preconception maternal health,behaviour mental health | health maternal health,SNOMEDCT_US,C1319149,yes,Knowledge level: preconception maternal health,Knowledge level: preconception maternal health,Maternal Health,Maternal Health
Bonnie Kaplan,https://profiles.ucalgary.ca/bonnie-kaplan,mental health,mental health,mental health | Mental health treatment,mental health,MTH | SNOMEDCT_US,C0025353 | C0184647,yes,mental health | Mental health treatment,mental health,Mental Health,Mental Health
Bonnie Kaplan,https://profiles.ucalgary.ca/bonnie-kaplan,maternal health,maternal health,"Maternal | Maternal hypertension | Phenylketonuria, Maternal | mental health",maternal health,MTH,C1858460 | C0565599 | C0085547 | C0025353,yes,"Maternal | Maternal hypertension | Phenylketonuria, Maternal | mental health",maternal health,Maternal Health,Maternal Health
Bradley Gordon Goodyear,https://profiles.ucalgary.ca/bradley-gordon-goodyear,epilepsy,epilepsy,"Epilepsy | Absence Epilepsy | Tonic-Clonic Epilepsy | Epilepsy, Complex Partial",epilepsy,MTH | MSH,C0014544 | C0014553 | C0014549 | C0085417,yes,"Epilepsy | Absence Epilepsy | Tonic-Clonic Epilepsy | Epilepsy, Complex Partial",Epilepsy,Epilepsy,Epilepsy
Bradley Gordon Goodyear,https://profiles.ucalgary.ca/bradley-gordon-goodyear,movement disorders,movement disorders,"Movement Disorders | Extrapyramidal and movement disorders | Stereotypic Movement Disorder | Movement Disorders, Rhythmic Nocturnal",movement disorders,MTH | MSH,C0026650 | C0477355 | C0038273 | C0752298,yes,"Movement Disorders | Extrapyramidal and movement disorders | Stereotypic Movement Disorder | Movement Disorders, Rhythmic Nocturnal",Movement Disorders,Movement Disorders,Movement Disorders
Bradley Gordon Goodyear,https://profiles.ucalgary.ca/bradley-gordon-goodyear,multiple sclerosis,multiple sclerosis,"Multiple Sclerosis | Multiple Sclerosis, Chronic Progressive | Malignant multiple sclerosis | Benign multiple sclerosis",multiple sclerosis,MTH | MSH | SNOMEDCT_US,C0026769 | C0393665 | C2586221 | C2585570,yes,"Multiple Sclerosis | Multiple Sclerosis, Chronic Progressive | Malignant multiple sclerosis | Benign multiple sclerosis",Multiple Sclerosis,Multiple Sclerosis,Multiple Sclerosis
Bradley Gordon Goodyear,https://profiles.ucalgary.ca/bradley-gordon-goodyear,traumatic brain injury,traumatic brain injury,Traumatic Brain Injury | Mild Traumatic Brain Injury | Traumatic AND/OR non-traumatic brain injury | History of traumatic brain injury (situation),traumatic brain injury | traumatic brain | brain injury,MTH,C0876926 | C3508472 | C1456496 | C5942876,yes,Traumatic Brain Injury | Mild Traumatic Brain Injury | Traumatic AND/OR non-traumatic brain injury | History of traumatic brain injury (situation),Traumatic Brain Injury,Traumatic Brain Injury,Traumatic Brain Injury
Bradley Gordon Goodyear,https://profiles.ucalgary.ca/bradley-gordon-goodyear,as well as the interaction between the brain,as well as the interaction between the brain,Enzyme Interaction | Brain Concussion | Brain Injuries | Brain Neoplasms | Brain Diseases,,MTH,C3537101 | C0006107 | C0270611 | C0006118 | C0006111,yes,Enzyme Interaction | Brain Concussion | Brain Injuries | Brain Neoplasms | Brain Diseases,as well as the interaction between the brain,Well As The Interaction Between The Brain,
Bradley Gordon Goodyear,https://profiles.ucalgary.ca/bradley-gordon-goodyear,peripheral inflammatory disease processes,peripheral inflammatory disease processes,Pelvic Inflammatory Disease | Inflammatory disease of the uterus | Tubo-ovarian inflammatory disease | Neuropathy of upper limb due to inflammatory disease,peripheral inflammatory disease | peripheral inflammatory | inflammatory disease,MTH | SNOMEDCT_US,C0242172 | C0269047 | C0036133 | C4039006,yes,Pelvic Inflammatory Disease | Inflammatory disease of the uterus | Tubo-ovarian inflammatory disease | Neuropathy of upper limb due to inflammatory disease,Pelvic Inflammatory Disease,Inflammatory Disease,Inflammatory Disease
Bradley Gordon Goodyear,https://profiles.ucalgary.ca/bradley-gordon-goodyear,imaging studies include,imaging studies include,Diagnostic Imaging | Radionuclide Imaging | Magnetic Resonance Imaging | Imaging Techniques,imaging studies include,MTH,C0011923 | C0034606 | C0024485 | C0079595,yes,Diagnostic Imaging | Radionuclide Imaging | Magnetic Resonance Imaging | Imaging Techniques,imaging studies include,Imaging Studies Include,Imaging Studies Include
Bradley Gordon Goodyear,https://profiles.ucalgary.ca/bradley-gordon-goodyear,predict patient outcomes,predict patient outcomes,Patient reported outcomes with LASIK | Patient Reported Outcome,predict patient | patient outcomes,MTH,C5552327 | C2987124,yes,Patient reported outcomes with LASIK | Patient Reported Outcome,Patient Reported Outcome,Patient Outcome,Patient Outcome
Brandy Callahan,https://profiles.ucalgary.ca/brandy-callahan,dementia,dementia,"Dementia | Presenile dementia | Senile dementia | Multi-infarct dementia | Dementia, Vascular",dementia,MTH | MSH,C0497327 | C0011265 | C0011268 | C0011263 | C0011269,yes,"Dementia | Presenile dementia | Senile dementia | Multi-infarct dementia | Dementia, Vascular",Dementia,Dementia,Dementia
Brandy Callahan,https://profiles.ucalgary.ca/brandy-callahan,bipolar disorder,bipolar disorder,Bipolar Disorder | Bipolar Disorder Type 2 | Bipolar I disorder | Organic bipolar disorder | Mild bipolar disorder,bipolar disorder,MTH | MSH | SNOMEDCT_US,C0005586 | C0236788 | C0853193 | C0338653 | C0270419,yes,Bipolar Disorder | Bipolar Disorder Type 2 | Bipolar I disorder | Organic bipolar disorder | Mild bipolar disorder,Bipolar Disorder,Bipolar Disorder,Bipolar Disorder
Brandy Callahan,https://profiles.ucalgary.ca/brandy-callahan,attention deficit disorder,attention deficit disorder,Attention Deficit Disorder | Attention deficit hyperactivity disorder | Child attention deficit disorder,attention deficit disorder | attention deficit | deficit disorder,MTH,C0041671 | C1263846 | C0004269,yes,Attention Deficit Disorder | Attention deficit hyperactivity disorder | Child attention deficit disorder,Attention Deficit Disorder,Attention Deficit Disorder,Attention Deficit Disorder
Brandy Callahan,https://profiles.ucalgary.ca/brandy-callahan,neuroimaging,neuroimaging,Neuroimaging | Functional Neuroimaging,neuroimaging,MTH | MSH,C0679575 | C3178877,yes,Neuroimaging | Functional Neuroimaging,Neuroimaging,Neuroimaging,Neuroimaging
Brandy Callahan,https://profiles.ucalgary.ca/brandy-callahan,contributes to improving the diagnosis of neurocognitive disorders,contributes to improving the diagnosis of neurocognitive disorders,Angina control - improving | Improved | Diagnosis | diagnosis user finding: (diagnosis) | Differential Diagnosis,,SNOMEDCT_US | MTH,C0421197 | C0184511 | C0011900 | C2063792 | C0011906,yes,Angina control - improving | Improved | Diagnosis | diagnosis user finding: (diagnosis) | Differential Diagnosis,contributes to improving the diagnosis of neurocognitive disorders,Contributes To Improving The Diagnosis Of Neurocognitive Disorders,
Brian Brooks,https://profiles.ucalgary.ca/brian-brooks,brain injury,brain injury,"Brain Injuries | Traumatic Brain Injury | Brain Injury, Chronic | Crush injury of brain | Injury of parenchyma of brain",brain injury,MTH | MSH | SNOMEDCT_US,C0270611 | C0876926 | C0751813 | C4303411 | C5880441,yes,"Brain Injuries | Traumatic Brain Injury | Brain Injury, Chronic | Crush injury of brain | Injury of parenchyma of brain",Traumatic Brain Injury,Brain Injury,Brain Injury
Brian Brooks,https://profiles.ucalgary.ca/brian-brooks,health outcomes,health outcomes,Health behavior outcomes,health outcomes,MTH,C0518902,yes,Health behavior outcomes,Health behavior outcomes,Health Outcomes,Health Outcomes
Brian Brooks,https://profiles.ucalgary.ca/brian-brooks,psychosocial outcomes,psychosocial outcomes,Psychosocial problem | Nutrition outcomes | Expected outcomes | R-Outcomes | Elimination outcomes,,MTH,C0740697 | C0518896 | C2963499 | C5445044 | C0518891,yes,Psychosocial problem | Nutrition outcomes | Expected outcomes | R-Outcomes | Elimination outcomes,psychosocial outcomes,Psychosocial Outcomes,Psychosocial Outcomes
Brian Brooks,https://profiles.ucalgary.ca/brian-brooks,prognosticate after brain injury,prognosticate after brain injury,Brain Injuries | prognostic | International Prognostic Index | Graded Prognostic Assessment | After-cataract,after brain injury,MTH,C0270611 | C0220901 | C1512894 | C4553145 | C1306068,yes,Brain Injuries | prognostic | International Prognostic Index | Graded Prognostic Assessment | After-cataract,prognosticate after brain injury,Prognosticate After Brain Injury,Prognosticate After Brain Injury
Brian Brooks,https://profiles.ucalgary.ca/brian-brooks,understand neurobiopsychosocial markers of the post-concussion syndrome,understand neurobiopsychosocial markers of the post-concussion syndrome,,,,,no,understand neurobiopsychosocial markers of the post-concussion syndrome,understand neurobiopsychosocial markers of the post-concussion syndrome,Understand Neurobiopsychosocial Markers Of The Post Concussion Syndrome,
Brian Brooks,https://profiles.ucalgary.ca/brian-brooks,evaluate long-term outcomes from brain injury,evaluate long-term outcomes from brain injury,,evaluate long term,,,no,evaluate long-term outcomes from brain injury,evaluate long-term outcomes from brain injury,Evaluate Long Term Outcomes From Brain Injury,
Brian Brooks,https://profiles.ucalgary.ca/brian-brooks,treatment of those already with post-concussion syndrome),treatment of those already with post-concussion syndrome,,,,,no,treatment of those already with post-concussion syndrome,treatment of those already with post-concussion syndrome),Treatment Of Those Already With Post Concussion Syndrome,
Brian Brooks,https://profiles.ucalgary.ca/brian-brooks,neuroimaging,neuroimaging,Neuroimaging | Functional Neuroimaging,neuroimaging,MTH | MSH,C0679575 | C3178877,yes,Neuroimaging | Functional Neuroimaging,Neuroimaging,Neuroimaging,Neuroimaging
Brian Brooks,https://profiles.ucalgary.ca/brian-brooks,adolescents with acquired brain injuries,adolescents with acquired brain injuries,Brain Injuries | Acquired Immunodeficiency Syndrome | Brain Concussion | Brain Neoplasms | Brain Diseases,adolescents acquired,MTH,C0270611 | C0001175 | C0006107 | C0006118 | C0006111,yes,Brain Injuries | Acquired Immunodeficiency Syndrome | Brain Concussion | Brain Neoplasms | Brain Diseases,Brain Injuries,Brain Injuries,Brain Injuries
Brian Brooks,https://profiles.ucalgary.ca/brian-brooks,neuropsychological outcomes of children,neuropsychological outcomes of children,Neuropsychological problems | Nutrition outcomes | Expected outcomes | R-Outcomes | Elimination outcomes,outcomes children,MTH,C5981195 | C0518896 | C2963499 | C5445044 | C0518891,yes,Neuropsychological problems | Nutrition outcomes | Expected outcomes | R-Outcomes | Elimination outcomes,neuropsychological outcomes of children,Neuropsychological Outcomes Of Children,Neuropsychological Outcomes Of Children
Brian Brooks,https://profiles.ucalgary.ca/brian-brooks,focused on the neuropsychological outcomes of children,focused on the neuropsychological outcomes of children,"Focused attention, function | Neuropsychological problems | Nutrition outcomes | Expected outcomes | R-Outcomes",,MTH,C0589098 | C5981195 | C0518896 | C2963499 | C5445044,yes,"Focused attention, function | Neuropsychological problems | Nutrition outcomes | Expected outcomes | R-Outcomes",focused on the neuropsychological outcomes of children,Focused On The Neuropsychological Outcomes Of Children,
Brian Herbert Bland,https://profiles.ucalgary.ca/brian-herbert-bland,sensorimotor integration,sensorimotor integration,Sensorimotor examination | Sensorimotor Gating | Sensorimotor techniques,,MTH | MSH | SNOMEDCT_US,C0545479 | C2350290 | C0454036,yes,Sensorimotor examination | Sensorimotor Gating | Sensorimotor techniques,sensorimotor integration,Sensorimotor Integration,Sensorimotor Integration
Brian Herbert Bland,https://profiles.ucalgary.ca/brian-herbert-bland,limbic cortex,limbic cortex,Limbic Encephalitis | Limbic disorder,,MSH | SNOMEDCT_US,C0338430 | C0234392,yes,Limbic Encephalitis | Limbic disorder,limbic cortex,Limbic Cortex,Limbic Cortex
Brian Herbert Bland,https://profiles.ucalgary.ca/brian-herbert-bland,posterior hypothalamus,posterior hypothalamus,"Posterior rhinorrhea | Uveitis, Posterior | Posterior synechiae | Posterior fontanelle palpable posterior",posterior hypothalamus,MTH | SNOMEDCT_US,C0032781 | C0042167 | C0152253 | C0566851,yes,"Posterior rhinorrhea | Uveitis, Posterior | Posterior synechiae | Posterior fontanelle palpable posterior",posterior hypothalamus,Posterior Hypothalamus,Posterior Hypothalamus
Brian Herbert Bland,https://profiles.ucalgary.ca/brian-herbert-bland,hippocampal formation,hippocampal formation,Hippocampal Sclerosis | Rouleaux formation | Rosette formation,hippocampal formation,MTH,C1504404 | C0221285 | C0035863,yes,Hippocampal Sclerosis | Rouleaux formation | Rosette formation,hippocampal formation,Hippocampal Formation,Hippocampal Formation
Brittany Martin,https://profiles.ucalgary.ca/brittany-martin,brain and cognition,brain and cognition,Brain Concussion | Brain Injuries | Brain Neoplasms | Brain Diseases | Cognition,brain and cognition | brain cognition,MTH,C0006107 | C0270611 | C0006118 | C0006111 | C0009240,yes,Brain Concussion | Brain Injuries | Brain Neoplasms | Brain Diseases | Cognition,brain and cognition,Brain And Cognition,Brain And Cognition
Brittany Martin,https://profiles.ucalgary.ca/brittany-martin,mental health capacity in schools,mental health capacity in schools,mental health | Mental health treatment,mental health,MTH | SNOMEDCT_US,C0025353 | C0184647,yes,mental health | Mental health treatment,mental health,Mental Health,Mental Health
Brittany Martin,https://profiles.ucalgary.ca/brittany-martin,socially empowered learning,socially empowered learning,Empowered | Learning | Learning Disorders | Learning Disabilities | Verbal Learning,,MTH | MSH,C0562342 | C0023185 | C0023186 | C0751265 | C0042531,yes,Empowered | Learning | Learning Disorders | Learning Disabilities | Verbal Learning,socially empowered learning,Socially Empowered Learning,Socially Empowered Learning
Brittany Martin,https://profiles.ucalgary.ca/brittany-martin,"art, brain and cognition",art brain and cognition,Brain Concussion | Brain Injuries | Brain Neoplasms | Brain Diseases | Cognition,brain cognition,MTH,C0006107 | C0270611 | C0006118 | C0006111 | C0009240,yes,Brain Concussion | Brain Injuries | Brain Neoplasms | Brain Diseases | Cognition,"art, brain and cognition",Art Brain And Cognition,Art Brain And Cognition
Brittany Martin,https://profiles.ucalgary.ca/brittany-martin,mathison centre for mental health research,mathison centre for mental health research,Mental Depression | Mental disorders | Mental Retardation | Mental Orientation | Mental handicap,centre mental health,MTH,C0011570 | C0004936 | C0025362 | C0029266 | C1306341,yes,Mental Depression | Mental disorders | Mental Retardation | Mental Orientation | Mental handicap,mathison centre for mental health research,Mathison Centre For Mental Health Research,Mathison Centre For Mental Health Research
Brittany Martin,https://profiles.ucalgary.ca/brittany-martin,new zealand: a case of socially empowered learning,new zealand a case of socially empowered learning,Born in New Zealand,,SNOMEDCT_US,C1277525,yes,Born in New Zealand,new zealand: a case of socially empowered learning,New Zealand A Case Of Socially Empowered Learning,
Brittany Martin,https://profiles.ucalgary.ca/brittany-martin,social enterprise,social enterprise,"Enterprise Data Warehouse | Phobia, Social | Social Problems",,MTH | MSH,C4505079 | C0031572 | C0037431,yes,"Enterprise Data Warehouse | Phobia, Social | Social Problems",social enterprise,Social Enterprise,Social Enterprise
Brittany Martin,https://profiles.ucalgary.ca/brittany-martin,other socially empowered learning,other socially empowered learning,Other hemoglobinopathies | Other cataract | Other psoriasis | Other acariasis | Empowered,other socially,MTH,C0029632 | C0029531 | C0477485 | C0029482 | C0562342,yes,Other hemoglobinopathies | Other cataract | Other psoriasis | Other acariasis | Empowered,other socially empowered learning,Other Socially Empowered Learning,Other Socially Empowered Learning
Brittany Martin,https://profiles.ucalgary.ca/brittany-martin,social enterprise in schools,social enterprise in schools,"Enterprise Data Warehouse | NCI Enterprise Vocabulary Services | Phobia, Social | Social Problems",,MTH | MSH,C4505079 | C1709114 | C0031572 | C0037431,yes,"Enterprise Data Warehouse | NCI Enterprise Vocabulary Services | Phobia, Social | Social Problems",social enterprise in schools,Social Enterprise In Schools,Social Enterprise In Schools
Brittany Martin,https://profiles.ucalgary.ca/brittany-martin,organizational outcomes,organizational outcomes,organizational structure | Nutrition outcomes | Expected outcomes | R-Outcomes | Elimination outcomes,organizational outcomes,MTH,C0687114 | C0518896 | C2963499 | C5445044 | C0518891,yes,organizational structure | Nutrition outcomes | Expected outcomes | R-Outcomes | Elimination outcomes,organizational outcomes,Organizational Outcomes,Organizational Outcomes
Brittany Martin,https://profiles.ucalgary.ca/brittany-martin,empowerment in post-trauma contexts,empowerment in post-trauma contexts,Trauma | Physical trauma | Traumatic injury | Craniocerebral Trauma | Finding relating to autonomy and empowerment,,MTH | MSH | SNOMEDCT_US,C3714660 | C1368081 | C3263723 | C0018674 | C0562341,yes,Trauma | Physical trauma | Traumatic injury | Craniocerebral Trauma | Finding relating to autonomy and empowerment,empowerment in post-trauma contexts,Empowerment In Post Trauma Contexts,
Bryan Yipp,https://profiles.ucalgary.ca/bryan-yipp,how lung sensory neurons,how lung sensory neurons,Sensory neuropathy | Sensory Disorders | Sensory Deprivation,sensory neurons,MTH | MSH,C0151313 | C0152027 | C0036674,yes,Sensory neuropathy | Sensory Disorders | Sensory Deprivation,how lung sensory neurons,Lung Sensory Neurons,Lung Sensory Neurons
Bryan Yipp,https://profiles.ucalgary.ca/bryan-yipp,immune system interact,immune system interact,Immune System Diseases | Immune | Immune thrombocytopenic purpura | Immune status | Drug Interactions,,MTH,C0021053 | C0439662 | C0398650 | C5234945 | C0687133,yes,Immune System Diseases | Immune | Immune thrombocytopenic purpura | Immune status | Drug Interactions,Immune System Diseases,Immune System,Immune System
Bryan Yipp,https://profiles.ucalgary.ca/bryan-yipp,brain body connections,brain body connections,Removal of foreign body from brain,brain body | body connections,SNOMEDCT_US,C0195977,yes,Removal of foreign body from brain,Removal of foreign body from brain,Body From Brain,Body From Brain
Camila Aquino,https://profiles.ucalgary.ca/camila-aquino,movement disorders,movement disorders,"Movement Disorders | Extrapyramidal and movement disorders | Stereotypic Movement Disorder | Movement Disorders, Rhythmic Nocturnal",movement disorders,MTH | MSH,C0026650 | C0477355 | C0038273 | C0752298,yes,"Movement Disorders | Extrapyramidal and movement disorders | Stereotypic Movement Disorder | Movement Disorders, Rhythmic Nocturnal",Movement Disorders,Movement Disorders,Movement Disorders
Camila Aquino,https://profiles.ucalgary.ca/camila-aquino,parkinson disease,parkinson disease,"Parkinson Disease | Parkinson Disease, Mitochondrial | Parkinson Disease 16 | Parkinson Disease, Postencephalitic",parkinson disease,MTH | MSH,C0030567 | C1838867 | C2751012 | C0030568,yes,"Parkinson Disease | Parkinson Disease, Mitochondrial | Parkinson Disease 16 | Parkinson Disease, Postencephalitic",Parkinson Disease,Parkinson Disease,Parkinson Disease
Camila Aquino,https://profiles.ucalgary.ca/camila-aquino,work spans clinical trial design,work spans clinical trial design,Clinical Trial by Design | Clinical Trials Design | Adaptive Clinical Trials as Topic,clinical trial design,MTH | MSH,C5961047 | C1516636 | C4505306,yes,Clinical Trial by Design | Clinical Trials Design | Adaptive Clinical Trials as Topic,Clinical Trials Design,Clinical Trials Design,Clinical Trials Design
Camila Aquino,https://profiles.ucalgary.ca/camila-aquino,industry-sponsored clinical trials,industry-sponsored clinical trials,Clinical Trials,,MTH,C0008976,yes,Clinical Trials,Clinical Trials,Clinical Trials,Clinical Trials
Camila Aquino,https://profiles.ucalgary.ca/camila-aquino,clinical outcomes,clinical outcomes,Clinical Trials | Nutrition outcomes | Expected outcomes | R-Outcomes | Elimination outcomes,clinical outcomes,MTH,C0008976 | C0518896 | C2963499 | C5445044 | C0518891,yes,Clinical Trials | Nutrition outcomes | Expected outcomes | R-Outcomes | Elimination outcomes,clinical outcomes,Clinical Outcomes,Clinical Outcomes
Candice Poon,https://profiles.ucalgary.ca/candice-poon,interactions between perivascular stromal cells,interactions between perivascular stromal cells,Drug Interactions | Stromal sarcoma | Stromal Neoplasm | Hydrophobic Interactions | Perivascular dermatitis,,MTH | MSH | SNOMEDCT_US,C0687133 | C1370723 | C0879615 | C0678607 | C0743089,yes,Drug Interactions | Stromal sarcoma | Stromal Neoplasm | Hydrophobic Interactions | Perivascular dermatitis,interactions between perivascular stromal cells,Interactions Between Perivascular Stromal Cells,
Candice Poon,https://profiles.ucalgary.ca/candice-poon,immune cells in glioma,immune cells in glioma,Immune | Immune thrombocytopenic purpura | Immune System Diseases | Immune status | Glioma,immune cells | cells glioma,MTH,C0439662 | C0398650 | C0021053 | C5234945 | C0017638,yes,Immune | Immune thrombocytopenic purpura | Immune System Diseases | Immune status | Glioma,immune cells in glioma,Immune Cells In Glioma,Immune Cells In Glioma
Candice Poon,https://profiles.ucalgary.ca/candice-poon,brain metastases (gbmet),brain metastases gbmet,Metastatic malignant neoplasm to brain,brain metastases,MTH,C0220650,yes,Metastatic malignant neoplasm to brain,brain metastases (gbmet),Brain Metastases Gbmet,Brain Metastases Gbmet
Candice Poon,https://profiles.ucalgary.ca/candice-poon,ai-assisted imaging,ai-assisted imaging,"Imaging, Three-Dimensional, Computer Assisted",assisted imaging,MSH,C0887831,yes,"Imaging, Three-Dimensional, Computer Assisted","Imaging, Three-Dimensional, Computer Assisted",Ai-Assisted Imaging,Ai-Assisted Imaging
Candice Poon,https://profiles.ucalgary.ca/candice-poon,work also extends to drug development,work also extends to drug development,How Important Standard Treatment Extends Survival | Tumor extends to organ capsule,work extends,MTH | SNOMEDCT_US,C4084923 | C1444067,yes,How Important Standard Treatment Extends Survival | Tumor extends to organ capsule,Tumor extends to organ capsule,Extends,Extends
Candice Poon,https://profiles.ucalgary.ca/candice-poon,a particular interest in targeting the perivascular space,a particular interest in targeting the perivascular space,"Erotic interest | cellular targeting | Protein Targeting, Cellular | Craving for particular food | Craving for particular drink",,MTH | MSH | SNOMEDCT_US,C0424400 | C0599894 | C1159372 | C0424431 | C0424432,yes,"Erotic interest | cellular targeting | Protein Targeting, Cellular | Craving for particular food | Craving for particular drink",a particular interest in targeting the perivascular space,Particular Interest In Targeting The Perivascular Space,
Candice Poon,https://profiles.ucalgary.ca/candice-poon,key factor in cancer progression,key factor in cancer progression,Cancer Progression | factor VIII | factor XIII | intrinsic factor | factor VII,,MTH,C1947901 | C0015506 | C0015528 | C0021918 | C0015502,yes,Cancer Progression | factor VIII | factor XIII | intrinsic factor | factor VII,Cancer Progression,Cancer Progression,Cancer Progression
Candice Poon,https://profiles.ucalgary.ca/candice-poon,if you’re passionate about translational brain cancer research,if you re passionate about translational brain cancer research,"Translational Research, Biomedical",if you re,MTH,C1519620,yes,"Translational Research, Biomedical","Translational Research, Biomedical",Translational Research,Translational Research
Candice Poon,https://profiles.ucalgary.ca/candice-poon,immunology under the supervision of dr,immunology under the supervision of dr,Under immunized | Supervision (regime/therapy) | Under-accommodation | Under-stimulation | Constant supervision,,SNOMEDCT_US | MTH,C4302768 | C0038842 | C0238586 | C0558267 | C0557982,yes,Under immunized | Supervision (regime/therapy) | Under-accommodation | Under-stimulation | Constant supervision,immunology under the supervision of dr,Immunology Under The Supervision Of Dr,
Candice Poon,https://profiles.ucalgary.ca/candice-poon,canadian neurosurgical society k,canadian neurosurgical society k,Canadian bluegrass pollen extract | Neurosurgical Procedures | Parkinson's Society member | Asthma society member,,MTH | SNOMEDCT_US,C2940183 | C0524850 | C0424952 | C0424951,yes,Canadian bluegrass pollen extract | Neurosurgical Procedures | Parkinson's Society member | Asthma society member,canadian neurosurgical society k,Canadian Neurosurgical Society K,Canadian Neurosurgical Society K
Candice Poon,https://profiles.ucalgary.ca/candice-poon,poon enjoys spending time with her family,poon enjoys spending time with her family,Enjoys intermediate exercise | Enjoys light exercise | Enjoys moderate exercise | Enjoys heavy exercise | Enjoys having sex,spending time family,SNOMEDCT_US,C0425284 | C0425270 | C0425271 | C0425272 | C0558124,yes,Enjoys intermediate exercise | Enjoys light exercise | Enjoys moderate exercise | Enjoys heavy exercise | Enjoys having sex,poon enjoys spending time with her family,Poon Enjoys Spending Time With Her Family,
Carlos Camara-Lemarroy,https://profiles.ucalgary.ca/carlos-camara-lemarroy,multiple sclerosis,multiple sclerosis,"Multiple Sclerosis | Multiple Sclerosis, Chronic Progressive | Malignant multiple sclerosis | Benign multiple sclerosis",multiple sclerosis,MTH | MSH | SNOMEDCT_US,C0026769 | C0393665 | C2586221 | C2585570,yes,"Multiple Sclerosis | Multiple Sclerosis, Chronic Progressive | Malignant multiple sclerosis | Benign multiple sclerosis",Multiple Sclerosis,Multiple Sclerosis,Multiple Sclerosis
Carlos Camara-Lemarroy,https://profiles.ucalgary.ca/carlos-camara-lemarroy,its dysfunction has lacked attention,its dysfunction has lacked attention,Erectile dysfunction | Sexual Dysfunction | Testicular dysfunction | Lacked confidence before illness | Attention,,MTH,C0242350 | C0549622 | C0405581 | C5551776 | C0004268,yes,Erectile dysfunction | Sexual Dysfunction | Testicular dysfunction | Lacked confidence before illness | Attention,its dysfunction has lacked attention,Dysfunction Has Lacked Attention,Dysfunction Has Lacked Attention
Carlos Camara-Lemarroy,https://profiles.ucalgary.ca/carlos-camara-lemarroy,axonal injury,axonal injury,Diffuse Axonal Injury,axonal injury,MSH,C0752219,yes,Diffuse Axonal Injury,Diffuse Axonal Injury,Axonal Injury,Axonal Injury
Carlos Camara-Lemarroy,https://profiles.ucalgary.ca/carlos-camara-lemarroy,immune modulating properties),immune modulating properties,Immune | Immune thrombocytopenic purpura | Immune System Diseases | Immune status | Device Properties Domain,immune modulating,MTH,C0439662 | C0398650 | C0021053 | C5234945 | C3539061,yes,Immune | Immune thrombocytopenic purpura | Immune System Diseases | Immune status | Device Properties Domain,immune modulating properties),Immune Modulating Properties,Immune Modulating Properties
Carly McMorris,https://profiles.ucalgary.ca/carly-mcmorris,autism,autism,Autistic Disorder | Autism suspected,autism,MTH | SNOMEDCT_US,C0004352 | C1303176,yes,Autistic Disorder | Autism suspected,Autistic Disorder,Autistic Disorder,Autistic Disorder
Carly McMorris,https://profiles.ucalgary.ca/carly-mcmorris,adolescents with neurodevelopmental disorders (ndds),adolescents with neurodevelopmental disorders ndds,Neurodevelopmental Disorders,adolescents neurodevelopmental disorders | adolescents neurodevelopmental,MTH,C1535926,yes,Neurodevelopmental Disorders,Neurodevelopmental Disorders,Neurodevelopmental Disorders,Neurodevelopmental Disorders
Carly McMorris,https://profiles.ucalgary.ca/carly-mcmorris,fetal alcohol spectrum disorder (fasd),fetal alcohol spectrum disorder fasd,Fetal Alcohol Spectrum Disorders | Screening for fetal alcohol spectrum disorder,fetal alcohol spectrum | alcohol spectrum disorder,MTH | SNOMEDCT_US,C2985290 | C4551321,yes,Fetal Alcohol Spectrum Disorders | Screening for fetal alcohol spectrum disorder,Fetal Alcohol Spectrum Disorders,Fetal Alcohol Spectrum Disorders,Fetal Alcohol Spectrum Disorders
Carly McMorris,https://profiles.ucalgary.ca/carly-mcmorris,youth mental health,youth mental health,mental health | Mental health treatment,mental health,MTH | SNOMEDCT_US,C0025353 | C0184647,yes,mental health | Mental health treatment,mental health,Mental Health,Mental Health
Carly McMorris,https://profiles.ucalgary.ca/carly-mcmorris,child development,child development,Child development inventory | Motor development - child,child development,MTH | SNOMEDCT_US,C3484121 | C0554824,yes,Child development inventory | Motor development - child,Child development inventory,Child Development,Child Development
Carly McMorris,https://profiles.ucalgary.ca/carly-mcmorris,developmental psychopathology,developmental psychopathology,"Developmental Disabilities | Developmental delay | Reading Disorder, Developmental | Developmental Coordination Disorder",,MTH,C0008073 | C0424605 | C0920296 | C0011757,yes,"Developmental Disabilities | Developmental delay | Reading Disorder, Developmental | Developmental Coordination Disorder",developmental psychopathology,Developmental Psychopathology,Developmental Psychopathology
Carly McMorris,https://profiles.ucalgary.ca/carly-mcmorris,eating disorders,eating disorders,Eating Disorders | Other eating disorders | Feeding and Eating Disorders | Eating disorders management | Eating disorders inventory,eating disorders,MTH | SNOMEDCT_US,C0013473 | C0029587 | C4042784 | C0150193 | C0451138,yes,Eating Disorders | Other eating disorders | Feeding and Eating Disorders | Eating disorders management | Eating disorders inventory,Eating Disorders,Eating Disorders,Eating Disorders
Carly McMorris,https://profiles.ucalgary.ca/carly-mcmorris,neurodevelopmental disorders,neurodevelopmental disorders,Neurodevelopmental Disorders | Fetal neurodevelopmental disorder,neurodevelopmental disorders,MTH | SNOMEDCT_US,C1535926 | C1285381,yes,Neurodevelopmental Disorders | Fetal neurodevelopmental disorder,Neurodevelopmental Disorders,Neurodevelopmental Disorders,Neurodevelopmental Disorders
Carly McMorris,https://profiles.ucalgary.ca/carly-mcmorris,child health,child health,Child health data,child health,SNOMEDCT_US,C0419441,yes,Child health data,Child health data,Child Health,Child Health
Carly McMorris,https://profiles.ucalgary.ca/carly-mcmorris,developmental biopsychosocial cognitive-behavioural,developmental biopsychosocial cognitive-behavioural,"Developmental Disabilities | Developmental delay | Reading Disorder, Developmental | Developmental Coordination Disorder | Cognitive Therapy",,MTH,C0008073 | C0424605 | C0920296 | C0011757 | C0009244,yes,"Developmental Disabilities | Developmental delay | Reading Disorder, Developmental | Developmental Coordination Disorder | Cognitive Therapy",developmental biopsychosocial cognitive-behavioural,Developmental Biopsychosocial Cognitive Behavioural,Developmental Biopsychosocial Cognitive Behavioural
Carly McMorris,https://profiles.ucalgary.ca/carly-mcmorris,improving the health,improving the health,Improved | mental health | Angina control - improving,improving the health | improving health,MTH | SNOMEDCT_US,C0184511 | C0025353 | C0421197,yes,Improved | mental health | Angina control - improving,improving the health,Improving The Health,Improving The Health
Carly McMorris,https://profiles.ucalgary.ca/carly-mcmorris,adolescents with neurodevelopmental disorders (ndd),adolescents with neurodevelopmental disorders ndd,Neurodevelopmental Disorders,adolescents neurodevelopmental disorders | adolescents neurodevelopmental,MTH,C1535926,yes,Neurodevelopmental Disorders,Neurodevelopmental Disorders,Neurodevelopmental Disorders,Neurodevelopmental Disorders
Carly McMorris,https://profiles.ucalgary.ca/carly-mcmorris,community factors predict such outcomes,community factors predict such outcomes,risk factors | Biological Factors | R Factors | Immunologic Factors | Nerve Growth Factors,,MTH,C0035648 | C0005515 | C0034471 | C0021054 | C0027754,yes,risk factors | Biological Factors | R Factors | Immunologic Factors | Nerve Growth Factors,community factors predict such outcomes,Community Factors Predict Such Outcomes,
Carly McMorris,https://profiles.ucalgary.ca/carly-mcmorris,mental health services,mental health services,mental health | Health Services Accessibility | Mental health treatment,mental health services | mental health | health services,MTH | SNOMEDCT_US,C0025353 | C0018748 | C0184647,yes,mental health | Health Services Accessibility | Mental health treatment,mental health,Mental Health,Mental Health
Carly McMorris,https://profiles.ucalgary.ca/carly-mcmorris,depression,depression,"Mental Depression | Depressive disorder | Reactive depression | Depression, Postpartum",depression,MTH | MSH,C0011570 | C0011581 | C0011579 | C0221074,yes,"Mental Depression | Depressive disorder | Reactive depression | Depression, Postpartum",Mental Depression,Mental Depression,Mental Depression
Carol Schuurmans,https://profiles.ucalgary.ca/carol-schuurmans,members of the pleiomorphic adenoma gene (plag) family,members of the pleiomorphic adenoma gene plag family,,pleiomorphic adenoma gene,,,no,members of the pleiomorphic adenoma gene plag family,members of the pleiomorphic adenoma gene (plag) family,Members Of The Pleiomorphic Adenoma Gene Plag Family,
Carol Schuurmans,https://profiles.ucalgary.ca/carol-schuurmans,proneuronal gene function,proneuronal gene function,Increased gene product function | Normal gene product function | Decreased gene product function | Poor gene product function,gene function,SNOMEDCT_US,C5687448 | C5687451 | C5687449 | C5687450,yes,Increased gene product function | Normal gene product function | Decreased gene product function | Poor gene product function,Normal gene product function,Gene Function,Gene Function
Carolyn Emery,https://profiles.ucalgary.ca/carolyn-emery,sport-related concussion,sport-related concussion,OptiFlex Sport | Related (finding) | Age related macular degeneration | AIDS related complex | Procedure-related,sport related | related concussion,MTH,C3871580 | C0445223 | C0242383 | C0001857 | C2924519,yes,OptiFlex Sport | Related (finding) | Age related macular degeneration | AIDS related complex | Procedure-related,sport-related concussion,Sport Related Concussion,Sport Related Concussion
Carolyn Emery,https://profiles.ucalgary.ca/carolyn-emery,injury prevention in youth sport,injury prevention in youth sport,Sports injury prevention: youth | Preventing injury | Antenatal prevention of fetal injury of brain,injury prevention in youth sport | injury prevention youth | prevention youth sport | injury prevention,SNOMEDCT_US,C0812179 | C0150638 | C5922465,yes,Sports injury prevention: youth | Preventing injury | Antenatal prevention of fetal injury of brain,Sports injury prevention: youth,Sports Injury Prevention Youth,Sports Injury Prevention Youth
Carolyn Emery,https://profiles.ucalgary.ca/carolyn-emery,para sport,para sport,OptiFlex Sport,para sport,MTH,C3871580,yes,OptiFlex Sport,para sport,Para Sport,Para Sport
Carolyn Emery,https://profiles.ucalgary.ca/carolyn-emery,equity deserving youth sport communities,equity deserving youth sport communities,,,,,no,equity deserving youth sport communities,equity deserving youth sport communities,Equity Deserving Youth Sport Communities,
Catherine Lebel,https://profiles.ucalgary.ca/catherine-lebel,brain development,brain development,Brain Concussion | Brain Injuries | Brain Neoplasms | Brain Diseases | Pervasive Development Disorder,brain development,MTH,C0006107 | C0270611 | C0006118 | C0006111 | C0524528,yes,Brain Concussion | Brain Injuries | Brain Neoplasms | Brain Diseases | Pervasive Development Disorder,brain development,Brain Development,Brain Development
Catherine Lebel,https://profiles.ucalgary.ca/catherine-lebel,neurodevelopmental disorders,neurodevelopmental disorders,Neurodevelopmental Disorders | Fetal neurodevelopmental disorder,neurodevelopmental disorders,MTH | SNOMEDCT_US,C1535926 | C1285381,yes,Neurodevelopmental Disorders | Fetal neurodevelopmental disorder,Neurodevelopmental Disorders,Neurodevelopmental Disorders,Neurodevelopmental Disorders
Catherine Lebel,https://profiles.ucalgary.ca/catherine-lebel,neuroimaging,neuroimaging,Neuroimaging | Functional Neuroimaging,neuroimaging,MTH | MSH,C0679575 | C3178877,yes,Neuroimaging | Functional Neuroimaging,Neuroimaging,Neuroimaging,Neuroimaging
Catherine Lebel,https://profiles.ucalgary.ca/catherine-lebel,how brain maturation,how brain maturation,Brain Concussion | Brain Injuries | Brain Neoplasms | Brain Diseases | Anatomical maturation,,MTH,C0006107 | C0270611 | C0006118 | C0006111 | C1254042,yes,Brain Concussion | Brain Injuries | Brain Neoplasms | Brain Diseases | Anatomical maturation,how brain maturation,Brain Maturation,Brain Maturation
Catherine Lebel,https://profiles.ucalgary.ca/catherine-lebel,depression,depression,"Mental Depression | Depressive disorder | Reactive depression | Depression, Postpartum",depression,MTH | MSH,C0011570 | C0011581 | C0011579 | C0221074,yes,"Mental Depression | Depressive disorder | Reactive depression | Depression, Postpartum",Mental Depression,Mental Depression,Mental Depression
Catherine Lebel,https://profiles.ucalgary.ca/catherine-lebel,impacts of prenatal stress,impacts of prenatal stress,Prenatal vitamin | Prenatal Diagnosis technique | Stress | Post-Traumatic Stress Disorder | Urinary Stress Incontinence,,MTH,C0772413 | C0033053 | C0038435 | C0038436 | C0042025,yes,Prenatal vitamin | Prenatal Diagnosis technique | Stress | Post-Traumatic Stress Disorder | Urinary Stress Incontinence,impacts of prenatal stress,Impacts Of Prenatal Stress,Impacts Of Prenatal Stress
Catherine Lebel,https://profiles.ucalgary.ca/catherine-lebel,children's brain structure,children s brain structure,Brain Concussion | Brain Injuries | Brain Neoplasms | Brain Diseases,,MTH,C0006107 | C0270611 | C0006118 | C0006111,yes,Brain Concussion | Brain Injuries | Brain Neoplasms | Brain Diseases,children's brain structure,Children S Brain Structure,Children S Brain Structure
Chad Bousman,https://profiles.ucalgary.ca/chad-bousman,"genomics, mental illness, pharmacotherapy, pharmacogenomics",genomics mental illness pharmacotherapy pharmacogenomics,Mental Depression | Mental disorders | Mental Retardation | Mental Orientation | Mental handicap,,MTH,C0011570 | C0004936 | C0025362 | C0029266 | C1306341,yes,Mental Depression | Mental disorders | Mental Retardation | Mental Orientation | Mental handicap,"genomics, mental illness, pharmacotherapy, pharmacogenomics",Genomics Mental Illness Pharmacotherapy Pharmacogenomics,
Chad Bousman,https://profiles.ucalgary.ca/chad-bousman,mental illness,mental illness,Mental disorders,mental illness,MTH,C0004936,yes,Mental disorders,mental illness,Mental Illness,Mental Illness
Chad Bousman,https://profiles.ucalgary.ca/chad-bousman,schizophrenia,schizophrenia,"Schizophrenia | Paranoid Schizophrenia | Schizophrenia, Disorganized | Schizophrenia, Catatonic | Residual schizophrenia",schizophrenia,MTH | MSH | SNOMEDCT_US,C0036341 | C0036349 | C0036347 | C0036344 | C0036351,yes,"Schizophrenia | Paranoid Schizophrenia | Schizophrenia, Disorganized | Schizophrenia, Catatonic | Residual schizophrenia",Schizophrenia,Schizophrenia,Schizophrenia
Chad Bousman,https://profiles.ucalgary.ca/chad-bousman,depression,depression,"Mental Depression | Depressive disorder | Reactive depression | Depression, Postpartum",depression,MTH | MSH,C0011570 | C0011581 | C0011579 | C0221074,yes,"Mental Depression | Depressive disorder | Reactive depression | Depression, Postpartum",Mental Depression,Mental Depression,Mental Depression
Chantel Debert,https://profiles.ucalgary.ca/chantel-debert,brain injury,brain injury,"Brain Injuries | Traumatic Brain Injury | Brain Injury, Chronic | Crush injury of brain | Injury of parenchyma of brain",brain injury,MTH | MSH | SNOMEDCT_US,C0270611 | C0876926 | C0751813 | C4303411 | C5880441,yes,"Brain Injuries | Traumatic Brain Injury | Brain Injury, Chronic | Crush injury of brain | Injury of parenchyma of brain",Traumatic Brain Injury,Traumatic Brain Injury,Traumatic Brain Injury
Chantel Debert,https://profiles.ucalgary.ca/chantel-debert,post-concussion symptoms,post-concussion symptoms,"Post-Concussion Syndrome | Encephalopathy, Post-Concussive | Post-Concussive Syndrome, Chronic",post-concussion symptoms | post concussion symptoms | post concussion | concussion symptoms,MTH | MSH,C0546983 | C0750972 | C1136202,yes,"Post-Concussion Syndrome | Encephalopathy, Post-Concussive | Post-Concussive Syndrome, Chronic",Post-Concussion Syndrome,Post Concussion,Post Concussion
Chantel Debert,https://profiles.ucalgary.ca/chantel-debert,outcomes in concussion,outcomes in concussion,Nutrition outcomes | Expected outcomes | R-Outcomes | Elimination outcomes | Brain Concussion,,MTH,C0518896 | C2963499 | C5445044 | C0518891 | C0006107,yes,Nutrition outcomes | Expected outcomes | R-Outcomes | Elimination outcomes | Brain Concussion,outcomes in concussion,Outcomes In Concussion,Outcomes In Concussion
Chantel Debert,https://profiles.ucalgary.ca/chantel-debert,traumatic brain injury,traumatic brain injury,Traumatic Brain Injury | Mild Traumatic Brain Injury | Traumatic AND/OR non-traumatic brain injury | History of traumatic brain injury (situation),traumatic brain injury | traumatic brain | brain injury,MTH,C0876926 | C3508472 | C1456496 | C5942876,yes,Traumatic Brain Injury | Mild Traumatic Brain Injury | Traumatic AND/OR non-traumatic brain injury | History of traumatic brain injury (situation),Traumatic Brain Injury,Traumatic Brain Injury,Traumatic Brain Injury
Chantel Debert,https://profiles.ucalgary.ca/chantel-debert,prognostic biomarkers,prognostic biomarkers,"prognostic | International Prognostic Index | Graded Prognostic Assessment | Biomarkers, Tumor | Biomarkers, Pharmacological",prognostic biomarkers,MTH | MSH,C0220901 | C1512894 | C4553145 | C0041366 | C1955886,yes,"prognostic | International Prognostic Index | Graded Prognostic Assessment | Biomarkers, Tumor | Biomarkers, Pharmacological",prognostic biomarkers,Prognostic Biomarkers,Prognostic Biomarkers
Chathura Kumaragamage,https://profiles.ucalgary.ca/chathura-kumaragamage,advancing magnetic resonance spectroscopic imaging (mrsi) technology,advancing magnetic resonance spectroscopic imaging mrsi technology,Advanced Magnetic Resonance Imaging | magnetic resonance spectroscopic imaging | Proton Magnetic Resonance Spectroscopic Imaging,advancing magnetic resonance | magnetic resonance spectroscopic | resonance spectroscopic imaging,MTH,C4725843 | C1522706 | C5980113,yes,Advanced Magnetic Resonance Imaging | magnetic resonance spectroscopic imaging | Proton Magnetic Resonance Spectroscopic Imaging,magnetic resonance spectroscopic imaging,Magnetic Resonance Spectroscopic Imaging,Magnetic Resonance Spectroscopic Imaging
Chathura Kumaragamage,https://profiles.ucalgary.ca/chathura-kumaragamage,specifically for pediatric brain imaging,specifically for pediatric brain imaging,Pediatric Obesity | Brain Concussion | Brain Injuries | Brain Neoplasms | Brain Diseases,,MTH,C2362324 | C0006107 | C0270611 | C0006118 | C0006111,yes,Pediatric Obesity | Brain Concussion | Brain Injuries | Brain Neoplasms | Brain Diseases,specifically for pediatric brain imaging,Specifically For Pediatric Brain Imaging,
Chathura Kumaragamage,https://profiles.ucalgary.ca/chathura-kumaragamage,"magnetic resonance imaging, brain, neurodevelopment, neurodevelopmental disorders, cancer",magnetic resonance imaging brain neurodevelopment neurodevelopmental disorders cancer,Nuclear magnetic resonance imaging brain | Magnetic resonance imaging of brain and brain stem | Nuclear magnetic resonance imaging brain normal | Magnetic resonance imaging of brain abnormal (finding) | Magnetic resonance imaging of brain normal | Magnetic Resonance Imaging | Multiparametric Magnetic Resonance Imaging | Diffusion Magnetic Resonance Imaging,magnetic resonance imaging | resonance imaging brain,MTH | SNOMEDCT_US,C4028269 | C0412675 | C0855355 | C1319851 | C1562775 | C0024485 | C3898221 | C1136216,yes,Nuclear magnetic resonance imaging brain | Magnetic resonance imaging of brain and brain stem | Nuclear magnetic resonance imaging brain normal | Magnetic resonance imaging of brain abnormal (finding) | Magnetic resonance imaging of brain normal | Magnetic Resonance Imaging | Multiparametric Magnetic Resonance Imaging | Diffusion Magnetic Resonance Imaging,Magnetic resonance imaging of brain normal,Magnetic Resonance Imaging Of Brain,
Chathura Kumaragamage,https://profiles.ucalgary.ca/chathura-kumaragamage,magnetic resonance imaging,magnetic resonance imaging,Magnetic Resonance Imaging | Multiparametric Magnetic Resonance Imaging | Diffusion Magnetic Resonance Imaging,magnetic resonance imaging | magnetic resonance | resonance imaging,MTH,C0024485 | C3898221 | C1136216,yes,Magnetic Resonance Imaging | Multiparametric Magnetic Resonance Imaging | Diffusion Magnetic Resonance Imaging,Magnetic Resonance Imaging,Magnetic Resonance Imaging,Magnetic Resonance Imaging
Chathura Kumaragamage,https://profiles.ucalgary.ca/chathura-kumaragamage,neurodevelopmental disorders,neurodevelopmental disorders,Neurodevelopmental Disorders | Fetal neurodevelopmental disorder,neurodevelopmental disorders,MTH | SNOMEDCT_US,C1535926 | C1285381,yes,Neurodevelopmental Disorders | Fetal neurodevelopmental disorder,Neurodevelopmental Disorders,Neurodevelopmental Disorders,Neurodevelopmental Disorders
Chathura Kumaragamage,https://profiles.ucalgary.ca/chathura-kumaragamage,neuroimaging,neuroimaging,Neuroimaging | Functional Neuroimaging,neuroimaging,MTH | MSH,C0679575 | C3178877,yes,Neuroimaging | Functional Neuroimaging,Neuroimaging,Neuroimaging,Neuroimaging
Chester Ho,https://profiles.ucalgary.ca/chester-ho,movement disorders,movement disorders,"Movement Disorders | Extrapyramidal and movement disorders | Stereotypic Movement Disorder | Movement Disorders, Rhythmic Nocturnal",movement disorders,MTH | MSH,C0026650 | C0477355 | C0038273 | C0752298,yes,"Movement Disorders | Extrapyramidal and movement disorders | Stereotypic Movement Disorder | Movement Disorders, Rhythmic Nocturnal",Movement Disorders,Movement Disorders,Movement Disorders
Chester Ho,https://profiles.ucalgary.ca/chester-ho,pain,pain,Pain | Chest Pain | Back Pain | Low Back Pain | Abdominal Pain,pain,MTH,C0030193 | C0008031 | C0004604 | C0024031 | C0000737,yes,Pain | Chest Pain | Back Pain | Low Back Pain | Abdominal Pain,Pain,Pain,Pain
Chester Ho,https://profiles.ucalgary.ca/chester-ho,ho has a special clinical,ho has a special clinical,Clinical Trials | Beuthanasia Special,special clinical,MTH | MSH,C0008976 | C0615058,yes,Clinical Trials | Beuthanasia Special,ho has a special clinical,Ho Has A Special Clinical,
Christophe Altier,https://profiles.ucalgary.ca/christophe-altier,pain,pain,Pain | Chest Pain | Back Pain | Low Back Pain | Abdominal Pain,pain,MTH,C0030193 | C0008031 | C0004604 | C0024031 | C0000737,yes,Pain | Chest Pain | Back Pain | Low Back Pain | Abdominal Pain,Pain,Pain,Pain
Christophe Altier,https://profiles.ucalgary.ca/christophe-altier,molecular biology,molecular biology,Molecular biology method | Molecular biology identification technique,molecular biology,SNOMEDCT_US,C0200924 | C0200925,yes,Molecular biology method | Molecular biology identification technique,Molecular biology method,Molecular Biology,Molecular Biology
Christophe Altier,https://profiles.ucalgary.ca/christophe-altier,genetically modified mice,genetically modified mice,"Modified radical mastectomy | cyclosporine, modified | Genetically determined myasthenia | Modified smallpox | Modified measles",genetically modified,MTH | SNOMEDCT_US,C0024883 | C0771305 | C0393928 | C0037358 | C0343579,yes,"Modified radical mastectomy | cyclosporine, modified | Genetically determined myasthenia | Modified smallpox | Modified measles",genetically modified mice,Genetically Modified Mice,Genetically Modified Mice
Christophe Altier,https://profiles.ucalgary.ca/christophe-altier,signaling pathways,signaling pathways,Wnt Signaling Pathway | MAP Kinase Signaling Pathways | Hippo Signaling Pathway | JNK Pathway,signaling pathways,MTH | MSH,C1520113 | C0752320 | C3158583 | C1621396,yes,Wnt Signaling Pathway | MAP Kinase Signaling Pathways | Hippo Signaling Pathway | JNK Pathway,Wnt Signaling Pathway,Signaling Pathway,Signaling Pathway
Christophe Altier,https://profiles.ucalgary.ca/christophe-altier,chronic disease,chronic disease,Chronic disease | Chronic Obstructive Airway Disease | Chronic granulomatous disease | Chronic lung disease,chronic disease,MTH,C0008679 | C0024117 | C0018203 | C0746102,yes,Chronic disease | Chronic Obstructive Airway Disease | Chronic granulomatous disease | Chronic lung disease,Chronic disease,Chronic Disease,Chronic Disease
Christopher Kirton,https://profiles.ucalgary.ca/christopher-kirton,neuroimaging,neuroimaging,Neuroimaging | Functional Neuroimaging,neuroimaging,MTH | MSH,C0679575 | C3178877,yes,Neuroimaging | Functional Neuroimaging,Neuroimaging,Neuroimaging,Neuroimaging
Christopher Kirton,https://profiles.ucalgary.ca/christopher-kirton,stroke,stroke,Heat Stroke | Ischemic stroke | Hemorrhagic Stroke | Embolic Stroke,stroke,MTH | MSH,C0018843 | C0948008 | C5234922 | C0262469,yes,Heat Stroke | Ischemic stroke | Hemorrhagic Stroke | Embolic Stroke,Heat Stroke,Stroke,Stroke
Christopher Kirton,https://profiles.ucalgary.ca/christopher-kirton,non-invasive brain stimulation,non-invasive brain stimulation,"Non-Invasive Mechanical Ventilation | Invasive non-typhoidal salmonellosis | Mucinous cystadenocarcinoma, non-invasive | Non-invasive pancreatobiliary neoplasm",non invasive,MTH | SNOMEDCT_US,C2349740 | C4706572 | C1266078 | C3472605,yes,"Non-Invasive Mechanical Ventilation | Invasive non-typhoidal salmonellosis | Mucinous cystadenocarcinoma, non-invasive | Non-invasive pancreatobiliary neoplasm",Non-Invasive Mechanical Ventilation,Non Invasive,Non Invasive
Christopher Kirton,https://profiles.ucalgary.ca/christopher-kirton,brain computer interfaces,brain computer interfaces,Computed tomography of brain | User-Computer Interface | Computed tomography of brain abnormal,brain computer interfaces | brain computer | computer interfaces,MTH | SNOMEDCT_US,C0412585 | C0042117 | C1318624,yes,Computed tomography of brain | User-Computer Interface | Computed tomography of brain abnormal,User-Computer Interface,Brain Computer Interfaces,Brain Computer Interfaces
Christopher Sears,https://profiles.ucalgary.ca/christopher-sears,mood disorders,mood disorders,Mood Disorders | Psychotic Mood Disorders | Organic mood disorder | Bipolar Disorder,mood disorders,MSH | SNOMEDCT_US | MTH,C0525045 | C0086640 | C0029232 | C0005586,yes,Mood Disorders | Psychotic Mood Disorders | Organic mood disorder | Bipolar Disorder,Mood Disorders,Mood Disorders,Mood Disorders
Christopher Sears,https://profiles.ucalgary.ca/christopher-sears,depression,depression,"Mental Depression | Depressive disorder | Reactive depression | Depression, Postpartum",depression,MTH | MSH,C0011570 | C0011581 | C0011579 | C0221074,yes,"Mental Depression | Depressive disorder | Reactive depression | Depression, Postpartum",Mental Depression,Mental Depression,Mental Depression
Christopher Sears,https://profiles.ucalgary.ca/christopher-sears,visiting the cognition,visiting the cognition,Cognition | Impaired cognition | Cognition Disorders | Normal cognition,,MTH,C0009240 | C0338656 | C0009241 | C2712133,yes,Cognition | Impaired cognition | Cognition Disorders | Normal cognition,visiting the cognition,Visiting The Cognition,Visiting The Cognition
Christopher Sears,https://profiles.ucalgary.ca/christopher-sears,pain,pain,Pain | Chest Pain | Back Pain | Low Back Pain | Abdominal Pain,pain,MTH,C0030193 | C0008031 | C0004604 | C0024031 | C0000737,yes,Pain | Chest Pain | Back Pain | Low Back Pain | Abdominal Pain,Pain,Pain,Pain
Christopher White,https://profiles.ucalgary.ca/christopher-white,this includes supporting clinical,this includes supporting clinical,"Supporting clinical information | Decision Support Systems, Clinical",includes supporting | supporting clinical,MTH | MSH,C5889936 | C0525070,yes,"Supporting clinical information | Decision Support Systems, Clinical",Supporting clinical information,Supporting Clinical,Supporting Clinical
Christopher White,https://profiles.ucalgary.ca/christopher-white,assisting with clinical trials etc,assisting with clinical trials etc,"Clinical Trials | Clinical Trials, Monitoring | Clinical Trials, Randomized | Procedures Assisting Delivery",assisting clinical,MTH | MSH,C0008976 | C1516647 | C0206034 | C0877233,yes,"Clinical Trials | Clinical Trials, Monitoring | Clinical Trials, Randomized | Procedures Assisting Delivery",Clinical Trials,Clinical Trials,Clinical Trials
Christoph Simon,https://profiles.ucalgary.ca/christoph-simon,quantum information processing,quantum information processing,"Cognitive information processing | Computer information processing | Information Processing, Automatic | Difficulty processing information | Information processing training",information processing,MTH | MSH | SNOMEDCT_US,C0700301 | C0021420 | C0086460 | C0584954 | C0589091,yes,"Cognitive information processing | Computer information processing | Information Processing, Automatic | Difficulty processing information | Information processing training",Cognitive information processing,Information Processing,Information Processing
Chunlong Mu,https://profiles.ucalgary.ca/chunlong-mu,attention deficit disorder,attention deficit disorder,Attention Deficit Disorder | Attention deficit hyperactivity disorder | Child attention deficit disorder,attention deficit disorder | attention deficit | deficit disorder,MTH,C0041671 | C1263846 | C0004269,yes,Attention Deficit Disorder | Attention deficit hyperactivity disorder | Child attention deficit disorder,Attention Deficit Disorder,Attention Deficit Disorder,Attention Deficit Disorder
Chunlong Mu,https://profiles.ucalgary.ca/chunlong-mu,autism,autism,Autistic Disorder | Autism suspected,autism,MTH | SNOMEDCT_US,C0004352 | C1303176,yes,Autistic Disorder | Autism suspected,Autistic Disorder,Autistic Disorder,Autistic Disorder
Chunlong Mu,https://profiles.ucalgary.ca/chunlong-mu,role of gut microbiome,role of gut microbiome,,gut microbiome,,,no,role of gut microbiome,role of gut microbiome,Role Of Gut Microbiome,
Chunlong Mu,https://profiles.ucalgary.ca/chunlong-mu,ketogenic therapy in pediatric neurodevelopmental disorders,ketogenic therapy in pediatric neurodevelopmental disorders,Ketogenic Diet | 17-Ketogenic steroid | 17-Ketogenic Steroid Measurement | Therapeutic procedure | Speech Therapy,,MTH,C0259972 | C4048358 | C0236402 | C0087111 | C0037831,yes,Ketogenic Diet | 17-Ketogenic steroid | 17-Ketogenic Steroid Measurement | Therapeutic procedure | Speech Therapy,ketogenic therapy in pediatric neurodevelopmental disorders,Ketogenic Therapy In Pediatric Neurodevelopmental Disorders,
Chunlong Mu,https://profiles.ucalgary.ca/chunlong-mu,infantile epilepsy,infantile epilepsy,"Epilepsy, Myoclonic, Infantile | Infantile Severe Myoclonic Epilepsy | Self-limited infantile epilepsy | Amish Infantile Epilepsy Syndrome | Benign Infantile Myoclonic Epilepsy",infantile epilepsy,MTH | MSH,C0917800 | C0751122 | C5967405 | C1836824 | C0751120,yes,"Epilepsy, Myoclonic, Infantile | Infantile Severe Myoclonic Epilepsy | Self-limited infantile epilepsy | Amish Infantile Epilepsy Syndrome | Benign Infantile Myoclonic Epilepsy",Self-limited infantile epilepsy,Infantile Epilepsy,Infantile Epilepsy
Chunlong Mu,https://profiles.ucalgary.ca/chunlong-mu,gut microbiome,gut microbiome,,gut microbiome,,,no,gut microbiome,gut microbiome,Gut Microbiome,Gut Microbiome
Cindy Barha,https://profiles.ucalgary.ca/cindy-barha,brain aging in middle to older adults,brain aging in middle to older adults,Brain Concussion | Brain Injuries | Brain Neoplasms | Brain Diseases | Premature aging syndrome,,MTH,C0006107 | C0270611 | C0006118 | C0006111 | C0231341,yes,Brain Concussion | Brain Injuries | Brain Neoplasms | Brain Diseases | Premature aging syndrome,brain aging in middle to older adults,Brain Aging In Middle To Older Adults,
Cindy Barha,https://profiles.ucalgary.ca/cindy-barha,examines exercise-induced changes in the cardiovascular,examines exercise-induced changes in the cardiovascular,"Neurologic Examination | Manual pelvic examination (procedure) | Exercise stress test | Induced abortion (finding) | Hypothermia, Induced",,MTH,C0027853 | C0200045 | C0015260 | C1704300 | C0020674,yes,"Neurologic Examination | Manual pelvic examination (procedure) | Exercise stress test | Induced abortion (finding) | Hypothermia, Induced",examines exercise-induced changes in the cardiovascular,Examines Exercise Induced Changes In The Cardiovascular,
Cindy Barha,https://profiles.ucalgary.ca/cindy-barha,immune systems,immune systems,Immune System Diseases | Plant Immune System,immune systems,MTH | MSH,C0021053 | C2936253,yes,Immune System Diseases | Plant Immune System,Plant Immune System,Immune System,Immune System
Cindy Barha,https://profiles.ucalgary.ca/cindy-barha,brain health and exercise,brain health and exercise,Brain Concussion | Brain Injuries | Brain Neoplasms | Brain Diseases | mental health,brain health | health exercise,MTH,C0006107 | C0270611 | C0006118 | C0006111 | C0025353,yes,Brain Concussion | Brain Injuries | Brain Neoplasms | Brain Diseases | mental health,brain health and exercise,Brain Health And Exercise,Brain Health And Exercise
Cindy Barha,https://profiles.ucalgary.ca/cindy-barha,brain health,brain health,Brain Concussion | Brain Injuries | Brain Neoplasms | Brain Diseases | mental health,brain health,MTH,C0006107 | C0270611 | C0006118 | C0006111 | C0025353,yes,Brain Concussion | Brain Injuries | Brain Neoplasms | Brain Diseases | mental health,brain health,Brain Health,Brain Health
Cindy Barha,https://profiles.ucalgary.ca/cindy-barha,behavioral neuroscience,behavioral neuroscience,Behavioral tic | Behavioral Symptoms,,MTH,C0278076 | C0004941,yes,Behavioral tic | Behavioral Symptoms,behavioral neuroscience,Behavioral Neuroscience,Behavioral Neuroscience
Cindy Barha,https://profiles.ucalgary.ca/cindy-barha,long-term consequences of pregnancy for brain health,long-term consequences of pregnancy for brain health,,,,,no,long-term consequences of pregnancy for brain health,long-term consequences of pregnancy for brain health,Long Term Consequences Of Pregnancy For Brain Health,
Clare Gallagher,https://profiles.ucalgary.ca/clare-gallagher,brain injury,brain injury,"Brain Injuries | Traumatic Brain Injury | Brain Injury, Chronic | Crush injury of brain | Injury of parenchyma of brain",brain injury,MTH | MSH | SNOMEDCT_US,C0270611 | C0876926 | C0751813 | C4303411 | C5880441,yes,"Brain Injuries | Traumatic Brain Injury | Brain Injury, Chronic | Crush injury of brain | Injury of parenchyma of brain",Traumatic Brain Injury,Brain Injury,Brain Injury
Clare Gallagher,https://profiles.ucalgary.ca/clare-gallagher,cerebral metabolism after injury,cerebral metabolism after injury,Cerebral Palsy | Cerebral Hemorrhage | Cerebral Infarction | Cerebral Edema | Cerebral Ischemia,,MTH,C0007789 | C2937358 | C0007785 | C0006114 | C0917798,yes,Cerebral Palsy | Cerebral Hemorrhage | Cerebral Infarction | Cerebral Edema | Cerebral Ischemia,cerebral metabolism after injury,Cerebral Metabolism After Injury,Cerebral Metabolism After Injury
Clare Gallagher,https://profiles.ucalgary.ca/clare-gallagher,consequently outcome has not improved,consequently outcome has not improved,Pregnancy Outcome | Disease Outcome | Improved | Hearing improved | Improved mood,,MTH | SNOMEDCT_US,C0032972 | C0679250 | C0184511 | C0429200 | C4508986,yes,Pregnancy Outcome | Disease Outcome | Improved | Hearing improved | Improved mood,consequently outcome has not improved,Consequently Outcome Has Not Improved,
Claudia Gomes da Rocha,https://profiles.ucalgary.ca/claudia-gomes-da-rocha,neuromorphic systems and brain-inspired technologies,neuromorphic systems and brain-inspired technologies,Brain Concussion | Brain Injuries | Brain Neoplasms | Brain Diseases,,MTH,C0006107 | C0270611 | C0006118 | C0006111,yes,Brain Concussion | Brain Injuries | Brain Neoplasms | Brain Diseases,neuromorphic systems and brain-inspired technologies,Neuromorphic Systems And Brain Inspired Technologies,
Claudia Gomes da Rocha,https://profiles.ucalgary.ca/claudia-gomes-da-rocha,quantum materials and sensing,quantum materials and sensing,quorum sensing | Calcium-Sensing Receptor | Quantum Theory | Dental Materials | Genetic Materials,materials sensing,MTH | MSH,C1154599 | C0249742 | C0034385 | C0011379 | C0440471,yes,quorum sensing | Calcium-Sensing Receptor | Quantum Theory | Dental Materials | Genetic Materials,quantum materials and sensing,Quantum Materials And Sensing,Quantum Materials And Sensing
Claudia Gomes da Rocha,https://profiles.ucalgary.ca/claudia-gomes-da-rocha,quantum science,quantum science,Quantum Theory,,MSH,C0034385,yes,Quantum Theory,quantum science,Quantum Science,Quantum Science
Colin Dalton,https://profiles.ucalgary.ca/colin-dalton,brain machine interfaces,brain machine interfaces,Brain Concussion | Brain Injuries | Brain Neoplasms | Brain Diseases | User-Computer Interface,brain machine interfaces | brain machine | machine interfaces,MTH,C0006107 | C0270611 | C0006118 | C0006111 | C0042117,yes,Brain Concussion | Brain Injuries | Brain Neoplasms | Brain Diseases | User-Computer Interface,brain machine interfaces,Brain Machine Interfaces,Brain Machine Interfaces
Colin Dalton,https://profiles.ucalgary.ca/colin-dalton,biomedical engineering,biomedical engineering,Biomedical Cement | Biomedical Research | Tissue Engineering,biomedical engineering,MTH | MSH,C1704479 | C0005540 | C0596171,yes,Biomedical Cement | Biomedical Research | Tissue Engineering,biomedical engineering,Biomedical Engineering,Biomedical Engineering
Colin Dalton,https://profiles.ucalgary.ca/colin-dalton,alzheimer disease,alzheimer disease,Alzheimer's Disease | ALZHEIMER DISEASE 2 | ALZHEIMER DISEASE 4 | Alzheimer Disease 9,alzheimer disease,MTH,C0002395 | C1863051 | C1847200 | C1837149,yes,Alzheimer's Disease | ALZHEIMER DISEASE 2 | ALZHEIMER DISEASE 4 | Alzheimer Disease 9,Alzheimer's Disease,Alzheimer Disease,Alzheimer Disease
Colin Dalton,https://profiles.ucalgary.ca/colin-dalton,stroke,stroke,Heat Stroke | Ischemic stroke | Hemorrhagic Stroke | Embolic Stroke,stroke,MTH | MSH,C0018843 | C0948008 | C5234922 | C0262469,yes,Heat Stroke | Ischemic stroke | Hemorrhagic Stroke | Embolic Stroke,Heat Stroke,Stroke,Stroke
Colin Dalton,https://profiles.ucalgary.ca/colin-dalton,pain,pain,Pain | Chest Pain | Back Pain | Low Back Pain | Abdominal Pain,pain,MTH,C0030193 | C0008031 | C0004604 | C0024031 | C0000737,yes,Pain | Chest Pain | Back Pain | Low Back Pain | Abdominal Pain,Pain,Pain,Pain
Colin Josephson,https://profiles.ucalgary.ca/colin-josephson,epilepsy,epilepsy,"Epilepsy | Absence Epilepsy | Tonic-Clonic Epilepsy | Epilepsy, Complex Partial",epilepsy,MTH | MSH,C0014544 | C0014553 | C0014549 | C0085417,yes,"Epilepsy | Absence Epilepsy | Tonic-Clonic Epilepsy | Epilepsy, Complex Partial",Epilepsy,Epilepsy,Epilepsy
Colin Josephson,https://profiles.ucalgary.ca/colin-josephson,machine learning,machine learning,Machine Learning | Supervised Machine Learning | Unsupervised Machine Learning | Reinforcement Machine Learning | Representation Machine Learning,machine learning,MSH,C0376284 | C4042903 | C4042902 | C5940531 | C5940532,yes,Machine Learning | Supervised Machine Learning | Unsupervised Machine Learning | Reinforcement Machine Learning | Representation Machine Learning,Machine Learning,Machine Learning,Machine Learning
Colin Josephson,https://profiles.ucalgary.ca/colin-josephson,therapeutic predictive models for epilepsy,therapeutic predictive models for epilepsy,Predictive Learning Models | Therapeutic procedure | Therapeutic plateletpheresis | Therapeutic abortion procedure | Therapeutic immunosuppression,,MSH | MTH,C5940535 | C0087111 | C0032202 | C0000820 | C0021079,yes,Predictive Learning Models | Therapeutic procedure | Therapeutic plateletpheresis | Therapeutic abortion procedure | Therapeutic immunosuppression,Predictive Learning Models,Predictive Learning Models,Predictive Learning Models
Colin Josephson,https://profiles.ucalgary.ca/colin-josephson,epidemiology,epidemiology,,epidemiology,,,no,epidemiology,epidemiology,Epidemiology,Epidemiology
Colin Josephson,https://profiles.ucalgary.ca/colin-josephson,stroke,stroke,Heat Stroke | Ischemic stroke | Hemorrhagic Stroke | Embolic Stroke,stroke,MTH | MSH,C0018843 | C0948008 | C5234922 | C0262469,yes,Heat Stroke | Ischemic stroke | Hemorrhagic Stroke | Embolic Stroke,Heat Stroke,Stroke,Stroke
Colin Josephson,https://profiles.ucalgary.ca/colin-josephson,predictive modeling to epilepsy outcomes,predictive modeling to epilepsy outcomes,Predictive Learning Models | Mortality Prediction Model II,predictive modeling,MSH | SNOMEDCT_US,C5940535 | C0451319,yes,Predictive Learning Models | Mortality Prediction Model II,Predictive Learning Models,Predictive Learning Models,Predictive Learning Models
Colleen Maxwell,https://profiles.ucalgary.ca/colleen-maxwell,alzheimer disease,alzheimer disease,Alzheimer's Disease | ALZHEIMER DISEASE 2 | ALZHEIMER DISEASE 4 | Alzheimer Disease 9,alzheimer disease,MTH,C0002395 | C1863051 | C1847200 | C1837149,yes,Alzheimer's Disease | ALZHEIMER DISEASE 2 | ALZHEIMER DISEASE 4 | Alzheimer Disease 9,Alzheimer's Disease,Alzheimer Disease,Alzheimer Disease
Colleen Maxwell,https://profiles.ucalgary.ca/colleen-maxwell,epidemiology,epidemiology,,epidemiology,,,no,epidemiology,epidemiology,Epidemiology,Epidemiology
Colleen Maxwell,https://profiles.ucalgary.ca/colleen-maxwell,depression,depression,"Mental Depression | Depressive disorder | Reactive depression | Depression, Postpartum",depression,MTH | MSH,C0011570 | C0011581 | C0011579 | C0221074,yes,"Mental Depression | Depressive disorder | Reactive depression | Depression, Postpartum",Mental Depression,Depression,Depression
Colleen Maxwell,https://profiles.ucalgary.ca/colleen-maxwell,vascular dementia,vascular dementia,"Vascular Dementia, With Delirium | Dementia, Vascular | Subcortical Vascular Dementia | Ischemic vascular dementia | Cortical vascular dementia",vascular dementia,MTH | MSH | SNOMEDCT_US,C0236651 | C0011269 | C0393561 | C4302061 | C5394875,yes,"Vascular Dementia, With Delirium | Dementia, Vascular | Subcortical Vascular Dementia | Ischemic vascular dementia | Cortical vascular dementia","Dementia, Vascular",Dementia Vascular,Dementia Vascular
Colleen Maxwell,https://profiles.ucalgary.ca/colleen-maxwell,health services,health services,Health Services Accessibility,health services,MTH,C0018748,yes,Health Services Accessibility,Health Services Accessibility,Health Services,Health Services
Colleen Maxwell,https://profiles.ucalgary.ca/colleen-maxwell,outcomes research,outcomes research,Outcomes Research,outcomes research,MSH,C0086750,yes,Outcomes Research,Outcomes Research,Outcomes Research,Outcomes Research
Colleen Maxwell,https://profiles.ucalgary.ca/colleen-maxwell,health systems,health systems,Health Systems Plans | Health Information Systems,health systems,MTH | MSH,C0018764 | C0679918,yes,Health Systems Plans | Health Information Systems,Health Systems Plans,Health Systems,Health Systems
Corey Flynn,https://profiles.ucalgary.ca/corey-flynn,advancing teaching and learning,advancing teaching and learning,Learning | Learning Disorders | Learning Disabilities | Verbal Learning | Presenting part not advancing,,MTH | MSH | SNOMEDCT_US,C0023185 | C0023186 | C0751265 | C0042531 | C0566860,yes,Learning | Learning Disorders | Learning Disabilities | Verbal Learning | Presenting part not advancing,advancing teaching and learning,Advancing Teaching And Learning,Advancing Teaching And Learning
Corey Flynn,https://profiles.ucalgary.ca/corey-flynn,depression,depression,"Mental Depression | Depressive disorder | Reactive depression | Depression, Postpartum",depression,MTH | MSH,C0011570 | C0011581 | C0011579 | C0221074,yes,"Mental Depression | Depressive disorder | Reactive depression | Depression, Postpartum",Mental Depression,Depression,Depression
Dallas Seitz,https://profiles.ucalgary.ca/dallas-seitz,dementia,dementia,"Dementia | Presenile dementia | Senile dementia | Multi-infarct dementia | Dementia, Vascular",dementia,MTH | MSH,C0497327 | C0011265 | C0011268 | C0011263 | C0011269,yes,"Dementia | Presenile dementia | Senile dementia | Multi-infarct dementia | Dementia, Vascular",Dementia,Dementia,Dementia
Dallas Seitz,https://profiles.ucalgary.ca/dallas-seitz,mental health,mental health,mental health | Mental health treatment,mental health,MTH | SNOMEDCT_US,C0025353 | C0184647,yes,mental health | Mental health treatment,mental health,Mental Health,Mental Health
Dallas Seitz,https://profiles.ucalgary.ca/dallas-seitz,geriatric mental health,geriatric mental health,mental health | Mental health treatment,mental health,MTH | SNOMEDCT_US,C0025353 | C0184647,yes,mental health | Mental health treatment,mental health,Mental Health,Mental Health
Dallas Seitz,https://profiles.ucalgary.ca/dallas-seitz,health services research,health services research,Health Services Research | Health Services Accessibility,health services research | health services | services research,MTH,C0018757 | C0018748,yes,Health Services Research | Health Services Accessibility,Health Services Research,Health Services Research,Health Services Research
Dallas Seitz,https://profiles.ucalgary.ca/dallas-seitz,epidemiology,epidemiology,,epidemiology,,,no,epidemiology,epidemiology,Epidemiology,Epidemiology
Dallas Seitz,https://profiles.ucalgary.ca/dallas-seitz,other mental health conditions,other mental health conditions,mental health | Other hemoglobinopathies | Other cataract | Other psoriasis | Other acariasis,other mental health | other mental,MTH,C0025353 | C0029632 | C0029531 | C0477485 | C0029482,yes,mental health | Other hemoglobinopathies | Other cataract | Other psoriasis | Other acariasis,mental health,Mental Health,Mental Health
Dallas Seitz,https://profiles.ucalgary.ca/dallas-seitz,knowledge translation in geriatric mental health,knowledge translation in geriatric mental health,Knowledge Translation | Knowledge | Adequate Knowledge | Language Translation (publication) | Knowledge Bases,,MSH | MTH,C3494164 | C0376554 | C1998726 | C0040712 | C0022752,yes,Knowledge Translation | Knowledge | Adequate Knowledge | Language Translation (publication) | Knowledge Bases,Knowledge Translation,Knowledge Translation,Knowledge Translation
Dallas Seitz,https://profiles.ucalgary.ca/dallas-seitz,other mental disorders in late life,other mental disorders in late life,"Other mental and behavioral disorders associated with the puerperium, NEC in ICD10 | Other mental and behavioral disorders associated with the puerperium, NEC in ICD10AMAE | Adjustment reaction of late life",other mental disorders | disorders late life,MTH | SNOMEDCT_US,C0869122 | C1144823 | C0233441,yes,"Other mental and behavioral disorders associated with the puerperium, NEC in ICD10 | Other mental and behavioral disorders associated with the puerperium, NEC in ICD10AMAE | Adjustment reaction of late life",Adjustment reaction of late life,Late Life,Late Life
Dallas Seitz,https://profiles.ucalgary.ca/dallas-seitz,health systems,health systems,Health Systems Plans | Health Information Systems,health systems,MTH | MSH,C0018764 | C0679918,yes,Health Systems Plans | Health Information Systems,Health Systems Plans,Health Systems,Health Systems
Dallas Seitz,https://profiles.ucalgary.ca/dallas-seitz,experience - mental health,experience - mental health,mental health | Mental health treatment,experience mental | mental health,MTH | SNOMEDCT_US,C0025353 | C0184647,yes,mental health | Mental health treatment,mental health,Mental Health,Mental Health
Daniel McGrath,https://profiles.ucalgary.ca/daniel-mcgrath,disordered gambling,disordered gambling,"Gambling, Pathological",disordered gambling,MTH,C0030662,yes,"Gambling, Pathological",disordered gambling,Disordered Gambling,Disordered Gambling
Daniel McGrath,https://profiles.ucalgary.ca/daniel-mcgrath,schizophrenia,schizophrenia,"Schizophrenia | Paranoid Schizophrenia | Schizophrenia, Disorganized | Schizophrenia, Catatonic | Residual schizophrenia",schizophrenia,MTH | MSH | SNOMEDCT_US,C0036341 | C0036349 | C0036347 | C0036344 | C0036351,yes,"Schizophrenia | Paranoid Schizophrenia | Schizophrenia, Disorganized | Schizophrenia, Catatonic | Residual schizophrenia",Schizophrenia,Schizophrenia,Schizophrenia
Daniel McGrath,https://profiles.ucalgary.ca/daniel-mcgrath,depression,depression,"Mental Depression | Depressive disorder | Reactive depression | Depression, Postpartum",depression,MTH | MSH,C0011570 | C0011581 | C0011579 | C0221074,yes,"Mental Depression | Depressive disorder | Reactive depression | Depression, Postpartum",Mental Depression,Mental Depression,Mental Depression
Daniel McGrath,https://profiles.ucalgary.ca/daniel-mcgrath,non-smoking disordered gamblers,non-smoking disordered gamblers,use of non-smoking tobacco assessed (treatment),non smoking disordered | non smoking,MTH,C2224283,yes,use of non-smoking tobacco assessed (treatment),use of non-smoking tobacco assessed (treatment),Non Smoking Tobacco,Non Smoking Tobacco
Daniel Okoro,https://profiles.ucalgary.ca/daniel-okoro,indigenous mental health,indigenous mental health,mental health | Mental health treatment,mental health,MTH | SNOMEDCT_US,C0025353 | C0184647,yes,mental health | Mental health treatment,mental health,Mental Health,Mental Health
Daniel Okoro,https://profiles.ucalgary.ca/daniel-okoro,military psychiatry,military psychiatry,Military Deployment,military psychiatry,MSH,C2321230,yes,Military Deployment,military psychiatry,Military Psychiatry,Military Psychiatry
Daniel Okoro,https://profiles.ucalgary.ca/daniel-okoro,cultural psychiatry,cultural psychiatry,,cultural psychiatry,,,no,cultural psychiatry,cultural psychiatry,Cultural Psychiatry,Cultural Psychiatry
Daniel Okoro,https://profiles.ucalgary.ca/daniel-okoro,post-traumatic stress disorder,post-traumatic stress disorder,Post-Traumatic Stress Disorder | Delayed Onset Post-Traumatic Stress Disorder | Complex post-traumatic stress disorder,post-traumatic stress disorder | post traumatic stress | traumatic stress disorder | post traumatic,MTH | MSH | SNOMEDCT_US,C0038436 | C1136393 | C2733207,yes,Post-Traumatic Stress Disorder | Delayed Onset Post-Traumatic Stress Disorder | Complex post-traumatic stress disorder,Post-Traumatic Stress Disorder,Post Traumatic Stress Disorder,Post Traumatic Stress Disorder
Daniel Pang,https://profiles.ucalgary.ca/daniel-pang,clinical science,clinical science,Clinical Trials,clinical science,MTH,C0008976,yes,Clinical Trials,clinical science,Clinical Science,Clinical Science
Daniel Pang,https://profiles.ucalgary.ca/daniel-pang,equine health,equine health,"Encephalomyelitis, Western Equine | Venezuelan equine encephalomyelitis | Equine rhabdomyolysis | Equine palatitis | mental health",,MTH,C0153064 | C0014078 | C0263991 | C0267015 | C0025353,yes,"Encephalomyelitis, Western Equine | Venezuelan equine encephalomyelitis | Equine rhabdomyolysis | Equine palatitis | mental health",equine health,Equine Health,Equine Health
Daniel Pang,https://profiles.ucalgary.ca/daniel-pang,pain,pain,Pain | Chest Pain | Back Pain | Low Back Pain | Abdominal Pain,pain,MTH,C0030193 | C0008031 | C0004604 | C0024031 | C0000737,yes,Pain | Chest Pain | Back Pain | Low Back Pain | Abdominal Pain,Pain,Pain,Pain
Danijela Piskulic,https://profiles.ucalgary.ca/danijela-piskulic,health systems,health systems,Health Systems Plans | Health Information Systems,health systems,MTH | MSH,C0018764 | C0679918,yes,Health Systems Plans | Health Information Systems,Health Systems Plans,Health Systems,Health Systems
Danijela Piskulic,https://profiles.ucalgary.ca/danijela-piskulic,youth mental health,youth mental health,mental health | Mental health treatment,mental health,MTH | SNOMEDCT_US,C0025353 | C0184647,yes,mental health | Mental health treatment,mental health,Mental Health,Mental Health
Danijela Piskulic,https://profiles.ucalgary.ca/danijela-piskulic,stroke,stroke,Heat Stroke | Ischemic stroke | Hemorrhagic Stroke | Embolic Stroke,stroke,MTH | MSH,C0018843 | C0948008 | C5234922 | C0262469,yes,Heat Stroke | Ischemic stroke | Hemorrhagic Stroke | Embolic Stroke,Heat Stroke,Stroke,Stroke
Darren Derksen,https://profiles.ucalgary.ca/darren-derksen,novel therapeutics and medicinal chemistry,novel therapeutics and medicinal chemistry,literary novel | Therapeutic procedure | Medicinal Product | Graphic Novel | novel human deoxyribonuclease,,MTH | MSH,C0679622 | C0087111 | C4553142 | C4042926 | C0537310,yes,literary novel | Therapeutic procedure | Medicinal Product | Graphic Novel | novel human deoxyribonuclease,novel therapeutics and medicinal chemistry,Novel Therapeutics And Medicinal Chemistry,
Darren Derksen,https://profiles.ucalgary.ca/darren-derksen,particularly those occurring in the brain,particularly those occurring in the brain,Headache occurring | Naturally occurring alkaloid | Complication occurring during pregnancy | Limp occurring during childhood,,MTH | SNOMEDCT_US,C0857361 | C0304416 | C3662149 | C3662763,yes,Headache occurring | Naturally occurring alkaloid | Complication occurring during pregnancy | Limp occurring during childhood,particularly those occurring in the brain,Particularly Those Occurring In The Brain,
Darren Derksen,https://profiles.ucalgary.ca/darren-derksen,novel therapeutics,novel therapeutics,literary novel | Therapeutic procedure | Graphic Novel | novel human deoxyribonuclease,,MTH | MSH,C0679622 | C0087111 | C4042926 | C0537310,yes,literary novel | Therapeutic procedure | Graphic Novel | novel human deoxyribonuclease,novel therapeutics,Novel Therapeutics,Novel Therapeutics
Darren Laree Clark,https://profiles.ucalgary.ca/darren-laree-clark,movement disorders,movement disorders,"Movement Disorders | Extrapyramidal and movement disorders | Stereotypic Movement Disorder | Movement Disorders, Rhythmic Nocturnal",movement disorders,MTH | MSH,C0026650 | C0477355 | C0038273 | C0752298,yes,"Movement Disorders | Extrapyramidal and movement disorders | Stereotypic Movement Disorder | Movement Disorders, Rhythmic Nocturnal",Movement Disorders,Movement Disorders,Movement Disorders
Darren Laree Clark,https://profiles.ucalgary.ca/darren-laree-clark,depression,depression,"Mental Depression | Depressive disorder | Reactive depression | Depression, Postpartum",depression,MTH | MSH,C0011570 | C0011581 | C0011579 | C0221074,yes,"Mental Depression | Depressive disorder | Reactive depression | Depression, Postpartum",Mental Depression,Depression,Depression
Darren Laree Clark,https://profiles.ucalgary.ca/darren-laree-clark,exploration of neuromodulation therapies,exploration of neuromodulation therapies,Percutaneous Neuromodulation Therapy,neuromodulation therapies,MSH,C1518963,yes,Percutaneous Neuromodulation Therapy,exploration of neuromodulation therapies,Exploration Of Neuromodulation Therapies,Exploration Of Neuromodulation Therapies
Darren Laree Clark,https://profiles.ucalgary.ca/darren-laree-clark,parkinson’s disease,parkinson s disease,"Parkinson Disease | Parkinson Disease, Mitochondrial | Alzheimer's Disease | Parkinson Disease, Postencephalitic",parkinson s | s disease,MTH | MSH,C0030567 | C1838867 | C0002395 | C0030568,yes,"Parkinson Disease | Parkinson Disease, Mitochondrial | Alzheimer's Disease | Parkinson Disease, Postencephalitic",Parkinson Disease,Parkinson Disease,Parkinson Disease
David Cadotte,https://profiles.ucalgary.ca/david-cadotte,advanced imaging of the human spinal cord,advanced imaging of the human spinal cord,"Diagnostic Imaging | Radionuclide Imaging | Magnetic Resonance Imaging | Imaging Techniques | insulin, regular, human",human spinal cord,MTH,C0011923 | C0034606 | C0024485 | C0079595 | C0795635,yes,"Diagnostic Imaging | Radionuclide Imaging | Magnetic Resonance Imaging | Imaging Techniques | insulin, regular, human",advanced imaging of the human spinal cord,Advanced Imaging Of The Human Spinal Cord,
David Cadotte,https://profiles.ucalgary.ca/david-cadotte,spinal column,spinal column,"Tuberculosis, Spinal | Spinal Diseases | Spinal Muscular Atrophy",spinal column,MTH,C0041330 | C0037933 | C0026847,yes,"Tuberculosis, Spinal | Spinal Diseases | Spinal Muscular Atrophy",spinal column,Spinal Column,Spinal Column
David Carson Hodgins,https://profiles.ucalgary.ca/david-carson-hodgins,depression,depression,"Mental Depression | Depressive disorder | Reactive depression | Depression, Postpartum",depression,MTH | MSH,C0011570 | C0011581 | C0011579 | C0221074,yes,"Mental Depression | Depressive disorder | Reactive depression | Depression, Postpartum",Mental Depression,Mental Depression,Mental Depression
David Carson Hodgins,https://profiles.ucalgary.ca/david-carson-hodgins,substance abuse addictions,substance abuse addictions,Substance Abuse Problems | Substance Abuse Detection | No substance abuse | Maternal substance abuse,substance abuse,MTH,C0740858 | C0038577 | C2712114 | C3494673,yes,Substance Abuse Problems | Substance Abuse Detection | No substance abuse | Maternal substance abuse,Substance Abuse Detection,Substance Abuse,Substance Abuse
David Carson Hodgins,https://profiles.ucalgary.ca/david-carson-hodgins,other mental health comorbidities (e,other mental health comorbidities e,mental health | Other hemoglobinopathies | Other cataract | Other psoriasis | Other acariasis,other mental health,MTH,C0025353 | C0029632 | C0029531 | C0477485 | C0029482,yes,mental health | Other hemoglobinopathies | Other cataract | Other psoriasis | Other acariasis,mental health,Mental Health,Mental Health
Davide Martino,https://profiles.ucalgary.ca/davide-martino,clinical research: biomarkers,clinical research biomarkers,Clinical Research | research clinical testing | Clinical Nursing Research | Clinical Research Protocol,clinical research,MTH | MSH,C0008972 | C1516634 | C0008967 | C0205717,yes,Clinical Research | research clinical testing | Clinical Nursing Research | Clinical Research Protocol,Clinical Research,Clinical Research,Clinical Research
Davide Martino,https://profiles.ucalgary.ca/davide-martino,non-invasive neuro modulation,non-invasive neuro modulation,"Non-Invasive Mechanical Ventilation | Invasive non-typhoidal salmonellosis | Mucinous cystadenocarcinoma, non-invasive | Non-invasive pancreatobiliary neoplasm",non invasive,MTH | SNOMEDCT_US,C2349740 | C4706572 | C1266078 | C3472605,yes,"Non-Invasive Mechanical Ventilation | Invasive non-typhoidal salmonellosis | Mucinous cystadenocarcinoma, non-invasive | Non-invasive pancreatobiliary neoplasm",Non-Invasive Mechanical Ventilation,Non Invasive,Non Invasive
Davide Martino,https://profiles.ucalgary.ca/davide-martino,movement disorders,movement disorders,"Movement Disorders | Extrapyramidal and movement disorders | Stereotypic Movement Disorder | Movement Disorders, Rhythmic Nocturnal",movement disorders,MTH | MSH,C0026650 | C0477355 | C0038273 | C0752298,yes,"Movement Disorders | Extrapyramidal and movement disorders | Stereotypic Movement Disorder | Movement Disorders, Rhythmic Nocturnal",Movement Disorders,Movement Disorders,Movement Disorders
Davide Martino,https://profiles.ucalgary.ca/davide-martino,other neurodevelopmental disorders,other neurodevelopmental disorders,Neurodevelopmental Disorders | Alcohol Related Neurodevelopmental Disorder | Fetal neurodevelopmental disorder | PLAA-associated neurodevelopmental disorder,neurodevelopmental disorders,MTH | SNOMEDCT_US,C1535926 | C0814154 | C1285381 | C4479631,yes,Neurodevelopmental Disorders | Alcohol Related Neurodevelopmental Disorder | Fetal neurodevelopmental disorder | PLAA-associated neurodevelopmental disorder,Neurodevelopmental Disorders,Neurodevelopmental Disorders,Neurodevelopmental Disorders
Davide Martino,https://profiles.ucalgary.ca/davide-martino,parkinson’s disease,parkinson s disease,"Parkinson Disease | Parkinson Disease, Mitochondrial | Alzheimer's Disease | Parkinson Disease, Postencephalitic",parkinson s | s disease,MTH | MSH,C0030567 | C1838867 | C0002395 | C0030568,yes,"Parkinson Disease | Parkinson Disease, Mitochondrial | Alzheimer's Disease | Parkinson Disease, Postencephalitic",Parkinson Disease,Parkinson Disease,Parkinson Disease
David Hogan,https://profiles.ucalgary.ca/david-hogan,topics such as clinical geriatrics,topics such as clinical geriatrics,MedlinePlus Health Topics | Chronology as Topic | Clinical Trials | Does choose topics of conversation | Difficulty choosing topics of conversation,,MTH | SNOMEDCT_US,C1456590 | C0008717 | C0008976 | C0566073 | C0566075,yes,MedlinePlus Health Topics | Chronology as Topic | Clinical Trials | Does choose topics of conversation | Difficulty choosing topics of conversation,Chronology as Topic,Topic,Topic
David Hogan,https://profiles.ucalgary.ca/david-hogan,dementia,dementia,"Dementia | Presenile dementia | Senile dementia | Multi-infarct dementia | Dementia, Vascular",dementia,MTH | MSH,C0497327 | C0011265 | C0011268 | C0011263 | C0011269,yes,"Dementia | Presenile dementia | Senile dementia | Multi-infarct dementia | Dementia, Vascular",Dementia,Dementia,Dementia
David Hogan,https://profiles.ucalgary.ca/david-hogan,clinical practice guidelines,clinical practice guidelines,Clinical Practice Guideline | Good Clinical Practice | Published Practice Guidelines | Practice Guidelines as Topic,clinical practice guidelines | clinical practice | practice guidelines,MSH | MTH,C0282451 | C2986419 | C0936005 | C0162793,yes,Clinical Practice Guideline | Good Clinical Practice | Published Practice Guidelines | Practice Guidelines as Topic,Clinical Practice Guideline,Clinical Practice Guideline,Clinical Practice Guideline
David Hogan,https://profiles.ucalgary.ca/david-hogan,alzheimer disease,alzheimer disease,Alzheimer's Disease | ALZHEIMER DISEASE 2 | ALZHEIMER DISEASE 4 | Alzheimer Disease 9,alzheimer disease,MTH,C0002395 | C1863051 | C1847200 | C1837149,yes,Alzheimer's Disease | ALZHEIMER DISEASE 2 | ALZHEIMER DISEASE 4 | Alzheimer Disease 9,Alzheimer's Disease,Alzheimer Disease,Alzheimer Disease
David Hogan,https://profiles.ucalgary.ca/david-hogan,pain,pain,Pain | Chest Pain | Back Pain | Low Back Pain | Abdominal Pain,pain,MTH,C0030193 | C0008031 | C0004604 | C0024031 | C0000737,yes,Pain | Chest Pain | Back Pain | Low Back Pain | Abdominal Pain,Pain,Pain,Pain
David Hogan,https://profiles.ucalgary.ca/david-hogan,depression,depression,"Mental Depression | Depressive disorder | Reactive depression | Depression, Postpartum",depression,MTH | MSH,C0011570 | C0011581 | C0011579 | C0221074,yes,"Mental Depression | Depressive disorder | Reactive depression | Depression, Postpartum",Mental Depression,Depression,Depression
David Lindenbach,https://profiles.ucalgary.ca/david-lindenbach,treatment of childhood trauma,treatment of childhood trauma,Childhood Trauma | Childhood Trauma Questionnaire | Childhood trauma questionnaire short form,childhood trauma,MSH | SNOMEDCT_US,C5544356 | C5828955 | C5699933,yes,Childhood Trauma | Childhood Trauma Questionnaire | Childhood trauma questionnaire short form,Childhood Trauma,Childhood Trauma,Childhood Trauma
David Lindenbach,https://profiles.ucalgary.ca/david-lindenbach,social services,social services,"Phobia, Social | Social Problems",social services,MSH,C0031572 | C0037431,yes,"Phobia, Social | Social Problems",social services,Social Services,Social Services
David Lindenbach,https://profiles.ucalgary.ca/david-lindenbach,i joined hull services,i joined hull services,Joined self-help group,,SNOMEDCT_US,C0421173,yes,Joined self-help group,i joined hull services,I Joined Hull Services,I Joined Hull Services
David Lindenbach,https://profiles.ucalgary.ca/david-lindenbach,health systems,health systems,Health Systems Plans | Health Information Systems,health systems,MTH | MSH,C0018764 | C0679918,yes,Health Systems Plans | Health Information Systems,Health Systems Plans,Health Systems,Health Systems
David Lindenbach,https://profiles.ucalgary.ca/david-lindenbach,mental health services,mental health services,mental health | Health Services Accessibility | Mental health treatment,mental health services | mental health | health services,MTH | SNOMEDCT_US,C0025353 | C0018748 | C0184647,yes,mental health | Health Services Accessibility | Mental health treatment,mental health,Mental Health,Mental Health
David Lindenbach,https://profiles.ucalgary.ca/david-lindenbach,clinical outcomes,clinical outcomes,Clinical Trials | Nutrition outcomes | Expected outcomes | R-Outcomes | Elimination outcomes,clinical outcomes,MTH,C0008976 | C0518896 | C2963499 | C5445044 | C0518891,yes,Clinical Trials | Nutrition outcomes | Expected outcomes | R-Outcomes | Elimination outcomes,clinical outcomes,Clinical Outcomes,Clinical Outcomes
David Lindenbach,https://profiles.ucalgary.ca/david-lindenbach,cognitive behavioral therapy,cognitive behavioral therapy,Cognitive behavioral language therapy | Generic cognitive behavioral therapy | Computerized cognitive behavioral therapy | Cognitive behavioral therapy for insomnia,cognitive behavioral therapy | cognitive behavioral | behavioral therapy,SNOMEDCT_US,C0589193 | C0579049 | C1998288 | C4763869,yes,Cognitive behavioral language therapy | Generic cognitive behavioral therapy | Computerized cognitive behavioral therapy | Cognitive behavioral therapy for insomnia,Generic cognitive behavioral therapy,Cognitive Behavioral Therapy,Cognitive Behavioral Therapy
David Lindenbach,https://profiles.ucalgary.ca/david-lindenbach,youth mental health,youth mental health,mental health | Mental health treatment,mental health,MTH | SNOMEDCT_US,C0025353 | C0184647,yes,mental health | Mental health treatment,mental health,Mental Health,Mental Health
David Neil Crockford,https://profiles.ucalgary.ca/david-neil-crockford,early psychosis,early psychosis,Psychosis in early childhood | Early intervention in psychosis HRGs,early psychosis,SNOMEDCT_US,C3531752 | C1271770,yes,Psychosis in early childhood | Early intervention in psychosis HRGs,Psychosis in early childhood,Psychosis In Early,Psychosis In Early
David Neil Crockford,https://profiles.ucalgary.ca/david-neil-crockford,neuroimaging,neuroimaging,Neuroimaging | Functional Neuroimaging,neuroimaging,MTH | MSH,C0679575 | C3178877,yes,Neuroimaging | Functional Neuroimaging,Neuroimaging,Neuroimaging,Neuroimaging
David Neil Crockford,https://profiles.ucalgary.ca/david-neil-crockford,concurrent psychiatric,concurrent psychiatric,"Psychiatric symptom | Concurrent Chemoradiotherapy | Concurrent Surgery | Fetishism, Psychiatric | Psychiatric Rehabilitation",,MTH | MSH,C0233401 | C3178775 | C5828354 | C0015957 | C0204512,yes,"Psychiatric symptom | Concurrent Chemoradiotherapy | Concurrent Surgery | Fetishism, Psychiatric | Psychiatric Rehabilitation",concurrent psychiatric,Concurrent Psychiatric,Concurrent Psychiatric
David Neil Crockford,https://profiles.ucalgary.ca/david-neil-crockford,substance use disorders,substance use disorders,Substance use disorder score | Substance use disorder severity | Substance Use Disorders,substance use disorders | substance use | use disorders,MTH | MSH,C5203644 | C5203652 | C0038586,yes,Substance use disorder score | Substance use disorder severity | Substance Use Disorders,Substance Use Disorders,Substance Use Disorders,Substance Use Disorders
David Neil Crockford,https://profiles.ucalgary.ca/david-neil-crockford,gambling disorder,gambling disorder,"Gambling disorder predominantly offline | Gambling disorder predominantly online | Gambling, Pathological",gambling disorder,SNOMEDCT_US | MTH,C4543820 | C4543821 | C0030662,yes,"Gambling disorder predominantly offline | Gambling disorder predominantly online | Gambling, Pathological",Gambling disorder predominantly online,Gambling Disorder,Gambling Disorder
David Nicholas,https://profiles.ucalgary.ca/david-nicholas,autism,autism,Autistic Disorder | Autism suspected,autism,MTH | SNOMEDCT_US,C0004352 | C1303176,yes,Autistic Disorder | Autism suspected,Autistic Disorder,Autistic Disorder,Autistic Disorder
David Nicholas,https://profiles.ucalgary.ca/david-nicholas,determinants of health,determinants of health,Social Determinants of Health | Commercial Determinants of Health,determinants of health | determinants health,MTH | MSH,C3658315 | C5828614,yes,Social Determinants of Health | Commercial Determinants of Health,Social Determinants of Health,Social Determinants Of Health,Social Determinants Of Health
David Nicholas,https://profiles.ucalgary.ca/david-nicholas,health services research,health services research,Health Services Research | Health Services Accessibility,health services research | health services | services research,MTH,C0018757 | C0018748,yes,Health Services Research | Health Services Accessibility,Health Services Research,Health Services Research,Health Services Research
David Nicholas,https://profiles.ucalgary.ca/david-nicholas,neurodevelopmental disorders,neurodevelopmental disorders,Neurodevelopmental Disorders | Fetal neurodevelopmental disorder,neurodevelopmental disorders,MTH | SNOMEDCT_US,C1535926 | C1285381,yes,Neurodevelopmental Disorders | Fetal neurodevelopmental disorder,Neurodevelopmental Disorders,Neurodevelopmental Disorders,Neurodevelopmental Disorders
David Nicholas,https://profiles.ucalgary.ca/david-nicholas,patient and family centred care,patient and family centred care,Psychiatric interview of family of patient | Psychiatric interpretation to family or parents of patient,patient family,SNOMEDCT_US,C0204499 | C0204500,yes,Psychiatric interview of family of patient | Psychiatric interpretation to family or parents of patient,Psychiatric interview of family of patient,Family Of Patient,Family Of Patient
David Nicholas,https://profiles.ucalgary.ca/david-nicholas,consist of neurodevelopmental disabilities,consist of neurodevelopmental disabilities,Neurodevelopmental Disorders | Developmental Disabilities | Learning Disabilities | Profound intellectual disabilities | Reading Disabilities,neurodevelopmental disabilities,MTH,C1535926 | C0008073 | C0751265 | C3161330 | C0871215,yes,Neurodevelopmental Disorders | Developmental Disabilities | Learning Disabilities | Profound intellectual disabilities | Reading Disabilities,consist of neurodevelopmental disabilities,Consist Of Neurodevelopmental Disabilities,Consist Of Neurodevelopmental Disabilities
David Nicholas,https://profiles.ucalgary.ca/david-nicholas,chronic health issues in childhood,chronic health issues in childhood,"Pancreatitis, Chronic | Chronic pain | Alcoholic Intoxication, Chronic | mental health | reproductive issues",chronic health,MTH,C0149521 | C0150055 | C0001973 | C0025353 | C4724190,yes,"Pancreatitis, Chronic | Chronic pain | Alcoholic Intoxication, Chronic | mental health | reproductive issues",chronic health issues in childhood,Chronic Health Issues In Childhood,
David Nicholas,https://profiles.ucalgary.ca/david-nicholas,other family members,other family members,Family planning - other | Other specified family circumstances | Other family reason for encounter | Other specified family reason for encounter | Other Family History of Heart Disease | Number of affected family members,other family members | other family | family members,MTH,C0237373 | C1313919 | C0481797 | C0481799 | C5238829 | C5890408,yes,Family planning - other | Other specified family circumstances | Other family reason for encounter | Other specified family reason for encounter | Other Family History of Heart Disease | Number of affected family members,Family planning - other,Family Other,Family Other
David Nicholas,https://profiles.ucalgary.ca/david-nicholas,incorporation of the social determinants of health,incorporation of the social determinants of health,Social Determinants of Health,social determinants health,MTH,C3658315,yes,Social Determinants of Health,Social Determinants of Health,Social Determinants Of Health,Social Determinants Of Health
David Nicholas,https://profiles.ucalgary.ca/david-nicholas,access to services,access to services,Health Services Accessibility | No access to services | Able to access healthcare services,access to services | access services,MTH | SNOMEDCT_US,C0018748 | C1446402 | C4759353,yes,Health Services Accessibility | No access to services | Able to access healthcare services,No access to services,Access To Services,Access To Services
David Nicholas,https://profiles.ucalgary.ca/david-nicholas,chronic disease,chronic disease,Chronic disease | Chronic Obstructive Airway Disease | Chronic granulomatous disease | Chronic lung disease,chronic disease,MTH,C0008679 | C0024117 | C0018203 | C0746102,yes,Chronic disease | Chronic Obstructive Airway Disease | Chronic granulomatous disease | Chronic lung disease,Chronic disease,Chronic Disease,Chronic Disease
David Park,https://profiles.ucalgary.ca/david-park,stroke,stroke,Heat Stroke | Ischemic stroke | Hemorrhagic Stroke | Embolic Stroke,stroke,MTH | MSH,C0018843 | C0948008 | C5234922 | C0262469,yes,Heat Stroke | Ischemic stroke | Hemorrhagic Stroke | Embolic Stroke,Heat Stroke,Stroke,Stroke
David Park,https://profiles.ucalgary.ca/david-park,genetic causes of parkinson's,genetic causes of parkinson s,Genetic Counseling | Genetic Carriers | Genetic screening method | Cause of Death | Other and unspecified external effect causes,,MTH,C0017382 | C0007294 | C0679560 | C0007465 | C0013679,yes,Genetic Counseling | Genetic Carriers | Genetic screening method | Cause of Death | Other and unspecified external effect causes,Cause of Death,Cause,Cause
David Park,https://profiles.ucalgary.ca/david-park,parkinson disease,parkinson disease,"Parkinson Disease | Parkinson Disease, Mitochondrial | Parkinson Disease 16 | Parkinson Disease, Postencephalitic",parkinson disease,MTH | MSH,C0030567 | C1838867 | C2751012 | C0030568,yes,"Parkinson Disease | Parkinson Disease, Mitochondrial | Parkinson Disease 16 | Parkinson Disease, Postencephalitic",Parkinson Disease,Parkinson Disease,Parkinson Disease
David Park,https://profiles.ucalgary.ca/david-park,movement disorders,movement disorders,"Movement Disorders | Extrapyramidal and movement disorders | Stereotypic Movement Disorder | Movement Disorders, Rhythmic Nocturnal",movement disorders,MTH | MSH,C0026650 | C0477355 | C0038273 | C0752298,yes,"Movement Disorders | Extrapyramidal and movement disorders | Stereotypic Movement Disorder | Movement Disorders, Rhythmic Nocturnal",Movement Disorders,Movement Disorders,Movement Disorders
David Park,https://profiles.ucalgary.ca/david-park,genetic causes of the disease,genetic causes of the disease,Genetic Counseling | Genetic Carriers | Genetic screening method | Cause of Death | Disease,causes disease,MTH,C0017382 | C0007294 | C0679560 | C0007465 | C0012634,yes,Genetic Counseling | Genetic Carriers | Genetic screening method | Cause of Death | Disease,Cause of Death,Cause,Cause
David Patterson Archer,https://profiles.ucalgary.ca/david-patterson-archer,stroke,stroke,Heat Stroke | Ischemic stroke | Hemorrhagic Stroke | Embolic Stroke,stroke,MTH | MSH,C0018843 | C0948008 | C5234922 | C0262469,yes,Heat Stroke | Ischemic stroke | Hemorrhagic Stroke | Embolic Stroke,Heat Stroke,Stroke,Stroke
David Patterson Archer,https://profiles.ucalgary.ca/david-patterson-archer,pain,pain,Pain | Chest Pain | Back Pain | Low Back Pain | Abdominal Pain,pain,MTH,C0030193 | C0008031 | C0004604 | C0024031 | C0000737,yes,Pain | Chest Pain | Back Pain | Low Back Pain | Abdominal Pain,Pain,Pain,Pain
David Patterson Archer,https://profiles.ucalgary.ca/david-patterson-archer,anesthetic outcomes in neurosurgery,anesthetic outcomes in neurosurgery,Anesthetics | General anesthetic drugs | Anesthetic ether | Topical anesthetic | Nutrition outcomes,,MTH,C0002932 | C0017302 | C3495432 | C0040464 | C0518896,yes,Anesthetics | General anesthetic drugs | Anesthetic ether | Topical anesthetic | Nutrition outcomes,anesthetic outcomes in neurosurgery,Anesthetic Outcomes In Neurosurgery,Anesthetic Outcomes In Neurosurgery
David Patterson Archer,https://profiles.ucalgary.ca/david-patterson-archer,interventional neuroradiology,interventional neuroradiology,"Interventional procedure | Interventional Study | Radiography, Interventional",interventional neuroradiology,MTH | MSH,C0184661 | C3274035 | C0034578,yes,"Interventional procedure | Interventional Study | Radiography, Interventional",interventional neuroradiology,Interventional Neuroradiology,Interventional Neuroradiology
Dawn Kingston,https://profiles.ucalgary.ca/dawn-kingston,child development,child development,Child development inventory | Child development status | Child development test,child development,MTH | SNOMEDCT_US,C3484121 | C0586039 | C0431026,yes,Child development inventory | Child development status | Child development test,Child development test,Child Development,Child Development
Dawn Kingston,https://profiles.ucalgary.ca/dawn-kingston,health services and policy research,health services and policy research,Health Services Accessibility,health services,MTH,C0018748,yes,Health Services Accessibility,Health Services Accessibility,Health Services,Health Services
Dawn Kingston,https://profiles.ucalgary.ca/dawn-kingston,maternal health,maternal health,"Maternal | Maternal hypertension | Phenylketonuria, Maternal | mental health",maternal health,MTH,C1858460 | C0565599 | C0085547 | C0025353,yes,"Maternal | Maternal hypertension | Phenylketonuria, Maternal | mental health",maternal health,Maternal Health,Maternal Health
Dawn Kingston,https://profiles.ucalgary.ca/dawn-kingston,perinatal mental health,perinatal mental health,mental health | Mental health treatment,perinatal mental health | perinatal mental | mental health,MTH | SNOMEDCT_US,C0025353 | C0184647,yes,mental health | Mental health treatment,mental health,Mental Health,Mental Health
Dawn Kingston,https://profiles.ucalgary.ca/dawn-kingston,application of e-technology to mental healthcare,application of e-technology to mental healthcare,Application procedure | Therapeutic heat application | Information Technology | Mental Depression | Mental disorders,,MTH,C0185125 | C0150611 | C5201004 | C0011570 | C0004936,yes,Application procedure | Therapeutic heat application | Information Technology | Mental Depression | Mental disorders,application of e-technology to mental healthcare,Application Of E Technology To Mental Healthcare,
Dawn Kingston,https://profiles.ucalgary.ca/dawn-kingston,health systems,health systems,Health Systems Plans | Health Information Systems,health systems,MTH | MSH,C0018764 | C0679918,yes,Health Systems Plans | Health Information Systems,Health Systems Plans,Health Systems,Health Systems
Dawn Kingston,https://profiles.ucalgary.ca/dawn-kingston,depression,depression,"Mental Depression | Depressive disorder | Reactive depression | Depression, Postpartum",depression,MTH | MSH,C0011570 | C0011581 | C0011579 | C0221074,yes,"Mental Depression | Depressive disorder | Reactive depression | Depression, Postpartum",Mental Depression,Mental Depression,Mental Depression
Dawn Kingston,https://profiles.ucalgary.ca/dawn-kingston,modifiable influences of child mental health,modifiable influences of child mental health,"Modified radical mastectomy | cyclosporine, modified | Child Sexual Abuse | Modified Radical Mastoidectomy | Modified smallpox",child mental health,MTH | MSH | SNOMEDCT_US,C0024883 | C0771305 | C0008062 | C0198160 | C0037358,yes,"Modified radical mastectomy | cyclosporine, modified | Child Sexual Abuse | Modified Radical Mastoidectomy | Modified smallpox",modifiable influences of child mental health,Modifiable Influences Of Child Mental Health,
Dawn Kingston,https://profiles.ucalgary.ca/dawn-kingston,providing mental health care options for women,providing mental health care options for women,Intensive mental health care,mental health care,SNOMEDCT_US,C1320527,yes,Intensive mental health care,Intensive mental health care,Mental Health Care,Mental Health Care
Deborah Kurrasch,https://profiles.ucalgary.ca/deborah-kurrasch,developmental genetics,developmental genetics,"Developmental Disabilities | Developmental delay | Reading Disorder, Developmental | Developmental Coordination Disorder",,MTH,C0008073 | C0424605 | C0920296 | C0011757,yes,"Developmental Disabilities | Developmental delay | Reading Disorder, Developmental | Developmental Coordination Disorder",developmental genetics,Developmental Genetics,Developmental Genetics
Deborah Kurrasch,https://profiles.ucalgary.ca/deborah-kurrasch,epilepsy,epilepsy,"Epilepsy | Absence Epilepsy | Tonic-Clonic Epilepsy | Epilepsy, Complex Partial",epilepsy,MTH | MSH,C0014544 | C0014553 | C0014549 | C0085417,yes,"Epilepsy | Absence Epilepsy | Tonic-Clonic Epilepsy | Epilepsy, Complex Partial",Epilepsy,Epilepsy,Epilepsy
Deborah Kurrasch,https://profiles.ucalgary.ca/deborah-kurrasch,novel therapeutics,novel therapeutics,literary novel | Therapeutic procedure | Graphic Novel | novel human deoxyribonuclease,,MTH | MSH,C0679622 | C0087111 | C4042926 | C0537310,yes,literary novel | Therapeutic procedure | Graphic Novel | novel human deoxyribonuclease,novel therapeutics,Novel Therapeutics,Novel Therapeutics
Deborah Kurrasch,https://profiles.ucalgary.ca/deborah-kurrasch,developmental neuroscience,developmental neuroscience,"Developmental Disabilities | Developmental delay | Reading Disorder, Developmental | Developmental Coordination Disorder",,MTH,C0008073 | C0424605 | C0920296 | C0011757,yes,"Developmental Disabilities | Developmental delay | Reading Disorder, Developmental | Developmental Coordination Disorder",developmental neuroscience,Developmental Neuroscience,Developmental Neuroscience
Deborah Kurrasch,https://profiles.ucalgary.ca/deborah-kurrasch,neurodevelopmental disorders,neurodevelopmental disorders,Neurodevelopmental Disorders | Fetal neurodevelopmental disorder,neurodevelopmental disorders,MTH | SNOMEDCT_US,C1535926 | C1285381,yes,Neurodevelopmental Disorders | Fetal neurodevelopmental disorder,Neurodevelopmental Disorders,Neurodevelopmental Disorders,Neurodevelopmental Disorders
Deborah Kurrasch,https://profiles.ucalgary.ca/deborah-kurrasch,neural stem cells,neural stem cells,,neural stem cells | neural stem | stem cells,,,no,neural stem cells,neural stem cells,Neural Stem Cells,
Deborah Kurrasch,https://profiles.ucalgary.ca/deborah-kurrasch,cellular and molecular neuroscience,cellular and molecular neuroscience,Unknown Cellular or Molecular Mechanism | Unknown Cellular or Molecular Interaction [MoA],cellular molecular,MTH,C3537153 | C1373108,yes,Unknown Cellular or Molecular Mechanism | Unknown Cellular or Molecular Interaction [MoA],Unknown Cellular or Molecular Mechanism,Cellular Or Molecular,Cellular Or Molecular
Deborah Kurrasch,https://profiles.ucalgary.ca/deborah-kurrasch,studying neural stem cell behaviors,studying neural stem cell behaviors,Nerve conduction study | Infertility study | Esophageal motility study,neural stem cell,MTH,C0200125 | C0200069 | C0203769,yes,Nerve conduction study | Infertility study | Esophageal motility study,studying neural stem cell behaviors,Studying Neural Stem Cell Behaviors,
Deborah Kurrasch,https://profiles.ucalgary.ca/deborah-kurrasch,impact of environmental factors,impact of environmental factors,Environmental and Social Factors Domain | Accident due to environmental factor,impact environmental | environmental factors,MTH | SNOMEDCT_US,C5400108 | C0417580,yes,Environmental and Social Factors Domain | Accident due to environmental factor,Accident due to environmental factor,Environmental Factor,Environmental Factor
Deborah Maryanne Dewey,https://profiles.ucalgary.ca/deborah-maryanne-dewey,children's long term health,children s long term health,Transition from long-term care to home-health care | Transition from home-health care to long-term care,s long term | long term health,SNOMEDCT_US,C3266249 | C3266246,yes,Transition from long-term care to home-health care | Transition from home-health care to long-term care,Transition from long-term care to home-health care,Long Term To Health,Long Term To Health
Deborah Maryanne Dewey,https://profiles.ucalgary.ca/deborah-maryanne-dewey,neurodevelopmental outcomes of children,neurodevelopmental outcomes of children,Neurodevelopmental Disorders | Nutrition outcomes | Expected outcomes | R-Outcomes | Elimination outcomes,outcomes children,MTH,C1535926 | C0518896 | C2963499 | C5445044 | C0518891,yes,Neurodevelopmental Disorders | Nutrition outcomes | Expected outcomes | R-Outcomes | Elimination outcomes,neurodevelopmental outcomes of children,Neurodevelopmental Outcomes Of Children,Neurodevelopmental Outcomes Of Children
Deborah Maryanne Dewey,https://profiles.ucalgary.ca/deborah-maryanne-dewey,children's neurodevelopmental outcomes in infancy,children s neurodevelopmental outcomes in infancy,Neurodevelopmental Disorders | Nutrition outcomes | Expected outcomes | R-Outcomes | Elimination outcomes,,MTH,C1535926 | C0518896 | C2963499 | C5445044 | C0518891,yes,Neurodevelopmental Disorders | Nutrition outcomes | Expected outcomes | R-Outcomes | Elimination outcomes,children's neurodevelopmental outcomes in infancy,Children S Neurodevelopmental Outcomes In Infancy,
Deborah Maryanne Dewey,https://profiles.ucalgary.ca/deborah-maryanne-dewey,autism,autism,Autistic Disorder | Autism suspected,autism,MTH | SNOMEDCT_US,C0004352 | C1303176,yes,Autistic Disorder | Autism suspected,Autistic Disorder,Autistic Disorder,Autistic Disorder
Deborah Maryanne Dewey,https://profiles.ucalgary.ca/deborah-maryanne-dewey,reading disorders,reading disorders,"Reading disorder | Reading Disorder, Developmental | Specific reading disorder",reading disorders,MTH,C5848227 | C0920296 | C0037789,yes,"Reading disorder | Reading Disorder, Developmental | Specific reading disorder",Reading disorder,Reading Disorder,Reading Disorder
Deborah Maryanne Dewey,https://profiles.ucalgary.ca/deborah-maryanne-dewey,developmental coordination disorder,developmental coordination disorder,Developmental Coordination Disorder,developmental coordination disorder | developmental coordination | coordination disorder,MTH,C0011757,yes,Developmental Coordination Disorder,Developmental Coordination Disorder,Developmental Coordination Disorder,Developmental Coordination Disorder
Deborah Maryanne Dewey,https://profiles.ucalgary.ca/deborah-maryanne-dewey,brain basis,brain basis,Brain Concussion | Brain Injuries | Brain Neoplasms | Brain Diseases | Basis,,MTH,C0006107 | C0270611 | C0006118 | C0006111 | C1874451,yes,Brain Concussion | Brain Injuries | Brain Neoplasms | Brain Diseases | Basis,brain basis,Brain Basis,Brain Basis
Deborah Maryanne Dewey,https://profiles.ucalgary.ca/deborah-maryanne-dewey,maternal mental health,maternal mental health,mental health | Mental health treatment,mental health,MTH | SNOMEDCT_US,C0025353 | C0184647,yes,mental health | Mental health treatment,mental health,Mental Health,Mental Health
Deborah Maryanne Dewey,https://profiles.ucalgary.ca/deborah-maryanne-dewey,environmental exposures on maternal,environmental exposures on maternal,Environmental Exposure | PhenX domain - Environmental exposures | PhenX measure - environmental exposures - exposures from hobbies | Maternal Exposure | Maternal drug exposure | Maternal exposure to radiation,environmental exposures on maternal | environmental exposures maternal | environmental exposures | exposures maternal,MTH | MSH | SNOMEDCT_US,C0014412 | C3165906 | C3165996 | C0243033 | C0521642 | C3875257,yes,Environmental Exposure | PhenX domain - Environmental exposures | PhenX measure - environmental exposures - exposures from hobbies | Maternal Exposure | Maternal drug exposure | Maternal exposure to radiation,Environmental Exposure,Environmental Exposure,Environmental Exposure
Deborah Maryanne Dewey,https://profiles.ucalgary.ca/deborah-maryanne-dewey,child health,child health,Child health data,child health,SNOMEDCT_US,C0419441,yes,Child health data,Child health data,Child Health,Child Health
Deborah Maryanne Dewey,https://profiles.ucalgary.ca/deborah-maryanne-dewey,all non genetic factors) factors,all non genetic factors factors,"magic-factor 1 protein, mouse",genetic factors factors,MSH,C2605746,yes,"magic-factor 1 protein, mouse",all non genetic factors) factors,All Non Genetic Factors Factors,
Deborah Maryanne Dewey,https://profiles.ucalgary.ca/deborah-maryanne-dewey,brain structure,brain structure,Brain Concussion | Brain Injuries | Brain Neoplasms | Brain Diseases,brain structure,MTH,C0006107 | C0270611 | C0006118 | C0006111,yes,Brain Concussion | Brain Injuries | Brain Neoplasms | Brain Diseases,brain structure,Brain Structure,Brain Structure
Deborah Maryanne Dewey,https://profiles.ucalgary.ca/deborah-maryanne-dewey,children with neurodevelopmental disorders including developmental coordination disorder,children with neurodevelopmental disorders including developmental coordination disorder,Neurodevelopmental Disorders | Fetal neurodevelopmental disorder | Deglutition Disorders | Migraine Disorders | Cerebrovascular Disorders,,MTH | SNOMEDCT_US,C1535926 | C1285381 | C0011168 | C0149931 | C0007820,yes,Neurodevelopmental Disorders | Fetal neurodevelopmental disorder | Deglutition Disorders | Migraine Disorders | Cerebrovascular Disorders,Neurodevelopmental Disorders,Neurodevelopmental Disorders,Neurodevelopmental Disorders
Deborah Maryanne Dewey,https://profiles.ucalgary.ca/deborah-maryanne-dewey,autsim spectrum disorder,autsim spectrum disorder,Kernicterus spectrum disorder | Auditory neuropathy spectrum disorder | Autism Spectrum Disorders | Otopalatodigital Spectrum Disorder,spectrum disorder,MTH | MSH,C5575229 | C2732267 | C1510586 | C2748918,yes,Kernicterus spectrum disorder | Auditory neuropathy spectrum disorder | Autism Spectrum Disorders | Otopalatodigital Spectrum Disorder,Autism Spectrum Disorders,Autism Spectrum Disorders,Autism Spectrum Disorders
Deborah Maryanne Dewey,https://profiles.ucalgary.ca/deborah-maryanne-dewey,genetic basis genes of developmental coordination disorder,genetic basis genes of developmental coordination disorder,,,,,no,genetic basis genes of developmental coordination disorder,genetic basis genes of developmental coordination disorder,Genetic Basis Genes Of Developmental Coordination Disorder,
Deborah Maryanne Dewey,https://profiles.ucalgary.ca/deborah-maryanne-dewey,cognitive development,cognitive development,Cognitive Development,cognitive development,MTH,C0679035,yes,Cognitive Development,Cognitive Development,Cognitive Development,Cognitive Development
Deborah Maryanne Dewey,https://profiles.ucalgary.ca/deborah-maryanne-dewey,mental health in canada,mental health in canada,mental health | Mental health treatment,mental health,MTH | SNOMEDCT_US,C0025353 | C0184647,yes,mental health | Mental health treatment,mental health,Mental Health,Mental Health
Deborah Maryanne Dewey,https://profiles.ucalgary.ca/deborah-maryanne-dewey,children's brain,children s brain,Brain Concussion | Brain Injuries | Brain Neoplasms | Brain Diseases,s brain,MTH,C0006107 | C0270611 | C0006118 | C0006111,yes,Brain Concussion | Brain Injuries | Brain Neoplasms | Brain Diseases,children's brain,Children S Brain,Children S Brain
Deborah Maryanne Dewey,https://profiles.ucalgary.ca/deborah-maryanne-dewey,behavioural development,behavioural development,Behavior Therapy | Problem Behavior | Pervasive Development Disorder | Psychosexual Development,behavioural development,MTH,C0004933 | C5886745 | C0524528 | C0033944,yes,Behavior Therapy | Problem Behavior | Pervasive Development Disorder | Psychosexual Development,behavioural development,Behavioural Development,Behavioural Development
Deborah Maryanne Dewey,https://profiles.ucalgary.ca/deborah-maryanne-dewey,neurodevelopmental disorders,neurodevelopmental disorders,Neurodevelopmental Disorders | Fetal neurodevelopmental disorder,neurodevelopmental disorders,MTH | SNOMEDCT_US,C1535926 | C1285381,yes,Neurodevelopmental Disorders | Fetal neurodevelopmental disorder,Neurodevelopmental Disorders,Neurodevelopmental Disorders,Neurodevelopmental Disorders
Deborah Maryanne Dewey,https://profiles.ucalgary.ca/deborah-maryanne-dewey,global health,global health,"Global Amnesia | mental health | Aphasia, Global",global health,MTH | MSH,C0262497 | C0025353 | C0234469,yes,"Global Amnesia | mental health | Aphasia, Global",global health,Global Health,Global Health
Deborah Maryanne Dewey,https://profiles.ucalgary.ca/deborah-maryanne-dewey,mental health,mental health,mental health | Mental health treatment,mental health,MTH | SNOMEDCT_US,C0025353 | C0184647,yes,mental health | Mental health treatment,mental health,Mental Health,Mental Health
Deborah Maryanne Dewey,https://profiles.ucalgary.ca/deborah-maryanne-dewey,maternal mental health) on children’s brains,maternal mental health on children s brains,mental health,mental health children,MTH,C0025353,yes,mental health,mental health,Mental Health,Mental Health
Deborah Maryanne Dewey,https://profiles.ucalgary.ca/deborah-maryanne-dewey,parental mental health,parental mental health,mental health | Mental health treatment,mental health,MTH | SNOMEDCT_US,C0025353 | C0184647,yes,mental health | Mental health treatment,mental health,Mental Health,Mental Health
Deborah Maryanne Dewey,https://profiles.ucalgary.ca/deborah-maryanne-dewey,maternal nutrition) and children's brain,maternal nutrition and children s brain,"Maternal | Maternal hypertension | Phenylketonuria, Maternal | Nutrition Disorders | Nutrition Assessment",,MTH,C1858460 | C0565599 | C0085547 | C3714509 | C0028708,yes,"Maternal | Maternal hypertension | Phenylketonuria, Maternal | Nutrition Disorders | Nutrition Assessment",maternal nutrition) and children's brain,Maternal Nutrition And Children S Brain,
Deborah Maryanne Dewey,https://profiles.ucalgary.ca/deborah-maryanne-dewey,es on neurobiological,es on neurobiological,,,,,no,es on neurobiological,es on neurobiological,Es On Neurobiological,
Deborah Maryanne Dewey,https://profiles.ucalgary.ca/deborah-maryanne-dewey,epigenetic factors associated with neurodevelopmental,epigenetic factors associated with neurodevelopmental,risk factors | Biological Factors | R Factors | Immunologic Factors | Nerve Growth Factors,,MTH,C0035648 | C0005515 | C0034471 | C0021054 | C0027754,yes,risk factors | Biological Factors | R Factors | Immunologic Factors | Nerve Growth Factors,epigenetic factors associated with neurodevelopmental,Epigenetic Factors Associated With Neurodevelopmental,
Deborah Maryanne Dewey,https://profiles.ucalgary.ca/deborah-maryanne-dewey,effects of the prenatal environment on children’s brains,effects of the prenatal environment on children s brains,,,,,no,effects of the prenatal environment on children s brains,effects of the prenatal environment on children’s brains,Effects Of The Prenatal Environment On Children S Brains,
Deborah Maryanne Dewey,https://profiles.ucalgary.ca/deborah-maryanne-dewey,effects of genetics,effects of genetics,Adverse effects | Effects of radiation,effects of genetics | effects genetics,MTH,C0879626 | C0034525,yes,Adverse effects | Effects of radiation,Effects of radiation,Effects,Effects
Deborah Maryanne Dewey,https://profiles.ucalgary.ca/deborah-maryanne-dewey,epigenetics on neurodevelopment,epigenetics on neurodevelopment,Neurodevelopmental Disorders | Epigenetic disorder | Neurodevelopmental delay,,MTH | SNOMEDCT_US,C1535926 | C4545791 | C4022738,yes,Neurodevelopmental Disorders | Epigenetic disorder | Neurodevelopmental delay,epigenetics on neurodevelopment,Epigenetics On Neurodevelopment,Epigenetics On Neurodevelopment
Deborah Maryanne Dewey,https://profiles.ucalgary.ca/deborah-maryanne-dewey,mood disorders,mood disorders,Mood Disorders | Psychotic Mood Disorders | Organic mood disorder | Bipolar Disorder,mood disorders,MSH | SNOMEDCT_US | MTH,C0525045 | C0086640 | C0029232 | C0005586,yes,Mood Disorders | Psychotic Mood Disorders | Organic mood disorder | Bipolar Disorder,Mood Disorders,Mood Disorders,Mood Disorders
Deborah Maryanne Dewey,https://profiles.ucalgary.ca/deborah-maryanne-dewey,attention deficit disorder,attention deficit disorder,Attention Deficit Disorder | Attention deficit hyperactivity disorder | Child attention deficit disorder,attention deficit disorder | attention deficit | deficit disorder,MTH,C0041671 | C1263846 | C0004269,yes,Attention Deficit Disorder | Attention deficit hyperactivity disorder | Child attention deficit disorder,Attention Deficit Disorder,Attention Deficit Disorder,Attention Deficit Disorder
Deinera Exner-Cortens,https://profiles.ucalgary.ca/deinera-exner-cortens,school mental health,school mental health,mental health | Mental health treatment,school mental health | school mental | mental health,MTH | SNOMEDCT_US,C0025353 | C0184647,yes,mental health | Mental health treatment,mental health,Mental Health,Mental Health
Deinera Exner-Cortens,https://profiles.ucalgary.ca/deinera-exner-cortens,healthy relationships,healthy relationships,"Social relationships | Diet, Healthy | Placenta healthy | Healthy tonsils | Difficulty maintaining relationships",,MTH | MSH | SNOMEDCT_US,C1821395 | C0452415 | C0566710 | C0455902 | C1827663,yes,"Social relationships | Diet, Healthy | Placenta healthy | Healthy tonsils | Difficulty maintaining relationships",healthy relationships,Healthy Relationships,Healthy Relationships
Deinera Exner-Cortens,https://profiles.ucalgary.ca/deinera-exner-cortens,adolescent development,adolescent development,Adolescent Development | Impairment of adolescent development | Adolescent behavior alteration,adolescent development,MSH | SNOMEDCT_US,C0870101 | C2364156 | C1171153,yes,Adolescent Development | Impairment of adolescent development | Adolescent behavior alteration,Adolescent Development,Adolescent Development,Adolescent Development
Derya Sargin,https://profiles.ucalgary.ca/derya-sargin,brain development,brain development,Brain Concussion | Brain Injuries | Brain Neoplasms | Brain Diseases | Pervasive Development Disorder,brain development,MTH,C0006107 | C0270611 | C0006118 | C0006111 | C0524528,yes,Brain Concussion | Brain Injuries | Brain Neoplasms | Brain Diseases | Pervasive Development Disorder,brain development,Brain Development,Brain Development
Derya Sargin,https://profiles.ucalgary.ca/derya-sargin,mental health,mental health,mental health | Mental health treatment,mental health,MTH | SNOMEDCT_US,C0025353 | C0184647,yes,mental health | Mental health treatment,mental health,Mental Health,Mental Health
Derya Sargin,https://profiles.ucalgary.ca/derya-sargin,molecular mechanisms,molecular mechanisms,Molecular Mechanisms of Pharmacological Action,molecular mechanisms,MSH,C1258062,yes,Molecular Mechanisms of Pharmacological Action,Molecular Mechanisms of Pharmacological Action,Molecular Mechanisms,Molecular Mechanisms
Derya Sargin,https://profiles.ucalgary.ca/derya-sargin,emotional processing,emotional processing,Emotional | Emotional problems | Emotional disorder | Emotional abuse | Specimen processing (procedure),emotional processing,MTH,C0849912 | C0677660 | C0233459 | C0730557 | C0037793,yes,Emotional | Emotional problems | Emotional disorder | Emotional abuse | Specimen processing (procedure),emotional processing,Emotional Processing,Emotional Processing
Derya Sargin,https://profiles.ucalgary.ca/derya-sargin,affective behaviors,affective behaviors,"Seasonal Affective Disorder | Firesetting Behavior | Affective Disorders, Psychotic | Affective Symptoms",affective behaviors,MTH | MSH,C0085159 | C0016142 | C0001723 | C0001726,yes,"Seasonal Affective Disorder | Firesetting Behavior | Affective Disorders, Psychotic | Affective Symptoms",affective behaviors,Affective Behaviors,Affective Behaviors
Diwakar Krishnamurthy,https://profiles.ucalgary.ca/diwakar-krishnamurthy,autism,autism,Autistic Disorder | Autism suspected,autism,MTH | SNOMEDCT_US,C0004352 | C1303176,yes,Autistic Disorder | Autism suspected,Autistic Disorder,Autistic,Autistic
Diwakar Krishnamurthy,https://profiles.ucalgary.ca/diwakar-krishnamurthy,machine learning,machine learning,Machine Learning | Supervised Machine Learning | Unsupervised Machine Learning | Inductive Machine Learning | Representation Machine Learning,machine learning,MSH,C0376284 | C4042903 | C4042902 | C4046035 | C5940532,yes,Machine Learning | Supervised Machine Learning | Unsupervised Machine Learning | Inductive Machine Learning | Representation Machine Learning,Machine Learning,Machine Learning,Machine Learning
Donald Emile Addington,https://profiles.ucalgary.ca/donald-emile-addington,fidelity scales,fidelity scales,Wechsler Scales | Assessment scales | Measurement scales,,MSH | SNOMEDCT_US,C0043089 | C0450973 | C0681887,yes,Wechsler Scales | Assessment scales | Measurement scales,fidelity scales,Fidelity Scales,Fidelity Scales
Donald Emile Addington,https://profiles.ucalgary.ca/donald-emile-addington,first episode psychosis,first episode psychosis,"Endogenous depression first episode | Reactive depressive psychosis, single episode | Single manic episode, severe, with psychosis",first episode | episode psychosis,SNOMEDCT_US,C0338895 | C2874916 | C0338842,yes,"Endogenous depression first episode | Reactive depressive psychosis, single episode | Single manic episode, severe, with psychosis",Endogenous depression first episode,Depression First Episode,Depression First Episode
Donald Emile Addington,https://profiles.ucalgary.ca/donald-emile-addington,early psychosis,early psychosis,Psychosis in early childhood | Early intervention in psychosis HRGs,early psychosis,SNOMEDCT_US,C3531752 | C1271770,yes,Psychosis in early childhood | Early intervention in psychosis HRGs,Psychosis in early childhood,Psychosis In Early,Psychosis In Early
Donald Emile Addington,https://profiles.ucalgary.ca/donald-emile-addington,clinical outcomes,clinical outcomes,Clinical Trials | Nutrition outcomes | Expected outcomes | R-Outcomes | Elimination outcomes,clinical outcomes,MTH,C0008976 | C0518896 | C2963499 | C5445044 | C0518891,yes,Clinical Trials | Nutrition outcomes | Expected outcomes | R-Outcomes | Elimination outcomes,clinical outcomes,Clinical Outcomes,Clinical Outcomes
Donald Emile Addington,https://profiles.ucalgary.ca/donald-emile-addington,health services research,health services research,Health Services Research | Health Services Accessibility,health services research | health services | services research,MTH,C0018757 | C0018748,yes,Health Services Research | Health Services Accessibility,Health Services Research,Health Services Research,Health Services Research
Donald Emile Addington,https://profiles.ucalgary.ca/donald-emile-addington,mental health services,mental health services,mental health | Health Services Accessibility | Mental health treatment,mental health services | mental health | health services,MTH | SNOMEDCT_US,C0025353 | C0018748 | C0184647,yes,mental health | Health Services Accessibility | Mental health treatment,mental health,Mental Health,Mental Health
Donald Emile Addington,https://profiles.ucalgary.ca/donald-emile-addington,clinical practice guidelines,clinical practice guidelines,Clinical Practice Guideline | Good Clinical Practice | Published Practice Guidelines | Practice Guidelines as Topic,clinical practice guidelines | clinical practice | practice guidelines,MSH | MTH,C0282451 | C2986419 | C0936005 | C0162793,yes,Clinical Practice Guideline | Good Clinical Practice | Published Practice Guidelines | Practice Guidelines as Topic,Clinical Practice Guideline,Clinical Practice Guideline,Clinical Practice Guideline
Donald Emile Addington,https://profiles.ucalgary.ca/donald-emile-addington,schizophrenia,schizophrenia,"Schizophrenia | Paranoid Schizophrenia | Schizophrenia, Disorganized | Schizophrenia, Catatonic | Residual schizophrenia",schizophrenia,MTH | MSH | SNOMEDCT_US,C0036341 | C0036349 | C0036347 | C0036344 | C0036351,yes,"Schizophrenia | Paranoid Schizophrenia | Schizophrenia, Disorganized | Schizophrenia, Catatonic | Residual schizophrenia",Schizophrenia,Schizophrenia,Schizophrenia
Donald Emile Addington,https://profiles.ucalgary.ca/donald-emile-addington,bipolar disorder,bipolar disorder,Bipolar Disorder | Bipolar Disorder Type 2 | Bipolar I disorder | Organic bipolar disorder | Mild bipolar disorder,bipolar disorder,MTH | MSH | SNOMEDCT_US,C0005586 | C0236788 | C0853193 | C0338653 | C0270419,yes,Bipolar Disorder | Bipolar Disorder Type 2 | Bipolar I disorder | Organic bipolar disorder | Mild bipolar disorder,Bipolar Disorder,Bipolar Disorder,Bipolar Disorder
Donald Emile Addington,https://profiles.ucalgary.ca/donald-emile-addington,health systems,health systems,Health Systems Plans | Health Information Systems,health systems,MTH | MSH,C0018764 | C0679918,yes,Health Systems Plans | Health Information Systems,Health Systems Plans,Health Systems,Health Systems
Donald Emile Addington,https://profiles.ucalgary.ca/donald-emile-addington,depression,depression,"Mental Depression | Depressive disorder | Reactive depression | Depression, Postpartum",depression,MTH | MSH,C0011570 | C0011581 | C0011579 | C0221074,yes,"Mental Depression | Depressive disorder | Reactive depression | Depression, Postpartum",Mental Depression,Mental Depression,Mental Depression
Donald Emile Addington,https://profiles.ucalgary.ca/donald-emile-addington,psychosis risk,psychosis risk,Psychotic Disorders | Nonorganic psychosis | Postpartum psychosis,,MTH | SNOMEDCT_US,C0033975 | C0349204 | C0520678,yes,Psychotic Disorders | Nonorganic psychosis | Postpartum psychosis,psychosis risk,Psychosis Risk,Psychosis Risk
Douglas William Zochodne,https://profiles.ucalgary.ca/douglas-william-zochodne,peripheral nervous system,peripheral nervous system,Peripheral Nervous System Diseases | Peripheral nervous system problem | Peripheral Nervous System Neoplasms,peripheral nervous system | peripheral nervous,MTH | MSH,C4721453 | C0741036 | C0031118,yes,Peripheral Nervous System Diseases | Peripheral nervous system problem | Peripheral Nervous System Neoplasms,Peripheral nervous system problem,Peripheral Nervous System,Peripheral Nervous System
Douglas William Zochodne,https://profiles.ucalgary.ca/douglas-william-zochodne,diabetic polyneuropathy,diabetic polyneuropathy,Diabetic Polyneuropathies | Diabetic Asymmetric Polyneuropathy | Diabetic acute painful polyneuropathy,diabetic polyneuropathy,MTH | MSH | SNOMEDCT_US,C0271680 | C0393835 | C0393833,yes,Diabetic Polyneuropathies | Diabetic Asymmetric Polyneuropathy | Diabetic acute painful polyneuropathy,Diabetic Asymmetric Polyneuropathy,Diabetic Polyneuropathy,Diabetic Polyneuropathy
Douglas William Zochodne,https://profiles.ucalgary.ca/douglas-william-zochodne,peripheral neuron regeneration,peripheral neuron regeneration,Peripheral Vascular Diseases | Peripheral edema | Peripheral Nervous System Diseases | Motor Neuron Disease | Nerve Regeneration,neuron regeneration,MTH,C0085096 | C0085649 | C4721453 | C0085084 | C0027756,yes,Peripheral Vascular Diseases | Peripheral edema | Peripheral Nervous System Diseases | Motor Neuron Disease | Nerve Regeneration,peripheral neuron regeneration,Peripheral Neuron Regeneration,Peripheral Neuron Regeneration
Eli Kinney-Lang,https://profiles.ucalgary.ca/eli-kinney-lang,machine learning,machine learning,Machine Learning | Supervised Machine Learning | Unsupervised Machine Learning | Inductive Machine Learning | Representation Machine Learning,machine learning,MSH,C0376284 | C4042903 | C4042902 | C4046035 | C5940532,yes,Machine Learning | Supervised Machine Learning | Unsupervised Machine Learning | Inductive Machine Learning | Representation Machine Learning,Machine Learning,Machine Learning,Machine Learning
Eli Kinney-Lang,https://profiles.ucalgary.ca/eli-kinney-lang,pediatric brain-computer interfaces (bcis),pediatric brain-computer interfaces bcis,Pediatric Obesity | Brain Concussion | Brain Injuries | Brain Neoplasms | Brain Diseases,brain computer interfaces,MTH,C2362324 | C0006107 | C0270611 | C0006118 | C0006111,yes,Pediatric Obesity | Brain Concussion | Brain Injuries | Brain Neoplasms | Brain Diseases,pediatric brain-computer interfaces (bcis),Pediatric Brain Computer Interfaces Bcis,
Elizabeth Condliffe,https://profiles.ucalgary.ca/elizabeth-condliffe,pain,pain,Pain | Chest Pain | Back Pain | Low Back Pain | Abdominal Pain,pain,MTH,C0030193 | C0008031 | C0004604 | C0024031 | C0000737,yes,Pain | Chest Pain | Back Pain | Low Back Pain | Abdominal Pain,Pain,Pain,Pain
Elizabeth Condliffe,https://profiles.ucalgary.ca/elizabeth-condliffe,movement impairment,movement impairment,Movement Disorders | Abnormal movement | Spasmodic movement | Impaired health | hearing impairment,movement impairment,MTH,C0026650 | C0558189 | C1704276 | C0684336 | C1384666,yes,Movement Disorders | Abnormal movement | Spasmodic movement | Impaired health | hearing impairment,movement impairment,Movement Impairment,Movement Impairment
Elizabeth Condliffe,https://profiles.ucalgary.ca/elizabeth-condliffe,robotic rehabilitation,robotic rehabilitation,Rehabilitation therapy | Vocational rehabilitation | Cardiac rehabilitation | Alcohol rehabilitation | Robotic Surgical Procedures,robotic rehabilitation,MTH | MSH,C0034991 | C0034996 | C0700431 | C0204598 | C3850136,yes,Rehabilitation therapy | Vocational rehabilitation | Cardiac rehabilitation | Alcohol rehabilitation | Robotic Surgical Procedures,robotic rehabilitation,Robotic Rehabilitation,Robotic Rehabilitation
Elizabeth Condliffe,https://profiles.ucalgary.ca/elizabeth-condliffe,brain stimulation,brain stimulation,Deep Brain Stimulation | Electrical Stimulation of the Brain | Brain stimulation | Direct brain stimulation,brain stimulation,MTH | MSH | SNOMEDCT_US,C0394162 | C0302825 | C0870227 | C0555354,yes,Deep Brain Stimulation | Electrical Stimulation of the Brain | Brain stimulation | Direct brain stimulation,Brain stimulation,Brain Stimulation,Brain Stimulation
Eloise Carr,https://profiles.ucalgary.ca/eloise-carr,pain,pain,Pain | Chest Pain | Back Pain | Low Back Pain | Abdominal Pain,pain,MTH,C0030193 | C0008031 | C0004604 | C0024031 | C0000737,yes,Pain | Chest Pain | Back Pain | Low Back Pain | Abdominal Pain,Pain,Pain,Pain
Emily Wang,https://profiles.ucalgary.ca/emily-wang-0,complex trauma and mental health issues,complex trauma and mental health issues,Most important mental health issue to address,mental health issues,MTH,C4520939,yes,Most important mental health issue to address,Most important mental health issue to address,Mental Health Issue,Mental Health Issue
Emily Wang,https://profiles.ucalgary.ca/emily-wang-0,complex trauma,complex trauma,Premature Cardiac Complex | Carney Complex | Trauma | Physical trauma | Traumatic injury,,MTH,C0340464 | C0406810 | C3714660 | C1368081 | C3263723,yes,Premature Cardiac Complex | Carney Complex | Trauma | Physical trauma | Traumatic injury,complex trauma,Complex Trauma,Complex Trauma
Emily Wang,https://profiles.ucalgary.ca/emily-wang-0,mental health issues,mental health issues,mental health | Personal Health Issues | Sexual Health Issues | Mental health treatment | Nursing Health Issues Reference Set | Finding related to health insurance issues,mental health issues | mental health | health issues,MTH | SNOMEDCT_US,C0025353 | C2362508 | C2362503 | C0184647 | C4518311 | C1636784,yes,mental health | Personal Health Issues | Sexual Health Issues | Mental health treatment | Nursing Health Issues Reference Set | Finding related to health insurance issues,mental health,Mental Health,Mental Health
Emily Wang,https://profiles.ucalgary.ca/emily-wang-0,doctorate of philosophy in clinical psychology,doctorate of philosophy in clinical psychology,Doctor of Philosophy,doctorate philosophy,MTH,C1512022,yes,Doctor of Philosophy,Doctor of Philosophy,Doctor Of Philosophy,Doctor Of Philosophy
Emily Wang,https://profiles.ucalgary.ca/emily-wang-0,trauma informed services at hull services,trauma informed services at hull services,Trauma | Physical trauma | Traumatic injury | Informed consent obtained | Craniocerebral Trauma,,MTH | MSH,C3714660 | C1368081 | C3263723 | C0514044 | C0018674,yes,Trauma | Physical trauma | Traumatic injury | Informed consent obtained | Craniocerebral Trauma,trauma informed services at hull services,Trauma Informed Services At Hull Services,
Emily Wang,https://profiles.ucalgary.ca/emily-wang-0,appointed fellow of the neurosequential model network,appointed fellow of the neurosequential model network,,,,,no,appointed fellow of the neurosequential model network,appointed fellow of the neurosequential model network,Appointed Fellow Of The Neurosequential Model Network,
Emma Towlson,https://profiles.ucalgary.ca/emma-towlson,mental health,mental health,mental health | Mental health treatment,mental health,MTH | SNOMEDCT_US,C0025353 | C0184647,yes,mental health | Mental health treatment,mental health,Mental Health,Mental Health
Emma Towlson,https://profiles.ucalgary.ca/emma-towlson,mental illness,mental illness,Mental disorders,mental illness,MTH,C0004936,yes,Mental disorders,mental illness,Mental Illness,Mental Illness
Emma Towlson,https://profiles.ucalgary.ca/emma-towlson,skillsets lie in the field of network neuroscience,skillsets lie in the field of network neuroscience,,,,,no,skillsets lie in the field of network neuroscience,skillsets lie in the field of network neuroscience,Skillsets Lie In The Field Of Network Neuroscience,
Emma Towlson,https://profiles.ucalgary.ca/emma-towlson,genes within the cell,genes within the cell,egress of virus within host cell,within cell,MTH,C1160691,yes,egress of virus within host cell,egress of virus within host cell,Within Cell,Within Cell
Emma Towlson,https://profiles.ucalgary.ca/emma-towlson,network neuroscience offers powerful mathematical frameworks,network neuroscience offers powerful mathematical frameworks,,,,,no,network neuroscience offers powerful mathematical frameworks,network neuroscience offers powerful mathematical frameworks,Network Neuroscience Offers Powerful Mathematical Frameworks,
Emma Towlson,https://profiles.ucalgary.ca/emma-towlson,studies of brain networks across different species,studies of brain networks across different species,,,,,no,studies of brain networks across different species,studies of brain networks across different species,Studies Of Brain Networks Across Different Species,
Emma Towlson,https://profiles.ucalgary.ca/emma-towlson,be used to describe various disorders,be used to describe various disorders,Easy to describe thoughts &or feelings | Difficult to describe thoughts &or feelings | various allergen extracts | various antiseptic throat preparations | Iron in various other combinations,,MTH,C5575251 | C5575253 | C3540765 | C3540766 | C3540767,yes,Easy to describe thoughts &or feelings | Difficult to describe thoughts &or feelings | various allergen extracts | various antiseptic throat preparations | Iron in various other combinations,Easy to describe thoughts &or feelings,Describe,Describe
Emma Towlson,https://profiles.ucalgary.ca/emma-towlson,diseases in the human brain,diseases in the human brain,"brain-derived neurotrophic factor, human | human brain RI | DZIP brain protein, human | brain-specific protein D2, human",diseases human | human brain,MTH | MSH,C3486709 | C0257306 | C1528001 | C1505601,yes,"brain-derived neurotrophic factor, human | human brain RI | DZIP brain protein, human | brain-specific protein D2, human",human brain RI,Human Brain,Human Brain
Erica Makarenko,https://profiles.ucalgary.ca/erica-makarenko,developmental psychopathology,developmental psychopathology,"Developmental Disabilities | Developmental delay | Reading Disorder, Developmental | Developmental Coordination Disorder",,MTH,C0008073 | C0424605 | C0920296 | C0011757,yes,"Developmental Disabilities | Developmental delay | Reading Disorder, Developmental | Developmental Coordination Disorder",developmental psychopathology,Developmental Psychopathology,Developmental Psychopathology
Erica Makarenko,https://profiles.ucalgary.ca/erica-makarenko,cognitive developmental psychology,cognitive developmental psychology,Cognitive developmental delay | Borderline cognitive developmental delay,cognitive developmental | developmental psychology,SNOMEDCT_US,C1959866 | C3531748,yes,Cognitive developmental delay | Borderline cognitive developmental delay,Cognitive developmental delay,Cognitive Developmental,Cognitive Developmental
Erica Makarenko,https://profiles.ucalgary.ca/erica-makarenko,youth mental health,youth mental health,mental health | Mental health treatment,mental health,MTH | SNOMEDCT_US,C0025353 | C0184647,yes,mental health | Mental health treatment,mental health,Mental Health,Mental Health
Erica Makarenko,https://profiles.ucalgary.ca/erica-makarenko,attention deficit disorder,attention deficit disorder,Attention Deficit Disorder | Attention deficit hyperactivity disorder | Child attention deficit disorder,attention deficit disorder | attention deficit | deficit disorder,MTH,C0041671 | C1263846 | C0004269,yes,Attention Deficit Disorder | Attention deficit hyperactivity disorder | Child attention deficit disorder,Attention Deficit Disorder,Attention Deficit Disorder,Attention Deficit Disorder
Eric Chan,https://profiles.ucalgary.ca/eric-chan,psychiatric rating scales,psychiatric rating scales,Psychiatric Status Rating Scales | Brief Psychiatric Rating Scale | Brief psychiatric rating scale - 1962,psychiatric rating scales | psychiatric rating | rating scales,MSH | SNOMEDCT_US,C0033871 | C0029941 | C0561907,yes,Psychiatric Status Rating Scales | Brief Psychiatric Rating Scale | Brief psychiatric rating scale - 1962,Psychiatric Status Rating Scales,Psychiatric Rating Scales,Psychiatric Rating Scales
Eric Chan,https://profiles.ucalgary.ca/eric-chan,e-mental health,e-mental health,mental health | Mental health treatment,e-mental health | e mental health | e mental | mental health,MTH | SNOMEDCT_US,C0025353 | C0184647,yes,mental health | Mental health treatment,mental health,Mental Health,Mental Health
Eric Chan,https://profiles.ucalgary.ca/eric-chan,bipolar disorder,bipolar disorder,Bipolar Disorder | Bipolar Disorder Type 2 | Bipolar I disorder | Organic bipolar disorder | Mild bipolar disorder,bipolar disorder,MTH | MSH | SNOMEDCT_US,C0005586 | C0236788 | C0853193 | C0338653 | C0270419,yes,Bipolar Disorder | Bipolar Disorder Type 2 | Bipolar I disorder | Organic bipolar disorder | Mild bipolar disorder,Bipolar Disorder,Bipolar Disorder,Bipolar Disorder
Eric Chan,https://profiles.ucalgary.ca/eric-chan,depression,depression,"Mental Depression | Depressive disorder | Reactive depression | Depression, Postpartum",depression,MTH | MSH,C0011570 | C0011581 | C0011579 | C0221074,yes,"Mental Depression | Depressive disorder | Reactive depression | Depression, Postpartum",Mental Depression,Mental Depression,Mental Depression
Eric Chan,https://profiles.ucalgary.ca/eric-chan,emergency psychiatry,emergency psychiatry,Emergency Care | emergency tracheostomy | Hypertensive emergency,,MTH,C1527398 | C0498305 | C0745136,yes,Emergency Care | emergency tracheostomy | Hypertensive emergency,emergency psychiatry,Emergency Psychiatry,Emergency Psychiatry
Eric Chan,https://profiles.ucalgary.ca/eric-chan,mood disorders,mood disorders,Mood Disorders | Psychotic Mood Disorders | Organic mood disorder | Bipolar Disorder,mood disorders,MSH | SNOMEDCT_US | MTH,C0525045 | C0086640 | C0029232 | C0005586,yes,Mood Disorders | Psychotic Mood Disorders | Organic mood disorder | Bipolar Disorder,Mood Disorders,Mood Disorders,Mood Disorders
Eric Smith,https://profiles.ucalgary.ca/eric-smith,dementia,dementia,"Dementia | Presenile dementia | Senile dementia | Multi-infarct dementia | Dementia, Vascular",dementia,MTH | MSH,C0497327 | C0011265 | C0011268 | C0011263 | C0011269,yes,"Dementia | Presenile dementia | Senile dementia | Multi-infarct dementia | Dementia, Vascular",Dementia,Dementia,Dementia
Eric Smith,https://profiles.ucalgary.ca/eric-smith,cognitive disorders,cognitive disorders,Cognition Disorders | Postoperative Cognitive Disorders | Impaired cognition | Memory Disorders,cognitive disorders,MTH | MSH,C0009241 | C5691260 | C0338656 | C0025261,yes,Cognition Disorders | Postoperative Cognitive Disorders | Impaired cognition | Memory Disorders,Postoperative Cognitive Disorders,Cognitive Disorders,Cognitive Disorders
Eric Smith,https://profiles.ucalgary.ca/eric-smith,movement disorders,movement disorders,"Movement Disorders | Extrapyramidal and movement disorders | Stereotypic Movement Disorder | Movement Disorders, Rhythmic Nocturnal",movement disorders,MTH | MSH,C0026650 | C0477355 | C0038273 | C0752298,yes,"Movement Disorders | Extrapyramidal and movement disorders | Stereotypic Movement Disorder | Movement Disorders, Rhythmic Nocturnal",Movement Disorders,Movement Disorders,Movement Disorders
Eric Smith,https://profiles.ucalgary.ca/eric-smith,stroke,stroke,Heat Stroke | Ischemic stroke | Hemorrhagic Stroke | Embolic Stroke,stroke,MTH | MSH,C0018843 | C0948008 | C5234922 | C0262469,yes,Heat Stroke | Ischemic stroke | Hemorrhagic Stroke | Embolic Stroke,Heat Stroke,Stroke,Stroke
Fady Girgis,https://profiles.ucalgary.ca/fady-girgis,movement disorders,movement disorders,"Movement Disorders | Extrapyramidal and movement disorders | Stereotypic Movement Disorder | Movement Disorders, Rhythmic Nocturnal",movement disorders,MTH | MSH,C0026650 | C0477355 | C0038273 | C0752298,yes,"Movement Disorders | Extrapyramidal and movement disorders | Stereotypic Movement Disorder | Movement Disorders, Rhythmic Nocturnal",Movement Disorders,Movement Disorders,Movement Disorders
Fady Girgis,https://profiles.ucalgary.ca/fady-girgis,pain,pain,Pain | Chest Pain | Back Pain | Low Back Pain | Abdominal Pain,pain,MTH,C0030193 | C0008031 | C0004604 | C0024031 | C0000737,yes,Pain | Chest Pain | Back Pain | Low Back Pain | Abdominal Pain,Pain,Pain,Pain
Fady Girgis,https://profiles.ucalgary.ca/fady-girgis,human intracranial cognitive neurophysiology,human intracranial cognitive neurophysiology,"insulin, regular, human | albumin human, USP | Human Bite | Intracranial Hemorrhage | Intracranial Hypertension",,MTH,C0795635 | C0304925 | C0005660 | C0151699 | C0151740,yes,"insulin, regular, human | albumin human, USP | Human Bite | Intracranial Hemorrhage | Intracranial Hypertension",human intracranial cognitive neurophysiology,Human Intracranial Cognitive Neurophysiology,Human Intracranial Cognitive Neurophysiology
Farhad Maleki,https://profiles.ucalgary.ca/farhad-maleki,machine learning,machine learning,Machine Learning | Supervised Machine Learning | Unsupervised Machine Learning | Inductive Machine Learning | Representation Machine Learning,machine learning,MSH,C0376284 | C4042903 | C4042902 | C4046035 | C5940532,yes,Machine Learning | Supervised Machine Learning | Unsupervised Machine Learning | Inductive Machine Learning | Representation Machine Learning,Machine Learning,Machine Learning,Machine Learning
Farhad Maleki,https://profiles.ucalgary.ca/farhad-maleki,computer vision,computer vision,Computer software | Computer simulation | Blurred vision | Low Vision | Vision Disorders,computer vision,MTH,C0037585 | C0009609 | C0344232 | C0042798 | C0042790,yes,Computer software | Computer simulation | Blurred vision | Low Vision | Vision Disorders,computer vision,Computer Vision,Computer Vision
Farhad Maleki,https://profiles.ucalgary.ca/farhad-maleki,computational neuroscience,computational neuroscience,Computational Modelling | Computational Technique,,MTH,C5544479 | C1516769,yes,Computational Modelling | Computational Technique,computational neuroscience,Computational Neuroscience,Computational Neuroscience
Farhad Maleki,https://profiles.ucalgary.ca/farhad-maleki,biomedical data analysis,biomedical data analysis,Computer data analysis | Eye Movement Data Analysis,data analysis,MTH | MSH,C0677062 | C5392847,yes,Computer data analysis | Eye Movement Data Analysis,Computer data analysis,Computer Data Analysis,Computer Data Analysis
Farnaz Amoozegar,https://profiles.ucalgary.ca/farnaz-amoozegar,pain,pain,Pain | Chest Pain | Back Pain | Low Back Pain | Abdominal Pain,pain,MTH,C0030193 | C0008031 | C0004604 | C0024031 | C0000737,yes,Pain | Chest Pain | Back Pain | Low Back Pain | Abdominal Pain,Pain,Pain,Pain
Farnaz Amoozegar,https://profiles.ucalgary.ca/farnaz-amoozegar,migraine,migraine,Migraine Disorders | Common Migraine | Abdominal Migraine | Ophthalmoplegic Migraine | Hemiplegic migraine,migraine,MTH | MSH | SNOMEDCT_US,C0149931 | C0338480 | C0270858 | C0221058 | C0270862,yes,Migraine Disorders | Common Migraine | Abdominal Migraine | Ophthalmoplegic Migraine | Hemiplegic migraine,Migraine Disorders,Migraine,Migraine
Farnaz Amoozegar,https://profiles.ucalgary.ca/farnaz-amoozegar,new therapeutics,new therapeutics,Therapeutic procedure,,MTH,C0087111,yes,Therapeutic procedure,new therapeutics,New Therapeutics,New Therapeutics
Farnaz Amoozegar,https://profiles.ucalgary.ca/farnaz-amoozegar,include new therapeutics,include new therapeutics,Therapeutic procedure,include new,MTH,C0087111,yes,Therapeutic procedure,include new therapeutics,Include New Therapeutics,Include New Therapeutics
Fiona Costello,https://profiles.ucalgary.ca/fiona-costello,multiple sclerosis,multiple sclerosis,"Multiple Sclerosis | Multiple Sclerosis, Chronic Progressive | Malignant multiple sclerosis | Benign multiple sclerosis",multiple sclerosis,MTH | MSH | SNOMEDCT_US,C0026769 | C0393665 | C2586221 | C2585570,yes,"Multiple Sclerosis | Multiple Sclerosis, Chronic Progressive | Malignant multiple sclerosis | Benign multiple sclerosis",Multiple Sclerosis,Multiple Sclerosis,Multiple Sclerosis
Fiona Costello,https://profiles.ucalgary.ca/fiona-costello,visual pathways,visual pathways,Disorder of visual pathways | Traumatic injury of visual pathways,visual pathways,SNOMEDCT_US,C0155287 | C0161400,yes,Disorder of visual pathways | Traumatic injury of visual pathways,Disorder of visual pathways,Visual Pathways,Visual Pathways
Fiona Costello,https://profiles.ucalgary.ca/fiona-costello,central nervous system,central nervous system,Central Nervous System Stimulants | Central Nervous System Neoplasms | Central Nervous System Lymphoma | Central Nervous System Infection | Central nervous aspergilloma,central nervous system | central nervous,MTH | SNOMEDCT_US,C0002763 | C0085136 | C5886912 | C0007684 | C6062667,yes,Central Nervous System Stimulants | Central Nervous System Neoplasms | Central Nervous System Lymphoma | Central Nervous System Infection | Central nervous aspergilloma,Central Nervous System Neoplasms,Central Nervous System,Central Nervous System
Fiona Costello,https://profiles.ucalgary.ca/fiona-costello,joan allen investigatorship for vision research,joan allen investigatorship for vision research,Allen test | Allen picture test,,MTH,C0231664 | C1275990,yes,Allen test | Allen picture test,joan allen investigatorship for vision research,Joan Allen Investigatorship For Vision Research,
Fiona Costello,https://profiles.ucalgary.ca/fiona-costello,journal of neurology,journal of neurology,Journal | Journal Article | Journal Impact Factor | Introductory Journal Article,,MTH | MSH,C0162443 | C0282420 | C2350574 | C1956026,yes,Journal | Journal Article | Journal Impact Factor | Introductory Journal Article,journal of neurology,Journal Of Neurology,Journal Of Neurology
Fiona Costello,https://profiles.ucalgary.ca/fiona-costello,canadian neurological sciences federation,canadian neurological sciences federation,Canadian bluegrass pollen extract | Neurological Rehabilitation | Neurological observations,,MTH,C2940183 | C0204096 | C0422837,yes,Canadian bluegrass pollen extract | Neurological Rehabilitation | Neurological observations,canadian neurological sciences federation,Canadian Neurological Sciences Federation,Canadian Neurological Sciences Federation
Fiona Costello,https://profiles.ucalgary.ca/fiona-costello,north american neuro-ophthalmology society,north american neuro-ophthalmology society,"Neuro-ophthalmological procedure | Neuro-p24 protein, mouse | Neuro - Whipple's disease",,SNOMEDCT_US | MSH,C0521308 | C1434469 | C0455719,yes,"Neuro-ophthalmological procedure | Neuro-p24 protein, mouse | Neuro - Whipple's disease",north american neuro-ophthalmology society,North American Neuro Ophthalmology Society,
Fiona Costello,https://profiles.ucalgary.ca/fiona-costello,international women in multiple sclerosis network,international women in multiple sclerosis network,"Multiple Sclerosis | International travel | Multiple Myeloma | Multiple Pregnancy | Fractures, Multiple",,MTH,C0026769 | C4554677 | C0026764 | C0032989 | C0016655,yes,"Multiple Sclerosis | International travel | Multiple Myeloma | Multiple Pregnancy | Fractures, Multiple",Multiple Sclerosis,Multiple Sclerosis,Multiple Sclerosis
Fiona Costello,https://profiles.ucalgary.ca/fiona-costello,in multiple sclerosis,in multiple sclerosis,"Multiple Sclerosis | Multiple Sclerosis, Chronic Progressive | Malignant multiple sclerosis | Benign multiple sclerosis",in multiple sclerosis | multiple sclerosis,MTH | MSH | SNOMEDCT_US,C0026769 | C0393665 | C2586221 | C2585570,yes,"Multiple Sclerosis | Multiple Sclerosis, Chronic Progressive | Malignant multiple sclerosis | Benign multiple sclerosis",Multiple Sclerosis,Multiple Sclerosis,Multiple Sclerosis
Frank MacMaster,https://profiles.ucalgary.ca/frank-macmaster,brain stimulation,brain stimulation,Deep Brain Stimulation | Electrical Stimulation of the Brain | Brain stimulation | Direct brain stimulation,brain stimulation,MTH | MSH | SNOMEDCT_US,C0394162 | C0302825 | C0870227 | C0555354,yes,Deep Brain Stimulation | Electrical Stimulation of the Brain | Brain stimulation | Direct brain stimulation,Brain stimulation,Brain Stimulation,Brain Stimulation
Frank MacMaster,https://profiles.ucalgary.ca/frank-macmaster,mental illness,mental illness,Mental disorders,mental illness,MTH,C0004936,yes,Mental disorders,mental illness,Mental Illness,Mental Illness
Frank MacMaster,https://profiles.ucalgary.ca/frank-macmaster,neurodevelopmental disorders,neurodevelopmental disorders,Neurodevelopmental Disorders | Fetal neurodevelopmental disorder,neurodevelopmental disorders,MTH | SNOMEDCT_US,C1535926 | C1285381,yes,Neurodevelopmental Disorders | Fetal neurodevelopmental disorder,Neurodevelopmental Disorders,Neurodevelopmental Disorders,Neurodevelopmental Disorders
Frank MacMaster,https://profiles.ucalgary.ca/frank-macmaster,neuroimaging,neuroimaging,Neuroimaging | Functional Neuroimaging,neuroimaging,MTH | MSH,C0679575 | C3178877,yes,Neuroimaging | Functional Neuroimaging,Neuroimaging,Neuroimaging,Neuroimaging
Frank MacMaster,https://profiles.ucalgary.ca/frank-macmaster,mental disorders,mental disorders,"Mental disorders | Preadult mental disorders | Mental Disorders, Severe | Organic Mental Disorders, Psychotic",mental disorders,MTH | MSH,C0004936 | C0809985 | C4046029 | C0029230,yes,"Mental disorders | Preadult mental disorders | Mental Disorders, Severe | Organic Mental Disorders, Psychotic",Mental disorders,Mental Disorders,Mental Disorders
Frank Stahnisch,https://profiles.ucalgary.ca/frank-stahnisch,conditions for a social,conditions for a social,Social context finding,conditions for a social | conditions social,SNOMEDCT_US,C1266850,yes,Social context finding,conditions for a social,Conditions For A Social,Conditions For A Social
Frank Stahnisch,https://profiles.ucalgary.ca/frank-stahnisch,when viewing instances of social debates,when viewing instances of social debates,Instance Identifier Data Type | Multiple-Instance Learning Algorithms | Eccentric viewing,,MTH | MSH | SNOMEDCT_US,C2987305 | C5940551 | C0422960,yes,Instance Identifier Data Type | Multiple-Instance Learning Algorithms | Eccentric viewing,when viewing instances of social debates,When Viewing Instances Of Social Debates,
Frank Stahnisch,https://profiles.ucalgary.ca/frank-stahnisch,health care),health care,mental health,health care,MTH,C0025353,yes,mental health,health care),Health Care,Health Care
Frank Stahnisch,https://profiles.ucalgary.ca/frank-stahnisch,public mental health (particularly canada,public mental health particularly canada,mental health | Mental Depression | Mental disorders | Mental Retardation | Mental Orientation,,MTH,C0025353 | C0011570 | C0004936 | C0025362 | C0029266,yes,mental health | Mental Depression | Mental disorders | Mental Retardation | Mental Orientation,mental health,Mental Health,Mental Health
Frank Stahnisch,https://profiles.ucalgary.ca/frank-stahnisch,adaptation problems of many émigré psychiatrists,adaptation problems of many migr psychiatrists,Emotional problems | Substance Abuse Problems | Learning problems | Social Problems | Environmental adaptation,,MTH | MSH | SNOMEDCT_US,C0677660 | C0740858 | C0851265 | C0037431 | C0178620,yes,Emotional problems | Substance Abuse Problems | Learning problems | Social Problems | Environmental adaptation,adaptation problems of many émigré psychiatrists,Adaptation Problems Of Many Migr Psychiatrists,
Frank Stahnisch,https://profiles.ucalgary.ca/frank-stahnisch,who could be classified as early “neuroscientists”,who could be classified as early neuroscientists,"Haematocele, female, not elsewhere classified | Inflammatory spondylopathies in diseases classified elsewhere | Sacroiliitis, not elsewhere classified in ICD10CM | Early menarche | Early satiety (finding)",,MTH,C0869281 | C0021396 | C0868862 | C0342548 | C0239233,yes,"Haematocele, female, not elsewhere classified | Inflammatory spondylopathies in diseases classified elsewhere | Sacroiliitis, not elsewhere classified in ICD10CM | Early menarche | Early satiety (finding)",who could be classified as early “neuroscientists”,Could Be Classified As Early Neuroscientists,
Frank Stahnisch,https://profiles.ucalgary.ca/frank-stahnisch,biomedical research,biomedical research,"Translational Research, Biomedical | Biomedical Research",biomedical research,MTH | MSH,C1519620 | C0005540,yes,"Translational Research, Biomedical | Biomedical Research",Biomedical Research,Biomedical Research,Biomedical Research
Frank Stahnisch,https://profiles.ucalgary.ca/frank-stahnisch,public health,public health,mental health,public health,MTH,C0025353,yes,mental health,public health,Public Health,Public Health
Frank Stahnisch,https://profiles.ucalgary.ca/frank-stahnisch,gender studies,gender studies,Gender Identity | Gender Dysphoria | Gender finding,,MTH | SNOMEDCT_US,C0017249 | C0686346 | C1287419,yes,Gender Identity | Gender Dysphoria | Gender finding,gender studies,Gender Studies,Gender Studies
Frank Stahnisch,https://profiles.ucalgary.ca/frank-stahnisch,history of psychiatry,history of psychiatry,History of admission to psychiatry department,history of psychiatry | history psychiatry,SNOMEDCT_US,C4759343,yes,History of admission to psychiatry department,History of admission to psychiatry department,History Of To Psychiatry Department,
Frank Stahnisch,https://profiles.ucalgary.ca/frank-stahnisch,pharmaceutical history,pharmaceutical history,Pharmaceutical Preparations | Pharmaceutical Preservatives | Pharmaceutical Excipient | Pharmaceutical Solutions | Medical History,,MTH,C0013227 | C0033086 | C0015237 | C0525069 | C0262926,yes,Pharmaceutical Preparations | Pharmaceutical Preservatives | Pharmaceutical Excipient | Pharmaceutical Solutions | Medical History,pharmaceutical history,Pharmaceutical History,Pharmaceutical History
Frank Stahnisch,https://profiles.ucalgary.ca/frank-stahnisch,clinical trials,clinical trials,"Clinical Trials | Clinical Trials, Monitoring | Clinical Trials Design | Clinical Trials, Phase II",clinical trials,MTH,C0008976 | C1516647 | C1516636 | C0282460,yes,"Clinical Trials | Clinical Trials, Monitoring | Clinical Trials Design | Clinical Trials, Phase II",Clinical Trials,Clinical Trials,Clinical Trials
Frank Stahnisch,https://profiles.ucalgary.ca/frank-stahnisch,cancer treatment,cancer treatment,Response to cancer treatment | Hormone treatment for cancer | PhenX measure - cancer treatment | Cancer treatment started | Hyperthermia treatment of cancer,cancer treatment,MTH | SNOMEDCT_US,C4522175 | C4760323 | C3165951 | C1273386 | C0203598,yes,Response to cancer treatment | Hormone treatment for cancer | PhenX measure - cancer treatment | Cancer treatment started | Hyperthermia treatment of cancer,Cancer treatment started,Cancer Treatment,Cancer Treatment
Frank Stahnisch,https://profiles.ucalgary.ca/frank-stahnisch,public health throughout modern history,public health throughout modern history,mental health | Team communication is maintained throughout care,,MTH,C0025353 | C5552467,yes,mental health | Team communication is maintained throughout care,public health throughout modern history,Public Health Throughout Modern History,
Frank Stahnisch,https://profiles.ucalgary.ca/frank-stahnisch,regulatory frameworks for pharmaceutical research,regulatory frameworks for pharmaceutical research,Regulatory documentation | Regulatory Submission | Pharmaceutical Preparations | Pharmaceutical Preservatives | Pharmaceutical Excipient,,MTH,C1301773 | C2347939 | C0013227 | C0033086 | C0015237,yes,Regulatory documentation | Regulatory Submission | Pharmaceutical Preparations | Pharmaceutical Preservatives | Pharmaceutical Excipient,regulatory frameworks for pharmaceutical research,Regulatory Frameworks For Pharmaceutical Research,
Frank Stahnisch,https://profiles.ucalgary.ca/frank-stahnisch,development in the period,development in the period,Pervasive Development Disorder | Psychosexual Development,development in the period | development period,MTH,C0524528 | C0033944,yes,Pervasive Development Disorder | Psychosexual Development,development in the period,Development In The Period,Development In The Period
Frank Stahnisch,https://profiles.ucalgary.ca/frank-stahnisch,authoritative discourse within iode public health initiatives,authoritative discourse within iode public health initiatives,,,,,no,authoritative discourse within iode public health initiatives,authoritative discourse within iode public health initiatives,Authoritative Discourse Within Iode Public Health Initiatives,
Frank Stahnisch,https://profiles.ucalgary.ca/frank-stahnisch,environmental factors in historical events,environmental factors in historical events,Environmental and Social Factors Domain | Environmental and Social Factors Supplemental Qualifiers Dataset | Accident due to environmental factor,environmental factors,MTH | SNOMEDCT_US,C5400108 | C4554000 | C0417580,yes,Environmental and Social Factors Domain | Environmental and Social Factors Supplemental Qualifiers Dataset | Accident due to environmental factor,Environmental and Social Factors Domain,Environmental And Social Factors,Environmental And Social Factors
Frank Stahnisch,https://profiles.ucalgary.ca/frank-stahnisch,journal of neurology,journal of neurology,Journal | Journal Article | Journal Impact Factor | Introductory Journal Article,,MTH | MSH,C0162443 | C0282420 | C2350574 | C1956026,yes,Journal | Journal Article | Journal Impact Factor | Introductory Journal Article,journal of neurology,Journal Of Neurology,Journal Of Neurology
Frank Stahnisch,https://profiles.ucalgary.ca/frank-stahnisch,canadian journal of psychiatry,canadian journal of psychiatry,Canadian bluegrass pollen extract | Journal | Journal Article | Journal Impact Factor | Introductory Journal Article,,MTH | MSH,C2940183 | C0162443 | C0282420 | C2350574 | C1956026,yes,Canadian bluegrass pollen extract | Journal | Journal Article | Journal Impact Factor | Introductory Journal Article,canadian journal of psychiatry,Canadian Journal Of Psychiatry,Canadian Journal Of Psychiatry
Frank Stahnisch,https://profiles.ucalgary.ca/frank-stahnisch,neuroimaging,neuroimaging,Neuroimaging | Functional Neuroimaging,neuroimaging,MTH | MSH,C0679575 | C3178877,yes,Neuroimaging | Functional Neuroimaging,Neuroimaging,Neuroimaging,Neuroimaging
Gabriela Gilmour,https://profiles.ucalgary.ca/gabriela-gilmour,movement disorders,movement disorders,"Movement Disorders | Extrapyramidal and movement disorders | Stereotypic Movement Disorder | Movement Disorders, Rhythmic Nocturnal",movement disorders,MTH | MSH,C0026650 | C0477355 | C0038273 | C0752298,yes,"Movement Disorders | Extrapyramidal and movement disorders | Stereotypic Movement Disorder | Movement Disorders, Rhythmic Nocturnal",Movement Disorders,Movement Disorders,Movement Disorders
Gabrielle Wilcox,https://profiles.ucalgary.ca/gabrielle-wilcox,mental health,mental health,mental health | Mental health treatment,mental health,MTH | SNOMEDCT_US,C0025353 | C0184647,yes,mental health | Mental health treatment,mental health,Mental Health,Mental Health
Gabrielle Wilcox,https://profiles.ucalgary.ca/gabrielle-wilcox,disruptive disorders of childhood,disruptive disorders of childhood,"Disruptive, Impulse Control, and Conduct Disorders | Feeding and Eating Disorders of Childhood | Childhood onset fluency disorder | Disruptive Behavior Disorder | Attention Deficit and Disruptive Behavior Disorders | Childhood Communication Disorders | Childhood Tic Disorders | Child Behavior Disorders",disruptive disorders | disorders childhood,MTH | MSH,C0021122 | C0525042 | C2921028 | C0012734 | C0236964 | C0751048 | C0751553 | C0008066,yes,"Disruptive, Impulse Control, and Conduct Disorders | Feeding and Eating Disorders of Childhood | Childhood onset fluency disorder | Disruptive Behavior Disorder | Attention Deficit and Disruptive Behavior Disorders | Childhood Communication Disorders | Childhood Tic Disorders | Child Behavior Disorders",Feeding and Eating Disorders of Childhood,Disorders Of Childhood,Disorders Of Childhood
Gabrielle Wilcox,https://profiles.ucalgary.ca/gabrielle-wilcox,transition-age youth,transition-age youth,,age youth,,,no,transition-age youth,transition-age youth,Transition Age Youth,
Gabrielle Wilcox,https://profiles.ucalgary.ca/gabrielle-wilcox,school psychologists intellectual disabilities transition-age youth,school psychologists intellectual disabilities transition-age youth,Intellectual Disability | Profound intellectual disabilities | Mild intellectual disability | Severe intellectual disability | Moderate intellectual disability,,MTH | SNOMEDCT_US,C3714756 | C3161330 | C0026106 | C0036857 | C0026351,yes,Intellectual Disability | Profound intellectual disabilities | Mild intellectual disability | Severe intellectual disability | Moderate intellectual disability,Profound intellectual disabilities,Intellectual Disabilities,Intellectual Disabilities
Gabrielle Wilcox,https://profiles.ucalgary.ca/gabrielle-wilcox,attention deficit disorder,attention deficit disorder,Attention Deficit Disorder | Attention deficit hyperactivity disorder | Child attention deficit disorder,attention deficit disorder | attention deficit | deficit disorder,MTH,C0041671 | C1263846 | C0004269,yes,Attention Deficit Disorder | Attention deficit hyperactivity disorder | Child attention deficit disorder,Attention Deficit Disorder,Attention Deficit Disorder,Attention Deficit Disorder
Gabrielle Wilcox,https://profiles.ucalgary.ca/gabrielle-wilcox,mental health services,mental health services,mental health | Health Services Accessibility | Mental health treatment,mental health services | mental health | health services,MTH | SNOMEDCT_US,C0025353 | C0018748 | C0184647,yes,mental health | Health Services Accessibility | Mental health treatment,mental health,Mental Health,Mental Health
Gabrielle Wilcox,https://profiles.ucalgary.ca/gabrielle-wilcox,youth mental health,youth mental health,mental health | Mental health treatment,mental health,MTH | SNOMEDCT_US,C0025353 | C0184647,yes,mental health | Mental health treatment,mental health,Mental Health,Mental Health
Gabrielle Wilcox,https://profiles.ucalgary.ca/gabrielle-wilcox,depression,depression,"Mental Depression | Depressive disorder | Reactive depression | Depression, Postpartum",depression,MTH | MSH,C0011570 | C0011581 | C0011579 | C0221074,yes,"Mental Depression | Depressive disorder | Reactive depression | Depression, Postpartum",Mental Depression,Mental Depression,Mental Depression
Gabrielle Wilcox,https://profiles.ucalgary.ca/gabrielle-wilcox,neuroimaging,neuroimaging,Neuroimaging | Functional Neuroimaging,neuroimaging,MTH | MSH,C0679575 | C3178877,yes,Neuroimaging | Functional Neuroimaging,Neuroimaging,Neuroimaging,Neuroimaging
Gabrielle Wilcox,https://profiles.ucalgary.ca/gabrielle-wilcox,clinical reasoning,clinical reasoning,Clinical Reasoning,clinical reasoning,MSH,C5392149,yes,Clinical Reasoning,Clinical Reasoning,Clinical Reasoning,Clinical Reasoning
Gail Diane Kopp,https://profiles.ucalgary.ca/gail-diane-kopp,robotic neurosurgery,robotic neurosurgery,Robotic Surgical Procedures | Robotic radiotherapy,,MSH | SNOMEDCT_US,C3850136 | C5922801,yes,Robotic Surgical Procedures | Robotic radiotherapy,robotic neurosurgery,Robotic Neurosurgery,Robotic Neurosurgery
Garnette Roy Sutherland,https://profiles.ucalgary.ca/garnette-roy-sutherland,brain tumours,brain tumours,Brain Neoplasms | Ependymoma of brain | Neoplasm of brain suspected | Astrocytoma of brain,brain tumours,MTH | SNOMEDCT_US,C0006118 | C0238029 | C1277610 | C3695127,yes,Brain Neoplasms | Ependymoma of brain | Neoplasm of brain suspected | Astrocytoma of brain,brain tumours,Brain Tumours,Brain Tumours
Garnette Roy Sutherland,https://profiles.ucalgary.ca/garnette-roy-sutherland,cerebrovascular disease,cerebrovascular disease,Diffuse cerebrovascular disease | Asymptomatic cerebrovascular disease | Cerebrovascular Disorders,cerebrovascular disease,SNOMEDCT_US | MTH,C0553766 | C0393970 | C0007820,yes,Diffuse cerebrovascular disease | Asymptomatic cerebrovascular disease | Cerebrovascular Disorders,Diffuse cerebrovascular disease,Cerebrovascular Disease,Cerebrovascular Disease
Garnette Roy Sutherland,https://profiles.ucalgary.ca/garnette-roy-sutherland,robotic neurosurgery,robotic neurosurgery,Robotic Surgical Procedures | Robotic radiotherapy,,MSH | SNOMEDCT_US,C3850136 | C5922801,yes,Robotic Surgical Procedures | Robotic radiotherapy,robotic neurosurgery,Robotic Neurosurgery,Robotic Neurosurgery
Garnette Roy Sutherland,https://profiles.ucalgary.ca/garnette-roy-sutherland,brain tumours skull base robotics-technology cerebrovascular disease,brain tumours skull base robotics-technology cerebrovascular disease,Brain Diseases,,MTH,C0006111,yes,Brain Diseases,Brain Diseases,Brain Diseases,Brain Diseases
Gary Michael Klein,https://profiles.ucalgary.ca/gary-michael-klein,stroke,stroke,Heat Stroke | Ischemic stroke | Hemorrhagic Stroke | Embolic Stroke,stroke,MTH | MSH,C0018843 | C0948008 | C5234922 | C0262469,yes,Heat Stroke | Ischemic stroke | Hemorrhagic Stroke | Embolic Stroke,Heat Stroke,Stroke,Stroke
G. Bruce Pike,https://profiles.ucalgary.ca/g-bruce-pike,dementia,dementia,"Dementia | Presenile dementia | Senile dementia | Multi-infarct dementia | Dementia, Vascular",dementia,MTH | MSH,C0497327 | C0011265 | C0011268 | C0011263 | C0011269,yes,"Dementia | Presenile dementia | Senile dementia | Multi-infarct dementia | Dementia, Vascular",Dementia,Dementia,Dementia
G. Bruce Pike,https://profiles.ucalgary.ca/g-bruce-pike,cognitive disorders,cognitive disorders,Cognition Disorders | Postoperative Cognitive Disorders | Impaired cognition | Memory Disorders,cognitive disorders,MTH | MSH,C0009241 | C5691260 | C0338656 | C0025261,yes,Cognition Disorders | Postoperative Cognitive Disorders | Impaired cognition | Memory Disorders,Postoperative Cognitive Disorders,Cognitive Disorders,Cognitive Disorders
G. Bruce Pike,https://profiles.ucalgary.ca/g-bruce-pike,epilepsy,epilepsy,"Epilepsy | Absence Epilepsy | Tonic-Clonic Epilepsy | Epilepsy, Complex Partial",epilepsy,MTH | MSH,C0014544 | C0014553 | C0014549 | C0085417,yes,"Epilepsy | Absence Epilepsy | Tonic-Clonic Epilepsy | Epilepsy, Complex Partial",Epilepsy,Epilepsy,Epilepsy
G. Bruce Pike,https://profiles.ucalgary.ca/g-bruce-pike,mental health,mental health,mental health | Mental health treatment,mental health,MTH | SNOMEDCT_US,C0025353 | C0184647,yes,mental health | Mental health treatment,mental health,Mental Health,Mental Health
G. Bruce Pike,https://profiles.ucalgary.ca/g-bruce-pike,movement disorders,movement disorders,"Movement Disorders | Extrapyramidal and movement disorders | Stereotypic Movement Disorder | Movement Disorders, Rhythmic Nocturnal",movement disorders,MTH | MSH,C0026650 | C0477355 | C0038273 | C0752298,yes,"Movement Disorders | Extrapyramidal and movement disorders | Stereotypic Movement Disorder | Movement Disorders, Rhythmic Nocturnal",Movement Disorders,Movement Disorders,Movement Disorders
G. Bruce Pike,https://profiles.ucalgary.ca/g-bruce-pike,multiple sclerosis,multiple sclerosis,"Multiple Sclerosis | Multiple Sclerosis, Chronic Progressive | Malignant multiple sclerosis | Benign multiple sclerosis",multiple sclerosis,MTH | MSH | SNOMEDCT_US,C0026769 | C0393665 | C2586221 | C2585570,yes,"Multiple Sclerosis | Multiple Sclerosis, Chronic Progressive | Malignant multiple sclerosis | Benign multiple sclerosis",Multiple Sclerosis,Multiple Sclerosis,Multiple Sclerosis
G. Bruce Pike,https://profiles.ucalgary.ca/g-bruce-pike,magnetic resonance imaging,magnetic resonance imaging,Magnetic Resonance Imaging | Multiparametric Magnetic Resonance Imaging | Diffusion Magnetic Resonance Imaging,magnetic resonance imaging | magnetic resonance | resonance imaging,MTH,C0024485 | C3898221 | C1136216,yes,Magnetic Resonance Imaging | Multiparametric Magnetic Resonance Imaging | Diffusion Magnetic Resonance Imaging,Magnetic Resonance Imaging,Magnetic Resonance Imaging,Magnetic Resonance Imaging
G. Bruce Pike,https://profiles.ucalgary.ca/g-bruce-pike,quantitative mri techniques for measuring tissue microstructure,quantitative mri techniques for measuring tissue microstructure,,,,,no,quantitative mri techniques for measuring tissue microstructure,quantitative mri techniques for measuring tissue microstructure,Quantitative Mri Techniques For Measuring Tissue Microstructure,
G. Bruce Pike,https://profiles.ucalgary.ca/g-bruce-pike,member of the hotchkiss brain institute,member of the hotchkiss brain institute,Brain Concussion | Brain Injuries | Brain Neoplasms | Brain Diseases | Annotated member,,MTH | SNOMEDCT_US,C0006107 | C0270611 | C0006118 | C0006111 | C5880928,yes,Brain Concussion | Brain Injuries | Brain Neoplasms | Brain Diseases | Annotated member,member of the hotchkiss brain institute,Member Of The Hotchkiss Brain Institute,
G. Bruce Pike,https://profiles.ucalgary.ca/g-bruce-pike,functional magnetic resonance imaging,functional magnetic resonance imaging,Blood Oxygen Level Dependent Functional Magnetic Resonance Imaging | Magnetic Resonance Imaging | Multiparametric Magnetic Resonance Imaging | Diffusion Magnetic Resonance Imaging | MRI of brain with functional imaging,functional magnetic resonance imaging | functional magnetic resonance | magnetic resonance imaging | functional magnetic,MTH | SNOMEDCT_US,C1705491 | C0024485 | C3898221 | C1136216 | C0412677,yes,Blood Oxygen Level Dependent Functional Magnetic Resonance Imaging | Magnetic Resonance Imaging | Multiparametric Magnetic Resonance Imaging | Diffusion Magnetic Resonance Imaging | MRI of brain with functional imaging,Magnetic Resonance Imaging,Magnetic Resonance Imaging,Magnetic Resonance Imaging
Geoffrey Messier,https://profiles.ucalgary.ca/geoffrey-messier,machine learning,machine learning,Machine Learning | Supervised Machine Learning | Unsupervised Machine Learning | Reinforcement Machine Learning | Representation Machine Learning,machine learning,MSH,C0376284 | C4042903 | C4042902 | C5940531 | C5940532,yes,Machine Learning | Supervised Machine Learning | Unsupervised Machine Learning | Reinforcement Machine Learning | Representation Machine Learning,Machine Learning,Machine Learning,Machine Learning
Geoffrey Messier,https://profiles.ucalgary.ca/geoffrey-messier,"data science for mental health, addiction and homelessness",data science for mental health addiction and homelessness,Mental health addiction programs,mental health addiction,SNOMEDCT_US,C1300132,yes,Mental health addiction programs,Mental health addiction programs,Mental Health Addiction,Mental Health Addiction
Geoffrey Messier,https://profiles.ucalgary.ca/geoffrey-messier,data science for mental health,data science for mental health,Mental Depression | Mental disorders | Mental Retardation | Mental Orientation | Mental handicap,data science,MTH,C0011570 | C0004936 | C0025362 | C0029266 | C1306341,yes,Mental Depression | Mental disorders | Mental Retardation | Mental Orientation | Mental handicap,data science for mental health,Data Science For Mental Health,
Georgina Dimitropoulos,https://profiles.ucalgary.ca/georgina-dimitropoulos,eating disorders and family based treatments,eating disorders and family based treatments,Family history of eating disorder,eating disorders family,SNOMEDCT_US,C2315659,yes,Family history of eating disorder,eating disorders and family based treatments,Eating Disorders And Family Based Treatments,
Georgina Dimitropoulos,https://profiles.ucalgary.ca/georgina-dimitropoulos,health services research,health services research,Health Services Research | Health Services Accessibility,health services research | health services | services research,MTH,C0018757 | C0018748,yes,Health Services Research | Health Services Accessibility,Health Services Research,Health Services Research,Health Services Research
Georgina Dimitropoulos,https://profiles.ucalgary.ca/georgina-dimitropoulos,emerging adult mental health,emerging adult mental health,PROMIS Adult Mental Health Domain,adult mental health,MTH,C4050132,yes,PROMIS Adult Mental Health Domain,PROMIS Adult Mental Health Domain,Adult Mental Health,Adult Mental Health
Georgina Dimitropoulos,https://profiles.ucalgary.ca/georgina-dimitropoulos,health systems,health systems,Health Systems Plans | Health Information Systems,health systems,MTH | MSH,C0018764 | C0679918,yes,Health Systems Plans | Health Information Systems,Health Systems Plans,Health Systems,Health Systems
Georgina Dimitropoulos,https://profiles.ucalgary.ca/georgina-dimitropoulos,health equity,health equity,mental health,health equity,MTH,C0025353,yes,mental health,health equity,Health Equity,Health Equity
Georgina Dimitropoulos,https://profiles.ucalgary.ca/georgina-dimitropoulos,integrated youth services,integrated youth services,Integrated Learning System | Integrated Neuromusculoskeletal Release | Amplitude integrated electroencephalography,youth services,MTH | SNOMEDCT_US,C1512807 | C1704538 | C5922046,yes,Integrated Learning System | Integrated Neuromusculoskeletal Release | Amplitude integrated electroencephalography,integrated youth services,Integrated Youth Services,Integrated Youth Services
Georgina Dimitropoulos,https://profiles.ucalgary.ca/georgina-dimitropoulos,youth and family engagement,youth and family engagement,Family psychotherapy,,MTH,C0015618,yes,Family psychotherapy,youth and family engagement,Youth And Family Engagement,Youth And Family Engagement
Georgina Dimitropoulos,https://profiles.ucalgary.ca/georgina-dimitropoulos,youth mental health,youth mental health,mental health | Mental health treatment,mental health,MTH | SNOMEDCT_US,C0025353 | C0184647,yes,mental health | Mental health treatment,mental health,Mental Health,Mental Health
Georgina Dimitropoulos,https://profiles.ucalgary.ca/georgina-dimitropoulos,youth and emerging adult mental health and wellness,youth and emerging adult mental health and wellness,PROMIS Adult Mental Health Domain,adult mental health,MTH,C4050132,yes,PROMIS Adult Mental Health Domain,PROMIS Adult Mental Health Domain,Adult Mental Health,Adult Mental Health
Georgina Dimitropoulos,https://profiles.ucalgary.ca/georgina-dimitropoulos,supervision to students,supervision to students,Supervision (regime/therapy) | Constant supervision | Nursing supervision,,MTH | SNOMEDCT_US,C0038842 | C0557982 | C0419206,yes,Supervision (regime/therapy) | Constant supervision | Nursing supervision,supervision to students,Supervision To Students,Supervision To Students
Georgina Dimitropoulos,https://profiles.ucalgary.ca/georgina-dimitropoulos,social science,social science,"Phobia, Social | Social Problems",social science,MSH,C0031572 | C0037431,yes,"Phobia, Social | Social Problems",social science,Social Science,Social Science
Georgina Dimitropoulos,https://profiles.ucalgary.ca/georgina-dimitropoulos,mental health services,mental health services,mental health | Health Services Accessibility | Mental health treatment,mental health services | mental health | health services,MTH | SNOMEDCT_US,C0025353 | C0018748 | C0184647,yes,mental health | Health Services Accessibility | Mental health treatment,mental health,Mental Health,Mental Health
Gerald Giesbrecht,https://profiles.ucalgary.ca/gerald-giesbrecht,psychosocial outcomes,psychosocial outcomes,Psychosocial problem | Nutrition outcomes | Expected outcomes | R-Outcomes | Elimination outcomes,,MTH,C0740697 | C0518896 | C2963499 | C5445044 | C0518891,yes,Psychosocial problem | Nutrition outcomes | Expected outcomes | R-Outcomes | Elimination outcomes,psychosocial outcomes,Psychosocial Outcomes,Psychosocial Outcomes
Gerald Giesbrecht,https://profiles.ucalgary.ca/gerald-giesbrecht,microbiota-gut-brain axis,microbiota-gut-brain axis,Fecal Microbiota Transplantation | Brain Concussion | Brain Injuries | Brain Neoplasms | Brain Diseases,microbiota-gut-brain axis | microbiota gut brain | gut brain axis | microbiota gut,MTH,C2242628 | C0006107 | C0270611 | C0006118 | C0006111,yes,Fecal Microbiota Transplantation | Brain Concussion | Brain Injuries | Brain Neoplasms | Brain Diseases,microbiota-gut-brain axis,Microbiota Gut Brain Axis,Microbiota Gut Brain Axis
Gerald Giesbrecht,https://profiles.ucalgary.ca/gerald-giesbrecht,cognitive disorders in children,cognitive disorders in children,"Delirium, Dementia, Amnestic, Cognitive Disorders | Cognition Disorders | Postoperative Cognitive Disorders",cognitive disorders | disorders children,MTH | MSH,C0029227 | C0009241 | C5691260,yes,"Delirium, Dementia, Amnestic, Cognitive Disorders | Cognition Disorders | Postoperative Cognitive Disorders",Postoperative Cognitive Disorders,Cognitive Disorders,Cognitive Disorders
Gerald Giesbrecht,https://profiles.ucalgary.ca/gerald-giesbrecht,resilience factors,resilience factors,risk factors | Biological Factors | R Factors | Immunologic Factors | Nerve Growth Factors,,MTH,C0035648 | C0005515 | C0034471 | C0021054 | C0027754,yes,risk factors | Biological Factors | R Factors | Immunologic Factors | Nerve Growth Factors,resilience factors,Resilience Factors,Resilience Factors
Gerald Giesbrecht,https://profiles.ucalgary.ca/gerald-giesbrecht,mitigate the effects of stress on children’s development,mitigate the effects of stress on children s development,Adverse Effect Mitigation Study,,MTH,C1706601,yes,Adverse Effect Mitigation Study,mitigate the effects of stress on children’s development,Mitigate The Effects Of Stress On Children S Development,
Gerald Giesbrecht,https://profiles.ucalgary.ca/gerald-giesbrecht,social factors,social factors,Environmental and Social Factors Domain,social factors,MTH,C5400108,yes,Environmental and Social Factors Domain,Environmental and Social Factors Domain,Social Factors,Social Factors
Gerald Giesbrecht,https://profiles.ucalgary.ca/gerald-giesbrecht,transform the negative effects of stress,transform the negative effects of stress,Negative | Triple Negative Breast Neoplasms | Negative attitude | RhD negative | Adverse effects,,MTH,C0205160 | C3539878 | C1262620 | C4551754 | C0879626,yes,Negative | Triple Negative Breast Neoplasms | Negative attitude | RhD negative | Adverse effects,transform the negative effects of stress,Transform The Negative Effects Of Stress,
Gerald Giesbrecht,https://profiles.ucalgary.ca/gerald-giesbrecht,child development,child development,Child development inventory | Child development status | Child development test,child development,MTH | SNOMEDCT_US,C3484121 | C0586039 | C0431026,yes,Child development inventory | Child development status | Child development test,Child development test,Child Development,Child Development
Gerald Giesbrecht,https://profiles.ucalgary.ca/gerald-giesbrecht,psychobiology of stress,psychobiology of stress,Stress | Urinary Stress Incontinence | Stress Fractures | Stress polycythemia,,MTH,C0038435 | C0042025 | C0016664 | C0541719,yes,Stress | Urinary Stress Incontinence | Stress Fractures | Stress polycythemia,psychobiology of stress,Psychobiology Of Stress,Psychobiology Of Stress
Gerald Pfeffer,https://profiles.ucalgary.ca/gerald-pfeffer,genetic disorders,genetic disorders,Genetic obesity disorder | Genetic susceptibility to genetic disorder | Genetic Carriers | Imprinting Disorders,genetic disorders,SNOMEDCT_US | MTH | MSH,C6008360 | C4510149 | C0007294 | C5816793,yes,Genetic obesity disorder | Genetic susceptibility to genetic disorder | Genetic Carriers | Imprinting Disorders,Genetic obesity disorder,Genetic Disorder,Genetic Disorder
Gerald Pfeffer,https://profiles.ucalgary.ca/gerald-pfeffer,neuromuscular function and disease,neuromuscular function and disease,"Neuromuscular block, function",neuromuscular function | function disease,MTH,C0700323,yes,"Neuromuscular block, function","Neuromuscular block, function",Neuromuscular Function,Neuromuscular Function
Gerald Pfeffer,https://profiles.ucalgary.ca/gerald-pfeffer,gene discovery in hereditary neuromuscular diseases,gene discovery in hereditary neuromuscular diseases,"Hereditary spherocytosis | Elliptocytosis, Hereditary | Hereditary Coproporphyria | Hereditary hemochromatosis | Drug Discovery",,MTH | MSH,C0037889 | C0013902 | C0162531 | C0392514 | C0920472,yes,"Hereditary spherocytosis | Elliptocytosis, Hereditary | Hereditary Coproporphyria | Hereditary hemochromatosis | Drug Discovery",gene discovery in hereditary neuromuscular diseases,Gene Discovery In Hereditary Neuromuscular Diseases,
Gerald Pfeffer,https://profiles.ucalgary.ca/gerald-pfeffer,adult-onset disorders,adult-onset disorders,Adult onset fluency disorder | Adult-onset tic disorder | Adult-Onset Still Disease | Adult-Onset Dystonias | Adult-onset obesity | Adult-onset immunodeficiency,adult-onset disorders | adult onset disorders | adult onset | onset disorders,SNOMEDCT_US | MTH | MSH,C2921027 | C5769551 | C0085253 | C0752197 | C0267990 | C4543811,yes,Adult onset fluency disorder | Adult-onset tic disorder | Adult-Onset Still Disease | Adult-Onset Dystonias | Adult-onset obesity | Adult-onset immunodeficiency,Adult-onset tic disorder,Adult Onset Disorder,Adult Onset Disorder
Gerald Pfeffer,https://profiles.ucalgary.ca/gerald-pfeffer,mitochondrial disorders,mitochondrial disorders,Mitochondrial Diseases | Mitochondrial Myopathies | Mitochondrial Encephalomyopathies,mitochondrial disorders,MTH | MSH,C0751651 | C0162670 | C0162666,yes,Mitochondrial Diseases | Mitochondrial Myopathies | Mitochondrial Encephalomyopathies,mitochondrial disorders,Mitochondrial Disorders,Mitochondrial Disorders
Gerald Pfeffer,https://profiles.ucalgary.ca/gerald-pfeffer,es on gene discovery in hereditary neuromuscular diseases,es on gene discovery in hereditary neuromuscular diseases,,,,,no,es on gene discovery in hereditary neuromuscular diseases,es on gene discovery in hereditary neuromuscular diseases,Es On Gene Discovery In Hereditary Neuromuscular Diseases,
Gerald Zamponi,https://profiles.ucalgary.ca/gerald-zamponi,molecular mechanisms,molecular mechanisms,Molecular Mechanisms of Pharmacological Action,molecular mechanisms,MSH,C1258062,yes,Molecular Mechanisms of Pharmacological Action,Molecular Mechanisms of Pharmacological Action,Molecular Mechanisms Of Pharmacological,Molecular Mechanisms Of Pharmacological
Gerald Zamponi,https://profiles.ucalgary.ca/gerald-zamponi,pain,pain,Pain | Chest Pain | Back Pain | Low Back Pain | Abdominal Pain,pain,MTH,C0030193 | C0008031 | C0004604 | C0024031 | C0000737,yes,Pain | Chest Pain | Back Pain | Low Back Pain | Abdominal Pain,Pain,Pain,Pain
Gerald Zamponi,https://profiles.ucalgary.ca/gerald-zamponi,molecular pharmacology,molecular pharmacology,Network Pharmacology,molecular pharmacology,MSH,C5544472,yes,Network Pharmacology,molecular pharmacology,Molecular Pharmacology,Molecular Pharmacology
Gerald Zamponi,https://profiles.ucalgary.ca/gerald-zamponi,its physiological consequences,its physiological consequences,Physiological Processes | Physiological Stress,physiological consequences,MTH,C0031845 | C0449430,yes,Physiological Processes | Physiological Stress,its physiological consequences,Physiological Consequences,Physiological Consequences
Giuseppe Iaria,https://profiles.ucalgary.ca/giuseppe-iaria,brain and cognition,brain and cognition,Brain Concussion | Brain Injuries | Brain Neoplasms | Brain Diseases | Cognition,brain and cognition | brain cognition,MTH,C0006107 | C0270611 | C0006118 | C0006111 | C0009240,yes,Brain Concussion | Brain Injuries | Brain Neoplasms | Brain Diseases | Cognition,brain and cognition,Brain And Cognition,Brain And Cognition
Giuseppe Iaria,https://profiles.ucalgary.ca/giuseppe-iaria,neuroimaging,neuroimaging,Neuroimaging | Functional Neuroimaging,neuroimaging,MTH | MSH,C0679575 | C3178877,yes,Neuroimaging | Functional Neuroimaging,Neuroimaging,Neuroimaging,Neuroimaging
Giuseppe Iaria,https://profiles.ucalgary.ca/giuseppe-iaria,space health,space health,mental health,,MTH,C0025353,yes,mental health,space health,Space Health,Space Health
Gloria Roldan Urgoiti,https://profiles.ucalgary.ca/gloria-roldan-urgoiti,breast cancer,breast cancer,"bilateral breast cancer | Breast Cancer Lymphedema | Mucinous breast cancer | Breast Cancer, Familial",breast cancer,MTH | MSH,C0281267 | C4277512 | C0860581 | C0346153,yes,"bilateral breast cancer | Breast Cancer Lymphedema | Mucinous breast cancer | Breast Cancer, Familial",Mucinous breast cancer,Breast Cancer,Breast Cancer
Gloria Roldan Urgoiti,https://profiles.ucalgary.ca/gloria-roldan-urgoiti,breast cancer tumor site groups,breast cancer tumor site groups,Breast Fibrocystic Disease | Breast Diseases | Malignant neoplasm of breast | Uterine Cancer | Intestinal Cancer,breast cancer tumor | tumor site groups,MTH,C0016034 | C0006145 | C0006142 | C0153567 | C0346627,yes,Breast Fibrocystic Disease | Breast Diseases | Malignant neoplasm of breast | Uterine Cancer | Intestinal Cancer,breast cancer tumor site groups,Breast Cancer Tumor Site Groups,
Gloria Roldan Urgoiti,https://profiles.ucalgary.ca/gloria-roldan-urgoiti,in relation to breast cancer,in relation to breast cancer,"bilateral breast cancer | Breast Cancer Lymphedema | Mucinous breast cancer | Breast Cancer, Familial | Breast biopsy and related procedures",in relation to breast cancer | relation breast cancer | relation breast | breast cancer,MTH | MSH | SNOMEDCT_US,C0281267 | C4277512 | C0860581 | C0346153 | C0405351,yes,"bilateral breast cancer | Breast Cancer Lymphedema | Mucinous breast cancer | Breast Cancer, Familial | Breast biopsy and related procedures",bilateral breast cancer,Breast Cancer,Breast Cancer
Gloria Roldan Urgoiti,https://profiles.ucalgary.ca/gloria-roldan-urgoiti,neuro-oncology breast cancer,neuro-oncology breast cancer,Neuro-Oncological Ventral Antigen | Neuro-Oncological Ventral Antigen 2,oncology breast cancer | neuro oncology,MTH,C5444558 | C5445172,yes,Neuro-Oncological Ventral Antigen | Neuro-Oncological Ventral Antigen 2,neuro-oncology breast cancer,Neuro Oncology Breast Cancer,Neuro Oncology Breast Cancer
Gloria Roldan Urgoiti,https://profiles.ucalgary.ca/gloria-roldan-urgoiti,biomedical research,biomedical research,"Translational Research, Biomedical | Biomedical Research",biomedical research,MTH | MSH,C1519620 | C0005540,yes,"Translational Research, Biomedical | Biomedical Research",Biomedical Research,Biomedical Research,Biomedical Research
Gloria Roldan Urgoiti,https://profiles.ucalgary.ca/gloria-roldan-urgoiti,clinical research,clinical research,Clinical Research | research clinical testing | Clinical Nursing Research | Clinical Research Protocol,clinical research,MTH | MSH,C0008972 | C1516634 | C0008967 | C0205717,yes,Clinical Research | research clinical testing | Clinical Nursing Research | Clinical Research Protocol,Clinical Research,Clinical Research,Clinical Research
Gloria Roldan Urgoiti,https://profiles.ucalgary.ca/gloria-roldan-urgoiti,supervision of trainees rotating,supervision of trainees rotating,Supervision (regime/therapy) | Constant supervision | Nursing supervision | Rotating shift worker | Aircraft rotating propeller injury,,MTH | SNOMEDCT_US,C0038842 | C0557982 | C0419206 | C0555009 | C0416493,yes,Supervision (regime/therapy) | Constant supervision | Nursing supervision | Rotating shift worker | Aircraft rotating propeller injury,supervision of trainees rotating,Supervision Of Trainees Rotating,Supervision Of Trainees Rotating
Gordon Campbell Teskey,https://profiles.ucalgary.ca/gordon-campbell-teskey,behavioural levels,behavioural levels,Behavior Therapy | Problem Behavior,behavioural levels,MTH,C0004933 | C5886745,yes,Behavior Therapy | Problem Behavior,behavioural levels,Behavioural Levels,Behavioural Levels
Gordon Campbell Teskey,https://profiles.ucalgary.ca/gordon-campbell-teskey,stroke,stroke,Heat Stroke | Ischemic stroke | Hemorrhagic Stroke | Embolic Stroke,stroke,MTH | MSH,C0018843 | C0948008 | C5234922 | C0262469,yes,Heat Stroke | Ischemic stroke | Hemorrhagic Stroke | Embolic Stroke,Heat Stroke,Stroke,Stroke
Grant Robert Gordon,https://profiles.ucalgary.ca/grant-robert-gordon,alzheimer disease,alzheimer disease,Alzheimer's Disease | ALZHEIMER DISEASE 2 | ALZHEIMER DISEASE 4 | Alzheimer Disease 9,alzheimer disease,MTH,C0002395 | C1863051 | C1847200 | C1837149,yes,Alzheimer's Disease | ALZHEIMER DISEASE 2 | ALZHEIMER DISEASE 4 | Alzheimer Disease 9,Alzheimer's Disease,Alzheimer Disease,Alzheimer Disease
Grant Robert Gordon,https://profiles.ucalgary.ca/grant-robert-gordon,how it goes awry in disease,how it goes awry in disease,Disease | Hypertensive disease | Hodgkin Disease | Parkinson Disease | Alzheimer's Disease,,MTH,C0012634 | C0020538 | C0019829 | C0030567 | C0002395,yes,Disease | Hypertensive disease | Hodgkin Disease | Parkinson Disease | Alzheimer's Disease,how it goes awry in disease,Goes Awry In Disease,Goes Awry In Disease
Grant Robert Gordon,https://profiles.ucalgary.ca/grant-robert-gordon,genetically encoded biosensors,genetically encoded biosensors,Genome Encoded Entity | lncRNA-Encoded Micropeptides | Chloroplast Genome-Encoded Proteins | lymphocryptovirus encoded RNA 1 | lymphocryptovirus encoded RNA 2,,MTH | MSH,C1704222 | C5828376 | C3178940 | C0962049 | C0962050,yes,Genome Encoded Entity | lncRNA-Encoded Micropeptides | Chloroplast Genome-Encoded Proteins | lymphocryptovirus encoded RNA 1 | lymphocryptovirus encoded RNA 2,genetically encoded biosensors,Genetically Encoded Biosensors,Genetically Encoded Biosensors
Grant Robert Gordon,https://profiles.ucalgary.ca/grant-robert-gordon,patch electrophysiology,patch electrophysiology,Cardiac electrophysiology study | electrophysiology (procedure),,MTH,C5551547 | C1446476,yes,Cardiac electrophysiology study | electrophysiology (procedure),patch electrophysiology,Patch Electrophysiology,Patch Electrophysiology
Grant Robert Gordon,https://profiles.ucalgary.ca/grant-robert-gordon,services its immense energy needs,services its immense energy needs,Energy Metabolism | Increased energy,,MTH | SNOMEDCT_US,C0014272 | C0455769,yes,Energy Metabolism | Increased energy,services its immense energy needs,Services Its Immense Energy Needs,
Grant Robert Gordon,https://profiles.ucalgary.ca/grant-robert-gordon,how this important process becomes compromised in disease,how this important process becomes compromised in disease,Extremely Important | Response to memory test for important event | Response to memory test for important person | Memory: important person known | Becomes binocular,,MTH | SNOMEDCT_US,C3899185 | C0423961 | C0423964 | C0423966 | C0429569,yes,Extremely Important | Response to memory test for important event | Response to memory test for important person | Memory: important person known | Becomes binocular,how this important process becomes compromised in disease,Important Process Becomes Compromised In Disease,
Guang Yang,https://profiles.ucalgary.ca/guang-yang-0,neural stem cells with the goal of,neural stem cells with the goal of,,neural stem cells | neural stem,,,no,neural stem cells with the goal of,neural stem cells with the goal of,Neural Stem Cells With The Goal,
Guang Yang,https://profiles.ucalgary.ca/guang-yang-0,brain development,brain development,Brain Concussion | Brain Injuries | Brain Neoplasms | Brain Diseases | Pervasive Development Disorder,brain development,MTH,C0006107 | C0270611 | C0006118 | C0006111 | C0524528,yes,Brain Concussion | Brain Injuries | Brain Neoplasms | Brain Diseases | Pervasive Development Disorder,brain development,Brain Development,Brain Development
Guang Yang,https://profiles.ucalgary.ca/guang-yang-0,neurodevelopmental disorder,neurodevelopmental disorder,Neurodevelopmental Disorders | Alcohol Related Neurodevelopmental Disorder | Fetal neurodevelopmental disorder | PLAA-associated neurodevelopmental disorder,neurodevelopmental disorder,MTH | SNOMEDCT_US,C1535926 | C0814154 | C1285381 | C4479631,yes,Neurodevelopmental Disorders | Alcohol Related Neurodevelopmental Disorder | Fetal neurodevelopmental disorder | PLAA-associated neurodevelopmental disorder,Neurodevelopmental Disorders,Neurodevelopmental Disorders,Neurodevelopmental Disorders
Guang Yang,https://profiles.ucalgary.ca/guang-yang-0,neural stem cell,neural stem cell,Stem cell transplant | Stem Cell Factor | Hematopoietic Stem Cell Mobilization | Stem cell mobilization,neural stem cell | neural stem | stem cell,MTH,C1504389 | C0143630 | C0524864 | C5399842,yes,Stem cell transplant | Stem Cell Factor | Hematopoietic Stem Cell Mobilization | Stem cell mobilization,Stem Cell Factor,Stem Cell,Stem Cell
Guang Yang,https://profiles.ucalgary.ca/guang-yang-0,neuronal function,neuronal function,Neuronal excitation,neuronal function,SNOMEDCT_US,C0234073,yes,Neuronal excitation,neuronal function,Neuronal Function,Neuronal Function
Guang Yang,https://profiles.ucalgary.ca/guang-yang-0,rare disease,rare disease,Rare Diseases,rare disease,MSH,C0678236,yes,Rare Diseases,Rare Diseases,Rare Diseases,Rare Diseases
Guillaume Millet,https://profiles.ucalgary.ca/guillaume-millet,neuromuscular function and disease,neuromuscular function and disease,"Neuromuscular block, function",neuromuscular function | function disease,MTH,C0700323,yes,"Neuromuscular block, function","Neuromuscular block, function",Neuromuscular Function,Neuromuscular Function
Guillaume Millet,https://profiles.ucalgary.ca/guillaume-millet,adaptations to exercise in both clinical,adaptations to exercise in both clinical,"Exercise stress test | Clinical Trials | Positive Adaptation | Exercise, Aerobic",,MTH | MSH,C0015260 | C0008976 | C5828500 | C0001701,yes,"Exercise stress test | Clinical Trials | Positive Adaptation | Exercise, Aerobic",adaptations to exercise in both clinical,Adaptations To Exercise In Both Clinical,
Guillaume Millet,https://profiles.ucalgary.ca/guillaume-millet,replicable assessment method of neuromuscular evaluation for patients,replicable assessment method of neuromuscular evaluation for patients,,,,,no,replicable assessment method of neuromuscular evaluation for patients,replicable assessment method of neuromuscular evaluation for patients,Replicable Assessment Method Of Neuromuscular Evaluation For Patients,
Haixu Wang,https://profiles.ucalgary.ca/haixu-wang,machine learning,machine learning,Machine Learning | Supervised Machine Learning | Unsupervised Machine Learning | Reinforcement Machine Learning | Representation Machine Learning,machine learning,MSH,C0376284 | C4042903 | C4042902 | C5940531 | C5940532,yes,Machine Learning | Supervised Machine Learning | Unsupervised Machine Learning | Reinforcement Machine Learning | Representation Machine Learning,Machine Learning,Machine Learning,Machine Learning
Haixu Wang,https://profiles.ucalgary.ca/haixu-wang,computational neuroscience,computational neuroscience,Computational Modelling | Computational Technique,,MTH,C5544479 | C1516769,yes,Computational Modelling | Computational Technique,computational neuroscience,Computational Neuroscience,Computational Neuroscience
Harry Peery,https://profiles.ucalgary.ca/harry-peery,effect of ings on stem cells,effect of ings on stem cells,Toxic effect | Estrogen Effect | Cryotherapy effect,,MTH | MSH | SNOMEDCT_US,C0600688 | C0877035 | C0332701,yes,Toxic effect | Estrogen Effect | Cryotherapy effect,effect of ings on stem cells,Effect Of Ings On Stem Cells,
Harry Peery,https://profiles.ucalgary.ca/harry-peery,paraneoplastic neuroautoimmune disorder (nmda receptor encephalitis) in,paraneoplastic neuroautoimmune disorder nmda receptor encephalitis in,Paraneoplastic Encephalomyelitis,disorder nmda receptor,MSH,C0751912,yes,Paraneoplastic Encephalomyelitis,paraneoplastic neuroautoimmune disorder (nmda receptor encephalitis) in,Paraneoplastic Neuroautoimmune Disorder Nmda Receptor Encephalitis,
Harry Peery,https://profiles.ucalgary.ca/harry-peery,in this disorder,in this disorder,Bipolar Disorder | Phobic anxiety disorder | Schizoaffective Disorder | Obsessive-Compulsive Disorder,,MTH,C0005586 | C0349231 | C0036337 | C0028768,yes,Bipolar Disorder | Phobic anxiety disorder | Schizoaffective Disorder | Obsessive-Compulsive Disorder,in this disorder,Disorder,Disorder
Harry Peery,https://profiles.ucalgary.ca/harry-peery,limit of resolution of the mri,limit of resolution of the mri,MRI of brain using isotropic resolution,resolution mri,SNOMEDCT_US,C2733481,yes,MRI of brain using isotropic resolution,MRI of brain using isotropic resolution,MRI Of Brain Resolution,MRI Of Brain Resolution
Harry Peery,https://profiles.ucalgary.ca/harry-peery,i have found two biomarkers,i have found two biomarkers,"Biomarkers, Tumor | Biomarkers, Pharmacological | Found dead | Found walking | Found standing",i found,MSH | SNOMEDCT_US,C0041366 | C1955886 | C0476463 | C1997017 | C1998219,yes,"Biomarkers, Tumor | Biomarkers, Pharmacological | Found dead | Found walking | Found standing",i have found two biomarkers,I Have Found Two Biomarkers,
Harry Peery,https://profiles.ucalgary.ca/harry-peery,effect on stem cell differentiation,effect on stem cell differentiation,Stem Cell Differentiation | Asymmetric Stem Cell Division,stem cell differentiation,MTH | MSH,C1514964 | C3178900,yes,Stem Cell Differentiation | Asymmetric Stem Cell Division,Stem Cell Differentiation,Stem Cell Differentiation,Stem Cell Differentiation
H. Artee Luchman,https://profiles.ucalgary.ca/h-artee-luchman,disease models,disease models,Epidemiological Models,disease models,MSH,C5544424,yes,Epidemiological Models,disease models,Disease Models,Disease Models
H. Artee Luchman,https://profiles.ucalgary.ca/h-artee-luchman,developmental biology,developmental biology,"Developmental Disabilities | Developmental delay | Reading Disorder, Developmental | Developmental Coordination Disorder",developmental biology,MTH,C0008073 | C0424605 | C0920296 | C0011757,yes,"Developmental Disabilities | Developmental delay | Reading Disorder, Developmental | Developmental Coordination Disorder",developmental biology,Developmental Biology,Developmental Biology
H. Artee Luchman,https://profiles.ucalgary.ca/h-artee-luchman,intracellular oncogenic pathways,intracellular oncogenic pathways,"Oncogenic osteomalacia | Oncogenic hypophosphataemic osteomalacia | Retroviridae Proteins, Oncogenic | Oncogene Addiction",,MTH | MSH,C1274103 | C4087411 | C0035368 | C4505262,yes,"Oncogenic osteomalacia | Oncogenic hypophosphataemic osteomalacia | Retroviridae Proteins, Oncogenic | Oncogene Addiction",intracellular oncogenic pathways,Intracellular Oncogenic Pathways,Intracellular Oncogenic Pathways
H. Artee Luchman,https://profiles.ucalgary.ca/h-artee-luchman,experimental therapeutics,experimental therapeutics,Experimental Design | Experimental drug | Experimental Method | Therapeutic procedure,experimental therapeutics,MTH,C0015320 | C0304229 | C0871738 | C0087111,yes,Experimental Design | Experimental drug | Experimental Method | Therapeutic procedure,experimental therapeutics,Experimental Therapeutics,Experimental Therapeutics
H. Artee Luchman,https://profiles.ucalgary.ca/h-artee-luchman,disease modelling,disease modelling,Epidemiological Models,disease modelling,MSH,C5544424,yes,Epidemiological Models,disease modelling,Disease Modelling,Disease Modelling
H. Artee Luchman,https://profiles.ucalgary.ca/h-artee-luchman,genetics at play during disease initiation,genetics at play during disease initiation,During - dosing instruction fragment,,MTH,C1706551,yes,During - dosing instruction fragment,genetics at play during disease initiation,Genetics At Play During Disease Initiation,
H. Artee Luchman,https://profiles.ucalgary.ca/h-artee-luchman,somatic diseases,somatic diseases,Disease | Virus Diseases | Liver diseases | Thyroid Diseases | Retinal Diseases,,MTH,C0012634 | C0042769 | C0023895 | C0040128 | C0035309,yes,Disease | Virus Diseases | Liver diseases | Thyroid Diseases | Retinal Diseases,somatic diseases,Somatic Diseases,Somatic Diseases
H. Artee Luchman,https://profiles.ucalgary.ca/h-artee-luchman,rare diseases,rare diseases,Rare Diseases,rare diseases,MSH,C0678236,yes,Rare Diseases,Rare Diseases,Rare Diseases,Rare Diseases
Hedwich Kuipers,https://profiles.ucalgary.ca/hedwich-kuipers,multiple sclerosis,multiple sclerosis,"Multiple Sclerosis | Multiple Sclerosis, Chronic Progressive | Malignant multiple sclerosis | Benign multiple sclerosis",multiple sclerosis,MTH | MSH | SNOMEDCT_US,C0026769 | C0393665 | C2586221 | C2585570,yes,"Multiple Sclerosis | Multiple Sclerosis, Chronic Progressive | Malignant multiple sclerosis | Benign multiple sclerosis",Multiple Sclerosis,Multiple Sclerosis,Multiple Sclerosis
Hedwich Kuipers,https://profiles.ucalgary.ca/hedwich-kuipers,neuroinflammatory diseases,neuroinflammatory diseases,Neuroinflammatory Diseases,neuroinflammatory diseases,MSH,C5544451,yes,Neuroinflammatory Diseases,Neuroinflammatory Diseases,Neuroinflammatory Diseases,Neuroinflammatory Diseases
Hedwich Kuipers,https://profiles.ucalgary.ca/hedwich-kuipers,its resident cells,its resident cells,Seasonal resident,resident cells,SNOMEDCT_US,C5699976,yes,Seasonal resident,its resident cells,Resident Cells,Resident Cells
Hedwich Kuipers,https://profiles.ucalgary.ca/hedwich-kuipers,cell type in the cns,cell type in the cns,"cell type | Squamous cell carcinoma, clear cell type | Reticulosarcoma, pleomorphic cell type",cell type,MTH | SNOMEDCT_US,C0449475 | C1266006 | C0431136,yes,"cell type | Squamous cell carcinoma, clear cell type | Reticulosarcoma, pleomorphic cell type",cell type,Cell Type,Cell Type
Hedwich Kuipers,https://profiles.ucalgary.ca/hedwich-kuipers,cell biology approaches,cell biology approaches,Nutritional approaches,cell biology,MTH,C1718142,yes,Nutritional approaches,cell biology approaches,Cell Biology Approaches,Cell Biology Approaches
Hedwich Kuipers,https://profiles.ucalgary.ca/hedwich-kuipers,chronic disease,chronic disease,Chronic disease | Chronic Obstructive Airway Disease | Chronic granulomatous disease | Chronic lung disease,chronic disease,MTH,C0008679 | C0024117 | C0018203 | C0746102,yes,Chronic disease | Chronic Obstructive Airway Disease | Chronic granulomatous disease | Chronic lung disease,Chronic disease,Chronic Disease,Chronic Disease
Helen Carlson,https://profiles.ucalgary.ca/helen-carlson,neuroimaging,neuroimaging,Neuroimaging | Functional Neuroimaging,neuroimaging,MTH | MSH,C0679575 | C3178877,yes,Neuroimaging | Functional Neuroimaging,Neuroimaging,Neuroimaging,Neuroimaging
Helen Carlson,https://profiles.ucalgary.ca/helen-carlson,stroke,stroke,Heat Stroke | Ischemic stroke | Hemorrhagic Stroke | Embolic Stroke,stroke,MTH | MSH,C0018843 | C0948008 | C5234922 | C0262469,yes,Heat Stroke | Ischemic stroke | Hemorrhagic Stroke | Embolic Stroke,Heat Stroke,Stroke,Stroke
Helen Carlson,https://profiles.ucalgary.ca/helen-carlson,brain development,brain development,Brain Concussion | Brain Injuries | Brain Neoplasms | Brain Diseases | Pervasive Development Disorder,brain development,MTH,C0006107 | C0270611 | C0006118 | C0006111 | C0524528,yes,Brain Concussion | Brain Injuries | Brain Neoplasms | Brain Diseases | Pervasive Development Disorder,brain development,Brain Development,Brain Development
Helen Carlson,https://profiles.ucalgary.ca/helen-carlson,brain stimulation,brain stimulation,Deep Brain Stimulation | Electrical Stimulation of the Brain | Brain stimulation | Direct brain stimulation,brain stimulation,MTH | MSH | SNOMEDCT_US,C0394162 | C0302825 | C0870227 | C0555354,yes,Deep Brain Stimulation | Electrical Stimulation of the Brain | Brain stimulation | Direct brain stimulation,Brain stimulation,Brain Stimulation,Brain Stimulation
Helen Carlson,https://profiles.ucalgary.ca/helen-carlson,epilepsy,epilepsy,"Epilepsy | Absence Epilepsy | Tonic-Clonic Epilepsy | Epilepsy, Complex Partial",epilepsy,MTH | MSH,C0014544 | C0014553 | C0014549 | C0085417,yes,"Epilepsy | Absence Epilepsy | Tonic-Clonic Epilepsy | Epilepsy, Complex Partial",Epilepsy,Epilepsy,Epilepsy
Helen Carlson,https://profiles.ucalgary.ca/helen-carlson,traumatic brain injury,traumatic brain injury,Traumatic Brain Injury | Mild Traumatic Brain Injury | Traumatic AND/OR non-traumatic brain injury | History of traumatic brain injury (situation),traumatic brain injury | traumatic brain | brain injury,MTH,C0876926 | C3508472 | C1456496 | C5942876,yes,Traumatic Brain Injury | Mild Traumatic Brain Injury | Traumatic AND/OR non-traumatic brain injury | History of traumatic brain injury (situation),Traumatic Brain Injury,Traumatic Brain Injury,Traumatic Brain Injury
Helen Carlson,https://profiles.ucalgary.ca/helen-carlson,machine learning,machine learning,Machine Learning | Supervised Machine Learning | Unsupervised Machine Learning | Reinforcement Machine Learning | Representation Machine Learning,machine learning,MSH,C0376284 | C4042903 | C4042902 | C5940531 | C5940532,yes,Machine Learning | Supervised Machine Learning | Unsupervised Machine Learning | Reinforcement Machine Learning | Representation Machine Learning,Machine Learning,Machine Learning,Machine Learning
Helen Carlson,https://profiles.ucalgary.ca/helen-carlson,pain,pain,Pain | Chest Pain | Back Pain | Low Back Pain | Abdominal Pain,pain,MTH,C0030193 | C0008031 | C0004604 | C0024031 | C0000737,yes,Pain | Chest Pain | Back Pain | Low Back Pain | Abdominal Pain,Pain,Pain,Pain
Helen Carlson,https://profiles.ucalgary.ca/helen-carlson,reflected in departures from typical developmental trajectories,reflected in departures from typical developmental trajectories,Typical absence seizure | Migraine with Typical Aura | Typical angina | Typical atrial flutter | Typical nemaline myopathy,,MTH | SNOMEDCT_US,C5551411 | C1735856 | C1998435 | C3264370 | C5680453,yes,Typical absence seizure | Migraine with Typical Aura | Typical angina | Typical atrial flutter | Typical nemaline myopathy,reflected in departures from typical developmental trajectories,Reflected In Departures From Typical Developmental Trajectories,
Helen Carlson,https://profiles.ucalgary.ca/helen-carlson,can inform rehabilitation strategies,can inform rehabilitation strategies,Rehabilitation therapy | Vocational rehabilitation | Cardiac rehabilitation | Alcohol rehabilitation | Ineffective coping strategies,inform rehabilitation,MTH | SNOMEDCT_US,C0034991 | C0034996 | C0700431 | C0204598 | C4063015,yes,Rehabilitation therapy | Vocational rehabilitation | Cardiac rehabilitation | Alcohol rehabilitation | Ineffective coping strategies,can inform rehabilitation strategies,Inform Rehabilitation Strategies,Inform Rehabilitation Strategies
Helen Carlson,https://profiles.ucalgary.ca/helen-carlson,future intervention-based clinical trials,future intervention-based clinical trials,Feeling hopeful about the future | Crisis Intervention | Therapeutic Intervention | Hopeful for the future | Legal intervention,,MTH | SNOMEDCT_US,C5671243 | C0010332 | C0808232 | C2712144 | C0178362,yes,Feeling hopeful about the future | Crisis Intervention | Therapeutic Intervention | Hopeful for the future | Legal intervention,future intervention-based clinical trials,Future Intervention Based Clinical Trials,
Hermann Schaetzl,https://profiles.ucalgary.ca/hermann-schaetzl,prion diseases,prion diseases,Prion Diseases | Prion Disease Pathway | Acquired prion disease,prion diseases,MTH | SNOMEDCT_US,C0162534 | C3536911 | C4303462,yes,Prion Diseases | Prion Disease Pathway | Acquired prion disease,Prion Diseases,Prion Diseases,Prion Diseases
Hermann Schaetzl,https://profiles.ucalgary.ca/hermann-schaetzl,molecular biology of prion diseases,molecular biology of prion diseases,Molecular biology method | Molecular biology identification technique,molecular biology,SNOMEDCT_US,C0200924 | C0200925,yes,Molecular biology method | Molecular biology identification technique,Molecular biology method,Molecular Biology,Molecular Biology
Iliana Ortega,https://profiles.ucalgary.ca/iliana-ortega,mood disorders,mood disorders,Mood Disorders | Psychotic Mood Disorders | Organic mood disorder | Bipolar Disorder,mood disorders,MSH | SNOMEDCT_US | MTH,C0525045 | C0086640 | C0029232 | C0005586,yes,Mood Disorders | Psychotic Mood Disorders | Organic mood disorder | Bipolar Disorder,Mood Disorders,Mood Disorders,Mood Disorders
Iliana Ortega,https://profiles.ucalgary.ca/iliana-ortega,adolescent psychiatry,adolescent psychiatry,Adolescent Obesity | Adolescent Gynecomastia | Adolescent Development,adolescent psychiatry,MTH | MSH,C4317171 | C1449720 | C0870101,yes,Adolescent Obesity | Adolescent Gynecomastia | Adolescent Development,adolescent psychiatry,Adolescent Psychiatry,Adolescent Psychiatry
Iliana Ortega,https://profiles.ucalgary.ca/iliana-ortega,suicidal behaviours,suicidal behaviours,Suicidal behavior,suicidal behaviours,SNOMEDCT_US,C1760428,yes,Suicidal behavior,suicidal behaviours,Suicidal Behaviours,Suicidal Behaviours
Iliana Ortega,https://profiles.ucalgary.ca/iliana-ortega,neurosurgery in mexico city,neurosurgery in mexico city,G6PD MEXICO CITY PHENOTYPE,mexico city,MTH,C4016538,yes,G6PD MEXICO CITY PHENOTYPE,G6PD MEXICO CITY PHENOTYPE,MEXICO CITY,MEXICO CITY
Jackson Cone,https://profiles.ucalgary.ca/jackson-cone,neurobiological mechanisms,neurobiological mechanisms,Defense Mechanisms | Reimbursement Mechanisms | Chemiosmotic Mechanisms | Respiratory mechanisms,,MSH | SNOMEDCT_US,C0011142 | C0035002 | C0282516 | C0457994,yes,Defense Mechanisms | Reimbursement Mechanisms | Chemiosmotic Mechanisms | Respiratory mechanisms,neurobiological mechanisms,Neurobiological Mechanisms,Neurobiological Mechanisms
Jacqueline Smith,https://profiles.ucalgary.ca/jacqueline-smith-0,working in conjunction with foothills hospital emergency services,working in conjunction with foothills hospital emergency services,,,,,no,working in conjunction with foothills hospital emergency services,working in conjunction with foothills hospital emergency services,Working In Conjunction With Foothills Hospital Emergency Services,
Jacqueline Smith,https://profiles.ucalgary.ca/jacqueline-smith-0,alberta health services (ahs),alberta health services ahs,hemoglobin Alberta | HEMOGLOBIN ALBERTA PHENOTYPE | mental health,,MTH,C0062241 | C3891415 | C0025353,yes,hemoglobin Alberta | HEMOGLOBIN ALBERTA PHENOTYPE | mental health,alberta health services (ahs),Alberta Health Services Ahs,Alberta Health Services Ahs
Jacqueline Smith,https://profiles.ucalgary.ca/jacqueline-smith-0,calgary health foundation,calgary health foundation,mental health | Text (foundation metadata concept) | Foundation composite resin | Calgary Depression Scale for Schizophrenia | Foundation metadata concept,health foundation,MTH | MSH | SNOMEDCT_US,C0025353 | C3541382 | C0290444 | C5688935 | C3645611,yes,mental health | Text (foundation metadata concept) | Foundation composite resin | Calgary Depression Scale for Schizophrenia | Foundation metadata concept,calgary health foundation,Calgary Health Foundation,Calgary Health Foundation
Jacqueline Smith,https://profiles.ucalgary.ca/jacqueline-smith-0,institutional) in an emergency services setting,institutional in an emergency services setting,Emergencies [Disease/Finding] | Emergency Care | emergency tracheostomy | Hypertensive emergency | Institutional Policy,emergency services setting,MTH | MSH,C2745965 | C1527398 | C0498305 | C0745136 | C0079630,yes,Emergencies [Disease/Finding] | Emergency Care | emergency tracheostomy | Hypertensive emergency | Institutional Policy,institutional) in an emergency services setting,Institutional In An Emergency Services Setting,
Jacqueline Smith,https://profiles.ucalgary.ca/jacqueline-smith-0,stigma affect mental health,stigma affect mental health,Affect (mental function) | Social Stigma | Blunted affect | Mental Depression | Mental disorders,,MTH,C0001721 | C0277787 | C0233469 | C0011570 | C0004936,yes,Affect (mental function) | Social Stigma | Blunted affect | Mental Depression | Mental disorders,Affect (mental function),Affect Mental,Affect Mental
Jacqueline Smith,https://profiles.ucalgary.ca/jacqueline-smith-0,3) microsystem (influences of individual mental health experiences),3 microsystem influences of individual mental health experiences,,,,,no,3 microsystem influences of individual mental health experiences,3) microsystem (influences of individual mental health experiences),3 Microsystem Influences Of Individual Mental Health Experiences,
Jacqueline Smith,https://profiles.ucalgary.ca/jacqueline-smith-0,facilitators to mental health as well as help-seeking,facilitators to mental health as well as help-seeking,Mental health support no facilitation - <1 contact/month,facilitators mental health,SNOMEDCT_US,C1271911,yes,Mental health support no facilitation - <1 contact/month,facilitators to mental health as well as help-seeking,Facilitators To Mental Health As Well As Help Seeking,
Jacqueline Smith,https://profiles.ucalgary.ca/jacqueline-smith-0,increased capacity to manage stress,increased capacity to manage stress,Increased functional residual capacity | Increased stratum corneum water-binding capacity,increased capacity,SNOMEDCT_US,C0520833 | C0232397,yes,Increased functional residual capacity | Increased stratum corneum water-binding capacity,Increased functional residual capacity,Increased Capacity,Increased Capacity
Jacqueline Smith,https://profiles.ucalgary.ca/jacqueline-smith-0,social care practices,social care practices,hospice care social worker note | Antenatal care: social risk | Self-care practice | Under care of practice nurse,social care | care practices,MTH | SNOMEDCT_US,C5890827 | C0419561 | C0567459 | C0583475,yes,hospice care social worker note | Antenatal care: social risk | Self-care practice | Under care of practice nurse,Self-care practice,Social Care Practices,Social Care Practices
Jacqueline Smith,https://profiles.ucalgary.ca/jacqueline-smith-0,mental illness bias,mental illness bias,Mental Depression | Mental disorders | Mental Retardation | Mental Orientation | Mental handicap,mental illness,MTH,C0011570 | C0004936 | C0025362 | C0029266 | C1306341,yes,Mental Depression | Mental disorders | Mental Retardation | Mental Orientation | Mental handicap,mental illness bias,Mental Illness Bias,Mental Illness Bias
Jacqueline Smith,https://profiles.ucalgary.ca/jacqueline-smith-0,mental health,mental health,mental health | Mental health treatment,mental health,MTH | SNOMEDCT_US,C0025353 | C0184647,yes,mental health | Mental health treatment,mental health,Mental Health,Mental Health
Jacqueline Smith,https://profiles.ucalgary.ca/jacqueline-smith-0,stress related experiences within post secondary settings,stress related experiences within post secondary settings,Post-Traumatic Stress Disorder,,MTH,C0038436,yes,Post-Traumatic Stress Disorder,stress related experiences within post secondary settings,Stress Related Experiences Within Post Secondary Settings,
Jacqueline Smith,https://profiles.ucalgary.ca/jacqueline-smith-0,family care givers,family care givers,Family intensive care syndrome | Child in family care - finding | Family unable to provide care,family care | care givers,SNOMEDCT_US,C5969611 | C0556259 | C6007953,yes,Family intensive care syndrome | Child in family care - finding | Family unable to provide care,Family intensive care syndrome,Family Care,Family Care
Jacqueline Smith,https://profiles.ucalgary.ca/jacqueline-smith-0,emotional health & wellbeing,emotional health wellbeing,Wound impact on emotional health | Caregiver emotional health status,emotional health,MTH | SNOMEDCT_US,C5400974 | C0516893,yes,Wound impact on emotional health | Caregiver emotional health status,Caregiver emotional health status,Emotional Health,Emotional Health
Jacqueline Smith,https://profiles.ucalgary.ca/jacqueline-smith-0,campus based mental health providers,campus based mental health providers,Play-based Mental Health Intervention,based mental health,MSH,C5691412,yes,Play-based Mental Health Intervention,campus based mental health providers,Campus Based Mental Health Providers,
Jacqueline Smith,https://profiles.ucalgary.ca/jacqueline-smith-0,mental health across the life span,mental health across the life span,mental health | Mental Depression | Mental disorders | Mental Retardation | Mental Orientation,,MTH,C0025353 | C0011570 | C0004936 | C0025362 | C0029266,yes,mental health | Mental Depression | Mental disorders | Mental Retardation | Mental Orientation,mental health,Mental Health,Mental Health
Jacqueline Smith,https://profiles.ucalgary.ca/jacqueline-smith-0,trauma (emdr) therapist,trauma emdr therapist,Trauma | Physical trauma | Traumatic injury | Craniocerebral Trauma,,MTH | MSH,C3714660 | C1368081 | C3263723 | C0018674,yes,Trauma | Physical trauma | Traumatic injury | Craniocerebral Trauma,trauma (emdr) therapist,Trauma Emdr Therapist,Trauma Emdr Therapist
Jacqueline Smith,https://profiles.ucalgary.ca/jacqueline-smith-0,hotchkiss brain institute,hotchkiss brain institute,Brain Concussion | Brain Injuries | Brain Neoplasms | Brain Diseases,,MTH,C0006107 | C0270611 | C0006118 | C0006111,yes,Brain Concussion | Brain Injuries | Brain Neoplasms | Brain Diseases,hotchkiss brain institute,Hotchkiss Brain Institute,Hotchkiss Brain Institute
Jaideep Bains,https://profiles.ucalgary.ca/jaideep-bains,behavioral phenotyping,behavioral phenotyping,Behavioral tic | Behavioral Symptoms | Cell phenotyping | Immune cell phenotyping | HIV 1 phenotyping,behavioral phenotyping,MTH | SNOMEDCT_US,C0278076 | C0004941 | C0430296 | C0201456 | C2960158,yes,Behavioral tic | Behavioral Symptoms | Cell phenotyping | Immune cell phenotyping | HIV 1 phenotyping,behavioral phenotyping,Behavioral Phenotyping,Behavioral Phenotyping
Jaideep Bains,https://profiles.ucalgary.ca/jaideep-bains,in vivo imaging,in vivo imaging,Diagnostic Imaging | Radionuclide Imaging | Magnetic Resonance Imaging | Imaging Techniques,,MTH,C0011923 | C0034606 | C0024485 | C0079595,yes,Diagnostic Imaging | Radionuclide Imaging | Magnetic Resonance Imaging | Imaging Techniques,in vivo imaging,Vivo Imaging,Vivo Imaging
Jaideep Bains,https://profiles.ucalgary.ca/jaideep-bains,patch clamp electrophysiology,patch clamp electrophysiology,Patch-Clamp Techniques,patch clamp,MSH,C0242625,yes,Patch-Clamp Techniques,Patch-Clamp Techniques,Patch Clamp,Patch Clamp
Jaideep Bains,https://profiles.ucalgary.ca/jaideep-bains,behavioral analysis,behavioral analysis,Applied Behavior Analysis,behavioral analysis,MSH,C4277701,yes,Applied Behavior Analysis,behavioral analysis,Behavioral Analysis,Behavioral Analysis
Jaideep Bains,https://profiles.ucalgary.ca/jaideep-bains,functional imaging,functional imaging,Functional Brain Imaging | MRI of brain with functional imaging,functional imaging,MSH | SNOMEDCT_US,C3178878 | C0412677,yes,Functional Brain Imaging | MRI of brain with functional imaging,Functional Brain Imaging,Functional Brain Imaging,Functional Brain Imaging
Jaideep Bains,https://profiles.ucalgary.ca/jaideep-bains,optogenetics to characterize how the brain decodes stress,optogenetics to characterize how the brain decodes stress,Brain Concussion | Brain Injuries | Brain Neoplasms | Brain Diseases | Disorder characterized by fever,,MTH | SNOMEDCT_US,C0006107 | C0270611 | C0006118 | C0006111 | C0743841,yes,Brain Concussion | Brain Injuries | Brain Neoplasms | Brain Diseases | Disorder characterized by fever,optogenetics to characterize how the brain decodes stress,Optogenetics To Characterize How The Brain Decodes Stress,
Jaideep Bains,https://profiles.ucalgary.ca/jaideep-bains,generates distinct behaviors,generates distinct behaviors,"Generalized Anxiety Disorder | Edema, generalized | Obsessive compulsive behavior | Firesetting Behavior | Distinct abdominal protrusion",generates distinct,MTH | SNOMEDCT_US,C0270549 | C1850534 | C0600104 | C0016142 | C4047974,yes,"Generalized Anxiety Disorder | Edema, generalized | Obsessive compulsive behavior | Firesetting Behavior | Distinct abdominal protrusion",generates distinct behaviors,Generates Distinct Behaviors,Generates Distinct Behaviors
Jaideep Bains,https://profiles.ucalgary.ca/jaideep-bains,behavioral analysis tools we developed,behavioral analysis tools we developed,Applied Behavior Analysis,behavioral analysis,MSH,C4277701,yes,Applied Behavior Analysis,behavioral analysis tools we developed,Behavioral Analysis Tools We Developed,
Jaideep Bains,https://profiles.ucalgary.ca/jaideep-bains,revealed brain mechanisms responsible for the transmission,revealed brain mechanisms responsible for the transmission,Brain Concussion | Brain Injuries | Brain Neoplasms | Brain Diseases | lymph node revealing solution,,MTH | MSH,C0006107 | C0270611 | C0006118 | C0006111 | C0768895,yes,Brain Concussion | Brain Injuries | Brain Neoplasms | Brain Diseases | lymph node revealing solution,revealed brain mechanisms responsible for the transmission,Revealed Brain Mechanisms Responsible For The Transmission,
Jaideep Bains,https://profiles.ucalgary.ca/jaideep-bains,buffering of stress between individuals,buffering of stress between individuals,Stress | Post-Traumatic Stress Disorder | Urinary Stress Incontinence | Stress Fractures | Stress polycythemia,,MTH,C0038435 | C0038436 | C0042025 | C0016664 | C0541719,yes,Stress | Post-Traumatic Stress Disorder | Urinary Stress Incontinence | Stress Fractures | Stress polycythemia,buffering of stress between individuals,Buffering Of Stress Between Individuals,
Jaideep Bains,https://profiles.ucalgary.ca/jaideep-bains,autism,autism,Autistic Disorder | Autism suspected,autism,MTH | SNOMEDCT_US,C0004352 | C1303176,yes,Autistic Disorder | Autism suspected,Autistic Disorder,Autistic,Autistic
Jaideep Bains,https://profiles.ucalgary.ca/jaideep-bains,stress,stress,Stress | Urinary Stress Incontinence | Stress Fractures | Stress polycythemia,stress,MTH,C0038435 | C0042025 | C0016664 | C0541719,yes,Stress | Urinary Stress Incontinence | Stress Fractures | Stress polycythemia,Stress,Stress,Stress
Jaideep Bains,https://profiles.ucalgary.ca/jaideep-bains,brain mathison centre stress,brain mathison centre stress,Brain Concussion | Brain Injuries | Brain Neoplasms | Brain Diseases | Blood group antibody Mathison,,MTH | SNOMEDCT_US,C0006107 | C0270611 | C0006118 | C0006111 | C0314419,yes,Brain Concussion | Brain Injuries | Brain Neoplasms | Brain Diseases | Blood group antibody Mathison,brain mathison centre stress,Brain Mathison Centre Stress,Brain Mathison Centre Stress
Jane Shearer,https://profiles.ucalgary.ca/jane-shearer,metabolic physiology,metabolic physiology,Metabolic acidosis | Metabolic Syndrome X | physiological aspects | Cell physiology | Respiratory physiology,,MTH,C0220981 | C0524620 | C0031843 | C0007613 | C0035245,yes,Metabolic acidosis | Metabolic Syndrome X | physiological aspects | Cell physiology | Respiratory physiology,metabolic physiology,Metabolic Physiology,Metabolic Physiology
Jane Shearer,https://profiles.ucalgary.ca/jane-shearer,autism,autism,Autistic Disorder | Autism suspected,autism,MTH | SNOMEDCT_US,C0004352 | C1303176,yes,Autistic Disorder | Autism suspected,Autistic Disorder,Autistic,Autistic
Jane Shearer,https://profiles.ucalgary.ca/jane-shearer,chronic disease,chronic disease,Chronic disease | Chronic Obstructive Airway Disease | Chronic granulomatous disease | Chronic lung disease,chronic disease,MTH,C0008679 | C0024117 | C0018203 | C0746102,yes,Chronic disease | Chronic Obstructive Airway Disease | Chronic granulomatous disease | Chronic lung disease,Chronic disease,Chronic Disease,Chronic Disease
Jane Shearer,https://profiles.ucalgary.ca/jane-shearer,energy disturbances in pathological disease states,energy disturbances in pathological disease states,Energy Metabolism | Menstruation Disturbances | Sleep disturbances | Other speech disturbances | Pathological fracture,,MTH,C0014272 | C0025345 | C0037317 | C2712367 | C0016663,yes,Energy Metabolism | Menstruation Disturbances | Sleep disturbances | Other speech disturbances | Pathological fracture,energy disturbances in pathological disease states,Energy Disturbances In Pathological Disease States,
Jane Shearer,https://profiles.ucalgary.ca/jane-shearer,epilepsy,epilepsy,"Epilepsy | Absence Epilepsy | Tonic-Clonic Epilepsy | Epilepsy, Complex Partial",epilepsy,MTH | MSH,C0014544 | C0014553 | C0014549 | C0085417,yes,"Epilepsy | Absence Epilepsy | Tonic-Clonic Epilepsy | Epilepsy, Complex Partial",Epilepsy,Epilepsy,Epilepsy
Janet de Groot,https://profiles.ucalgary.ca/janet-de-groot,psychosocial oncology,psychosocial oncology,Psychosocial problem,psychosocial oncology,MTH,C0740697,yes,Psychosocial problem,psychosocial oncology,Psychosocial Oncology,Psychosocial Oncology
Janet de Groot,https://profiles.ucalgary.ca/janet-de-groot,advanced cancer,advanced cancer,Locally advanced breast cancer,advanced cancer,SNOMEDCT_US,C3495949,yes,Locally advanced breast cancer,Locally advanced breast cancer,Advanced Cancer,Advanced Cancer
Janet de Groot,https://profiles.ucalgary.ca/janet-de-groot,spouse experiences of cervical cancer,spouse experiences of cervical cancer,"abused spouse | Adverse Childhood Experiences | Cervical dysplasia | Cervical polyp | Abuse Experiences, Elder",,MTH | MSH,C0814960 | C4296616 | C0007868 | C0007855 | C5828516,yes,"abused spouse | Adverse Childhood Experiences | Cervical dysplasia | Cervical polyp | Abuse Experiences, Elder",spouse experiences of cervical cancer,Spouse Experiences Of Cervical Cancer,
Janet de Groot,https://profiles.ucalgary.ca/janet-de-groot,lung cancer,lung cancer,Recurrent lung cancer | Lung cancer panel | Adenosquamous cell lung cancer | Stage III Lung Cancer,lung cancer,MTH,C0862802 | C5781080 | C0279557 | C0862847,yes,Recurrent lung cancer | Lung cancer panel | Adenosquamous cell lung cancer | Stage III Lung Cancer,Lung cancer panel,Lung Cancer,Lung Cancer
Janet de Groot,https://profiles.ucalgary.ca/janet-de-groot,psychosocial oncology advanced cancer,psychosocial oncology advanced cancer,Psychosocial problem | Tendon advanced | Advanced cirrhosis | Muscle advanced | Imodium Advanced,psychosocial oncology,MTH | SNOMEDCT_US | RXNORM,C0740697 | C0185465 | C1263666 | C0565465 | C0721048,yes,Psychosocial problem | Tendon advanced | Advanced cirrhosis | Muscle advanced | Imodium Advanced,psychosocial oncology advanced cancer,Psychosocial Oncology Advanced Cancer,Psychosocial Oncology Advanced Cancer
Janet de Groot,https://profiles.ucalgary.ca/janet-de-groot,depression,depression,"Mental Depression | Depressive disorder | Reactive depression | Depression, Postpartum",depression,MTH | MSH,C0011570 | C0011581 | C0011579 | C0221074,yes,"Mental Depression | Depressive disorder | Reactive depression | Depression, Postpartum",Mental Depression,Mental Depression,Mental Depression
Janet de Groot,https://profiles.ucalgary.ca/janet-de-groot,psychotherapy for those with advanced cancer,psychotherapy for those with advanced cancer,"Psychotherapy | Group Psychotherapy | Family psychotherapy | Psychotherapy, Multiple | Individual psychotherapy",,MTH | MSH | SNOMEDCT_US,C0033968 | C0033971 | C0015618 | C0033972 | C0204525,yes,"Psychotherapy | Group Psychotherapy | Family psychotherapy | Psychotherapy, Multiple | Individual psychotherapy",psychotherapy for those with advanced cancer,Psychotherapy For Those With Advanced Cancer,
Janet de Groot,https://profiles.ucalgary.ca/janet-de-groot,resilience in communities of practice,resilience in communities of practice,"Therapeutic community technique | Resilience, Psychological | The Resilience Scale | The Brief Resilience Scale | Digital resilience",communities practice,MTH | MSH | SNOMEDCT_US,C0039786 | C0683253 | C5829015 | C4727156 | C5967993,yes,"Therapeutic community technique | Resilience, Psychological | The Resilience Scale | The Brief Resilience Scale | Digital resilience",resilience in communities of practice,Resilience In Communities Of Practice,
Janice Eva Arlee Braun,https://profiles.ucalgary.ca/janice-eva-arlee-braun,role of molecular chaperones in extracellular vesicles,role of molecular chaperones in extracellular vesicles,Molecular Chaperones | Histone Chaperones,,MTH,C0243041 | C2717838,yes,Molecular Chaperones | Histone Chaperones,Molecular Chaperones,Molecular Chaperones,Molecular Chaperones
Janice Eva Arlee Braun,https://profiles.ucalgary.ca/janice-eva-arlee-braun,molecular chaperones in neurodegeneration,molecular chaperones in neurodegeneration,Molecular Chaperones,molecular chaperones,MTH,C0243041,yes,Molecular Chaperones,Molecular Chaperones,Molecular Chaperones,Molecular Chaperones
Janice Eva Arlee Braun,https://profiles.ucalgary.ca/janice-eva-arlee-braun,molecular chaperones in extracellular vesicles,molecular chaperones in extracellular vesicles,Molecular Chaperones,molecular chaperones,MTH,C0243041,yes,Molecular Chaperones,Molecular Chaperones,Molecular Chaperones,Molecular Chaperones
Javier Orlandi,https://profiles.ucalgary.ca/javier-orlandi,"computational and systems neuroscience, network neuroscience, complexity science",computational and systems neuroscience network neuroscience complexity science,,,,,no,computational and systems neuroscience network neuroscience complexity science,"computational and systems neuroscience, network neuroscience, complexity science",Computational And Systems Neuroscience Network Neuroscience Complexity Science,
Javier Orlandi,https://profiles.ucalgary.ca/javier-orlandi,systems neuroscience,systems neuroscience,,,,,no,systems neuroscience,systems neuroscience,Systems Neuroscience,Systems Neuroscience
Javier Orlandi,https://profiles.ucalgary.ca/javier-orlandi,network neuroscience,network neuroscience,,,,,no,network neuroscience,network neuroscience,Network Neuroscience,Network Neuroscience
Javier Orlandi,https://profiles.ucalgary.ca/javier-orlandi,movement disorders,movement disorders,"Movement Disorders | Extrapyramidal and movement disorders | Stereotypic Movement Disorder | Movement Disorders, Rhythmic Nocturnal",movement disorders,MTH | MSH,C0026650 | C0477355 | C0038273 | C0752298,yes,"Movement Disorders | Extrapyramidal and movement disorders | Stereotypic Movement Disorder | Movement Disorders, Rhythmic Nocturnal",Movement Disorders,Movement Disorders,Movement Disorders
Javier Orlandi,https://profiles.ucalgary.ca/javier-orlandi,revealing the neural underpinning of learning,revealing the neural underpinning of learning,lymph node revealing solution | Revealed placental abruption,,MSH | SNOMEDCT_US,C0768895 | C0473376,yes,lymph node revealing solution | Revealed placental abruption,revealing the neural underpinning of learning,Revealing The Neural Underpinning Of Learning,
Jayna Holroyd-Leduc,https://profiles.ucalgary.ca/jayna-holroyd-leduc,dementia,dementia,"Dementia | Presenile dementia | Senile dementia | Multi-infarct dementia | Dementia, Vascular",dementia,MTH | MSH,C0497327 | C0011265 | C0011268 | C0011263 | C0011269,yes,"Dementia | Presenile dementia | Senile dementia | Multi-infarct dementia | Dementia, Vascular",Dementia,Dementia,Dementia
Jayna Holroyd-Leduc,https://profiles.ucalgary.ca/jayna-holroyd-leduc,cognitive disorders,cognitive disorders,Cognition Disorders | Postoperative Cognitive Disorders | Impaired cognition | Memory Disorders,cognitive disorders,MTH | MSH,C0009241 | C5691260 | C0338656 | C0025261,yes,Cognition Disorders | Postoperative Cognitive Disorders | Impaired cognition | Memory Disorders,Postoperative Cognitive Disorders,Cognitive Disorders,Cognitive Disorders
Jayna Holroyd-Leduc,https://profiles.ucalgary.ca/jayna-holroyd-leduc,has focused in the areas of dementia,has focused in the areas of dementia,"Focused attention, function | Dementia | Presenile dementia | Senile dementia | Multi-infarct dementia",,MTH,C0589098 | C0497327 | C0011265 | C0011268 | C0011263,yes,"Focused attention, function | Dementia | Presenile dementia | Senile dementia | Multi-infarct dementia",has focused in the areas of dementia,Focused In The Areas Of Dementia,
Jayna Holroyd-Leduc,https://profiles.ucalgary.ca/jayna-holroyd-leduc,cognitive disorders seniors activities dr,cognitive disorders seniors activities dr,Mild cognitive disorder | Cognitive Therapy | Cognitive functions | Deglutition Disorders | Migraine Disorders,,MTH,C1270972 | C0009244 | C0392335 | C0011168 | C0149931,yes,Mild cognitive disorder | Cognitive Therapy | Cognitive functions | Deglutition Disorders | Migraine Disorders,Mild cognitive disorder,Cognitive Disorder,Cognitive Disorder
Jayna Holroyd-Leduc,https://profiles.ucalgary.ca/jayna-holroyd-leduc,alberta health services (ahs) calgary zone,alberta health services ahs calgary zone,,,,,no,alberta health services ahs calgary zone,alberta health services (ahs) calgary zone,Alberta Health Services Ahs Calgary Zone,
Jean Kit-Wah Mah,https://profiles.ucalgary.ca/jean-kit-wah-mah-0,pediatric neuromuscular and pediatric demyelinating diseases,pediatric neuromuscular and pediatric demyelinating diseases,Pediatric Obesity | Demyelinating Diseases | Demyelinating disease of central nervous system | Neuromuscular Diseases | Peripheral demyelinating neuropathy,,MTH | MSH | SNOMEDCT_US,C2362324 | C0011303 | C0011302 | C0027868 | C0270922,yes,Pediatric Obesity | Demyelinating Diseases | Demyelinating disease of central nervous system | Neuromuscular Diseases | Peripheral demyelinating neuropathy,Neuromuscular Diseases,Neuromuscular Diseases,Neuromuscular Diseases
Jean Kit-Wah Mah,https://profiles.ucalgary.ca/jean-kit-wah-mah-0,pediatric neuromuscular,pediatric neuromuscular,Pediatric Obesity | Neuromuscular Blocking Agents | Neuromuscular Diseases | Neuromuscular Monitoring | Neuromuscular scoliosis,,MTH | MSH | SNOMEDCT_US,C2362324 | C0027866 | C0027868 | C3494225 | C0410698,yes,Pediatric Obesity | Neuromuscular Blocking Agents | Neuromuscular Diseases | Neuromuscular Monitoring | Neuromuscular scoliosis,pediatric neuromuscular,Pediatric Neuromuscular,Pediatric Neuromuscular
Jean Kit-Wah Mah,https://profiles.ucalgary.ca/jean-kit-wah-mah-0,pediatric demyelinating diseases,pediatric demyelinating diseases,"Demyelinating Diseases | Demyelinating Autoimmune Diseases, CNS | Autoimmune Demyelinating Diseases, Cerebral | Autoimmune Diseases, Demyelinating, Brain | Spinal Cord Demyelinating Autoimmune Diseases",demyelinating diseases,MTH | MSH,C0011303 | C0751873 | C0936257 | C0751876 | C0751875,yes,"Demyelinating Diseases | Demyelinating Autoimmune Diseases, CNS | Autoimmune Demyelinating Diseases, Cerebral | Autoimmune Diseases, Demyelinating, Brain | Spinal Cord Demyelinating Autoimmune Diseases",Demyelinating Diseases,Demyelinating Diseases,Demyelinating Diseases
Jean Margaret Addington,https://profiles.ucalgary.ca/jean-margaret-addington,mental health,mental health,mental health | Mental health treatment,mental health,MTH | SNOMEDCT_US,C0025353 | C0184647,yes,mental health | Mental health treatment,mental health,Mental Health,Mental Health
Jean Margaret Addington,https://profiles.ucalgary.ca/jean-margaret-addington,schizophrenia,schizophrenia,"Schizophrenia | Paranoid Schizophrenia | Schizophrenia, Disorganized | Schizophrenia, Catatonic | Residual schizophrenia",schizophrenia,MTH | MSH | SNOMEDCT_US,C0036341 | C0036349 | C0036347 | C0036344 | C0036351,yes,"Schizophrenia | Paranoid Schizophrenia | Schizophrenia, Disorganized | Schizophrenia, Catatonic | Residual schizophrenia",Schizophrenia,Schizophrenia,Schizophrenia
Jean Margaret Addington,https://profiles.ucalgary.ca/jean-margaret-addington,risk of developing serious mental illness,risk of developing serious mental illness,Serious Adverse Event | Serious Adverse Experience | FH: Serious disease,,MTH | SNOMEDCT_US,C1519255 | C4553214 | C0455684,yes,Serious Adverse Event | Serious Adverse Experience | FH: Serious disease,risk of developing serious mental illness,Risk Of Developing Serious Mental Illness,
Jean Margaret Addington,https://profiles.ucalgary.ca/jean-margaret-addington,psychosocial treatments for youth at risk of psychosis,psychosocial treatments for youth at risk of psychosis,Psychosocial problem | Major Treatments | Ophthalmology Treatments | Mechanical Treatments,,MTH,C0740697 | C2598130 | C1315028 | C0699886,yes,Psychosocial problem | Major Treatments | Ophthalmology Treatments | Mechanical Treatments,psychosocial treatments for youth at risk of psychosis,Psychosocial Treatments For Youth At Risk Of Psychosis,
Jean Margaret Addington,https://profiles.ucalgary.ca/jean-margaret-addington,psychosis,psychosis,Psychotic Disorders | Nonorganic psychosis | Postpartum psychosis,psychosis,MTH | SNOMEDCT_US,C0033975 | C0349204 | C0520678,yes,Psychotic Disorders | Nonorganic psychosis | Postpartum psychosis,Psychotic Disorders,Psychotic,Psychotic
Jean Margaret Addington,https://profiles.ucalgary.ca/jean-margaret-addington,risk of developing psychosis,risk of developing psychosis,Relative risk of developing disease assessed,risk developing,MTH,C4724690,yes,Relative risk of developing disease assessed,Relative risk of developing disease assessed,Risk Of Developing,Risk Of Developing
Jean Margaret Addington,https://profiles.ucalgary.ca/jean-margaret-addington,first area of research focuses on psychosis,first area of research focuses on psychosis,First Aid | First degree atrioventricular block | research | Research Design | Nursing Research,,MTH | MSH,C0016143 | C0085614 | C0035168 | C0035171 | C0028695,yes,First Aid | First degree atrioventricular block | research | Research Design | Nursing Research,first area of research focuses on psychosis,First Area Of Research Focuses On Psychosis,
Jeffrey Biernaskie,https://profiles.ucalgary.ca/jeffrey-biernaskie,molecular mechanisms,molecular mechanisms,Molecular Mechanisms of Pharmacological Action,molecular mechanisms,MSH,C1258062,yes,Molecular Mechanisms of Pharmacological Action,Molecular Mechanisms of Pharmacological Action,Molecular Mechanisms,Molecular Mechanisms
Jeffrey Biernaskie,https://profiles.ucalgary.ca/jeffrey-biernaskie,how factors like injury,how factors like injury,risk factors | Biological Factors | R Factors | Immunologic Factors | Nerve Growth Factors,,MTH,C0035648 | C0005515 | C0034471 | C0021054 | C0027754,yes,risk factors | Biological Factors | R Factors | Immunologic Factors | Nerve Growth Factors,how factors like injury,Factors Like Injury,Factors Like Injury
Jeffrey Biernaskie,https://profiles.ucalgary.ca/jeffrey-biernaskie,advanced aging,advanced aging,Premature aging syndrome | Cell Aging | Erythrocyte Aging | Tendon advanced | Advanced cirrhosis,,MTH | MSH | SNOMEDCT_US,C0231341 | C5550967 | C0014768 | C0185465 | C1263666,yes,Premature aging syndrome | Cell Aging | Erythrocyte Aging | Tendon advanced | Advanced cirrhosis,advanced aging,Advanced Aging,Advanced Aging
Jeffrey Biernaskie,https://profiles.ucalgary.ca/jeffrey-biernaskie,immune system impact their function,immune system impact their function,Immune System Diseases | Immune | Immune thrombocytopenic purpura | Immune status | Wandering - impact,impact function,MTH,C0021053 | C0439662 | C0398650 | C5234945 | C2707019,yes,Immune System Diseases | Immune | Immune thrombocytopenic purpura | Immune status | Wandering - impact,Immune System Diseases,Immune System Diseases,Immune System Diseases
Jeffrey Biernaskie,https://profiles.ucalgary.ca/jeffrey-biernaskie,stem cells,stem cells,,stem cells,,,no,stem cells,stem cells,Stem Cells,Stem Cells
Jeffrey Biernaskie,https://profiles.ucalgary.ca/jeffrey-biernaskie,tissue regeneration,tissue regeneration,"Guided Tissue Regeneration | Guided Tissue Regeneration, Periodontal",tissue regeneration,MTH,C0085147 | C1448477,yes,"Guided Tissue Regeneration | Guided Tissue Regeneration, Periodontal",Guided Tissue Regeneration,Tissue Regeneration,Tissue Regeneration
Jeffrey Frank Dunn,https://profiles.ucalgary.ca/jeffrey-frank-dunn,brain injury,brain injury,"Brain Injuries | Traumatic Brain Injury | Brain Injury, Chronic | Crush injury of brain | Injury of parenchyma of brain",brain injury,MTH | MSH | SNOMEDCT_US,C0270611 | C0876926 | C0751813 | C4303411 | C5880441,yes,"Brain Injuries | Traumatic Brain Injury | Brain Injury, Chronic | Crush injury of brain | Injury of parenchyma of brain",Traumatic Brain Injury,Brain Injury,Brain Injury
Jeffrey Frank Dunn,https://profiles.ucalgary.ca/jeffrey-frank-dunn,inflammation,inflammation,Inflammation | Ear Inflammation | Bubo Inflammation | Gummatous inflammation | Eosinophilic inflammation,inflammation,MTH | SNOMEDCT_US,C0021368 | C0029877 | C0221382 | C0333422 | C3687252,yes,Inflammation | Ear Inflammation | Bubo Inflammation | Gummatous inflammation | Eosinophilic inflammation,Inflammation,Inflammation,Inflammation
Jeffrey Frank Dunn,https://profiles.ucalgary.ca/jeffrey-frank-dunn,magnetic resonance imaging,magnetic resonance imaging,Magnetic Resonance Imaging | Multiparametric Magnetic Resonance Imaging | Diffusion Magnetic Resonance Imaging,magnetic resonance imaging | magnetic resonance | resonance imaging,MTH,C0024485 | C3898221 | C1136216,yes,Magnetic Resonance Imaging | Multiparametric Magnetic Resonance Imaging | Diffusion Magnetic Resonance Imaging,Magnetic Resonance Imaging,Magnetic Resonance Imaging,Magnetic Resonance Imaging
Jeffrey Frank Dunn,https://profiles.ucalgary.ca/jeffrey-frank-dunn,neuroimaging,neuroimaging,Neuroimaging | Functional Neuroimaging,neuroimaging,MTH | MSH,C0679575 | C3178877,yes,Neuroimaging | Functional Neuroimaging,Neuroimaging,Neuroimaging,Neuroimaging
Jeffrey Frank Dunn,https://profiles.ucalgary.ca/jeffrey-frank-dunn,stroke,stroke,Heat Stroke | Ischemic stroke | Hemorrhagic Stroke | Embolic Stroke,stroke,MTH | MSH,C0018843 | C0948008 | C5234922 | C0262469,yes,Heat Stroke | Ischemic stroke | Hemorrhagic Stroke | Embolic Stroke,Heat Stroke,Stroke,Stroke
Jeffrey Frank Dunn,https://profiles.ucalgary.ca/jeffrey-frank-dunn,changes in brain function,changes in brain function,Nail changes | Necrotic changes | Brain Concussion | Brain Injuries | Brain Neoplasms,changes brain | brain function,MTH,C0234909 | C1334928 | C0006107 | C0270611 | C0006118,yes,Nail changes | Necrotic changes | Brain Concussion | Brain Injuries | Brain Neoplasms,changes in brain function,Changes In Brain Function,Changes In Brain Function
Jeffrey Frank Dunn,https://profiles.ucalgary.ca/jeffrey-frank-dunn,measures of functional imaging,measures of functional imaging,Functional Brain Imaging | MRI of brain with functional imaging,measures functional | functional imaging,MSH | SNOMEDCT_US,C3178878 | C0412677,yes,Functional Brain Imaging | MRI of brain with functional imaging,MRI of brain with functional imaging,MRI Of Brain With Functional Imaging,MRI Of Brain With Functional Imaging
Jeffrey Frank Dunn,https://profiles.ucalgary.ca/jeffrey-frank-dunn,blood brain barrier disruption,blood brain barrier disruption,Blood-Brain Barrier Disruption Chemotherapy,blood brain barrier disruption | blood brain barrier | brain barrier disruption | blood brain,MTH,C1511220,yes,Blood-Brain Barrier Disruption Chemotherapy,Blood-Brain Barrier Disruption Chemotherapy,Blood Brain Barrier Disruption,Blood Brain Barrier Disruption
Jeffrey Frank Dunn,https://profiles.ucalgary.ca/jeffrey-frank-dunn,cell tracking etc,cell tracking etc,Cell Tracking,cell tracking,MSH,C2936595,yes,Cell Tracking,Cell Tracking,Cell Tracking,Cell Tracking
Jeffrey Frank Dunn,https://profiles.ucalgary.ca/jeffrey-frank-dunn,hypoxia in disease progression—including cancer,hypoxia in disease progression including cancer,Disease Progression | Cancer Progression | Hypoxia | Intrauterine hypoxia | Brain Hypoxia,disease progression including | progression including cancer,MTH,C0242656 | C1947901 | C0242184 | C0495385 | C1527348,yes,Disease Progression | Cancer Progression | Hypoxia | Intrauterine hypoxia | Brain Hypoxia,Disease Progression,Disease Progression,Disease Progression
Jeffrey Frank Dunn,https://profiles.ucalgary.ca/jeffrey-frank-dunn,multiple sclerosis,multiple sclerosis,"Multiple Sclerosis | Multiple Sclerosis, Chronic Progressive | Malignant multiple sclerosis | Benign multiple sclerosis",multiple sclerosis,MTH | MSH | SNOMEDCT_US,C0026769 | C0393665 | C2586221 | C2585570,yes,"Multiple Sclerosis | Multiple Sclerosis, Chronic Progressive | Malignant multiple sclerosis | Benign multiple sclerosis",Multiple Sclerosis,Multiple Sclerosis,Multiple Sclerosis
Jeffrey Frank Dunn,https://profiles.ucalgary.ca/jeffrey-frank-dunn,brain inflammation,brain inflammation,Brain Concussion | Brain Injuries | Brain Neoplasms | Brain Diseases | Inflammation,brain inflammation,MTH,C0006107 | C0270611 | C0006118 | C0006111 | C0021368,yes,Brain Concussion | Brain Injuries | Brain Neoplasms | Brain Diseases | Inflammation,brain inflammation,Brain Inflammation,Brain Inflammation
Jeffrey Frank Dunn,https://profiles.ucalgary.ca/jeffrey-frank-dunn,this includes studies of inflammation,this includes studies of inflammation,Inflammation | Ear Inflammation | Bubo Inflammation | Gummatous inflammation | Eosinophilic inflammation,,MTH | SNOMEDCT_US,C0021368 | C0029877 | C0221382 | C0333422 | C3687252,yes,Inflammation | Ear Inflammation | Bubo Inflammation | Gummatous inflammation | Eosinophilic inflammation,this includes studies of inflammation,Includes Studies Of Inflammation,Includes Studies Of Inflammation
Jeffrey Frank Dunn,https://profiles.ucalgary.ca/jeffrey-frank-dunn,cell tracking,cell tracking,Cell Tracking,cell tracking,MSH,C2936595,yes,Cell Tracking,Cell Tracking,Cell Tracking,Cell Tracking
Jennifer Chan,https://profiles.ucalgary.ca/jennifer-chan,brain tumorigenesis,brain tumorigenesis,Brain Concussion | Brain Injuries | Brain Neoplasms | Brain Diseases,,MTH,C0006107 | C0270611 | C0006118 | C0006111,yes,Brain Concussion | Brain Injuries | Brain Neoplasms | Brain Diseases,brain tumorigenesis,Brain Tumorigenesis,Brain Tumorigenesis
Jennifer Chan,https://profiles.ucalgary.ca/jennifer-chan,molecular mechanisms,molecular mechanisms,Molecular Mechanisms of Pharmacological Action,molecular mechanisms,MSH,C1258062,yes,Molecular Mechanisms of Pharmacological Action,Molecular Mechanisms of Pharmacological Action,Molecular Mechanisms,Molecular Mechanisms
Jennifer Chan,https://profiles.ucalgary.ca/jennifer-chan,adult brain tumours,adult brain tumours,Adult Brain Neoplasm | Adult Brain Oligodendroglioma | Adult Brain Ependymoma | Adult Brain Glioblastoma | Recurrent Adult Brain Neoplasm,adult brain | brain tumours,MTH,C0220624 | C1332190 | C1332186 | C1332187 | C0278786,yes,Adult Brain Neoplasm | Adult Brain Oligodendroglioma | Adult Brain Ependymoma | Adult Brain Glioblastoma | Recurrent Adult Brain Neoplasm,Adult Brain Ependymoma,Adult Brain,Adult Brain
Jennifer Chan,https://profiles.ucalgary.ca/jennifer-chan,i have expertise in molecular oncology,i have expertise in molecular oncology,,,,,no,i have expertise in molecular oncology,i have expertise in molecular oncology,I Have Expertise In Molecular Oncology,
Jennifer Chan,https://profiles.ucalgary.ca/jennifer-chan,proliferation in neural development,proliferation in neural development,Proliferation (morphologic abnormality) | Cell Proliferation | Pervasive Development Disorder | Psychosexual Development | Intimal proliferation,proliferation neural,MTH | SNOMEDCT_US,C0334094 | C0596290 | C0524528 | C0033944 | C0334096,yes,Proliferation (morphologic abnormality) | Cell Proliferation | Pervasive Development Disorder | Psychosexual Development | Intimal proliferation,proliferation in neural development,Proliferation In Neural Development,Proliferation In Neural Development
Jennifer Chan,https://profiles.ucalgary.ca/jennifer-chan,progenitor cells to model disease,progenitor cells to model disease,Model | Model Number | Mathematical Model,progenitor cells,MTH | MSH,C3161035 | C3274659 | C0876936,yes,Model | Model Number | Mathematical Model,progenitor cells to model disease,Progenitor Cells To Model Disease,
Jennifer Chan,https://profiles.ucalgary.ca/jennifer-chan,flexible systems for modeling brain tumors in vivo,flexible systems for modeling brain tumors in vivo,,,,,no,flexible systems for modeling brain tumors in vivo,flexible systems for modeling brain tumors in vivo,Flexible Systems For Modeling Brain Tumors In Vivo,
Jennifer Chan,https://profiles.ucalgary.ca/jennifer-chan,adult brain tumors including medulloblastoma,adult brain tumors including medulloblastoma,Adult hypophosphatasia | Adult Teratoma | Adult rhabdomyoma | Brain Concussion | Brain Injuries,brain tumors including,MTH,C0268413 | C1368898 | C0334483 | C0006107 | C0270611,yes,Adult hypophosphatasia | Adult Teratoma | Adult rhabdomyoma | Brain Concussion | Brain Injuries,adult brain tumors including medulloblastoma,Adult Brain Tumors Including Medulloblastoma,
Jennifer Chan,https://profiles.ucalgary.ca/jennifer-chan,i also direct the clark smith neurologic,i also direct the clark smith neurologic,Direct Cholecystoenterostomy | Direct immunofluorescence | Direct Ophthalmoscopy | Direct reacting bilirubin | Clark-Baraitser syndrome,,MTH,C0193544 | C0282648 | C1444581 | C0236556 | C2931130,yes,Direct Cholecystoenterostomy | Direct immunofluorescence | Direct Ophthalmoscopy | Direct reacting bilirubin | Clark-Baraitser syndrome,i also direct the clark smith neurologic,I Also Direct The Clark Smith Neurologic,
Jennifer Chan,https://profiles.ucalgary.ca/jennifer-chan,pediatric tumour,pediatric tumour,Pediatric Obesity | Tumour staging | Tumour haemorrhage,,MTH,C2362324 | C2362754 | C0877584,yes,Pediatric Obesity | Tumour staging | Tumour haemorrhage,pediatric tumour,Pediatric Tumour,Pediatric Tumour
Jennifer Chan,https://profiles.ucalgary.ca/jennifer-chan,brain tumorigenesis molecular mechanisms summary of research dr,brain tumorigenesis molecular mechanisms summary of research dr,,,,,no,brain tumorigenesis molecular mechanisms summary of research dr,brain tumorigenesis molecular mechanisms summary of research dr,Brain Tumorigenesis Molecular Mechanisms Summary Of Research Dr,
Jennifer Chan,https://profiles.ucalgary.ca/jennifer-chan,brain tumorigenesis molecular mechanisms,brain tumorigenesis molecular mechanisms,Brain Concussion | Brain Injuries | Brain Neoplasms | Brain Diseases,,MTH,C0006107 | C0270611 | C0006118 | C0006111,yes,Brain Concussion | Brain Injuries | Brain Neoplasms | Brain Diseases,brain tumorigenesis molecular mechanisms,Brain Tumorigenesis Molecular Mechanisms,Brain Tumorigenesis Molecular Mechanisms
Jennifer Chan,https://profiles.ucalgary.ca/jennifer-chan,brain cancers,brain cancers,Malignant neoplasm of brain,brain cancers,MTH,C0153633,yes,Malignant neoplasm of brain,brain cancers,Brain Cancers,Brain Cancers
Jennifer Jackson,https://profiles.ucalgary.ca/jennifer-jackson,health systems,health systems,Health Systems Plans | Health Information Systems,health systems,MTH | MSH,C0018764 | C0679918,yes,Health Systems Plans | Health Information Systems,Health Systems Plans,Health Systems,Health Systems
Jennifer Thannhauser,https://profiles.ucalgary.ca/jennifer-thannhauser,post-secondary mental health and well-being,post-secondary mental health and well-being,,,,,no,post-secondary mental health and well-being,post-secondary mental health and well-being,Post Secondary Mental Health And Well Being,
Jennifer Thannhauser,https://profiles.ucalgary.ca/jennifer-thannhauser,resilience in the post-secondary context,resilience in the post-secondary context,"Secondary polycythemia | Resilience, Psychological | The Resilience Scale | The Brief Resilience Scale | Hyperparathyroidism, Secondary",,MTH | MSH,C5848252 | C0683253 | C5829015 | C4727156 | C0020503,yes,"Secondary polycythemia | Resilience, Psychological | The Resilience Scale | The Brief Resilience Scale | Hyperparathyroidism, Secondary",The Resilience Scale,Resilience,Resilience
Jennifer Thannhauser,https://profiles.ucalgary.ca/jennifer-thannhauser,pediatric chronic illness,pediatric chronic illness,Reported history of chronic illness | Chronic pediatric feeding disorder | Chronic illness perception assessment scale | Verbalizes chronic illness diagnosis and severity,pediatric chronic illness | pediatric chronic | chronic illness,MTH | SNOMEDCT_US,C2186378 | C5539318 | C1828261 | C1640364,yes,Reported history of chronic illness | Chronic pediatric feeding disorder | Chronic illness perception assessment scale | Verbalizes chronic illness diagnosis and severity,Reported history of chronic illness,Chronic Illness,Chronic Illness
Jennifer Thannhauser,https://profiles.ucalgary.ca/jennifer-thannhauser,post-secondary mental health evaluation,post-secondary mental health evaluation,mental health annual evaluation note,mental health evaluation,MTH,C5890065,yes,mental health annual evaluation note,mental health annual evaluation note,Mental Health Evaluation,Mental Health Evaluation
Jennifer Thannhauser,https://profiles.ucalgary.ca/jennifer-thannhauser,post-secondary mental health,post-secondary mental health,Secondary post tonsillectomy hemorrhage,post secondary,SNOMEDCT_US,C1279604,yes,Secondary post tonsillectomy hemorrhage,Secondary post tonsillectomy hemorrhage,Secondary Post,Secondary Post
Jennifer Thannhauser,https://profiles.ucalgary.ca/jennifer-thannhauser,cross-national partnership will explore student resilience,cross-national partnership will explore student resilience,,,,,no,cross-national partnership will explore student resilience,cross-national partnership will explore student resilience,Cross National Partnership Will Explore Student Resilience,
Jennifer Thannhauser,https://profiles.ucalgary.ca/jennifer-thannhauser,examining resilience from the perspective of marginalized,examining resilience from the perspective of marginalized,"Ophthalmic examination and evaluation | Neurologic Examination | Manual pelvic examination (procedure) | Resilience, Psychological | The Resilience Scale",,MTH | MSH,C0200149 | C0027853 | C0200045 | C0683253 | C5829015,yes,"Ophthalmic examination and evaluation | Neurologic Examination | Manual pelvic examination (procedure) | Resilience, Psychological | The Resilience Scale",The Resilience Scale,Resilience,Resilience
Jennifer Thannhauser,https://profiles.ucalgary.ca/jennifer-thannhauser,ucalgary's community mental health,ucalgary s community mental health,Mental Depression | Mental disorders | Mental Retardation | Mental Orientation | Mental handicap,community mental health,MTH,C0011570 | C0004936 | C0025362 | C0029266 | C1306341,yes,Mental Depression | Mental disorders | Mental Retardation | Mental Orientation | Mental handicap,ucalgary's community mental health,Ucalgary S Community Mental Health,
Jennifer Thannhauser,https://profiles.ucalgary.ca/jennifer-thannhauser,social mobility,social mobility,Mobile Social Networks | Mobility - social functioning,social mobility,MSH | SNOMEDCT_US,C5828598 | C0425244,yes,Mobile Social Networks | Mobility - social functioning,Mobility - social functioning,Mobility Social,Mobility Social
Jennifer Thannhauser,https://profiles.ucalgary.ca/jennifer-thannhauser,renewed campus mental health strategy),renewed campus mental health strategy,Mental Depression | Mental disorders | Mental Retardation | Mental Orientation | Mental handicap,,MTH,C0011570 | C0004936 | C0025362 | C0029266 | C1306341,yes,Mental Depression | Mental disorders | Mental Retardation | Mental Orientation | Mental handicap,renewed campus mental health strategy),Renewed Campus Mental Health Strategy,
Jennifer Thannhauser,https://profiles.ucalgary.ca/jennifer-thannhauser,whole-institution approach to mental health,whole-institution approach to mental health,Mental health care program approach contingency plan | Mental health care program approach crisis plan,approach mental health,SNOMEDCT_US,C4706344 | C4706394,yes,Mental health care program approach contingency plan | Mental health care program approach crisis plan,Mental health care program approach crisis plan,Mental Health Approach,Mental Health Approach
Jennifer Thannhauser,https://profiles.ucalgary.ca/jennifer-thannhauser,development funds,development funds,Pervasive Development Disorder | Psychosexual Development | Funds vaccine purchased with,,MTH,C0524528 | C0033944 | C1115509,yes,Pervasive Development Disorder | Psychosexual Development | Funds vaccine purchased with,development funds,Development Funds,Development Funds
Jenny Godley,https://profiles.ucalgary.ca/jenny-godley,social determinants of health,social determinants of health,Social Determinants of Health | Commercial Determinants of Health,social determinants of health | social determinants health | social determinants | determinants health,MTH | MSH,C3658315 | C5828614,yes,Social Determinants of Health | Commercial Determinants of Health,Social Determinants of Health,Social Determinants Of Health,Social Determinants Of Health
Jenny Godley,https://profiles.ucalgary.ca/jenny-godley,social network analysis,social network analysis,Social network note | Network Meta-Analysis | Social network therapy,social network analysis | social network | network analysis,MTH | MSH | SNOMEDCT_US,C5981357 | C5940653 | C0204565,yes,Social network note | Network Meta-Analysis | Social network therapy,Social network note,Social Network,Social Network
Jenny Godley,https://profiles.ucalgary.ca/jenny-godley,weight-related health,weight-related health,Health-related behavior finding | Health insurance-related form | Finding related to ability to transfer weight | Finding related to ability to weight-bear,weight related | related health,MTH | SNOMEDCT_US,C1287492 | C3173820 | C1286545 | C1286542,yes,Health-related behavior finding | Health insurance-related form | Finding related to ability to transfer weight | Finding related to ability to weight-bear,Health-related behavior finding,Health Related Behavior,Health Related Behavior
Jenny Godley,https://profiles.ucalgary.ca/jenny-godley,health behaviour,health behaviour,mental health | Rutter Behaviour Questionnaire,health behaviour,MTH | SNOMEDCT_US,C0025353 | C0475508,yes,mental health | Rutter Behaviour Questionnaire,health behaviour,Health Behaviour,Health Behaviour
Jenny Godley,https://profiles.ucalgary.ca/jenny-godley,ethics in the social sciences,ethics in the social sciences,"Phobia, Social | Social Problems",social sciences,MSH,C0031572 | C0037431,yes,"Phobia, Social | Social Problems",ethics in the social sciences,Ethics In The Social Sciences,
Jenny Godley,https://profiles.ucalgary.ca/jenny-godley,epidemiology,epidemiology,,epidemiology,,,no,epidemiology,epidemiology,Epidemiology,Epidemiology
Jessalyn Holodinsky,https://profiles.ucalgary.ca/jessalyn-holodinsky,healthcare delivery optimization,healthcare delivery optimization,Provider satisfaction with healthcare delivery | Patient satisfaction with healthcare delivery,healthcare delivery,MTH,C4018889 | C4018915,yes,Provider satisfaction with healthcare delivery | Patient satisfaction with healthcare delivery,Provider satisfaction with healthcare delivery,Healthcare Delivery,Healthcare Delivery
Jessalyn Holodinsky,https://profiles.ucalgary.ca/jessalyn-holodinsky,machine learning,machine learning,Machine Learning | Supervised Machine Learning | Unsupervised Machine Learning | Inductive Machine Learning | Representation Machine Learning,machine learning,MSH,C0376284 | C4042903 | C4042902 | C4046035 | C5940532,yes,Machine Learning | Supervised Machine Learning | Unsupervised Machine Learning | Inductive Machine Learning | Representation Machine Learning,Machine Learning,Machine Learning,Machine Learning
Jessalyn Holodinsky,https://profiles.ucalgary.ca/jessalyn-holodinsky,respiratory vaccinations and the prevention of cardiovascular events,respiratory vaccinations and the prevention of cardiovascular events,Respiratory Failure | Respiratory Insufficiency | Respiratory arrest | Respiratory distress | Vaccination,,MTH,C1145670 | C0035229 | C0162297 | C0476273 | C0042196,yes,Respiratory Failure | Respiratory Insufficiency | Respiratory arrest | Respiratory distress | Vaccination,respiratory vaccinations and the prevention of cardiovascular events,Respiratory Vaccinations And The Prevention Of Cardiovascular Events,
Jessalyn Holodinsky,https://profiles.ucalgary.ca/jessalyn-holodinsky,stroke,stroke,Heat Stroke | Ischemic stroke | Hemorrhagic Stroke | Embolic Stroke,stroke,MTH | MSH,C0018843 | C0948008 | C5234922 | C0262469,yes,Heat Stroke | Ischemic stroke | Hemorrhagic Stroke | Embolic Stroke,Heat Stroke,Stroke,Stroke
Jessalyn Holodinsky,https://profiles.ucalgary.ca/jessalyn-holodinsky,health services research,health services research,Health Services Research | Health Services Accessibility,health services research | health services | services research,MTH,C0018757 | C0018748,yes,Health Services Research | Health Services Accessibility,Health Services Research,Health Services Research,Health Services Research
Jessalyn Holodinsky,https://profiles.ucalgary.ca/jessalyn-holodinsky,health systems,health systems,Health Systems Plans | Health Information Systems,health systems,MTH | MSH,C0018764 | C0679918,yes,Health Systems Plans | Health Information Systems,Health Systems Plans,Health Systems,Health Systems
Jessalyn Holodinsky,https://profiles.ucalgary.ca/jessalyn-holodinsky,epidemiology,epidemiology,,epidemiology,,,no,epidemiology,epidemiology,Epidemiology,Epidemiology
Jillian Miller,https://profiles.ucalgary.ca/jillian-miller,neuroimaging,neuroimaging,Neuroimaging | Functional Neuroimaging,neuroimaging,MTH | MSH,C0679575 | C3178877,yes,Neuroimaging | Functional Neuroimaging,Neuroimaging,Neuroimaging,Neuroimaging
Jillian Miller,https://profiles.ucalgary.ca/jillian-miller,pain,pain,Pain | Chest Pain | Back Pain | Low Back Pain | Abdominal Pain,pain,MTH,C0030193 | C0008031 | C0004604 | C0024031 | C0000737,yes,Pain | Chest Pain | Back Pain | Low Back Pain | Abdominal Pain,Pain,Pain,Pain
Jillian Miller,https://profiles.ucalgary.ca/jillian-miller,prioritize the development of future clinical scientists,prioritize the development of future clinical scientists,Pervasive Development Disorder | Psychosexual Development | Feeling hopeful about the future | Hopeful for the future,,MTH | SNOMEDCT_US,C0524528 | C0033944 | C5671243 | C2712144,yes,Pervasive Development Disorder | Psychosexual Development | Feeling hopeful about the future | Hopeful for the future,Hopeful for the future,Future,Future
Joanne Park,https://profiles.ucalgary.ca/joanne-park,child outcomes,child outcomes,Child at risk,child outcomes,SNOMEDCT_US,C0425119,yes,Child at risk,child outcomes,Child Outcomes,Child Outcomes
Joanne Park,https://profiles.ucalgary.ca/joanne-park,drawing from various models of social cognition,drawing from various models of social cognition,Drawings (art) | Drawing neck | various allergen extracts | various antiseptic throat preparations | Iron in various other combinations,,MTH,C0013113 | C0235043 | C3540765 | C3540766 | C3540767,yes,Drawings (art) | Drawing neck | various allergen extracts | various antiseptic throat preparations | Iron in various other combinations,drawing from various models of social cognition,Drawing From Various Models Of Social Cognition,
Joanne Park,https://profiles.ucalgary.ca/joanne-park,experimental designs,experimental designs,Experimental Design,experimental designs,MTH,C0015320,yes,Experimental Design,Experimental Design,Experimental Design,Experimental Design
Joanne Park,https://profiles.ucalgary.ca/joanne-park,resilience factors associated with child,resilience factors associated with child,risk factors | Biological Factors | R Factors | Immunologic Factors | Nerve Growth Factors,,MTH,C0035648 | C0005515 | C0034471 | C0021054 | C0027754,yes,risk factors | Biological Factors | R Factors | Immunologic Factors | Nerve Growth Factors,resilience factors associated with child,Resilience Factors Associated With Child,
Joanne Park,https://profiles.ucalgary.ca/joanne-park,adolescent mental health,adolescent mental health,mental health | Mental health treatment,adolescent mental health | adolescent mental | mental health,MTH | SNOMEDCT_US,C0025353 | C0184647,yes,mental health | Mental health treatment,mental health,Mental Health,Mental Health
Joanne Park,https://profiles.ucalgary.ca/joanne-park,encompassing family-level factors alongside other sociodemographic,encompassing family-level factors alongside other sociodemographic,,,,,no,encompassing family-level factors alongside other sociodemographic,encompassing family-level factors alongside other sociodemographic,Encompassing Family Level Factors Alongside Other Sociodemographic,
Joanne Park,https://profiles.ucalgary.ca/joanne-park,mental health,mental health,mental health | Mental health treatment,mental health,MTH | SNOMEDCT_US,C0025353 | C0184647,yes,mental health | Mental health treatment,mental health,Mental Health,Mental Health
Jodie Burton,https://profiles.ucalgary.ca/jodie-burton,epidemiology,epidemiology,,epidemiology,,,no,epidemiology,epidemiology,Epidemiology,Epidemiology
Jodie Burton,https://profiles.ucalgary.ca/jodie-burton,namely optical coherence tomography metrics,namely optical coherence tomography metrics,"Tomography, Optical Coherence | Optical coherence tomography panel | Optical coherence tomography study | Ophthalmic optical coherence tomography | Optical coherence tomography performed",optical coherence tomography,MTH,C0920367 | C2733800 | C4522328 | C2738734 | C4050077,yes,"Tomography, Optical Coherence | Optical coherence tomography panel | Optical coherence tomography study | Ophthalmic optical coherence tomography | Optical coherence tomography performed",Optical coherence tomography panel,Optical Coherence Tomography,Optical Coherence Tomography
Jodie Burton,https://profiles.ucalgary.ca/jodie-burton,additional endpoints include conversion to clinically definite ms,additional endpoints include conversion to clinically definite ms,,,,,no,additional endpoints include conversion to clinically definite ms,additional endpoints include conversion to clinically definite ms,Additional Endpoints Include Conversion To Clinically Definite Ms,
Jodie Burton,https://profiles.ucalgary.ca/jodie-burton,advanced mri measures,advanced mri measures,MRI for measurement of brain volume,mri measures,SNOMEDCT_US,C3697909,yes,MRI for measurement of brain volume,advanced mri measures,Advanced Mri Measures,Advanced Mri Measures
Jodie Burton,https://profiles.ucalgary.ca/jodie-burton,registry-based evaluation of neuromyelitis optica spectrum disorder,registry-based evaluation of neuromyelitis optica spectrum disorder,,,,,no,registry-based evaluation of neuromyelitis optica spectrum disorder,registry-based evaluation of neuromyelitis optica spectrum disorder,Registry Based Evaluation Of Neuromyelitis Optica Spectrum Disorder,
Jodie Burton,https://profiles.ucalgary.ca/jodie-burton,mog associated disease in alberta,mog associated disease in alberta,Myelin Oligodendrocyte Glycoprotein Antibody-Associated Disease,mog associated disease | mog associated,MSH,C5554054,yes,Myelin Oligodendrocyte Glycoprotein Antibody-Associated Disease,Myelin Oligodendrocyte Glycoprotein Antibody-Associated Disease,Mog Associated Disease In Alberta,
Jodie Roberts,https://profiles.ucalgary.ca/jodie-roberts,health services research,health services research,Health Services Research | Health Services Accessibility,health services research | health services | services research,MTH,C0018757 | C0018748,yes,Health Services Research | Health Services Accessibility,Health Services Research,Health Services Research,Health Services Research
Jodie Roberts,https://profiles.ucalgary.ca/jodie-roberts,epidemiology,epidemiology,,epidemiology,,,no,epidemiology,epidemiology,Epidemiology,Epidemiology
Joern Davidsen,https://profiles.ucalgary.ca/joern-davidsen,alzheimer disease,alzheimer disease,Alzheimer's Disease | ALZHEIMER DISEASE 2 | ALZHEIMER DISEASE 4 | Alzheimer Disease 9,alzheimer disease,MTH,C0002395 | C1863051 | C1847200 | C1837149,yes,Alzheimer's Disease | ALZHEIMER DISEASE 2 | ALZHEIMER DISEASE 4 | Alzheimer Disease 9,Alzheimer's Disease,Alzheimer Disease,Alzheimer Disease
Joern Davidsen,https://profiles.ucalgary.ca/joern-davidsen,computational neuroscience & the critical brain,computational neuroscience the critical brain,Computational Modelling | Computational Technique | Critical Pathways | Critical Illness | Critical incident,,MTH | MSH | SNOMEDCT_US,C5544479 | C1516769 | C0282655 | C0010340 | C1320736,yes,Computational Modelling | Computational Technique | Critical Pathways | Critical Illness | Critical incident,computational neuroscience & the critical brain,Computational Neuroscience The Critical Brain,
Joern Davidsen,https://profiles.ucalgary.ca/joern-davidsen,network neuroscience,network neuroscience,,,,,no,network neuroscience,network neuroscience,Network Neuroscience,Network Neuroscience
Joern Davidsen,https://profiles.ucalgary.ca/joern-davidsen,mental health strategy,mental health strategy,mental health | Mental health treatment,mental health,MTH | SNOMEDCT_US,C0025353 | C0184647,yes,mental health | Mental health treatment,mental health,Mental Health,Mental Health
Johanna Ospel,https://profiles.ucalgary.ca/johanna-ospel,clinical outcomes,clinical outcomes,Clinical Trials | Nutrition outcomes | Expected outcomes | R-Outcomes | Elimination outcomes,clinical outcomes,MTH,C0008976 | C0518896 | C2963499 | C5445044 | C0518891,yes,Clinical Trials | Nutrition outcomes | Expected outcomes | R-Outcomes | Elimination outcomes,clinical outcomes,Clinical Outcomes,Clinical Outcomes
Johanna Ospel,https://profiles.ucalgary.ca/johanna-ospel,stroke,stroke,Heat Stroke | Ischemic stroke | Hemorrhagic Stroke | Embolic Stroke,stroke,MTH | MSH,C0018843 | C0948008 | C5234922 | C0262469,yes,Heat Stroke | Ischemic stroke | Hemorrhagic Stroke | Embolic Stroke,Heat Stroke,Stroke,Stroke
Johanna Ospel,https://profiles.ucalgary.ca/johanna-ospel,imaging-based outcome prediction,imaging-based outcome prediction,Barium-based radiographic imaging contrast media,imaging based,SNOMEDCT_US,C5968585,yes,Barium-based radiographic imaging contrast media,imaging-based outcome prediction,Imaging Based Outcome Prediction,Imaging Based Outcome Prediction
Johnathan Canton,https://profiles.ucalgary.ca/johnathan-canton,effector cells,effector cells,"Caspases, Effector",effector cells,MSH,C1720985,yes,"Caspases, Effector",effector cells,Effector Cells,Effector Cells
Johnathan Canton,https://profiles.ucalgary.ca/johnathan-canton,cell science,cell science,,,,,no,cell science,cell science,Cell Science,Cell Science
John Duncan McLennan,https://profiles.ucalgary.ca/john-duncan-mclennan,epidemiology,epidemiology,,epidemiology,,,no,epidemiology,epidemiology,Epidemiology,Epidemiology
John (Gregory) Cairncross,https://profiles.ucalgary.ca/john-gregory-cairncross,in neurology in new york,in neurology in new york,hemoglobin New York | fibrinogen New York 1 | New York protocol,new york,MTH | MSH,C0062410 | C0623825 | C0208342,yes,hemoglobin New York | fibrinogen New York 1 | New York protocol,hemoglobin New York,New York,New York
John (Gregory) Cairncross,https://profiles.ucalgary.ca/john-gregory-cairncross,he founded the brain tumor,he founded the brain tumor,"Brain Tumor, Primary | Embryonal tumor of brain | Destruction of brain tumor",brain tumor,MTH | SNOMEDCT_US,C0750974 | C0346292 | C0472408,yes,"Brain Tumor, Primary | Embryonal tumor of brain | Destruction of brain tumor",Destruction of brain tumor,Brain Tumor,Brain Tumor
John (Gregory) Cairncross,https://profiles.ucalgary.ca/john-gregory-cairncross,type of brain cancer,type of brain cancer,PROSTATE CANCER/BRAIN CANCER SUSCEPTIBILITY | Brain calcification Rajab type | History of cancer metastatic to brain | Functional Assessment of Cancer Therapy - Brain,type brain | brain cancer,MTH | SNOMEDCT_US,C1863600 | C3150910 | C4040215 | C5396523,yes,PROSTATE CANCER/BRAIN CANCER SUSCEPTIBILITY | Brain calcification Rajab type | History of cancer metastatic to brain | Functional Assessment of Cancer Therapy - Brain,History of cancer metastatic to brain,Cancer To Brain,Cancer To Brain
John Wong,https://profiles.ucalgary.ca/john-wong,stroke,stroke,Heat Stroke | Ischemic stroke | Hemorrhagic Stroke | Embolic Stroke,stroke,MTH | MSH,C0018843 | C0948008 | C5234922 | C0262469,yes,Heat Stroke | Ischemic stroke | Hemorrhagic Stroke | Embolic Stroke,Heat Stroke,Stroke,Stroke
John Wong,https://profiles.ucalgary.ca/john-wong,vascular malformations,vascular malformations,"Peripheral Vascular Diseases | GLOMUVENOUS MALFORMATIONS | Vascular Diseases | Dementia, Vascular",vascular malformations,MTH | MSH,C0085096 | C1841984 | C0042373 | C0011269,yes,"Peripheral Vascular Diseases | GLOMUVENOUS MALFORMATIONS | Vascular Diseases | Dementia, Vascular",vascular malformations,Vascular Malformations,Vascular Malformations
Jonathan Epp,https://profiles.ucalgary.ca/jonathan-epp,dementia,dementia,"Dementia | Presenile dementia | Senile dementia | Multi-infarct dementia | Dementia, Vascular",dementia,MTH | MSH,C0497327 | C0011265 | C0011268 | C0011263 | C0011269,yes,"Dementia | Presenile dementia | Senile dementia | Multi-infarct dementia | Dementia, Vascular",Dementia,Dementia,Dementia
Jonathan Epp,https://profiles.ucalgary.ca/jonathan-epp,cognitive disorders,cognitive disorders,Cognition Disorders | Postoperative Cognitive Disorders | Impaired cognition | Memory Disorders,cognitive disorders,MTH | MSH,C0009241 | C5691260 | C0338656 | C0025261,yes,Cognition Disorders | Postoperative Cognitive Disorders | Impaired cognition | Memory Disorders,Postoperative Cognitive Disorders,Cognitive Disorders,Cognitive Disorders
Jonathan Epp,https://profiles.ucalgary.ca/jonathan-epp,adult neurogenesis,adult neurogenesis,Adult hypophosphatasia | Adult Teratoma | Adult rhabdomyoma | Urinary Bladder Neurogenesis,,MTH | MSH,C0268413 | C1368898 | C0334483 | C0750953,yes,Adult hypophosphatasia | Adult Teratoma | Adult rhabdomyoma | Urinary Bladder Neurogenesis,adult neurogenesis,Adult Neurogenesis,Adult Neurogenesis
Jonathan Epp,https://profiles.ucalgary.ca/jonathan-epp,examining how this occurs at the cellular,examining how this occurs at the cellular,Ophthalmic examination and evaluation | Neurologic Examination | pelvic pain occurs with intercourse | pelvic pain occurs with urination | Cellular,,MTH,C0200149 | C0027853 | C3539893 | C3539896 | C0178539,yes,Ophthalmic examination and evaluation | Neurologic Examination | pelvic pain occurs with intercourse | pelvic pain occurs with urination | Cellular,examining how this occurs at the cellular,Examining How This Occurs At The Cellular,
Jonathan Epp,https://profiles.ucalgary.ca/jonathan-epp,exploring how adult neurogenesis balances memory,exploring how adult neurogenesis balances memory,Exploration of kidney | Exploratory laparotomy | Nephrotomy with exploration | Adult hypophosphatasia | Adult Teratoma,,MTH,C0401230 | C0085704 | C0194057 | C0268413 | C1368898,yes,Exploration of kidney | Exploratory laparotomy | Nephrotomy with exploration | Adult hypophosphatasia | Adult Teratoma,exploring how adult neurogenesis balances memory,Exploring How Adult Neurogenesis Balances Memory,
Jonathan Epp,https://profiles.ucalgary.ca/jonathan-epp,circuit stability versus learning,circuit stability versus learning,Emotional Stability | Graft-Versus-Tumor Induction | Graft-Versus-Tumor Induction Therapy | Graft versus host disease in skin | Autologous graft versus host disease,,MTH,C0237105 | C0281604 | C1881000 | C1610605 | C1328550,yes,Emotional Stability | Graft-Versus-Tumor Induction | Graft-Versus-Tumor Induction Therapy | Graft versus host disease in skin | Autologous graft versus host disease,circuit stability versus learning,Circuit Stability Versus Learning,Circuit Stability Versus Learning
Jonathan Lytton,https://profiles.ucalgary.ca/jonathan-lytton,cell signaling,cell signaling,mesenchymal-epithelial cell signaling | epithelial-mesenchymal cell signaling | mesodermal-endodermal cell signaling | endodermal-mesodermal cell signaling,cell signaling,MTH,C2752865 | C2752912 | C2753529 | C2753531,yes,mesenchymal-epithelial cell signaling | epithelial-mesenchymal cell signaling | mesodermal-endodermal cell signaling | endodermal-mesodermal cell signaling,mesodermal-endodermal cell signaling,Cell Signaling,Cell Signaling
Jonathan Lytton,https://profiles.ucalgary.ca/jonathan-lytton,muscle contraction,muscle contraction,Muscle Contraction,muscle contraction,MTH,C0026820,yes,Muscle Contraction,Muscle Contraction,Muscle Contraction,Muscle Contraction
Jonathan Lytton,https://profiles.ucalgary.ca/jonathan-lytton,such as neurons,such as neurons,,,,,no,such as neurons,such as neurons,Such As Neurons,
Jonathan Lytton,https://profiles.ucalgary.ca/jonathan-lytton,nckx4 member of the family,nckx4 member of the family,family member; absent | Family member identifier,member family,MTH,C2919082 | C3669172,yes,family member; absent | Family member identifier,Family member identifier,Family Member,Family Member
Jonathan Lytton,https://profiles.ucalgary.ca/jonathan-lytton,dental health,dental health,Dental Health Surveys,dental health,MSH,C0011366,yes,Dental Health Surveys,Dental Health Surveys,Dental Health,Dental Health
Jonathan Lytton,https://profiles.ucalgary.ca/jonathan-lytton,feeding behaviour as well as neurodegenerative pathological states,feeding behaviour as well as neurodegenerative pathological states,,,,,no,feeding behaviour as well as neurodegenerative pathological states,feeding behaviour as well as neurodegenerative pathological states,Feeding Behaviour As Well As Neurodegenerative Pathological States,
Jonathan Lytton,https://profiles.ucalgary.ca/jonathan-lytton,physiological techniques,physiological techniques,Physiological Processes | Physiological Stress | Cytological Techniques | Imaging Techniques | Relaxation Techniques,,MTH | MSH,C0031845 | C0449430 | C0010818 | C0079595 | C0035029,yes,Physiological Processes | Physiological Stress | Cytological Techniques | Imaging Techniques | Relaxation Techniques,physiological techniques,Physiological Techniques,Physiological Techniques
Jonathan Lytton,https://profiles.ucalgary.ca/jonathan-lytton,roles in cardiovascular,roles in cardiovascular,"Cardiovascular Diseases | Cardiovascular Agents | Syphilis, Cardiovascular",,MTH | MSH,C0007222 | C0007220 | C0039130,yes,"Cardiovascular Diseases | Cardiovascular Agents | Syphilis, Cardiovascular",roles in cardiovascular,Roles In Cardiovascular,Roles In Cardiovascular
Jonathan Lytton,https://profiles.ucalgary.ca/jonathan-lytton,neuronal biology,neuronal biology,Neuronal Ceroid-Lipofuscinoses | Neuronal heterotopia,,MTH,C0027877 | C0266491,yes,Neuronal Ceroid-Lipofuscinoses | Neuronal heterotopia,neuronal biology,Neuronal Biology,Neuronal Biology
Jonathan Smirl,https://profiles.ucalgary.ca/jonathan-smirl,sport-related concussion,sport-related concussion,OptiFlex Sport | Related (finding) | Age related macular degeneration | AIDS related complex | Procedure-related,sport related | related concussion,MTH,C3871580 | C0445223 | C0242383 | C0001857 | C2924519,yes,OptiFlex Sport | Related (finding) | Age related macular degeneration | AIDS related complex | Procedure-related,sport-related concussion,Sport Related Concussion,Sport Related Concussion
Jos Jan Eggermont,https://profiles.ucalgary.ca/jos-jan-eggermont,hearing and its disorders,hearing and its disorders,Hearing Disorders | Hearing disorders NEC in MedDRA | Hearing Disorders NEC in COSTART | hearing impairment,hearing disorders,MTH,C5848261 | C0949114 | C0549588 | C1384666,yes,Hearing Disorders | Hearing disorders NEC in MedDRA | Hearing Disorders NEC in COSTART | hearing impairment,Hearing Disorders,Hearing Disorders,Hearing Disorders
Jos Jan Eggermont,https://profiles.ucalgary.ca/jos-jan-eggermont,electrophysiology of the auditory system,electrophysiology of the auditory system,"Cardiac electrophysiology study | electrophysiology (procedure) | Auditory recruitment | Hallucinations, Auditory",,MTH | MSH,C5551547 | C1446476 | C0271510 | C0233762,yes,"Cardiac electrophysiology study | electrophysiology (procedure) | Auditory recruitment | Hallucinations, Auditory",electrophysiology of the auditory system,Electrophysiology Of The Auditory System,
Jos Jan Eggermont,https://profiles.ucalgary.ca/jos-jan-eggermont,experience dependent developmental,experience dependent developmental,Experience | Experience (Practice) | Adverse Experience | Dependent Personality Disorder | Developmental Disabilities,dependent developmental,MTH,C0596545 | C0237607 | C5891053 | C0011548 | C0008073,yes,Experience | Experience (Practice) | Adverse Experience | Dependent Personality Disorder | Developmental Disabilities,experience dependent developmental,Experience Dependent Developmental,Experience Dependent Developmental
Jos Jan Eggermont,https://profiles.ucalgary.ca/jos-jan-eggermont,brain oscillations,brain oscillations,Brain Concussion | Brain Injuries | Brain Neoplasms | Brain Diseases | Macrosaccadic oscillations,,MTH | SNOMEDCT_US,C0006107 | C0270611 | C0006118 | C0006111 | C0585556,yes,Brain Concussion | Brain Injuries | Brain Neoplasms | Brain Diseases | Macrosaccadic oscillations,brain oscillations,Brain Oscillations,Brain Oscillations
Jos Jan Eggermont,https://profiles.ucalgary.ca/jos-jan-eggermont,application to auditory-related disorders,application to auditory-related disorders,Application procedure | Therapeutic heat application | Auditory recruitment | Related (finding) | Age related macular degeneration,,MTH,C0185125 | C0150611 | C0271510 | C0445223 | C0242383,yes,Application procedure | Therapeutic heat application | Auditory recruitment | Related (finding) | Age related macular degeneration,application to auditory-related disorders,Application To Auditory Related Disorders,
Jos Jan Eggermont,https://profiles.ucalgary.ca/jos-jan-eggermont,clinical implications,clinical implications,Clinical Trials,,MTH,C0008976,yes,Clinical Trials,clinical implications,Clinical Implications,Clinical Implications
Jos Jan Eggermont,https://profiles.ucalgary.ca/jos-jan-eggermont,predictive coding from cocktail parties to auditory-related disorders,predictive coding from cocktail parties to auditory-related disorders,,,,,no,predictive coding from cocktail parties to auditory-related disorders,predictive coding from cocktail parties to auditory-related disorders,Predictive Coding From Cocktail Parties To Auditory Related Disorders,
Julia Hews-Girard,https://profiles.ucalgary.ca/julia-hews-girard,epidemiology,epidemiology,,epidemiology,,,no,epidemiology,epidemiology,Epidemiology,Epidemiology
Julia Hews-Girard,https://profiles.ucalgary.ca/julia-hews-girard,chronic disease,chronic disease,Chronic disease | Chronic Obstructive Airway Disease | Chronic granulomatous disease | Chronic lung disease,chronic disease,MTH,C0008679 | C0024117 | C0018203 | C0746102,yes,Chronic disease | Chronic Obstructive Airway Disease | Chronic granulomatous disease | Chronic lung disease,Chronic disease,Chronic Disease,Chronic Disease
Julia Hews-Girard,https://profiles.ucalgary.ca/julia-hews-girard,school-based mental health,school-based mental health,Play-based Mental Health Intervention,school-based mental health | school based mental | based mental health | school based,MSH,C5691412,yes,Play-based Mental Health Intervention,school-based mental health,School Based Mental Health,School Based Mental Health
Julia Hews-Girard,https://profiles.ucalgary.ca/julia-hews-girard,health of all women,health of all women,mental health,health all,MTH,C0025353,yes,mental health,health of all women,Health Of All Women,Health Of All Women
Julia Hews-Girard,https://profiles.ucalgary.ca/julia-hews-girard,integrated care models – focusing on integrating mental,integrated care models focusing on integrating mental,Integrated Learning System | Integrated Neuromusculoskeletal Release | Amplitude integrated electroencephalography,care models focusing,MTH | SNOMEDCT_US,C1512807 | C1704538 | C5922046,yes,Integrated Learning System | Integrated Neuromusculoskeletal Release | Amplitude integrated electroencephalography,integrated care models – focusing on integrating mental,Integrated Care Models Focusing On Integrating Mental,
Julia Hews-Girard,https://profiles.ucalgary.ca/julia-hews-girard,physical health in a sustainable,physical health in a sustainable,Physical health problem | Caregiver physical health status | Neglect of physical health,physical health,SNOMEDCT_US,C1446390 | C0516976 | C0424362,yes,Physical health problem | Caregiver physical health status | Neglect of physical health,Physical health problem,Physical Health,Physical Health
Julia Hews-Girard,https://profiles.ucalgary.ca/julia-hews-girard,youth-friendly manner –,youth-friendly manner,Medical Team was Friendly and Kind | Office Staff was Friendly and Kind | Manner of death | Friendly environment | Undetermined manner of death,,MTH | SNOMEDCT_US,C4553857 | C4553856 | C3263280 | C0557743 | C0277678,yes,Medical Team was Friendly and Kind | Office Staff was Friendly and Kind | Manner of death | Friendly environment | Undetermined manner of death,youth-friendly manner –,Youth Friendly Manner,Youth Friendly Manner
Julia Hews-Girard,https://profiles.ucalgary.ca/julia-hews-girard,improving transitions between pediatric,improving transitions between pediatric,Improved | Pediatric Obesity | Angina control - improving,transitions pediatric,MTH | SNOMEDCT_US,C0184511 | C2362324 | C0421197,yes,Improved | Pediatric Obesity | Angina control - improving,improving transitions between pediatric,Improving Transitions Between Pediatric,Improving Transitions Between Pediatric
Julia Jacobs-Levan,https://profiles.ucalgary.ca/julia-jacobs-levan,epilepsy,epilepsy,"Epilepsy | Absence Epilepsy | Tonic-Clonic Epilepsy | Epilepsy, Complex Partial",epilepsy,MTH | MSH,C0014544 | C0014553 | C0014549 | C0085417,yes,"Epilepsy | Absence Epilepsy | Tonic-Clonic Epilepsy | Epilepsy, Complex Partial",Epilepsy,Epilepsy,Epilepsy
Julia Jacobs-Levan,https://profiles.ucalgary.ca/julia-jacobs-levan,neuroimaging,neuroimaging,Neuroimaging | Functional Neuroimaging,neuroimaging,MTH | MSH,C0679575 | C3178877,yes,Neuroimaging | Functional Neuroimaging,Neuroimaging,Neuroimaging,Neuroimaging
Julia Jacobs-Levan,https://profiles.ucalgary.ca/julia-jacobs-levan,improving outcome and,improving outcome and,Improved | Pregnancy Outcome | Disease Outcome | Angina control - improving,,MTH | SNOMEDCT_US,C0184511 | C0032972 | C0679250 | C0421197,yes,Improved | Pregnancy Outcome | Disease Outcome | Angina control - improving,improving outcome and,Improving Outcome,Improving Outcome
Julia Jacobs-Levan,https://profiles.ucalgary.ca/julia-jacobs-levan,functional magnetic resonance imaging,functional magnetic resonance imaging,Blood Oxygen Level Dependent Functional Magnetic Resonance Imaging | Magnetic Resonance Imaging | Multiparametric Magnetic Resonance Imaging | Diffusion Magnetic Resonance Imaging | MRI of brain with functional imaging,functional magnetic resonance imaging | functional magnetic resonance | magnetic resonance imaging | functional magnetic,MTH | SNOMEDCT_US,C1705491 | C0024485 | C3898221 | C1136216 | C0412677,yes,Blood Oxygen Level Dependent Functional Magnetic Resonance Imaging | Magnetic Resonance Imaging | Multiparametric Magnetic Resonance Imaging | Diffusion Magnetic Resonance Imaging | MRI of brain with functional imaging,Magnetic Resonance Imaging,Magnetic Resonance Imaging,Magnetic Resonance Imaging
Julia Jacobs-Levan,https://profiles.ucalgary.ca/julia-jacobs-levan,outcome prediction in children with rare,outcome prediction in children with rare,Pregnancy Outcome | Disease Outcome | Ovulation Prediction | Prediction Algorithms | Drug Target Prediction,,MTH | MSH,C0032972 | C0679250 | C0920722 | C5940550 | C5200697,yes,Pregnancy Outcome | Disease Outcome | Ovulation Prediction | Prediction Algorithms | Drug Target Prediction,outcome prediction in children with rare,Outcome Prediction In Children With Rare,
Julia Jacobs-Levan,https://profiles.ucalgary.ca/julia-jacobs-levan,difficult to treat epilepsy,difficult to treat epilepsy,Difficult (qualifier value) | Difficult tracheal intubation (finding) | Epilepsy | Absence Epilepsy | Tonic-Clonic Epilepsy,,MTH,C0332218 | C0549401 | C0014544 | C0014553 | C0014549,yes,Difficult (qualifier value) | Difficult tracheal intubation (finding) | Epilepsy | Absence Epilepsy | Tonic-Clonic Epilepsy,difficult to treat epilepsy,Difficult To Treat Epilepsy,Difficult To Treat Epilepsy
Julia Jacobs-Levan,https://profiles.ucalgary.ca/julia-jacobs-levan,improving outcome,improving outcome,Improved | Pregnancy Outcome | Disease Outcome | Angina control - improving,,MTH | SNOMEDCT_US,C0184511 | C0032972 | C0679250 | C0421197,yes,Improved | Pregnancy Outcome | Disease Outcome | Angina control - improving,improving outcome,Improving Outcome,Improving Outcome
Julia Kam,https://profiles.ucalgary.ca/julia-kam,stroke,stroke,Heat Stroke | Ischemic stroke | Hemorrhagic Stroke | Embolic Stroke,stroke,MTH | MSH,C0018843 | C0948008 | C5234922 | C0262469,yes,Heat Stroke | Ischemic stroke | Hemorrhagic Stroke | Embolic Stroke,Heat Stroke,Stroke,Stroke
Julia Kirkham,https://profiles.ucalgary.ca/julia-kirkham,dementia,dementia,"Dementia | Presenile dementia | Senile dementia | Multi-infarct dementia | Dementia, Vascular",dementia,MTH | MSH,C0497327 | C0011265 | C0011268 | C0011263 | C0011269,yes,"Dementia | Presenile dementia | Senile dementia | Multi-infarct dementia | Dementia, Vascular",Dementia,Dementia,Dementia
Julia Kirkham,https://profiles.ucalgary.ca/julia-kirkham,mental healthcare quality,mental healthcare quality,Mental Depression | Mental disorders | Mental Retardation | Mental Orientation | Mental handicap,mental healthcare | healthcare quality,MTH,C0011570 | C0004936 | C0025362 | C0029266 | C1306341,yes,Mental Depression | Mental disorders | Mental Retardation | Mental Orientation | Mental handicap,mental healthcare quality,Mental Healthcare Quality,Mental Healthcare Quality
Julia Kirkham,https://profiles.ucalgary.ca/julia-kirkham,depression,depression,"Mental Depression | Depressive disorder | Reactive depression | Depression, Postpartum",depression,MTH | MSH,C0011570 | C0011581 | C0011579 | C0221074,yes,"Mental Depression | Depressive disorder | Reactive depression | Depression, Postpartum",Mental Depression,Mental Depression,Mental Depression
Julia Kirkham,https://profiles.ucalgary.ca/julia-kirkham,quality improvement in geriatric mental health including examining,quality improvement in geriatric mental health including examining,,,,,no,quality improvement in geriatric mental health including examining,quality improvement in geriatric mental health including examining,Quality Improvement In Geriatric Mental Health Including Examining,
Julia Kirkham,https://profiles.ucalgary.ca/julia-kirkham,improving access to healthcare,improving access to healthcare,Access to review healthcare data | Able to access healthcare services,access healthcare,MTH | SNOMEDCT_US,C5575314 | C4759353,yes,Access to review healthcare data | Able to access healthcare services,Access to review healthcare data,Access To Healthcare,Access To Healthcare
Julia Kirkham,https://profiles.ucalgary.ca/julia-kirkham,mental healthcare,mental healthcare,Mental Depression | Mental disorders | Mental Retardation | Mental Orientation | Mental handicap,mental healthcare,MTH,C0011570 | C0004936 | C0025362 | C0029266 | C1306341,yes,Mental Depression | Mental disorders | Mental Retardation | Mental Orientation | Mental handicap,mental healthcare,Mental Healthcare,Mental Healthcare
Jun Yan,https://profiles.ucalgary.ca/jun-yan,sound-guided neural plasticity for auditory learning,sound-guided neural plasticity for auditory learning,,,,,no,sound-guided neural plasticity for auditory learning,sound-guided neural plasticity for auditory learning,Sound Guided Neural Plasticity For Auditory Learning,
Jun Yan,https://profiles.ucalgary.ca/jun-yan,pharmacological approaches,pharmacological approaches,Nutritional approaches | Pharmacological stimulation,,MTH | SNOMEDCT_US,C1718142 | C0441694,yes,Nutritional approaches | Pharmacological stimulation,pharmacological approaches,Pharmacological Approaches,Pharmacological Approaches
Justyna Sarna,https://profiles.ucalgary.ca/justyna-sarna,movement disorders,movement disorders,"Movement Disorders | Extrapyramidal and movement disorders | Stereotypic Movement Disorder | Movement Disorders, Rhythmic Nocturnal",movement disorders,MTH | MSH,C0026650 | C0477355 | C0038273 | C0752298,yes,"Movement Disorders | Extrapyramidal and movement disorders | Stereotypic Movement Disorder | Movement Disorders, Rhythmic Nocturnal",Movement Disorders,Movement Disorders,Movement Disorders
Justyna Sarna,https://profiles.ucalgary.ca/justyna-sarna,s disease,s disease,Hemoglobin SC Disease | Hemoglobin SE disease | Protein S Deficiency,s disease,MTH | MSH,C0019034 | C1112747 | C0242666,yes,Hemoglobin SC Disease | Hemoglobin SE disease | Protein S Deficiency,s disease,S Disease,S Disease
Justyna Sarna,https://profiles.ucalgary.ca/justyna-sarna,all aspects of parkinson’s disease,all aspects of parkinson s disease,"Parkinson Disease | Parkinson Disease, Mitochondrial | Alzheimer's Disease | Parkinson Disease, Postencephalitic",,MTH | MSH,C0030567 | C1838867 | C0002395 | C0030568,yes,"Parkinson Disease | Parkinson Disease, Mitochondrial | Alzheimer's Disease | Parkinson Disease, Postencephalitic",Parkinson Disease,Parkinson Disease,Parkinson Disease
Justyna Sarna,https://profiles.ucalgary.ca/justyna-sarna,parkinson disease,parkinson disease,"Parkinson Disease | Parkinson Disease, Mitochondrial | Parkinson Disease 16 | Parkinson Disease, Postencephalitic",parkinson disease,MTH | MSH,C0030567 | C1838867 | C2751012 | C0030568,yes,"Parkinson Disease | Parkinson Disease, Mitochondrial | Parkinson Disease 16 | Parkinson Disease, Postencephalitic",Parkinson Disease,Parkinson Disease,Parkinson Disease
Kamala Devi Patel,https://profiles.ucalgary.ca/kamala-devi-patel,stroke,stroke,Heat Stroke | Ischemic stroke | Hemorrhagic Stroke | Embolic Stroke,stroke,MTH | MSH,C0018843 | C0948008 | C5234922 | C0262469,yes,Heat Stroke | Ischemic stroke | Hemorrhagic Stroke | Embolic Stroke,Heat Stroke,Stroke,Stroke
Kamala Devi Patel,https://profiles.ucalgary.ca/kamala-devi-patel,"leukocyte trafficking, inflammation",leukocyte trafficking inflammation,Leukocyte Elastase | Vesicle-Trafficking Protein SEC22b | Inflammation | Ear Inflammation | Bubo Inflammation,,MTH,C0064833 | C3537287 | C0021368 | C0029877 | C0221382,yes,Leukocyte Elastase | Vesicle-Trafficking Protein SEC22b | Inflammation | Ear Inflammation | Bubo Inflammation,"leukocyte trafficking, inflammation",Leukocyte Trafficking Inflammation,Leukocyte Trafficking Inflammation
Kamala Devi Patel,https://profiles.ucalgary.ca/kamala-devi-patel,inflammation,inflammation,Inflammation | Ear Inflammation | Bubo Inflammation | Gummatous inflammation | Eosinophilic inflammation,inflammation,MTH | SNOMEDCT_US,C0021368 | C0029877 | C0221382 | C0333422 | C3687252,yes,Inflammation | Ear Inflammation | Bubo Inflammation | Gummatous inflammation | Eosinophilic inflammation,Inflammation,Inflammation,Inflammation
Kara Murias,https://profiles.ucalgary.ca/kara-murias,cognitive development,cognitive development,Cognitive Development,cognitive development,MTH,C0679035,yes,Cognitive Development,Cognitive Development,Cognitive Development,Cognitive Development
Kara Murias,https://profiles.ucalgary.ca/kara-murias,neurodevelopmental disorders,neurodevelopmental disorders,Neurodevelopmental Disorders | Fetal neurodevelopmental disorder,neurodevelopmental disorders,MTH | SNOMEDCT_US,C1535926 | C1285381,yes,Neurodevelopmental Disorders | Fetal neurodevelopmental disorder,Neurodevelopmental Disorders,Neurodevelopmental Disorders,Neurodevelopmental Disorders
Kara Murias,https://profiles.ucalgary.ca/kara-murias,neuroimaging,neuroimaging,Neuroimaging | Functional Neuroimaging,neuroimaging,MTH | MSH,C0679575 | C3178877,yes,Neuroimaging | Functional Neuroimaging,Neuroimaging,Neuroimaging,Neuroimaging
Kara Murias,https://profiles.ucalgary.ca/kara-murias,clinical outcomes,clinical outcomes,Clinical Trials | Nutrition outcomes | Expected outcomes | R-Outcomes | Elimination outcomes,clinical outcomes,MTH,C0008976 | C0518896 | C2963499 | C5445044 | C0518891,yes,Clinical Trials | Nutrition outcomes | Expected outcomes | R-Outcomes | Elimination outcomes,clinical outcomes,Clinical Outcomes,Clinical Outcomes
Kara Murias,https://profiles.ucalgary.ca/kara-murias,attention deficit disorder,attention deficit disorder,Attention Deficit Disorder | Attention deficit hyperactivity disorder | Child attention deficit disorder,attention deficit disorder | attention deficit | deficit disorder,MTH,C0041671 | C1263846 | C0004269,yes,Attention Deficit Disorder | Attention deficit hyperactivity disorder | Child attention deficit disorder,Attention Deficit Disorder,Attention Deficit Disorder,Attention Deficit Disorder
Kara Murias,https://profiles.ucalgary.ca/kara-murias,child development,child development,Child development inventory | Child development status | Child development test,child development,MTH | SNOMEDCT_US,C3484121 | C0586039 | C0431026,yes,Child development inventory | Child development status | Child development test,Child development test,Child Development,Child Development
Kara Murias,https://profiles.ucalgary.ca/kara-murias,behavioural outcomes of children with developmental,behavioural outcomes of children with developmental,Behavior Therapy | Problem Behavior | Nutrition outcomes | Expected outcomes | R-Outcomes,behavioural outcomes,MTH,C0004933 | C5886745 | C0518896 | C2963499 | C5445044,yes,Behavior Therapy | Problem Behavior | Nutrition outcomes | Expected outcomes | R-Outcomes,behavioural outcomes of children with developmental,Behavioural Outcomes Of Children With Developmental,
Kara Murias,https://profiles.ucalgary.ca/kara-murias,neurological conditions,neurological conditions,Neurodegenerative Disorders,neurological conditions,MTH,C0524851,yes,Neurodegenerative Disorders,neurological conditions,Neurological Conditions,Neurological Conditions
Karl Klein,https://profiles.ucalgary.ca/karl-klein,genetics of epilepsy,genetics of epilepsy,Genetic generalized epilepsy,genetics of epilepsy | genetics epilepsy,SNOMEDCT_US,C5816885,yes,Genetic generalized epilepsy,Genetic generalized epilepsy,Genetic Epilepsy,Genetic Epilepsy
Karl Klein,https://profiles.ucalgary.ca/karl-klein,precision medicine in epilepsy,precision medicine in epilepsy,Precision Medicine,precision medicine,MSH,C2718059,yes,Precision Medicine,Precision Medicine,Precision Medicine,Precision Medicine
Karl Klein,https://profiles.ucalgary.ca/karl-klein,brain somatic variatis causing epilepsy,brain somatic variatis causing epilepsy,"Brain Concussion | Brain Injuries | Brain Neoplasms | Brain Diseases | Hallucinations, Somatic",,MTH | MSH,C0006107 | C0270611 | C0006118 | C0006111 | C0233774,yes,"Brain Concussion | Brain Injuries | Brain Neoplasms | Brain Diseases | Hallucinations, Somatic",brain somatic variatis causing epilepsy,Brain Somatic Variatis Causing Epilepsy,
Karl Klein,https://profiles.ucalgary.ca/karl-klein,stroke,stroke,Heat Stroke | Ischemic stroke | Hemorrhagic Stroke | Embolic Stroke,stroke,MTH | MSH,C0018843 | C0948008 | C5234922 | C0262469,yes,Heat Stroke | Ischemic stroke | Hemorrhagic Stroke | Embolic Stroke,Heat Stroke,Stroke,Stroke
Karl Klein,https://profiles.ucalgary.ca/karl-klein,epilepsy genetics,epilepsy genetics,Genetic generalized epilepsy,epilepsy genetics,SNOMEDCT_US,C5816885,yes,Genetic generalized epilepsy,Genetic generalized epilepsy,Genetic Epilepsy,Genetic Epilepsy
Karl Klein,https://profiles.ucalgary.ca/karl-klein,multiplex families with epilepsy as well as adult,multiplex families with epilepsy as well as adult,Steatocystoma multiplex | Dysostosis multiplex | Arthrogryposis multiplex congenita | Epilepsy | Absence Epilepsy,,MTH,C0259771 | C5848292 | C5779613 | C0014544 | C0014553,yes,Steatocystoma multiplex | Dysostosis multiplex | Arthrogryposis multiplex congenita | Epilepsy | Absence Epilepsy,multiplex families with epilepsy as well as adult,Multiplex Families With Epilepsy As Well As Adult,
Karl Klein,https://profiles.ucalgary.ca/karl-klein,pediatric patients with epileptic encephalopathies,pediatric patients with epileptic encephalopathies,Epileptic encephalopathy | Pediatric Obesity | Number of patients | Epileptic aura | Epileptic Seizures,pediatric patients,SNOMEDCT_US | MTH,C0543888 | C2362324 | C2360800 | C0234542 | C4317109,yes,Epileptic encephalopathy | Pediatric Obesity | Number of patients | Epileptic aura | Epileptic Seizures,pediatric patients with epileptic encephalopathies,Pediatric Patients With Epileptic Encephalopathies,
Karolina Skibicka,https://profiles.ucalgary.ca/karolina-sundin,gut-brain communication,gut-brain communication,Brain Concussion | Brain Injuries | Brain Neoplasms | Brain Diseases | Communication impairment,gut brain | brain communication,MTH,C0006107 | C0270611 | C0006118 | C0006111 | C0009460,yes,Brain Concussion | Brain Injuries | Brain Neoplasms | Brain Diseases | Communication impairment,gut-brain communication,Gut Brain Communication,Gut Brain Communication
Karolina Skibicka,https://profiles.ucalgary.ca/karolina-sundin,behavioral neuroscience,behavioral neuroscience,Behavioral tic | Behavioral Symptoms,,MTH,C0278076 | C0004941,yes,Behavioral tic | Behavioral Symptoms,behavioral neuroscience,Behavioral Neuroscience,Behavioral Neuroscience
Kartikeya Murari,https://profiles.ucalgary.ca/kartikeya-murari,optical instrumentation,optical instrumentation,"Optical Tweezers | Optical Illusions | Tomography, Optical | Spinal instrumentation",optical instrumentation,MTH | MSH | SNOMEDCT_US,C1883721 | C0029139 | C1257736 | C0356967,yes,"Optical Tweezers | Optical Illusions | Tomography, Optical | Spinal instrumentation",optical instrumentation,Optical Instrumentation,Optical Instrumentation
Kartikeya Murari,https://profiles.ucalgary.ca/kartikeya-murari,biomedical research,biomedical research,"Translational Research, Biomedical | Biomedical Research",biomedical research,MTH | MSH,C1519620 | C0005540,yes,"Translational Research, Biomedical | Biomedical Research",Biomedical Research,Biomedical Research,Biomedical Research
Kartikeya Murari,https://profiles.ucalgary.ca/kartikeya-murari,optical tools,optical tools,"Optical Tweezers | Optical Illusions | Tomography, Optical | Software Tools",,MTH | MSH,C1883721 | C0029139 | C1257736 | C0037589,yes,"Optical Tweezers | Optical Illusions | Tomography, Optical | Software Tools",optical tools,Optical Tools,Optical Tools
Katayoun Alikhani,https://profiles.ucalgary.ca/katayoun-alikhani,multiple sclerosis,multiple sclerosis,"Multiple Sclerosis | Multiple Sclerosis, Chronic Progressive | Malignant multiple sclerosis | Benign multiple sclerosis",multiple sclerosis,MTH | MSH | SNOMEDCT_US,C0026769 | C0393665 | C2586221 | C2585570,yes,"Multiple Sclerosis | Multiple Sclerosis, Chronic Progressive | Malignant multiple sclerosis | Benign multiple sclerosis",Multiple Sclerosis,Multiple Sclerosis,Multiple Sclerosis
Katherine Bright,https://profiles.ucalgary.ca/katherine-bright,mental health,mental health,mental health | Mental health treatment,mental health,MTH | SNOMEDCT_US,C0025353 | C0184647,yes,mental health | Mental health treatment,mental health,Mental Health,Mental Health
Katherine Bright,https://profiles.ucalgary.ca/katherine-bright,health systems,health systems,Health Systems Plans | Health Information Systems,health systems,MTH | MSH,C0018764 | C0679918,yes,Health Systems Plans | Health Information Systems,Health Systems Plans,Health Systems,Health Systems
Katherine Bright,https://profiles.ucalgary.ca/katherine-bright,mental health across different stages of life,mental health across different stages of life,mental health,,MTH,C0025353,yes,mental health,mental health,Mental Health,Mental Health
Katherine Bright,https://profiles.ucalgary.ca/katherine-bright,emerging trauma therapy including multi-modal,emerging trauma therapy including multi-modal,,,,,no,emerging trauma therapy including multi-modal,emerging trauma therapy including multi-modal,Emerging Trauma Therapy Including Multi Modal,
Katherine Rittenbach,https://profiles.ucalgary.ca/katherine-rittenbach,health systems,health systems,Health Systems Plans | Health Information Systems,health systems,MTH | MSH,C0018764 | C0679918,yes,Health Systems Plans | Health Information Systems,Health Systems Plans,Health Systems,Health Systems
Katherine Rittenbach,https://profiles.ucalgary.ca/katherine-rittenbach,depression,depression,"Mental Depression | Depressive disorder | Reactive depression | Depression, Postpartum",depression,MTH | MSH,C0011570 | C0011581 | C0011579 | C0221074,yes,"Mental Depression | Depressive disorder | Reactive depression | Depression, Postpartum",Mental Depression,Mental Depression,Mental Depression
Katherine Rittenbach,https://profiles.ucalgary.ca/katherine-rittenbach,neurochemicals and brain function in psychiatry,neurochemicals and brain function in psychiatry,"Brain Concussion | Brain Injuries | Brain Neoplasms | Brain Diseases | Thinking, function",,MTH,C0006107 | C0270611 | C0006118 | C0006111 | C0039869,yes,"Brain Concussion | Brain Injuries | Brain Neoplasms | Brain Diseases | Thinking, function",neurochemicals and brain function in psychiatry,Neurochemicals And Brain Function In Psychiatry,
Katherine Rittenbach,https://profiles.ucalgary.ca/katherine-rittenbach,administrative data research in mental health,administrative data research in mental health,Administrative | Administrative information | research | Research Design | Nursing Research,,MTH | MSH,C3845829 | C1301834 | C0035168 | C0035171 | C0028695,yes,Administrative | Administrative information | research | Research Design | Nursing Research,administrative data research in mental health,Administrative Data Research In Mental Health,
Katherine Rittenbach,https://profiles.ucalgary.ca/katherine-rittenbach,i moved into clinical research,i moved into clinical research,Component moved elsewhere (foundation metadata concept) | Clinical Trials,,MTH,C3542954 | C0008976,yes,Component moved elsewhere (foundation metadata concept) | Clinical Trials,i moved into clinical research,I Moved Into Clinical Research,
Katherine Rittenbach,https://profiles.ucalgary.ca/katherine-rittenbach,managing multiple national health canada approved double-blind,managing multiple national health canada approved double-blind,,,,,no,managing multiple national health canada approved double-blind,managing multiple national health canada approved double-blind,Managing Multiple National Health Canada Approved Double Blind,
Katherine Rittenbach,https://profiles.ucalgary.ca/katherine-rittenbach,randomized clinical studies,randomized clinical studies,"Randomized Controlled Clinical Trial (study) | Clinical Trials, Randomized | Randomized clinical drug trial",randomized clinical studies | randomized clinical,MTH | MSH | SNOMEDCT_US,C0206035 | C0206034 | C5548277,yes,"Randomized Controlled Clinical Trial (study) | Clinical Trials, Randomized | Randomized clinical drug trial",Randomized clinical drug trial,Randomized Clinical,Randomized Clinical
Katherine Rittenbach,https://profiles.ucalgary.ca/katherine-rittenbach,outcomes from the system,outcomes from the system,Nutrition outcomes | Expected outcomes | R-Outcomes | Elimination outcomes | Outcomes Research,,MTH | MSH,C0518896 | C2963499 | C5445044 | C0518891 | C0086750,yes,Nutrition outcomes | Expected outcomes | R-Outcomes | Elimination outcomes | Outcomes Research,outcomes from the system,Outcomes From The System,Outcomes From The System
Katherine Rittenbach,https://profiles.ucalgary.ca/katherine-rittenbach,health services research,health services research,Health Services Research | Health Services Accessibility,health services research | health services | services research,MTH,C0018757 | C0018748,yes,Health Services Research | Health Services Accessibility,Health Services Research,Health Services Research,Health Services Research
Katherine Wynne-Edwards,https://profiles.ucalgary.ca/katherine-wynne-edwards,chronic disease,chronic disease,Chronic disease | Chronic Obstructive Airway Disease | Chronic granulomatous disease | Chronic lung disease,chronic disease,MTH,C0008679 | C0024117 | C0018203 | C0746102,yes,Chronic disease | Chronic Obstructive Airway Disease | Chronic granulomatous disease | Chronic lung disease,Chronic disease,Chronic Disease,Chronic Disease
Katherine Wynne-Edwards,https://profiles.ucalgary.ca/katherine-wynne-edwards,experimental medicine,experimental medicine,Experimental Medicine,experimental medicine,MSH,C0260205,yes,Experimental Medicine,Experimental Medicine,Experimental Medicine,Experimental Medicine
Katherine Wynne-Edwards,https://profiles.ucalgary.ca/katherine-wynne-edwards,marcello tonelli,marcello tonelli,,,,,no,marcello tonelli,marcello tonelli,Marcello Tonelli,Marcello Tonelli
Katherine Wynne-Edwards,https://profiles.ucalgary.ca/katherine-wynne-edwards,lawrence wawrzyniec korngut,lawrence wawrzyniec korngut,,,,,no,lawrence wawrzyniec korngut,lawrence wawrzyniec korngut,Lawrence Wawrzyniec Korngut,
Kathleen Chaput,https://profiles.ucalgary.ca/kathleen-chaput,maternal and infant mental health and wellbeing,maternal and infant mental health and wellbeing,"Maternal | Maternal hypertension | Phenylketonuria, Maternal | Premature infant | Floppy infant syndrome",,MTH,C1858460 | C0565599 | C0085547 | C0021294 | C0270971,yes,"Maternal | Maternal hypertension | Phenylketonuria, Maternal | Premature infant | Floppy infant syndrome",maternal and infant mental health and wellbeing,Maternal And Infant Mental Health And Wellbeing,
Kathleen Chaput,https://profiles.ucalgary.ca/kathleen-chaput,maternal perinatal mental health,maternal perinatal mental health,Maternal perinatal epistaxis | Maternal perinatal purpura | Maternal perinatal infection | Maternal death - perinatal,perinatal mental health | maternal perinatal,SNOMEDCT_US,C5685960 | C5685959 | C5685961 | C0565607,yes,Maternal perinatal epistaxis | Maternal perinatal purpura | Maternal perinatal infection | Maternal death - perinatal,Maternal perinatal epistaxis,Maternal Perinatal,Maternal Perinatal
Kathleen Chaput,https://profiles.ucalgary.ca/kathleen-chaput,infant neurodevelopment,infant neurodevelopment,Premature infant | Floppy infant syndrome | Neurodevelopmental Disorders | Infant Gynecomastia | Neurodevelopmental techniques,,MTH | MSH | SNOMEDCT_US,C0021294 | C0270971 | C1535926 | C1449721 | C0556491,yes,Premature infant | Floppy infant syndrome | Neurodevelopmental Disorders | Infant Gynecomastia | Neurodevelopmental techniques,infant neurodevelopment,Infant Neurodevelopment,Infant Neurodevelopment
Kathleen Chaput,https://profiles.ucalgary.ca/kathleen-chaput,infant mental health,infant mental health,mental health | Mental health treatment,mental health,MTH | SNOMEDCT_US,C0025353 | C0184647,yes,mental health | Mental health treatment,mental health,Mental Health,Mental Health
Kathryn Birnie,https://profiles.ucalgary.ca/kathryn-birnie,health services research,health services research,Health Services Research | Health Services Accessibility,health services research | health services | services research,MTH,C0018757 | C0018748,yes,Health Services Research | Health Services Accessibility,Health Services Research,Health Services Research,Health Services Research
Kathryn Birnie,https://profiles.ucalgary.ca/kathryn-birnie,mental health,mental health,mental health | Mental health treatment,mental health,MTH | SNOMEDCT_US,C0025353 | C0184647,yes,mental health | Mental health treatment,mental health,Mental Health,Mental Health
Kathryn Birnie,https://profiles.ucalgary.ca/kathryn-birnie,pain,pain,Pain | Chest Pain | Back Pain | Low Back Pain | Abdominal Pain,pain,MTH,C0030193 | C0008031 | C0004604 | C0024031 | C0000737,yes,Pain | Chest Pain | Back Pain | Low Back Pain | Abdominal Pain,Pain,Pain,Pain
Kathryn Birnie,https://profiles.ucalgary.ca/kathryn-birnie,psychosocial outcomes,psychosocial outcomes,Psychosocial problem | Nutrition outcomes | Expected outcomes | R-Outcomes | Elimination outcomes,,MTH,C0740697 | C0518896 | C2963499 | C5445044 | C0518891,yes,Psychosocial problem | Nutrition outcomes | Expected outcomes | R-Outcomes | Elimination outcomes,psychosocial outcomes,Psychosocial Outcomes,Psychosocial Outcomes
Kathryn Birnie,https://profiles.ucalgary.ca/kathryn-birnie,health systems,health systems,Health Systems Plans | Health Information Systems,health systems,MTH | MSH,C0018764 | C0679918,yes,Health Systems Plans | Health Information Systems,Health Systems Plans,Health Systems,Health Systems
Kathryn Schneider,https://profiles.ucalgary.ca/kathryn-schneider,cervical spine and balance systems,cervical spine and balance systems,Cervical spine instability | Cervical spine hypermobility | Cervical spine ankylosis,cervical spine | spine balance,MTH | SNOMEDCT_US,C0410652 | C0574967 | C0410583,yes,Cervical spine instability | Cervical spine hypermobility | Cervical spine ankylosis,Cervical spine ankylosis,Cervical Spine,Cervical Spine
Kathryn Schneider,https://profiles.ucalgary.ca/kathryn-schneider,sensory function following a concussion,sensory function following a concussion,Sensory terminal function | Improved sensory function | Sensory function status,sensory function,SNOMEDCT_US,C0234583 | C4273979 | C1320986,yes,Sensory terminal function | Improved sensory function | Sensory function status,Sensory function status,Sensory Function,Sensory Function
Kathryn Schneider,https://profiles.ucalgary.ca/kathryn-schneider,(4) optimizing rehabilitation techniques to enhance recovery,4 optimizing rehabilitation techniques to enhance recovery,,,,,no,4 optimizing rehabilitation techniques to enhance recovery,(4) optimizing rehabilitation techniques to enhance recovery,4 Optimizing Rehabilitation Techniques To Enhance Recovery,
Kathryn Schneider,https://profiles.ucalgary.ca/kathryn-schneider,inform clinical care,inform clinical care,Clinical information | Supporting clinical information | Clinical management information | Clinical Laboratory Information Systems | Clinical Care Classification | Clinical Pharmacy Information Systems | Clinical care not needed | Under care of clinical physiologist,inform clinical | clinical care,MTH | MSH | SNOMEDCT_US,C2708733 | C5889936 | C5890497 | C0008962 | C3251798 | C0079133 | C5699939 | C0583376,yes,Clinical information | Supporting clinical information | Clinical management information | Clinical Laboratory Information Systems | Clinical Care Classification | Clinical Pharmacy Information Systems | Clinical care not needed | Under care of clinical physiologist,Clinical Care Classification,Clinical Care,Clinical Care
Kathryn Schneider,https://profiles.ucalgary.ca/kathryn-schneider,ultimately enabling clinically meaningful questions to be evaluated,ultimately enabling clinically meaningful questions to be evaluated,,,,,no,ultimately enabling clinically meaningful questions to be evaluated,ultimately enabling clinically meaningful questions to be evaluated,Ultimately Enabling Clinically Meaningful Questions To Be Evaluated,
Kathryn Schneider,https://profiles.ucalgary.ca/kathryn-schneider,sport-related concussion,sport-related concussion,OptiFlex Sport | Related (finding) | Age related macular degeneration | AIDS related complex | Procedure-related,sport related | related concussion,MTH,C3871580 | C0445223 | C0242383 | C0001857 | C2924519,yes,OptiFlex Sport | Related (finding) | Age related macular degeneration | AIDS related complex | Procedure-related,sport-related concussion,Sport Related Concussion,Sport Related Concussion
Kathryn Schneider,https://profiles.ucalgary.ca/kathryn-schneider,online concussion course teaches a free,online concussion course teaches a free,Brain Concussion | Post-Concussion Syndrome | Online Systems | Difficulty shopping online | Labyrinthine concussion,,MTH | MSH | SNOMEDCT_US,C0006107 | C0546983 | C0029038 | C5924909 | C0395935,yes,Brain Concussion | Post-Concussion Syndrome | Online Systems | Difficulty shopping online | Labyrinthine concussion,online concussion course teaches a free,Online Concussion Course Teaches A Free,
Kathryn Schneider,https://profiles.ucalgary.ca/kathryn-schneider,manage concussions,manage concussions,"Brain Concussion | Concussion, Severe | Concussion, Intermediate | Does manage time | Does manage steps",,MTH | MSH | SNOMEDCT_US,C0006107 | C0750965 | C0750963 | C0563501 | C0578303,yes,"Brain Concussion | Concussion, Severe | Concussion, Intermediate | Does manage time | Does manage steps",manage concussions,Manage Concussions,Manage Concussions
Kathryn Schneider,https://profiles.ucalgary.ca/kathryn-schneider,migraine,migraine,Migraine Disorders | Common Migraine | Abdominal Migraine | Ophthalmoplegic Migraine | Hemiplegic migraine,migraine,MTH | MSH | SNOMEDCT_US,C0149931 | C0338480 | C0270858 | C0221058 | C0270862,yes,Migraine Disorders | Common Migraine | Abdominal Migraine | Ophthalmoplegic Migraine | Hemiplegic migraine,Migraine Disorders,Migraine Disorders,Migraine Disorders
Kathryn Schneider,https://profiles.ucalgary.ca/kathryn-schneider,pain,pain,Pain | Chest Pain | Back Pain | Low Back Pain | Abdominal Pain,pain,MTH,C0030193 | C0008031 | C0004604 | C0024031 | C0000737,yes,Pain | Chest Pain | Back Pain | Low Back Pain | Abdominal Pain,Pain,Pain,Pain
Kathryn Schneider,https://profiles.ucalgary.ca/kathryn-schneider,physiotherapy within a multidisciplinary,physiotherapy within a multidisciplinary,Physical therapy | Reflux within Device | Multidisciplinary assessment | Physiotherapy of chest | Immobilization physiotherapy,within multidisciplinary,MTH | SNOMEDCT_US,C0949766 | C1882919 | C0729737 | C0199467 | C0203996,yes,Physical therapy | Reflux within Device | Multidisciplinary assessment | Physiotherapy of chest | Immobilization physiotherapy,physiotherapy within a multidisciplinary,Physiotherapy Within A Multidisciplinary,Physiotherapy Within A Multidisciplinary
Keith Alexander Sharkey,https://profiles.ucalgary.ca/keith-alexander-sharkey,enteric nervous system,enteric nervous system,nervous system disorder | Enteric campylobacteriosis | Enteric coccidiosis | Feeling nervous | Nervous breakdown,enteric nervous system | enteric nervous,MTH,C0027765 | C0275982 | C1299919 | C0849963 | C0221508,yes,nervous system disorder | Enteric campylobacteriosis | Enteric coccidiosis | Feeling nervous | Nervous breakdown,nervous system disorder,Nervous System,Nervous System
Keith Alexander Sharkey,https://profiles.ucalgary.ca/keith-alexander-sharkey,gut-brain axis,gut-brain axis,Brain Concussion | Brain Injuries | Brain Neoplasms | Brain Diseases,gut-brain axis | gut brain axis | gut brain | brain axis,MTH,C0006107 | C0270611 | C0006118 | C0006111,yes,Brain Concussion | Brain Injuries | Brain Neoplasms | Brain Diseases,gut-brain axis,Gut Brain Axis,Gut Brain Axis
Keith Alexander Sharkey,https://profiles.ucalgary.ca/keith-alexander-sharkey,brain-gut interactions in health,brain-gut interactions in health,Brain Concussion | Brain Injuries | Brain Neoplasms | Brain Diseases | Drug Interactions,brain gut,MTH,C0006107 | C0270611 | C0006118 | C0006111 | C0687133,yes,Brain Concussion | Brain Injuries | Brain Neoplasms | Brain Diseases | Drug Interactions,brain-gut interactions in health,Brain Gut Interactions In Health,
Keith Alexander Sharkey,https://profiles.ucalgary.ca/keith-alexander-sharkey,inflammatory bowel disease,inflammatory bowel disease,Inflammatory Bowel Diseases | Inflammatory bowel disease drug | INFLAMMATORY BOWEL DISEASE 9 | INFLAMMATORY BOWEL DISEASE 5 | INFLAMMATORY BOWEL DISEASE 7,inflammatory bowel disease | inflammatory bowel | bowel disease,MTH,C0021390 | C0592458 | C1838019 | C1853438 | C1854573,yes,Inflammatory Bowel Diseases | Inflammatory bowel disease drug | INFLAMMATORY BOWEL DISEASE 9 | INFLAMMATORY BOWEL DISEASE 5 | INFLAMMATORY BOWEL DISEASE 7,Inflammatory Bowel Diseases,Inflammatory Bowel Diseases,Inflammatory Bowel Diseases
Keith Alexander Sharkey,https://profiles.ucalgary.ca/keith-alexander-sharkey,intestinal barrier function in health,intestinal barrier function in health,"Intestinal (intended site) | Intestinal Obstruction | Intestinal Diseases | Thinking, function | Intestinal Volvulus",intestinal barrier function | intestinal barrier,MTH | MSH,C5702674 | C0021843 | C0021831 | C0039869 | C0042961,yes,"Intestinal (intended site) | Intestinal Obstruction | Intestinal Diseases | Thinking, function | Intestinal Volvulus",intestinal barrier function in health,Intestinal Barrier Function In Health,
Keith Alexander Sharkey,https://profiles.ucalgary.ca/keith-alexander-sharkey,but their physiology remains to be fully determined,but their physiology remains to be fully determined,physiological aspects | Cell physiology | Respiratory physiology | Fully conscious | Bowels: fully continent (finding),,MTH,C0031843 | C0007613 | C0035245 | C0424523 | C0429956,yes,physiological aspects | Cell physiology | Respiratory physiology | Fully conscious | Bowels: fully continent (finding),but their physiology remains to be fully determined,Physiology Remains To Be Fully Determined,
Keith Alexander Sharkey,https://profiles.ucalgary.ca/keith-alexander-sharkey,enteroendocrine cells,enteroendocrine cells,,enteroendocrine cells,,,no,enteroendocrine cells,enteroendocrine cells,Enteroendocrine Cells,Enteroendocrine Cells
Keith Alexander Sharkey,https://profiles.ucalgary.ca/keith-alexander-sharkey,molecular genetics,molecular genetics,Molecular genetics procedure,molecular genetics,MTH,C1272249,yes,Molecular genetics procedure,Molecular genetics procedure,Molecular Genetics,Molecular Genetics
Keith Alexander Sharkey,https://profiles.ucalgary.ca/keith-alexander-sharkey,link between gut bacteria,link between gut bacteria,,,,,no,link between gut bacteria,link between gut bacteria,Link Between Gut Bacteria,
Keith Alexander Sharkey,https://profiles.ucalgary.ca/keith-alexander-sharkey,glymphatics in neurodegeneration (also with g,glymphatics in neurodegeneration also with g,Autosomal dominant striatal neurodegeneration | TDP-43-Mediated Neurodegeneration,,MTH | MSH,C4511004 | C6016566,yes,Autosomal dominant striatal neurodegeneration | TDP-43-Mediated Neurodegeneration,glymphatics in neurodegeneration (also with g,Glymphatics In Neurodegeneration Also With G,
Keith Alexander Sharkey,https://profiles.ucalgary.ca/keith-alexander-sharkey,elinav) (brain canada-weizmann institute team grant),elinav brain canada-weizmann institute team grant,,,,,no,elinav brain canada-weizmann institute team grant,elinav) (brain canada-weizmann institute team grant),Elinav Brain Canada Weizmann Institute Team Grant,
Keith Alexander Sharkey,https://profiles.ucalgary.ca/keith-alexander-sharkey,endocannabinoid system of the gut brain axis,endocannabinoid system of the gut brain axis,Brain Concussion | Brain Injuries | Brain Neoplasms | Brain Diseases | Endocannabinoids,gut brain axis | gut brain | brain axis,MTH | MSH,C0006107 | C0270611 | C0006118 | C0006111 | C1172779,yes,Brain Concussion | Brain Injuries | Brain Neoplasms | Brain Diseases | Endocannabinoids,endocannabinoid system of the gut brain axis,Endocannabinoid System Of The Gut Brain Axis,
Keith Alexander Sharkey,https://profiles.ucalgary.ca/keith-alexander-sharkey,enteric nervous system in gi pathophysiology,enteric nervous system in gi pathophysiology,nervous system disorder | Enteric campylobacteriosis | Enteric coccidiosis | Feeling nervous | Nervous breakdown,enteric nervous,MTH,C0027765 | C0275982 | C1299919 | C0849963 | C0221508,yes,nervous system disorder | Enteric campylobacteriosis | Enteric coccidiosis | Feeling nervous | Nervous breakdown,nervous system disorder,Nervous System,Nervous System
Keith Stephen Dobson,https://profiles.ucalgary.ca/keith-stephen-dobson,cognitive behavioral therapy,cognitive behavioral therapy,Cognitive behavioral language therapy | Generic cognitive behavioral therapy | Computerized cognitive behavioral therapy | Cognitive behavioral therapy for psychosis,cognitive behavioral therapy | cognitive behavioral | behavioral therapy,SNOMEDCT_US,C0589193 | C0579049 | C1998288 | C4273841,yes,Cognitive behavioral language therapy | Generic cognitive behavioral therapy | Computerized cognitive behavioral therapy | Cognitive behavioral therapy for psychosis,Generic cognitive behavioral therapy,Cognitive Behavioral Therapy,Cognitive Behavioral Therapy
Keith Stephen Dobson,https://profiles.ucalgary.ca/keith-stephen-dobson,depression,depression,"Mental Depression | Depressive disorder | Reactive depression | Depression, Postpartum",depression,MTH | MSH,C0011570 | C0011581 | C0011579 | C0221074,yes,"Mental Depression | Depressive disorder | Reactive depression | Depression, Postpartum",Mental Depression,Mental Depression,Mental Depression
Keith Yeates,https://profiles.ucalgary.ca/keith-yeates,mild traumatic brain injury (tbi),mild traumatic brain injury tbi,Mild Traumatic Brain Injury | Traumatic Brain Injury | Traumatic AND/OR non-traumatic brain injury | History of traumatic brain injury (situation),mild traumatic brain | traumatic brain injury | brain injury tbi,MTH,C3508472 | C0876926 | C1456496 | C5942876,yes,Mild Traumatic Brain Injury | Traumatic Brain Injury | Traumatic AND/OR non-traumatic brain injury | History of traumatic brain injury (situation),Mild Traumatic Brain Injury,Mild Traumatic Brain Injury,Mild Traumatic Brain Injury
Keith Yeates,https://profiles.ucalgary.ca/keith-yeates,childhood brain injury,childhood brain injury,"Childhood Brain Neoplasm | Childhood Brain Glioblastoma | Childhood Brain Meningioma | Childhood Brain Oligodendroglioma | Childhood Brain Stem Glioma | Brain Injuries | Traumatic Brain Injury | Brain Injury, Chronic",childhood brain | brain injury,MTH | MSH,C0220603 | C4554065 | C1332949 | C3899674 | C0278600 | C0270611 | C0876926 | C0751813,yes,"Childhood Brain Neoplasm | Childhood Brain Glioblastoma | Childhood Brain Meningioma | Childhood Brain Oligodendroglioma | Childhood Brain Stem Glioma | Brain Injuries | Traumatic Brain Injury | Brain Injury, Chronic",Childhood Brain Meningioma,Childhood Brain,Childhood Brain
Kelly Dean Schwartz,https://profiles.ucalgary.ca/kelly-dean-schwartz,family systems,family systems,Family psychotherapy,family systems,MTH,C0015618,yes,Family psychotherapy,family systems,Family Systems,Family Systems
Kelly Dean Schwartz,https://profiles.ucalgary.ca/kelly-dean-schwartz,positive youth development,positive youth development,Positive | False Positive | Pervasive Development Disorder | Psychosexual Development | Positive Reinforcement,,MTH | MSH,C1446409 | C0205557 | C0524528 | C0033944 | C0032741,yes,Positive | False Positive | Pervasive Development Disorder | Psychosexual Development | Positive Reinforcement,positive youth development,Positive Youth Development,Positive Youth Development
Kelly Dean Schwartz,https://profiles.ucalgary.ca/kelly-dean-schwartz,adolescent development,adolescent development,Adolescent Development | Impairment of adolescent development | Adolescent behavior alteration,adolescent development,MSH | SNOMEDCT_US,C0870101 | C2364156 | C1171153,yes,Adolescent Development | Impairment of adolescent development | Adolescent behavior alteration,Adolescent Development,Adolescent Development,Adolescent Development
Kelly Dean Schwartz,https://profiles.ucalgary.ca/kelly-dean-schwartz,child development,child development,Child development inventory | Motor development - child,child development,MTH | SNOMEDCT_US,C3484121 | C0554824,yes,Child development inventory | Motor development - child,Child development inventory,Child Development,Child Development
Kelly Dean Schwartz,https://profiles.ucalgary.ca/kelly-dean-schwartz,international child development,international child development,Child development inventory | Motor development - child,international child | child development,MTH | SNOMEDCT_US,C3484121 | C0554824,yes,Child development inventory | Motor development - child,Child development inventory,Child Development,Child Development
Kelly Dean Schwartz,https://profiles.ucalgary.ca/kelly-dean-schwartz,international community development,international community development,Community health development,international community | community development,SNOMEDCT_US,C0812190,yes,Community health development,Community health development,Community Health Development,Community Health Development
Kelly Dean Schwartz,https://profiles.ucalgary.ca/kelly-dean-schwartz,family psychology,family psychology,"Family psychotherapy | Denial (Psychology) | Repression, Psychology",,MTH | MSH,C0015618 | C0011317 | C0035143,yes,"Family psychotherapy | Denial (Psychology) | Repression, Psychology",family psychology,Family Psychology,Family Psychology
Kelly Dean Schwartz,https://profiles.ucalgary.ca/kelly-dean-schwartz,social development,social development,Child examination: social development,social development,SNOMEDCT_US,C0419667,yes,Child examination: social development,Child examination: social development,Child Examination Social Development,Child Examination Social Development
Kelly Dean Schwartz,https://profiles.ucalgary.ca/kelly-dean-schwartz,media studies and literacy,media studies and literacy,Otitis Media | Health Literacy | Computer Literacy | Literacy problems,,MTH | MSH | SNOMEDCT_US,C0029882 | C2362527 | C0009603 | C0424928,yes,Otitis Media | Health Literacy | Computer Literacy | Literacy problems,media studies and literacy,Media Studies And Literacy,Media Studies And Literacy
Kelly Dean Schwartz,https://profiles.ucalgary.ca/kelly-dean-schwartz,school-based mental health,school-based mental health,Play-based Mental Health Intervention,school-based mental health | school based mental | based mental health | school based,MSH,C5691412,yes,Play-based Mental Health Intervention,school-based mental health,School Based Mental Health,School Based Mental Health
Kelly Dean Schwartz,https://profiles.ucalgary.ca/kelly-dean-schwartz,child and family stress,child and family stress,Down's child in family | Child abuse in family | Vulnerable child in family | Child in family care - finding | Stress due to family tension,child family | family stress,MTH | SNOMEDCT_US,C0425061 | C0424974 | C0585081 | C0556259 | C4076073,yes,Down's child in family | Child abuse in family | Vulnerable child in family | Child in family care - finding | Stress due to family tension,Child abuse in family,Child In Family,Child In Family
Kelly Dean Schwartz,https://profiles.ucalgary.ca/kelly-dean-schwartz,youth mental health,youth mental health,mental health | Mental health treatment,mental health,MTH | SNOMEDCT_US,C0025353 | C0184647,yes,mental health | Mental health treatment,mental health,Mental Health,Mental Health
Kelly Dean Schwartz,https://profiles.ucalgary.ca/kelly-dean-schwartz,developmental assets,developmental assets,"Developmental Disabilities | Developmental delay | Reading Disorder, Developmental | Developmental Coordination Disorder",,MTH,C0008073 | C0424605 | C0920296 | C0011757,yes,"Developmental Disabilities | Developmental delay | Reading Disorder, Developmental | Developmental Coordination Disorder",developmental assets,Developmental Assets,Developmental Assets
Kelly Dean Schwartz,https://profiles.ucalgary.ca/kelly-dean-schwartz,psychosocial factors contributing to child,psychosocial factors contributing to child,Obesity by contributing factors | Adverse incident contributing factor | Psychosocial problem | risk factors | Biological Factors,psychosocial factors,SNOMEDCT_US | MTH,C1532611 | C1320831 | C0740697 | C0035648 | C0005515,yes,Obesity by contributing factors | Adverse incident contributing factor | Psychosocial problem | risk factors | Biological Factors,Obesity by contributing factors,Contributing Factors,Contributing Factors
Kelly Dean Schwartz,https://profiles.ucalgary.ca/kelly-dean-schwartz,family development,family development,Family history of development disorder,family development,SNOMEDCT_US,C1445918,yes,Family history of development disorder,Family history of development disorder,Family Of Development Disorder,Family Of Development Disorder
Kelly Dean Schwartz,https://profiles.ucalgary.ca/kelly-dean-schwartz,social contexts,social contexts,Social context finding,social contexts,SNOMEDCT_US,C1266850,yes,Social context finding,Social context finding,Social Context,Social Context
Kelly Dean Schwartz,https://profiles.ucalgary.ca/kelly-dean-schwartz,post-traumatic stress disorder,post-traumatic stress disorder,Post-Traumatic Stress Disorder | Delayed Onset Post-Traumatic Stress Disorder | Complex post-traumatic stress disorder,post-traumatic stress disorder | post traumatic stress | traumatic stress disorder | post traumatic,MTH | MSH | SNOMEDCT_US,C0038436 | C1136393 | C2733207,yes,Post-Traumatic Stress Disorder | Delayed Onset Post-Traumatic Stress Disorder | Complex post-traumatic stress disorder,Post-Traumatic Stress Disorder,Post Traumatic Stress Disorder,Post Traumatic Stress Disorder
Kelly Dean Schwartz,https://profiles.ucalgary.ca/kelly-dean-schwartz,social support,social support,Inadequate social support | Social support status | Good social support,social support,MTH | SNOMEDCT_US,C2364105 | C0516920 | C5546367,yes,Inadequate social support | Social support status | Good social support,Good social support,Social Support,Social Support
Kelly Larkin-Kaiser,https://profiles.ucalgary.ca/kelly-larkin-kaiser,stroke,stroke,Heat Stroke | Ischemic stroke | Hemorrhagic Stroke | Embolic Stroke,stroke,MTH | MSH,C0018843 | C0948008 | C5234922 | C0262469,yes,Heat Stroke | Ischemic stroke | Hemorrhagic Stroke | Embolic Stroke,Heat Stroke,Stroke,Stroke
Kelly Larkin-Kaiser,https://profiles.ucalgary.ca/kelly-larkin-kaiser,therapeutic effectiveness,therapeutic effectiveness,Unexpected therapeutic effect,therapeutic effectiveness,SNOMEDCT_US,C0235735,yes,Unexpected therapeutic effect,therapeutic effectiveness,Therapeutic Effectiveness,Therapeutic Effectiveness
Kelly Larkin-Kaiser,https://profiles.ucalgary.ca/kelly-larkin-kaiser,neuroscience and rehabilitation,neuroscience and rehabilitation,Rehabilitation therapy | Vocational rehabilitation | Cardiac rehabilitation | Alcohol rehabilitation,,MTH,C0034991 | C0034996 | C0700431 | C0204598,yes,Rehabilitation therapy | Vocational rehabilitation | Cardiac rehabilitation | Alcohol rehabilitation,neuroscience and rehabilitation,Neuroscience And Rehabilitation,Neuroscience And Rehabilitation
Kenneth Lukowiak,https://profiles.ucalgary.ca/kenneth-lukowiak,behavioural ecology of stress,behavioural ecology of stress,Behavior Therapy | Problem Behavior | Stress | Post-Traumatic Stress Disorder | Urinary Stress Incontinence,,MTH,C0004933 | C5886745 | C0038435 | C0038436 | C0042025,yes,Behavior Therapy | Problem Behavior | Stress | Post-Traumatic Stress Disorder | Urinary Stress Incontinence,behavioural ecology of stress,Behavioural Ecology Of Stress,Behavioural Ecology Of Stress
Kenneth Lukowiak,https://profiles.ucalgary.ca/kenneth-lukowiak,suppress ltm formation depending on bothe the stressor,suppress ltm formation depending on bothe the stressor,,,,,no,suppress ltm formation depending on bothe the stressor,suppress ltm formation depending on bothe the stressor,Suppress Ltm Formation Depending On Bothe The Stressor,
Kenneth Lukowiak,https://profiles.ucalgary.ca/kenneth-lukowiak,patan academy of health sciences in kathmandu,patan academy of health sciences in kathmandu,mental health | Patane,academy health sciences,MTH | SNOMEDCT_US,C0025353 | C0445184,yes,mental health | Patane,patan academy of health sciences in kathmandu,Patan Academy Of Health Sciences In Kathmandu,
Kenneth Lukowiak,https://profiles.ucalgary.ca/kenneth-lukowiak,behavioural ecology of stress activities dr,behavioural ecology of stress activities dr,Behavior Therapy | Problem Behavior | Stress | Post-Traumatic Stress Disorder | Urinary Stress Incontinence,,MTH,C0004933 | C5886745 | C0038435 | C0038436 | C0042025,yes,Behavior Therapy | Problem Behavior | Stress | Post-Traumatic Stress Disorder | Urinary Stress Incontinence,behavioural ecology of stress activities dr,Behavioural Ecology Of Stress Activities Dr,
Kenneth Lukowiak,https://profiles.ucalgary.ca/kenneth-lukowiak,stress,stress,Stress | Urinary Stress Incontinence | Stress Fractures | Stress polycythemia,stress,MTH,C0038435 | C0042025 | C0016664 | C0541719,yes,Stress | Urinary Stress Incontinence | Stress Fractures | Stress polycythemia,Stress,Stress,Stress
Kenneth Lukowiak,https://profiles.ucalgary.ca/kenneth-lukowiak,configural learning,configural learning,Learning | Learning Disorders | Learning Disabilities | Verbal Learning | Fracture configurations,,MTH | MSH | SNOMEDCT_US,C0023185 | C0023186 | C0751265 | C0042531 | C0449832,yes,Learning | Learning Disorders | Learning Disabilities | Verbal Learning | Fracture configurations,configural learning,Configural Learning,Configural Learning
Kenton Hecker,https://profiles.ucalgary.ca/kenton-hecker,clinical reasoning,clinical reasoning,Clinical Reasoning,clinical reasoning,MSH,C5392149,yes,Clinical Reasoning,Clinical Reasoning,Clinical Reasoning,Clinical Reasoning
Kenton Hecker,https://profiles.ucalgary.ca/kenton-hecker,functional magnetic resonance imaging,functional magnetic resonance imaging,Blood Oxygen Level Dependent Functional Magnetic Resonance Imaging | Magnetic Resonance Imaging | Multiparametric Magnetic Resonance Imaging | Diffusion Magnetic Resonance Imaging | MRI of brain with functional imaging,functional magnetic resonance imaging | functional magnetic resonance | magnetic resonance imaging | functional magnetic,MTH | SNOMEDCT_US,C1705491 | C0024485 | C3898221 | C1136216 | C0412677,yes,Blood Oxygen Level Dependent Functional Magnetic Resonance Imaging | Magnetic Resonance Imaging | Multiparametric Magnetic Resonance Imaging | Diffusion Magnetic Resonance Imaging | MRI of brain with functional imaging,Magnetic Resonance Imaging,Magnetic Resonance Imaging,Magnetic Resonance Imaging
Kevin Douglas Busche,https://profiles.ucalgary.ca/kevin-douglas-busche,multiple sclerosis,multiple sclerosis,"Multiple Sclerosis | Multiple Sclerosis, Chronic Progressive | Malignant multiple sclerosis | Benign multiple sclerosis",multiple sclerosis,MTH | MSH | SNOMEDCT_US,C0026769 | C0393665 | C2586221 | C2585570,yes,"Multiple Sclerosis | Multiple Sclerosis, Chronic Progressive | Malignant multiple sclerosis | Benign multiple sclerosis",Multiple Sclerosis,Multiple Sclerosis,Multiple Sclerosis
Kimberley Smaniotto - Holmes,https://profiles.ucalgary.ca/kimberley-smaniotto-holmes,mental health research,mental health research,mental health | Health Services Research | Mental health treatment,mental health | health research,MTH | SNOMEDCT_US,C0025353 | C0018757 | C0184647,yes,mental health | Health Services Research | Mental health treatment,mental health,Mental Health,Mental Health
Kimberley Smaniotto - Holmes,https://profiles.ucalgary.ca/kimberley-smaniotto-holmes,learning with regard to learner profile,learning with regard to learner profile,Learning | Learning Disorders | Learning Disabilities | Verbal Learning | Slow learner,,MTH | MSH | SNOMEDCT_US,C0023185 | C0023186 | C0751265 | C0042531 | C0520955,yes,Learning | Learning Disorders | Learning Disabilities | Verbal Learning | Slow learner,learning with regard to learner profile,Learning With Regard To Learner Profile,
Kimberley Smaniotto - Holmes,https://profiles.ucalgary.ca/kimberley-smaniotto-holmes,mindfulness in curriculum and learning,mindfulness in curriculum and learning,Mindfulness | Mindfulness Relaxation | Mindfulness Meditation | Educational Curriculum | Curriculum Vitae,,MTH,C3542996 | C2985553 | C5891058 | C0010478 | C1880201,yes,Mindfulness | Mindfulness Relaxation | Mindfulness Meditation | Educational Curriculum | Curriculum Vitae,mindfulness in curriculum and learning,Mindfulness In Curriculum And Learning,
Kirsten Bobawsky (Fiest),https://profiles.ucalgary.ca/kirsten-bobawsky,epidemiology,epidemiology,,epidemiology,,,no,epidemiology,epidemiology,Epidemiology,Epidemiology
Kirstie Lithgow,https://profiles.ucalgary.ca/kirstie-lithgow,neuroendocrine tumours (gastroenteropancreatic),neuroendocrine tumours gastroenteropancreatic,"Gastro-enteropancreatic neuroendocrine tumor | Neuroendocrine Tumors | Carcinoma, Neuroendocrine | Mixed neuroendocrine-non neuroendocrine neoplasm",neuroendocrine tumours,MSH | MTH | SNOMEDCT_US,C2930967 | C0206754 | C0206695 | C5191660,yes,"Gastro-enteropancreatic neuroendocrine tumor | Neuroendocrine Tumors | Carcinoma, Neuroendocrine | Mixed neuroendocrine-non neuroendocrine neoplasm",neuroendocrine tumours (gastroenteropancreatic),Neuroendocrine Tumours Gastroenteropancreatic,Neuroendocrine Tumours Gastroenteropancreatic
Kirstie Lithgow,https://profiles.ucalgary.ca/kirstie-lithgow,patient reported outcomes included treatment susceptibility,patient reported outcomes included treatment susceptibility,Patient Reported Outcome | Patient reported outcomes with LASIK | OS Patient Reported Outcomes Metadata Table | GCT Patient Reported Outcomes Metadata Table | Patient Reported Outcome Stem,patient reported outcomes,MTH,C2987124 | C5552327 | C5552934 | C5447745 | C4553151,yes,Patient Reported Outcome | Patient reported outcomes with LASIK | OS Patient Reported Outcomes Metadata Table | GCT Patient Reported Outcomes Metadata Table | Patient Reported Outcome Stem,Patient Reported Outcome,Patient Reported Outcome,Patient Reported Outcome
Kirstie Lithgow,https://profiles.ucalgary.ca/kirstie-lithgow,neuroendocrine tumours,neuroendocrine tumours,Benign neuroendocrine tumor | Neuroendocrine neoplasm of lung,neuroendocrine tumours,SNOMEDCT_US,C0346416 | C1334452,yes,Benign neuroendocrine tumor | Neuroendocrine neoplasm of lung,neuroendocrine tumours,Neuroendocrine Tumours,Neuroendocrine Tumours
Kirstie Lithgow,https://profiles.ucalgary.ca/kirstie-lithgow,improving care for patients impacted by endocrine cancer,improving care for patients impacted by endocrine cancer,,improving care patients,,,no,improving care for patients impacted by endocrine cancer,improving care for patients impacted by endocrine cancer,Improving Care For Patients Impacted By Endocrine Cancer,
Kristin von Ranson,https://profiles.ucalgary.ca/kristin-von-ranson,eating disorders and body image,eating disorders and body image,Eating Disorders | Other eating disorders | Feeding and Eating Disorders | Eating disorders management | Eating disorders inventory | Body Dysmorphic Disorders | Organic disorder of body schema,eating disorders body | disorders body image | eating disorders,MTH | SNOMEDCT_US | MSH,C0013473 | C0029587 | C4042784 | C0150193 | C0451138 | C0005887 | C0459889,yes,Eating Disorders | Other eating disorders | Feeding and Eating Disorders | Eating disorders management | Eating disorders inventory | Body Dysmorphic Disorders | Organic disorder of body schema,Feeding and Eating Disorders,Eating Disorders,Eating Disorders
Kristin von Ranson,https://profiles.ucalgary.ca/kristin-von-ranson,depression,depression,"Mental Depression | Depressive disorder | Reactive depression | Depression, Postpartum",depression,MTH | MSH,C0011570 | C0011581 | C0011579 | C0221074,yes,"Mental Depression | Depressive disorder | Reactive depression | Depression, Postpartum",Mental Depression,Depression,Depression
Kristin von Ranson,https://profiles.ucalgary.ca/kristin-von-ranson,and childhood externalizing disorders),and childhood externalizing disorders,External hemorrhoids (disorder),and childhood externalizing disorders | childhood externalizing disorders | childhood externalizing | externalizing disorders,MTH,C0265040,yes,External hemorrhoids (disorder),and childhood externalizing disorders),Childhood Externalizing Disorders,Childhood Externalizing Disorders
Kristin von Ranson,https://profiles.ucalgary.ca/kristin-von-ranson,maintenance factors for eating disorders across the lifespan,maintenance factors for eating disorders across the lifespan,Eating Disorders,,MTH,C0013473,yes,Eating Disorders,Eating Disorders,Eating Disorders,Eating Disorders
Kristin von Ranson,https://profiles.ucalgary.ca/kristin-von-ranson,in the eating behaviours lab,in the eating behaviours lab,Binge eating behavior | Eating behavior rating scale | Eating behavior and appetite,eating behaviours,MTH | SNOMEDCT_US,C5551396 | C0475491 | C0474423,yes,Binge eating behavior | Eating behavior rating scale | Eating behavior and appetite,in the eating behaviours lab,Eating Behaviours Lab,Eating Behaviours Lab
Kristin von Ranson,https://profiles.ucalgary.ca/kristin-von-ranson,particularly behavioural addictions,particularly behavioural addictions,Behavior Therapy | Problem Behavior | Opiate Addiction | Nicotine Addiction | Smartphone Addiction,behavioural addictions,MTH | MSH,C0004933 | C5886745 | C0524662 | C5241305 | C5392818,yes,Behavior Therapy | Problem Behavior | Opiate Addiction | Nicotine Addiction | Smartphone Addiction,particularly behavioural addictions,Particularly Behavioural Addictions,Particularly Behavioural Addictions
Lara Leijser,https://profiles.ucalgary.ca/lara-leijser,related long-term neurodevelopmental outcomes in vulnerable preterm infants,related long-term neurodevelopmental outcomes in vulnerable preterm infants,,,,,no,related long-term neurodevelopmental outcomes in vulnerable preterm infants,related long-term neurodevelopmental outcomes in vulnerable preterm infants,Related Long Term Neurodevelopmental Outcomes In Vulnerable Preterm Infants,
Lara Leijser,https://profiles.ucalgary.ca/lara-leijser,brain imaging,brain imaging,Imaging of brain | Radioisotope brain imaging | Functional Brain Imaging | Imaging of brain abnormal,brain imaging,MTH | MSH | SNOMEDCT_US,C0203860 | C0581582 | C3178878 | C2711610,yes,Imaging of brain | Radioisotope brain imaging | Functional Brain Imaging | Imaging of brain abnormal,Functional Brain Imaging,Brain Imaging,Brain Imaging
Lara Leijser,https://profiles.ucalgary.ca/lara-leijser,identification of early clinical,identification of early clinical,Early Termination of Clinical Trials,early clinical,MSH,C2718058,yes,Early Termination of Clinical Trials,Early Termination of Clinical Trials,Early Of Clinical,Early Of Clinical
Lara Leijser,https://profiles.ucalgary.ca/lara-leijser,"brain injury and development, preterm birth, neuro-imaging, neurodevelopment",brain injury and development preterm birth neuro-imaging neurodevelopment,Brain Injuries,,MTH,C0270611,yes,Brain Injuries,"brain injury and development, preterm birth, neuro-imaging, neurodevelopment",Brain Injury And Development Preterm Birth Neuro Imaging Neurodevelopment,
Lara Leijser,https://profiles.ucalgary.ca/lara-leijser,brain injury,brain injury,"Brain Injuries | Traumatic Brain Injury | Brain Injury, Chronic | Crush injury of brain | Injury of parenchyma of brain",brain injury,MTH | MSH | SNOMEDCT_US,C0270611 | C0876926 | C0751813 | C4303411 | C5880441,yes,"Brain Injuries | Traumatic Brain Injury | Brain Injury, Chronic | Crush injury of brain | Injury of parenchyma of brain",Traumatic Brain Injury,Brain Injury,Brain Injury
Laura Curiel,https://profiles.ucalgary.ca/laura-curiel,mental health,mental health,mental health | Mental health treatment,mental health,MTH | SNOMEDCT_US,C0025353 | C0184647,yes,mental health | Mental health treatment,mental health,Mental Health,Mental Health
Laura Curiel,https://profiles.ucalgary.ca/laura-curiel,clinical outcomes,clinical outcomes,Clinical Trials | Nutrition outcomes | Expected outcomes | R-Outcomes | Elimination outcomes,clinical outcomes,MTH,C0008976 | C0518896 | C2963499 | C5445044 | C0518891,yes,Clinical Trials | Nutrition outcomes | Expected outcomes | R-Outcomes | Elimination outcomes,clinical outcomes,Clinical Outcomes,Clinical Outcomes
Laura Curiel,https://profiles.ucalgary.ca/laura-curiel,experimental platforms for hifu,experimental platforms for hifu,Experimental Design | Experimental drug | Experimental Method | Platform test,,MTH | SNOMEDCT_US,C0015320 | C0304229 | C0871738 | C0430678,yes,Experimental Design | Experimental drug | Experimental Method | Platform test,experimental platforms for hifu,Experimental Platforms For Hifu,Experimental Platforms For Hifu
Laura Curiel,https://profiles.ucalgary.ca/laura-curiel,design of new therapeutic devices,design of new therapeutic devices,Sampling Design | Research Design | Experimental Design | Therapeutic procedure | Therapeutic plateletpheresis,,MTH,C0815259 | C0035171 | C0015320 | C0087111 | C0032202,yes,Sampling Design | Research Design | Experimental Design | Therapeutic procedure | Therapeutic plateletpheresis,design of new therapeutic devices,Design Of New Therapeutic Devices,
Lawrence Korngut,https://profiles.ucalgary.ca/lawrence-korngut,epidemiology,epidemiology,,epidemiology,,,no,epidemiology,epidemiology,Epidemiology,Epidemiology
Lawrence Korngut,https://profiles.ucalgary.ca/lawrence-korngut,collecting real world health data,collecting real world health data,Collecting Duct Carcinoma of the Kidney | World languages,,MTH | SNOMEDCT_US,C1266044 | C0574144,yes,Collecting Duct Carcinoma of the Kidney | World languages,collecting real world health data,Collecting Real World Health Data,
Leah Mayo,https://profiles.ucalgary.ca/leah-mayo,neuroimaging,neuroimaging,Neuroimaging | Functional Neuroimaging,neuroimaging,MTH | MSH,C0679575 | C3178877,yes,Neuroimaging | Functional Neuroimaging,Neuroimaging,Neuroimaging,Neuroimaging
Leah Mayo,https://profiles.ucalgary.ca/leah-mayo,post-traumatic stress disorder,post-traumatic stress disorder,Post-Traumatic Stress Disorder | Delayed Onset Post-Traumatic Stress Disorder | Complex post-traumatic stress disorder,post-traumatic stress disorder | post traumatic stress | traumatic stress disorder | post traumatic,MTH | MSH | SNOMEDCT_US,C0038436 | C1136393 | C2733207,yes,Post-Traumatic Stress Disorder | Delayed Onset Post-Traumatic Stress Disorder | Complex post-traumatic stress disorder,Post-Traumatic Stress Disorder,Post Traumatic Stress Disorder,Post Traumatic Stress Disorder
Leah Mayo,https://profiles.ucalgary.ca/leah-mayo,such as substance use disorders,such as substance use disorders,Substance use disorder score | Substance use disorder severity | Substance Use Disorders | Psychoactive substance use disorder | Substance use disorder suspected,substance use disorders,MTH | MSH | SNOMEDCT_US,C5203644 | C5203652 | C0038586 | C0033882 | C5967378,yes,Substance use disorder score | Substance use disorder severity | Substance Use Disorders | Psychoactive substance use disorder | Substance use disorder suspected,Substance Use Disorders,Substance Use Disorders,Substance Use Disorders
Leah Mayo,https://profiles.ucalgary.ca/leah-mayo,psychedelic-based therapeutic opportunities,psychedelic-based therapeutic opportunities,Therapeutic procedure | Therapeutic plateletpheresis | Therapeutic abortion procedure | Therapeutic immunosuppression,,MTH,C0087111 | C0032202 | C0000820 | C0021079,yes,Therapeutic procedure | Therapeutic plateletpheresis | Therapeutic abortion procedure | Therapeutic immunosuppression,psychedelic-based therapeutic opportunities,Psychedelic Based Therapeutic Opportunities,Psychedelic Based Therapeutic Opportunities
Leah Mayo,https://profiles.ucalgary.ca/leah-mayo,gaining mechanistic insight into stress,gaining mechanistic insight into stress,Gaining Weight question | mechanistic target of rapamycin complex 1 | Insight | Impaired insight | Insight learning,,MTH | MSH | SNOMEDCT_US,C3814804 | C3888046 | C0233820 | C0233823 | C0233833,yes,Gaining Weight question | mechanistic target of rapamycin complex 1 | Insight | Impaired insight | Insight learning,gaining mechanistic insight into stress,Gaining Mechanistic Insight Into Stress,
Leah Mayo,https://profiles.ucalgary.ca/leah-mayo,social processing in healthy,social processing in healthy,"Specimen processing (procedure) | Antigen Processing | Processing speed | Image Processing | Phobia, Social",,MTH | MSH,C0037793 | C0206430 | C0582591 | C0178706 | C0031572,yes,"Specimen processing (procedure) | Antigen Processing | Processing speed | Image Processing | Phobia, Social",social processing in healthy,Social Processing In Healthy,Social Processing In Healthy
Leah Mayo,https://profiles.ucalgary.ca/leah-mayo,clinical populations,clinical populations,Clinical Trials,clinical populations,MTH,C0008976,yes,Clinical Trials,clinical populations,Clinical Populations,Clinical Populations
Leah Mayo,https://profiles.ucalgary.ca/leah-mayo,clinical outcomes,clinical outcomes,Clinical Trials | Nutrition outcomes | Expected outcomes | R-Outcomes | Elimination outcomes,clinical outcomes,MTH,C0008976 | C0518896 | C2963499 | C5445044 | C0518891,yes,Clinical Trials | Nutrition outcomes | Expected outcomes | R-Outcomes | Elimination outcomes,clinical outcomes,Clinical Outcomes,Clinical Outcomes
Lenora Brown,https://profiles.ucalgary.ca/lenora-brown,multiple sclerosis,multiple sclerosis,"Multiple Sclerosis | Multiple Sclerosis, Chronic Progressive | Malignant multiple sclerosis | Benign multiple sclerosis",multiple sclerosis,MTH | MSH | SNOMEDCT_US,C0026769 | C0393665 | C2586221 | C2585570,yes,"Multiple Sclerosis | Multiple Sclerosis, Chronic Progressive | Malignant multiple sclerosis | Benign multiple sclerosis",Multiple Sclerosis,Multiple Sclerosis,Multiple Sclerosis
Lenora Brown,https://profiles.ucalgary.ca/lenora-brown,clinical outcomes,clinical outcomes,Clinical Trials | Nutrition outcomes | Expected outcomes | R-Outcomes | Elimination outcomes,clinical outcomes,MTH,C0008976 | C0518896 | C2963499 | C5445044 | C0518891,yes,Clinical Trials | Nutrition outcomes | Expected outcomes | R-Outcomes | Elimination outcomes,clinical outcomes,Clinical Outcomes,Clinical Outcomes
Leticia Radin Pereira,https://profiles.ucalgary.ca/leticia-radin-pereira,chronic disease,chronic disease,Chronic disease | Chronic Obstructive Airway Disease | Chronic granulomatous disease | Chronic lung disease,chronic disease,MTH,C0008679 | C0024117 | C0018203 | C0746102,yes,Chronic disease | Chronic Obstructive Airway Disease | Chronic granulomatous disease | Chronic lung disease,Chronic disease,Chronic Disease,Chronic Disease
Leticia Radin Pereira,https://profiles.ucalgary.ca/leticia-radin-pereira,nutrition in promoting maternal health,nutrition in promoting maternal health,Nutrition Disorders | Nutrition Assessment | Parenteral Nutrition | Cancer Promoting Genes | Maturation-Promoting Factor,nutrition promoting,MTH,C3714509 | C0028708 | C0030547 | C0919437 | C0079805,yes,Nutrition Disorders | Nutrition Assessment | Parenteral Nutrition | Cancer Promoting Genes | Maturation-Promoting Factor,nutrition in promoting maternal health,Nutrition In Promoting Maternal Health,
Leticia Radin Pereira,https://profiles.ucalgary.ca/leticia-radin-pereira,"diet, maternal health, nutrition, obesity",diet maternal health nutrition obesity,"Maternal | Maternal hypertension | Phenylketonuria, Maternal | mental health",,MTH,C1858460 | C0565599 | C0085547 | C0025353,yes,"Maternal | Maternal hypertension | Phenylketonuria, Maternal | mental health","diet, maternal health, nutrition, obesity",Diet Maternal Health Nutrition Obesity,
Leticia Radin Pereira,https://profiles.ucalgary.ca/leticia-radin-pereira,maternal health,maternal health,"Maternal | Maternal hypertension | Phenylketonuria, Maternal | mental health",maternal health,MTH,C1858460 | C0565599 | C0085547 | C0025353,yes,"Maternal | Maternal hypertension | Phenylketonuria, Maternal | mental health",maternal health,Maternal Health,Maternal Health
Lian Willetts,https://profiles.ucalgary.ca/lian-willetts,mechanism of cancer metastasis,mechanism of cancer metastasis,Stage IV Gastric Cancer with Metastasis,cancer metastasis,MTH,C0854752,yes,Stage IV Gastric Cancer with Metastasis,Stage IV Gastric Cancer with Metastasis,Cancer With Metastasis,Cancer With Metastasis
Lian Willetts,https://profiles.ucalgary.ca/lian-willetts,clinical applications in the diagnosis,clinical applications in the diagnosis,Clinical Trials | Diagnosis | diagnosis user finding: (diagnosis) | Differential Diagnosis | Mobile Applications,clinical applications | applications diagnosis,MTH | MSH,C0008976 | C0011900 | C2063792 | C0011906 | C3658310,yes,Clinical Trials | Diagnosis | diagnosis user finding: (diagnosis) | Differential Diagnosis | Mobile Applications,clinical applications in the diagnosis,Clinical Applications In The Diagnosis,
Lori Montgomery,https://profiles.ucalgary.ca/lori-montgomery,mental health,mental health,mental health | Mental health treatment,mental health,MTH | SNOMEDCT_US,C0025353 | C0184647,yes,mental health | Mental health treatment,mental health,Mental Health,Mental Health
Lori Montgomery,https://profiles.ucalgary.ca/lori-montgomery,pain,pain,Pain | Chest Pain | Back Pain | Low Back Pain | Abdominal Pain,pain,MTH,C0030193 | C0008031 | C0004604 | C0024031 | C0000737,yes,Pain | Chest Pain | Back Pain | Low Back Pain | Abdominal Pain,Pain,Pain,Pain
Lori Montgomery,https://profiles.ucalgary.ca/lori-montgomery,migraine,migraine,Migraine Disorders | Common Migraine | Abdominal Migraine | Ophthalmoplegic Migraine | Hemiplegic migraine,migraine,MTH | MSH | SNOMEDCT_US,C0149931 | C0338480 | C0270858 | C0221058 | C0270862,yes,Migraine Disorders | Common Migraine | Abdominal Migraine | Ophthalmoplegic Migraine | Hemiplegic migraine,Migraine Disorders,Migraine,Migraine
Lorraine Venturato,https://profiles.ucalgary.ca/lorraine-venturato,care of people with dementia,care of people with dementia,"Dementia | Presenile dementia | Senile dementia | Multi-infarct dementia | Dementia, Vascular",care people,MTH | MSH,C0497327 | C0011265 | C0011268 | C0011263 | C0011269,yes,"Dementia | Presenile dementia | Senile dementia | Multi-infarct dementia | Dementia, Vascular",care of people with dementia,Care Of People With Dementia,
Lorraine Venturato,https://profiles.ucalgary.ca/lorraine-venturato,learning cultures,learning cultures,Learning | Learning Disorders | Learning Disabilities | Blood culture | Verbal Learning,,MTH | MSH,C0023185 | C0023186 | C0751265 | C0200949 | C0042531,yes,Learning | Learning Disorders | Learning Disabilities | Blood culture | Verbal Learning,learning cultures,Learning Cultures,Learning Cultures
Lorraine Venturato,https://profiles.ucalgary.ca/lorraine-venturato,dementia,dementia,"Dementia | Presenile dementia | Senile dementia | Multi-infarct dementia | Dementia, Vascular",dementia,MTH | MSH,C0497327 | C0011265 | C0011268 | C0011263 | C0011269,yes,"Dementia | Presenile dementia | Senile dementia | Multi-infarct dementia | Dementia, Vascular",Dementia,Dementia,Dementia
Lorraine Venturato,https://profiles.ucalgary.ca/lorraine-venturato,culture change and practice development,culture change and practice development,Microbial culture (procedure) | Blood culture | Personality Change | Dressing change | Stool culture,,MTH | SNOMEDCT_US,C2242979 | C0200949 | C0240735 | C0085671 | C0430414,yes,Microbial culture (procedure) | Blood culture | Personality Change | Dressing change | Stool culture,culture change and practice development,Culture Change And Practice Development,
Lorraine Venturato,https://profiles.ucalgary.ca/lorraine-venturato,practice development learning cultures,practice development learning cultures,Pervasive Development Disorder | Psychosexual Development | Learning | Learning Disorders | Learning Disabilities,,MTH,C0524528 | C0033944 | C0023185 | C0023186 | C0751265,yes,Pervasive Development Disorder | Psychosexual Development | Learning | Learning Disorders | Learning Disabilities,practice development learning cultures,Practice Development Learning Cultures,Practice Development Learning Cultures
Lorraine Venturato,https://profiles.ucalgary.ca/lorraine-venturato,healthy aging,healthy aging,"Premature aging syndrome | Cell Aging | Diet, Healthy | Erythrocyte Aging | Placenta healthy",healthy aging,MTH | MSH | SNOMEDCT_US,C0231341 | C5550967 | C0452415 | C0014768 | C0566710,yes,"Premature aging syndrome | Cell Aging | Diet, Healthy | Erythrocyte Aging | Placenta healthy",healthy aging,Healthy Aging,Healthy Aging
Lorraine Venturato,https://profiles.ucalgary.ca/lorraine-venturato,aging and place,aging and place,Premature aging syndrome | Cell Aging | Erythrocyte Aging | Disorientated in place,aging and place | aging place,MTH | MSH | SNOMEDCT_US,C0231341 | C5550967 | C0014768 | C0233409,yes,Premature aging syndrome | Cell Aging | Erythrocyte Aging | Disorientated in place,aging and place,Aging And Place,Aging And Place
Luanne Marie Metz,https://profiles.ucalgary.ca/luanne-marie-metz,multiple sclerosis,multiple sclerosis,"Multiple Sclerosis | Multiple Sclerosis, Chronic Progressive | Malignant multiple sclerosis | Benign multiple sclerosis",multiple sclerosis,MTH | MSH | SNOMEDCT_US,C0026769 | C0393665 | C2586221 | C2585570,yes,"Multiple Sclerosis | Multiple Sclerosis, Chronic Progressive | Malignant multiple sclerosis | Benign multiple sclerosis",Multiple Sclerosis,Multiple Sclerosis,Multiple Sclerosis
Luanne Marie Metz,https://profiles.ucalgary.ca/luanne-marie-metz,both clinical,both clinical,Clinical Trials,,MTH,C0008976,yes,Clinical Trials,both clinical,Clinical,Clinical
Luanne Marie Metz,https://profiles.ucalgary.ca/luanne-marie-metz,mood disorders,mood disorders,Mood Disorders | Psychotic Mood Disorders | Organic mood disorder | Bipolar Disorder,mood disorders,MSH | SNOMEDCT_US | MTH,C0525045 | C0086640 | C0029232 | C0005586,yes,Mood Disorders | Psychotic Mood Disorders | Organic mood disorder | Bipolar Disorder,Mood Disorders,Mood Disorders,Mood Disorders
Manuel Hulliger,https://profiles.ucalgary.ca/manuel-hulliger,chronic and acute electrophysiology,chronic and acute electrophysiology,Acute and chronic inflammation | Acute on chronic pancreatitis | Acute and chronic cholecystitis | Acute on chronic prostatitis,chronic acute,SNOMEDCT_US,C0333383 | C0262417 | C0302472 | C3838767,yes,Acute and chronic inflammation | Acute on chronic pancreatitis | Acute and chronic cholecystitis | Acute on chronic prostatitis,Acute and chronic cholecystitis,Acute And Chronic,Acute And Chronic
Manuel Hulliger,https://profiles.ucalgary.ca/manuel-hulliger,behavioural analysis of motor patterns,behavioural analysis of motor patterns,Behavior Therapy | Problem Behavior | Analysis | Analysis of substances | Semen Analysis,behavioural analysis,MTH,C0004933 | C5886745 | C0936012 | C0002778 | C0202533,yes,Behavior Therapy | Problem Behavior | Analysis | Analysis of substances | Semen Analysis,Analysis of substances,Analysis,Analysis
Manuel Hulliger,https://profiles.ucalgary.ca/manuel-hulliger,histology and morphometry of sensory neurons,histology and morphometry of sensory neurons,"Sensory neuropathy | Shadowing (Histology) | Skin, Histology | Morphometric analysis | Sensory Disorders",,MTH,C0151313 | C0085195 | C1868671 | C0200760 | C0152027,yes,"Sensory neuropathy | Shadowing (Histology) | Skin, Histology | Morphometric analysis | Sensory Disorders",histology and morphometry of sensory neurons,Histology And Morphometry Of Sensory Neurons,
Manuel Hulliger,https://profiles.ucalgary.ca/manuel-hulliger,morphometric analysis of functionally identified single neurons,morphometric analysis of functionally identified single neurons,"Morphometric analysis | surgical pathology morphometric analysis DNA ploidy analysis | Morphometric analysis, nerve | Morphometric analysis, tumor | Morphometric analysis, muscle",,MTH | SNOMEDCT_US,C0200760 | C2038184 | C0200762 | C0200763 | C0200764,yes,"Morphometric analysis | surgical pathology morphometric analysis DNA ploidy analysis | Morphometric analysis, nerve | Morphometric analysis, tumor | Morphometric analysis, muscle","Morphometric analysis, muscle",Morphometric Analysis,Morphometric Analysis
Manuel Hulliger,https://profiles.ucalgary.ca/manuel-hulliger,movement control and rehabilitation,movement control and rehabilitation,Control of movement | Good control of movement | Poor control of movement | Control of movement - finding | Loss of control of movement,movement control,SNOMEDCT_US,C0427083 | C0455917 | C0455918 | C1286480 | C0427084,yes,Control of movement | Good control of movement | Poor control of movement | Control of movement - finding | Loss of control of movement,Control of movement,Control Of Movement,Control Of Movement
Manuel Hulliger,https://profiles.ucalgary.ca/manuel-hulliger,kinematic and behavioural analysis of motor patterns,kinematic and behavioural analysis of motor patterns,Behavior Therapy | Problem Behavior | Analysis | Analysis of substances | Semen Analysis,,MTH,C0004933 | C5886745 | C0936012 | C0002778 | C0202533,yes,Behavior Therapy | Problem Behavior | Analysis | Analysis of substances | Semen Analysis,Analysis of substances,Analysis,Analysis
Manuel Hulliger,https://profiles.ucalgary.ca/manuel-hulliger,movement control,movement control,Control of movement | Good control of movement | Poor control of movement | Control of movement - finding | Loss of control of movement,movement control,SNOMEDCT_US,C0427083 | C0455917 | C0455918 | C1286480 | C0427084,yes,Control of movement | Good control of movement | Poor control of movement | Control of movement - finding | Loss of control of movement,Control of movement,Control Of Movement,Control Of Movement
Manuel Hulliger,https://profiles.ucalgary.ca/manuel-hulliger,acute electrophysiology kinematic,acute electrophysiology kinematic,"Acute bronchitis | Acute leukemia | Leukemia, Myelocytic, Acute | Cardiac electrophysiology study | electrophysiology (procedure)",,MTH,C0149514 | C0085669 | C0023467 | C5551547 | C1446476,yes,"Acute bronchitis | Acute leukemia | Leukemia, Myelocytic, Acute | Cardiac electrophysiology study | electrophysiology (procedure)",acute electrophysiology kinematic,Acute Electrophysiology Kinematic,Acute Electrophysiology Kinematic
Manuel Hulliger,https://profiles.ucalgary.ca/manuel-hulliger,behavioural analysis of motor patterns histology,behavioural analysis of motor patterns histology,Behavior Therapy | Problem Behavior | Analysis | Analysis of substances | Semen Analysis,,MTH,C0004933 | C5886745 | C0936012 | C0002778 | C0202533,yes,Behavior Therapy | Problem Behavior | Analysis | Analysis of substances | Semen Analysis,Analysis of substances,Analysis,Analysis
Manuel Hulliger,https://profiles.ucalgary.ca/manuel-hulliger,morphometry of sensory neurons labelling,morphometry of sensory neurons labelling,"Sensory neuropathy | Morphometric analysis | Sensory Disorders | Sensory Deprivation | Morphometry, quantitative",,MTH | MSH | SNOMEDCT_US,C0151313 | C0200760 | C0152027 | C0036674 | C0200761,yes,"Sensory neuropathy | Morphometric analysis | Sensory Disorders | Sensory Deprivation | Morphometry, quantitative",morphometry of sensory neurons labelling,Morphometry Of Sensory Neurons Labelling,
Marc Poulin,https://profiles.ucalgary.ca/marc-poulin,alzheimer disease,alzheimer disease,Alzheimer's Disease | ALZHEIMER DISEASE 2 | ALZHEIMER DISEASE 4 | Alzheimer Disease 9,alzheimer disease,MTH,C0002395 | C1863051 | C1847200 | C1837149,yes,Alzheimer's Disease | ALZHEIMER DISEASE 2 | ALZHEIMER DISEASE 4 | Alzheimer Disease 9,Alzheimer's Disease,Alzheimer S Disease,Alzheimer S Disease
Marc Poulin,https://profiles.ucalgary.ca/marc-poulin,environmental conditions,environmental conditions,Environmental Illness | Precancerous Conditions,environmental conditions,MTH,C0282504 | C0032927,yes,Environmental Illness | Precancerous Conditions,environmental conditions,Environmental Conditions,Environmental Conditions
Marc Poulin,https://profiles.ucalgary.ca/marc-poulin,stroke,stroke,Heat Stroke | Ischemic stroke | Hemorrhagic Stroke | Embolic Stroke,stroke,MTH | MSH,C0018843 | C0948008 | C5234922 | C0262469,yes,Heat Stroke | Ischemic stroke | Hemorrhagic Stroke | Embolic Stroke,Heat Stroke,Stroke,Stroke
Marc Poulin,https://profiles.ucalgary.ca/marc-poulin,high altitude physiology,high altitude physiology,High altitude pulmonary edema | High altitude retinopathy,high altitude,MTH | SNOMEDCT_US,C0340100 | C0413255,yes,High altitude pulmonary edema | High altitude retinopathy,High altitude retinopathy,High Altitude,High Altitude
Marc Poulin,https://profiles.ucalgary.ca/marc-poulin,chronic disease,chronic disease,Chronic disease | Chronic Obstructive Airway Disease | Chronic granulomatous disease | Chronic lung disease,chronic disease,MTH,C0008679 | C0024117 | C0018203 | C0746102,yes,Chronic disease | Chronic Obstructive Airway Disease | Chronic granulomatous disease | Chronic lung disease,Chronic disease,Chronic Disease,Chronic Disease
Marc Poulin,https://profiles.ucalgary.ca/marc-poulin,healthy brain aging and dementia,healthy brain aging and dementia,Brain Concussion | Brain Injuries | Brain Neoplasms | Brain Diseases | Premature aging syndrome,,MTH,C0006107 | C0270611 | C0006118 | C0006111 | C0231341,yes,Brain Concussion | Brain Injuries | Brain Neoplasms | Brain Diseases | Premature aging syndrome,healthy brain aging and dementia,Healthy Brain Aging And Dementia,
Marc Poulin,https://profiles.ucalgary.ca/marc-poulin,integrative human physiology,integrative human physiology,"Humanistic and integrative therapy | integrative medicine procedure note | insulin, regular, human | albumin human, USP | Human Bite",integrative human | human physiology,SNOMEDCT_US | MTH,C0579056 | C5781301 | C0795635 | C0304925 | C0005660,yes,"Humanistic and integrative therapy | integrative medicine procedure note | insulin, regular, human | albumin human, USP | Human Bite",integrative human physiology,Integrative Human Physiology,Integrative Human Physiology
Marc Poulin,https://profiles.ucalgary.ca/marc-poulin,in exercise physiology has shown,in exercise physiology has shown,Exercise stress test | physiological aspects | Cell physiology | Respiratory physiology | Has shown side effects from medication,exercise physiology,MTH,C0015260 | C0031843 | C0007613 | C0035245 | C2364092,yes,Exercise stress test | physiological aspects | Cell physiology | Respiratory physiology | Has shown side effects from medication,Cell physiology,Physiology,Physiology
Marc Poulin,https://profiles.ucalgary.ca/marc-poulin,modality for different clinical populations,modality for different clinical populations,Modality - Angioscopy | Combined Modality Therapy | Clinical Trials | Strains different | Things smell different,,MTH | SNOMEDCT_US,C1547102 | C0009429 | C0008976 | C0442731 | C0423569,yes,Modality - Angioscopy | Combined Modality Therapy | Clinical Trials | Strains different | Things smell different,modality for different clinical populations,Modality For Different Clinical Populations,
Marc Poulin,https://profiles.ucalgary.ca/marc-poulin,neuroimaging,neuroimaging,Neuroimaging | Functional Neuroimaging,neuroimaging,MTH | MSH,C0679575 | C3178877,yes,Neuroimaging | Functional Neuroimaging,Neuroimaging,Neuroimaging,Neuroimaging
Marcus Koch,https://profiles.ucalgary.ca/marcus-koch,multiple sclerosis,multiple sclerosis,"Multiple Sclerosis | Multiple Sclerosis, Chronic Progressive | Malignant multiple sclerosis | Benign multiple sclerosis",multiple sclerosis,MTH | MSH | SNOMEDCT_US,C0026769 | C0393665 | C2586221 | C2585570,yes,"Multiple Sclerosis | Multiple Sclerosis, Chronic Progressive | Malignant multiple sclerosis | Benign multiple sclerosis",Multiple Sclerosis,Multiple Sclerosis,Multiple Sclerosis
Marcus Koch,https://profiles.ucalgary.ca/marcus-koch,clinical outcomes,clinical outcomes,Clinical Trials | Nutrition outcomes | Expected outcomes | R-Outcomes | Elimination outcomes,clinical outcomes,MTH,C0008976 | C0518896 | C2963499 | C5445044 | C0518891,yes,Clinical Trials | Nutrition outcomes | Expected outcomes | R-Outcomes | Elimination outcomes,clinical outcomes,Clinical Outcomes,Clinical Outcomes
Mariana Pinheiro Bento,https://profiles.ucalgary.ca/mariana-pinheiro-bento,biomedical engineering,biomedical engineering,Biomedical Cement | Biomedical Research | Tissue Engineering,biomedical engineering,MTH | MSH,C1704479 | C0005540 | C0596171,yes,Biomedical Cement | Biomedical Research | Tissue Engineering,biomedical engineering,Biomedical Engineering,Biomedical Engineering
Mariana Pinheiro Bento,https://profiles.ucalgary.ca/mariana-pinheiro-bento,machine learning,machine learning,Machine Learning | Supervised Machine Learning | Unsupervised Machine Learning | Reinforcement Machine Learning | Representation Machine Learning,machine learning,MSH,C0376284 | C4042903 | C4042902 | C5940531 | C5940532,yes,Machine Learning | Supervised Machine Learning | Unsupervised Machine Learning | Reinforcement Machine Learning | Representation Machine Learning,Machine Learning,Machine Learning,Machine Learning
Mariana Pinheiro Bento,https://profiles.ucalgary.ca/mariana-pinheiro-bento,computer vision,computer vision,Computer software | Computer simulation | Blurred vision | Low Vision | Vision Disorders,computer vision,MTH,C0037585 | C0009609 | C0344232 | C0042798 | C0042790,yes,Computer software | Computer simulation | Blurred vision | Low Vision | Vision Disorders,computer vision,Computer Vision,Computer Vision
Mariana Pinheiro Bento,https://profiles.ucalgary.ca/mariana-pinheiro-bento,brain magnetic resonance imaging,brain magnetic resonance imaging,Nuclear magnetic resonance imaging brain | Nuclear magnetic resonance imaging brain normal | Magnetic resonance imaging of brain abnormal (finding) | Magnetic resonance imaging of brain and brain stem,brain magnetic resonance imaging | brain magnetic resonance | magnetic resonance imaging | brain magnetic,MTH,C4028269 | C0855355 | C1319851 | C0412675,yes,Nuclear magnetic resonance imaging brain | Nuclear magnetic resonance imaging brain normal | Magnetic resonance imaging of brain abnormal (finding) | Magnetic resonance imaging of brain and brain stem,Nuclear magnetic resonance imaging brain,Magnetic Resonance Imaging Brain,Magnetic Resonance Imaging Brain
Mariana Pinheiro Bento,https://profiles.ucalgary.ca/mariana-pinheiro-bento,alzheimer disease,alzheimer disease,Alzheimer's Disease | ALZHEIMER DISEASE 2 | ALZHEIMER DISEASE 4 | Alzheimer Disease 9,alzheimer disease,MTH,C0002395 | C1863051 | C1847200 | C1837149,yes,Alzheimer's Disease | ALZHEIMER DISEASE 2 | ALZHEIMER DISEASE 4 | Alzheimer Disease 9,Alzheimer's Disease,Alzheimer Disease,Alzheimer Disease
Mariana Pinheiro Bento,https://profiles.ucalgary.ca/mariana-pinheiro-bento,neuroimaging,neuroimaging,Neuroimaging | Functional Neuroimaging,neuroimaging,MTH | MSH,C0679575 | C3178877,yes,Neuroimaging | Functional Neuroimaging,Neuroimaging,Neuroimaging,Neuroimaging
Mark Colijn,https://profiles.ucalgary.ca/mark-colijn,schizophrenia,schizophrenia,"Schizophrenia | Paranoid Schizophrenia | Schizophrenia, Disorganized | Schizophrenia, Catatonic | Residual schizophrenia",schizophrenia,MTH | MSH | SNOMEDCT_US,C0036341 | C0036349 | C0036347 | C0036344 | C0036351,yes,"Schizophrenia | Paranoid Schizophrenia | Schizophrenia, Disorganized | Schizophrenia, Catatonic | Residual schizophrenia",Schizophrenia,Schizophrenia,Schizophrenia
Mark Giles Hamilton,https://profiles.ucalgary.ca/mark-giles-hamilton,brain tumour patient treatment response (clinical trials),brain tumour patient treatment response clinical trials,,patient treatment response,,,no,brain tumour patient treatment response clinical trials,brain tumour patient treatment response (clinical trials),Brain Tumour Patient Treatment Response Clinical Trials,
Mark Giles Hamilton,https://profiles.ucalgary.ca/mark-giles-hamilton,deep vein thrombosis prophylaxis in brain tumor patients,deep vein thrombosis prophylaxis in brain tumor patients,Deep Vein Thrombosis | Antepartum deep vein thrombosis | Recurrent deep vein thrombosis | Iliofemoral deep vein thrombosis | Postoperative deep vein thrombosis,deep vein thrombosis,MTH | SNOMEDCT_US,C0149871 | C0342044 | C1735901 | C0340714 | C0589110,yes,Deep Vein Thrombosis | Antepartum deep vein thrombosis | Recurrent deep vein thrombosis | Iliofemoral deep vein thrombosis | Postoperative deep vein thrombosis,Deep Vein Thrombosis,Deep Vein Thrombosis,Deep Vein Thrombosis
Mark Giles Hamilton,https://profiles.ucalgary.ca/mark-giles-hamilton,treatment and outcomes,treatment and outcomes,outcomes otolaryngology swallowing (treatment) | Treatment Expectations,treatment and outcomes | treatment outcomes,MTH | MSH,C3665547 | C5940589,yes,outcomes otolaryngology swallowing (treatment) | Treatment Expectations,outcomes otolaryngology swallowing (treatment),Outcomes Treatment,Outcomes Treatment
Mark Giles Hamilton,https://profiles.ucalgary.ca/mark-giles-hamilton,hamilton specializes in paediatric neurosurgery,hamilton specializes in paediatric neurosurgery,hemoglobin Hamilton | HEMOGLOBIN HAMILTON PHENOTYPE | antithrombin III Hamilton,,MTH | MSH,C0062327 | C3889351 | C0103659,yes,hemoglobin Hamilton | HEMOGLOBIN HAMILTON PHENOTYPE | antithrombin III Hamilton,hamilton specializes in paediatric neurosurgery,Hamilton Specializes In Paediatric Neurosurgery,
Mark Giles Hamilton,https://profiles.ucalgary.ca/mark-giles-hamilton,"adult hydrocephalus diagnosis, treatment and outcomes",adult hydrocephalus diagnosis treatment and outcomes,Adult hypophosphatasia | Adult Teratoma | Adult rhabdomyoma | Hydrocephalus | Communicating Hydrocephalus,,MTH,C0268413 | C1368898 | C0334483 | C0020255 | C0009451,yes,Adult hypophosphatasia | Adult Teratoma | Adult rhabdomyoma | Hydrocephalus | Communicating Hydrocephalus,"adult hydrocephalus diagnosis, treatment and outcomes",Adult Hydrocephalus Diagnosis Treatment And Outcomes,
Mark Giles Hamilton,https://profiles.ucalgary.ca/mark-giles-hamilton,outcomes summary of research dr,outcomes summary of research dr,Outcomes Research | Nutrition outcomes | Expected outcomes | R-Outcomes | Elimination outcomes,,MSH | MTH,C0086750 | C0518896 | C2963499 | C5445044 | C0518891,yes,Outcomes Research | Nutrition outcomes | Expected outcomes | R-Outcomes | Elimination outcomes,Outcomes Research,Outcomes Research,Outcomes Research
Mark Giles Hamilton,https://profiles.ucalgary.ca/mark-giles-hamilton,department of pediatrics,department of pediatrics,,,,,no,department of pediatrics,,,
Mark Giles Hamilton,https://profiles.ucalgary.ca/mark-giles-hamilton,cerebrospinal fluid disorders (ishcsf)),cerebrospinal fluid disorders ishcsf,Cerebrospinal fluid circulation disorder | Cerebrospinal fluid leak | Cerebrospinal Fluid Rhinorrhea | Cerebrospinal Fluid Otorrhea | Postoperative cerebrospinal fluid leak,cerebrospinal fluid disorders | cerebrospinal fluid,SNOMEDCT_US | MTH | MSH,C0234558 | C0023182 | C0007815 | C0007814 | C0393976,yes,Cerebrospinal fluid circulation disorder | Cerebrospinal fluid leak | Cerebrospinal Fluid Rhinorrhea | Cerebrospinal Fluid Otorrhea | Postoperative cerebrospinal fluid leak,Cerebrospinal fluid circulation disorder,Cerebrospinal Fluid Disorder,Cerebrospinal Fluid Disorder
Mark Giles Hamilton,https://profiles.ucalgary.ca/mark-giles-hamilton,canadian journal of neurological sciences,canadian journal of neurological sciences,Canadian bluegrass pollen extract | Journal | Neurological Rehabilitation | Neurological observations | Journal Article,,MTH | MSH,C2940183 | C0162443 | C0204096 | C0422837 | C0282420,yes,Canadian bluegrass pollen extract | Journal | Neurological Rehabilitation | Neurological observations | Journal Article,canadian journal of neurological sciences,Canadian Journal Of Neurological Sciences,
Mark Giles Hamilton,https://profiles.ucalgary.ca/mark-giles-hamilton,current main clinical,current main clinical,Current Smoker | Clinical Trials,,MTH,C3241966 | C0008976,yes,Current Smoker | Clinical Trials,current main clinical,Current Main Clinical,Current Main Clinical
Mark Giles Hamilton,https://profiles.ucalgary.ca/mark-giles-hamilton,stroke,stroke,Heat Stroke | Ischemic stroke | Hemorrhagic Stroke | Embolic Stroke,stroke,MTH | MSH,C0018843 | C0948008 | C5234922 | C0262469,yes,Heat Stroke | Ischemic stroke | Hemorrhagic Stroke | Embolic Stroke,Heat Stroke,Stroke,Stroke
Maryam Faiz,https://profiles.ucalgary.ca/maryam-faiz,stroke,stroke,Heat Stroke | Ischemic stroke | Hemorrhagic Stroke | Embolic Stroke,stroke,MTH | MSH,C0018843 | C0948008 | C5234922 | C0262469,yes,Heat Stroke | Ischemic stroke | Hemorrhagic Stroke | Embolic Stroke,Heat Stroke,Stroke,Stroke
Maryam Faiz,https://profiles.ucalgary.ca/maryam-faiz,uncovering new treatments for brain injury,uncovering new treatments for brain injury,Brain Injuries | Cover uncover test | Cover-uncover test (finding) | Major Treatments | Ophthalmology Treatments,treatments brain injury,MTH,C0270611 | C1275994 | C0278243 | C2598130 | C1315028,yes,Brain Injuries | Cover uncover test | Cover-uncover test (finding) | Major Treatments | Ophthalmology Treatments,uncovering new treatments for brain injury,Uncovering New Treatments For Brain Injury,
Maryam Faiz,https://profiles.ucalgary.ca/maryam-faiz,how gut-derived signals can influence their responses,how gut-derived signals can influence their responses,"milk-derived factor | Eosinophil-Derived Neurotoxin | Experience of influence, control, and passivity | Protein Sorting Signals | RNA 3' Polyadenylation Signals",,MTH | MSH,C0651679 | C0059409 | C5970501 | C0887827 | C1136261,yes,"milk-derived factor | Eosinophil-Derived Neurotoxin | Experience of influence, control, and passivity | Protein Sorting Signals | RNA 3' Polyadenylation Signals",how gut-derived signals can influence their responses,Gut Derived Signals Can Influence Their Responses,
Mary Dunbar,https://profiles.ucalgary.ca/mary-dunbar,epidemiology,epidemiology,,epidemiology,,,no,epidemiology,epidemiology,Epidemiology,Epidemiology
Mary Dunbar,https://profiles.ucalgary.ca/mary-dunbar,stroke,stroke,Heat Stroke | Ischemic stroke | Hemorrhagic Stroke | Embolic Stroke,stroke,MTH | MSH,C0018843 | C0948008 | C5234922 | C0262469,yes,Heat Stroke | Ischemic stroke | Hemorrhagic Stroke | Embolic Stroke,Heat Stroke,Stroke,Stroke
Mary Dunbar,https://profiles.ucalgary.ca/mary-dunbar,hypoxic injury,hypoxic injury,Hypoxic-Ischemic Encephalopathy,hypoxic injury,MTH,C0752304,yes,Hypoxic-Ischemic Encephalopathy,hypoxic injury,Hypoxic Injury,Hypoxic Injury
Mary Dunbar,https://profiles.ucalgary.ca/mary-dunbar,fetal neurology,fetal neurology,"Erythroblastosis, Fetal | Fetal Death | Fetal Distress | Fetal Monitoring",,MTH,C0014761 | C0015927 | C0015930 | C0015945,yes,"Erythroblastosis, Fetal | Fetal Death | Fetal Distress | Fetal Monitoring",fetal neurology,Fetal Neurology,Fetal Neurology
Mary Dunbar,https://profiles.ucalgary.ca/mary-dunbar,perinatal brain injury,perinatal brain injury,"Perinatal anoxic-ischemic brain injury | Brain Injuries | Traumatic Brain Injury | Brain Injury, Chronic | Perinatal nonspecific brain dysfunction | Crush injury of brain",perinatal brain injury | perinatal brain | brain injury,SNOMEDCT_US | MTH | MSH,C0475802 | C0270611 | C0876926 | C0751813 | C0456051 | C4303411,yes,"Perinatal anoxic-ischemic brain injury | Brain Injuries | Traumatic Brain Injury | Brain Injury, Chronic | Perinatal nonspecific brain dysfunction | Crush injury of brain",Perinatal anoxic-ischemic brain injury,Perinatal Brain Injury,Perinatal Brain Injury
Matthew Hill,https://profiles.ucalgary.ca/matthew-hill,brain development,brain development,Brain Concussion | Brain Injuries | Brain Neoplasms | Brain Diseases | Pervasive Development Disorder,brain development,MTH,C0006107 | C0270611 | C0006118 | C0006111 | C0524528,yes,Brain Concussion | Brain Injuries | Brain Neoplasms | Brain Diseases | Pervasive Development Disorder,brain development,Brain Development,Brain Development
Matthew Hill,https://profiles.ucalgary.ca/matthew-hill,mental health,mental health,mental health | Mental health treatment,mental health,MTH | SNOMEDCT_US,C0025353 | C0184647,yes,mental health | Mental health treatment,mental health,Mental Health,Mental Health
Matthew Hill,https://profiles.ucalgary.ca/matthew-hill,anxiety disorders,anxiety disorders,Anxiety Disorders | Generalized Anxiety Disorder | Anxiety disorders NEC in MedDRA,anxiety disorders,MTH,C0003469 | C0270549 | C0853381,yes,Anxiety Disorders | Generalized Anxiety Disorder | Anxiety disorders NEC in MedDRA,Anxiety Disorders,Anxiety Disorders,Anxiety Disorders
Matthew Hill,https://profiles.ucalgary.ca/matthew-hill,depression,depression,"Mental Depression | Depressive disorder | Reactive depression | Depression, Postpartum",depression,MTH | MSH,C0011570 | C0011581 | C0011579 | C0221074,yes,"Mental Depression | Depressive disorder | Reactive depression | Depression, Postpartum",Mental Depression,Mental Depression,Mental Depression
Matthew Hill,https://profiles.ucalgary.ca/matthew-hill,endocannabinoid system in the regulation of stress,endocannabinoid system in the regulation of stress,Menstrual Regulation | Endocannabinoids | Down-Regulation | Allosteric Regulation,regulation stress,MTH | MSH,C0025335 | C1172779 | C0013081 | C0002145,yes,Menstrual Regulation | Endocannabinoids | Down-Regulation | Allosteric Regulation,endocannabinoid system in the regulation of stress,Endocannabinoid System In The Regulation Of Stress,
Matthew Hill,https://profiles.ucalgary.ca/matthew-hill,hill lab uses a range of cellular,hill lab uses a range of cellular,Concept model range (foundation metadata concept),,MTH,C3542016,yes,Concept model range (foundation metadata concept),hill lab uses a range of cellular,Hill Lab Uses A Range Of Cellular,
Ethan MacDonald,https://profiles.ucalgary.ca/matthew-macdonald,alzheimer disease,alzheimer disease,Alzheimer's Disease | ALZHEIMER DISEASE 2 | ALZHEIMER DISEASE 4 | Alzheimer Disease 9,alzheimer disease,MTH,C0002395 | C1863051 | C1847200 | C1837149,yes,Alzheimer's Disease | ALZHEIMER DISEASE 2 | ALZHEIMER DISEASE 4 | Alzheimer Disease 9,Alzheimer's Disease,Alzheimer Disease,Alzheimer Disease
Ethan MacDonald,https://profiles.ucalgary.ca/matthew-macdonald,neuroimaging,neuroimaging,Neuroimaging | Functional Neuroimaging,neuroimaging,MTH | MSH,C0679575 | C3178877,yes,Neuroimaging | Functional Neuroimaging,Neuroimaging,Neuroimaging,Neuroimaging
Ethan MacDonald,https://profiles.ucalgary.ca/matthew-macdonald,machine learning,machine learning,Machine Learning | Supervised Machine Learning | Unsupervised Machine Learning | Reinforcement Machine Learning | Representation Machine Learning,machine learning,MSH,C0376284 | C4042903 | C4042902 | C5940531 | C5940532,yes,Machine Learning | Supervised Machine Learning | Unsupervised Machine Learning | Reinforcement Machine Learning | Representation Machine Learning,Machine Learning,Machine Learning,Machine Learning
Ethan MacDonald,https://profiles.ucalgary.ca/matthew-macdonald,stroke,stroke,Heat Stroke | Ischemic stroke | Hemorrhagic Stroke | Embolic Stroke,stroke,MTH | MSH,C0018843 | C0948008 | C5234922 | C0262469,yes,Heat Stroke | Ischemic stroke | Hemorrhagic Stroke | Embolic Stroke,Heat Stroke,Stroke,Stroke
Ethan MacDonald,https://profiles.ucalgary.ca/matthew-macdonald,cerebrovascular imaging,cerebrovascular imaging,Cerebrovascular Disorders | Cerebrovascular accident | Cerebrovascular Insufficiency | Diagnostic Imaging | Radionuclide Imaging,,MTH,C0007820 | C0038454 | C0241832 | C0011923 | C0034606,yes,Cerebrovascular Disorders | Cerebrovascular accident | Cerebrovascular Insufficiency | Diagnostic Imaging | Radionuclide Imaging,cerebrovascular imaging,Cerebrovascular Imaging,Cerebrovascular Imaging
Mayank Goyal,https://profiles.ucalgary.ca/mayank-goyal,stroke,stroke,Heat Stroke | Ischemic stroke | Hemorrhagic Stroke | Embolic Stroke,stroke,MTH | MSH,C0018843 | C0948008 | C5234922 | C0262469,yes,Heat Stroke | Ischemic stroke | Hemorrhagic Stroke | Embolic Stroke,Heat Stroke,Stroke,Stroke
Mayank Goyal,https://profiles.ucalgary.ca/mayank-goyal,diagnostic imaging,diagnostic imaging,Diagnostic Imaging | Dental diagnostic imaging | Diagnostic Imaging Program | Diagnostic radiology/imaging,diagnostic imaging,MTH,C0011923 | C4316938 | C1511878 | C0497102,yes,Diagnostic Imaging | Dental diagnostic imaging | Diagnostic Imaging Program | Diagnostic radiology/imaging,Diagnostic Imaging,Diagnostic Imaging,Diagnostic Imaging
Meghan McDonough,https://profiles.ucalgary.ca/meghan-mcdonough,health behaviour,health behaviour,mental health | Rutter Behaviour Questionnaire,health behaviour,MTH | SNOMEDCT_US,C0025353 | C0475508,yes,mental health | Rutter Behaviour Questionnaire,health behaviour,Health Behaviour,Health Behaviour
Meghan McDonough,https://profiles.ucalgary.ca/meghan-mcdonough,chronic disease,chronic disease,Chronic disease | Chronic Obstructive Airway Disease | Chronic granulomatous disease | Chronic lung disease,chronic disease,MTH,C0008679 | C0024117 | C0018203 | C0746102,yes,Chronic disease | Chronic Obstructive Airway Disease | Chronic granulomatous disease | Chronic lung disease,Chronic disease,Chronic Disease,Chronic Disease
Meghan McDonough,https://profiles.ucalgary.ca/meghan-mcdonough,social relationships in physical activity,social relationships in physical activity,Social relationships | Feels social relationships are satisfying and sufficient,social relationships,MTH | SNOMEDCT_US,C1821395 | C5921966,yes,Social relationships | Feels social relationships are satisfying and sufficient,Social relationships,Social Relationships,Social Relationships
Meghan McDonough,https://profiles.ucalgary.ca/meghan-mcdonough,"health, exercise and sport psychology",health exercise and sport psychology,"mental health | Exercise stress test | OptiFlex Sport | Exercise, Aerobic",health exercise,MTH | MSH,C0025353 | C0015260 | C3871580 | C0001701,yes,"mental health | Exercise stress test | OptiFlex Sport | Exercise, Aerobic","health, exercise and sport psychology",Health Exercise And Sport Psychology,
Meghan McDonough,https://profiles.ucalgary.ca/meghan-mcdonough,exercise and sport psychology,exercise and sport psychology,"Exercise stress test | OptiFlex Sport | Denial (Psychology) | Exercise, Aerobic | Repression, Psychology",exercise sport | sport psychology,MTH | MSH,C0015260 | C3871580 | C0011317 | C0001701 | C0035143,yes,"Exercise stress test | OptiFlex Sport | Denial (Psychology) | Exercise, Aerobic | Repression, Psychology",exercise and sport psychology,Exercise And Sport Psychology,Exercise And Sport Psychology
Meghan McDonough,https://profiles.ucalgary.ca/meghan-mcdonough,funded by the social sciences,funded by the social sciences,"Phobia, Social | Social Problems",funded social | social sciences,MSH,C0031572 | C0037431,yes,"Phobia, Social | Social Problems",funded by the social sciences,Funded By The Social Sciences,
Meghan McDonough,https://profiles.ucalgary.ca/meghan-mcdonough,fostering social outcomes following the pandemic,fostering social outcomes following the pandemic,Fostering of child | Nutrition outcomes | Expected outcomes | R-Outcomes | Elimination outcomes,,MTH,C0344340 | C0518896 | C2963499 | C5445044 | C0518891,yes,Fostering of child | Nutrition outcomes | Expected outcomes | R-Outcomes | Elimination outcomes,fostering social outcomes following the pandemic,Fostering Social Outcomes Following The Pandemic,
Meghan McDonough,https://profiles.ucalgary.ca/meghan-mcdonough,share knowledge for fostering social outcomes,share knowledge for fostering social outcomes,Neighbors and I share information | Knowledge | Adequate Knowledge | Fostering of child | Knowledge Bases,,MTH | MSH,C5575316 | C0376554 | C1998726 | C0344340 | C0022752,yes,Neighbors and I share information | Knowledge | Adequate Knowledge | Fostering of child | Knowledge Bases,share knowledge for fostering social outcomes,Share Knowledge For Fostering Social Outcomes,
Meghan McDonough,https://profiles.ucalgary.ca/meghan-mcdonough,funded by the brawn family foundation,funded by the brawn family foundation,Family psychotherapy,,MTH,C0015618,yes,Family psychotherapy,funded by the brawn family foundation,Funded By The Brawn Family Foundation,
Melanie Noel,https://profiles.ucalgary.ca/melanie-noel,determinants of health,determinants of health,Social Determinants of Health | Commercial Determinants of Health,determinants of health | determinants health,MTH | MSH,C3658315 | C5828614,yes,Social Determinants of Health | Commercial Determinants of Health,Social Determinants of Health,Determinants Of Health,Determinants Of Health
Melanie Noel,https://profiles.ucalgary.ca/melanie-noel,pain,pain,Pain | Chest Pain | Back Pain | Low Back Pain | Abdominal Pain,pain,MTH,C0030193 | C0008031 | C0004604 | C0024031 | C0000737,yes,Pain | Chest Pain | Back Pain | Low Back Pain | Abdominal Pain,Pain,Pain,Pain
Melanie Noel,https://profiles.ucalgary.ca/melanie-noel,psychosocial outcomes,psychosocial outcomes,Psychosocial problem | Nutrition outcomes | Expected outcomes | R-Outcomes | Elimination outcomes,,MTH,C0740697 | C0518896 | C2963499 | C5445044 | C0518891,yes,Psychosocial problem | Nutrition outcomes | Expected outcomes | R-Outcomes | Elimination outcomes,psychosocial outcomes,Psychosocial Outcomes,Psychosocial Outcomes
Melanie Noel,https://profiles.ucalgary.ca/melanie-noel,clinical practice guidelines,clinical practice guidelines,Clinical Practice Guideline | Good Clinical Practice | Published Practice Guidelines | Practice Guidelines as Topic,clinical practice guidelines | clinical practice | practice guidelines,MSH | MTH,C0282451 | C2986419 | C0936005 | C0162793,yes,Clinical Practice Guideline | Good Clinical Practice | Published Practice Guidelines | Practice Guidelines as Topic,Clinical Practice Guideline,Clinical Practice Guideline,Clinical Practice Guideline
Melanie Noel,https://profiles.ucalgary.ca/melanie-noel,post-traumatic stress disorder,post-traumatic stress disorder,Post-Traumatic Stress Disorder | Delayed Onset Post-Traumatic Stress Disorder | Complex post-traumatic stress disorder,post-traumatic stress disorder | post traumatic stress | traumatic stress disorder | post traumatic,MTH | MSH | SNOMEDCT_US,C0038436 | C1136393 | C2733207,yes,Post-Traumatic Stress Disorder | Delayed Onset Post-Traumatic Stress Disorder | Complex post-traumatic stress disorder,Post-Traumatic Stress Disorder,Post Traumatic Stress Disorder,Post Traumatic Stress Disorder
Melanie Noel,https://profiles.ucalgary.ca/melanie-noel,hotchkiss brain institute,hotchkiss brain institute,Brain Concussion | Brain Injuries | Brain Neoplasms | Brain Diseases,,MTH,C0006107 | C0270611 | C0006118 | C0006111,yes,Brain Concussion | Brain Injuries | Brain Neoplasms | Brain Diseases,hotchkiss brain institute,Hotchkiss Brain Institute,Hotchkiss Brain Institute
Melanie Noel,https://profiles.ucalgary.ca/melanie-noel,cognitive behavioral therapy,cognitive behavioral therapy,Cognitive behavioral language therapy | Generic cognitive behavioral therapy | Computerized cognitive behavioral therapy | Cognitive behavioral therapy for insomnia,cognitive behavioral therapy | cognitive behavioral | behavioral therapy,SNOMEDCT_US,C0589193 | C0579049 | C1998288 | C4763869,yes,Cognitive behavioral language therapy | Generic cognitive behavioral therapy | Computerized cognitive behavioral therapy | Cognitive behavioral therapy for insomnia,Generic cognitive behavioral therapy,Cognitive Behavioral Therapy,Cognitive Behavioral Therapy
Melanie Noel,https://profiles.ucalgary.ca/melanie-noel,migraine,migraine,Migraine Disorders | Common Migraine | Abdominal Migraine | Ophthalmoplegic Migraine | Hemiplegic migraine,migraine,MTH | MSH | SNOMEDCT_US,C0149931 | C0338480 | C0270858 | C0221058 | C0270862,yes,Migraine Disorders | Common Migraine | Abdominal Migraine | Ophthalmoplegic Migraine | Hemiplegic migraine,Migraine Disorders,Migraine Disorders,Migraine Disorders
Melanie Noel,https://profiles.ucalgary.ca/melanie-noel,sport-related concussion,sport-related concussion,OptiFlex Sport | Related (finding) | Age related macular degeneration | AIDS related complex | Procedure-related,sport related | related concussion,MTH,C3871580 | C0445223 | C0242383 | C0001857 | C2924519,yes,OptiFlex Sport | Related (finding) | Age related macular degeneration | AIDS related complex | Procedure-related,sport-related concussion,Sport Related Concussion,Sport Related Concussion
Melanie Noel,https://profiles.ucalgary.ca/melanie-noel,depression,depression,"Mental Depression | Depressive disorder | Reactive depression | Depression, Postpartum",depression,MTH | MSH,C0011570 | C0011581 | C0011579 | C0221074,yes,"Mental Depression | Depressive disorder | Reactive depression | Depression, Postpartum",Mental Depression,Mental Depression,Mental Depression
Melanie Noel,https://profiles.ucalgary.ca/melanie-noel,sleep quality,sleep quality,Quality of sleep | Sleep Quality Question | Pittsburgh sleep quality index | Good quality of sleep,sleep quality,MTH | SNOMEDCT_US,C0424563 | C4082202 | C3697468 | C5924884,yes,Quality of sleep | Sleep Quality Question | Pittsburgh sleep quality index | Good quality of sleep,Sleep Quality Question,Sleep Quality,Sleep Quality
Melanie Noel,https://profiles.ucalgary.ca/melanie-noel,health-related quality of life in pediatric all survivors,health-related quality of life in pediatric all survivors,Gastroesophageal Reflux Disease-Health Related Quality of Life questionnaire,health related quality | related quality life,SNOMEDCT_US,C5396618,yes,Gastroesophageal Reflux Disease-Health Related Quality of Life questionnaire,Gastroesophageal Reflux Disease-Health Related Quality of Life questionnaire,Health Related Quality Of Life,
Melanie Rock,https://profiles.ucalgary.ca/melanie-rock,chronic disease,chronic disease,Chronic disease | Chronic Obstructive Airway Disease | Chronic granulomatous disease | Chronic lung disease,chronic disease,MTH,C0008679 | C0024117 | C0018203 | C0746102,yes,Chronic disease | Chronic Obstructive Airway Disease | Chronic granulomatous disease | Chronic lung disease,Chronic disease,Chronic Disease,Chronic Disease
Melanie Rock,https://profiles.ucalgary.ca/melanie-rock,positive influences on mental,positive influences on mental,Positive | False Positive | Mental Depression | Mental disorders | Mental Retardation,,MTH,C1446409 | C0205557 | C0011570 | C0004936 | C0025362,yes,Positive | False Positive | Mental Depression | Mental disorders | Mental Retardation,positive influences on mental,Positive Influences On Mental,Positive Influences On Mental
Melanie Rock,https://profiles.ucalgary.ca/melanie-rock,social well-being,social well-being,Psychological Well Being | Emotional Well-being | Overall Well-Being | Physical Well-being | Spiritual Well Being,well being,MTH,C0424578 | C2984554 | C3813622 | C0517226 | C1998888,yes,Psychological Well Being | Emotional Well-being | Overall Well-Being | Physical Well-being | Spiritual Well Being,Physical Well-being,Social Well-Being,Social Well-Being
Melinda Jane Davis,https://profiles.ucalgary.ca/melinda-jane-davis,interventional neuroradiology procedures,interventional neuroradiology procedures,Interventional procedure | Neurosurgical Procedures | Interventional Study | Diagnostic service - neuroradiology lab,interventional neuroradiology,MTH,C0184661 | C0524850 | C3274035 | C2183225,yes,Interventional procedure | Neurosurgical Procedures | Interventional Study | Diagnostic service - neuroradiology lab,Interventional procedure,Interventional Procedure,Interventional Procedure
Michael Adrian Colicos,https://profiles.ucalgary.ca/michael-adrian-colicos,autism,autism,Autistic Disorder | Autism suspected,autism,MTH | SNOMEDCT_US,C0004352 | C1303176,yes,Autistic Disorder | Autism suspected,Autistic Disorder,Autistic,Autistic
Michael Adrian Colicos,https://profiles.ucalgary.ca/michael-adrian-colicos,epilepsy,epilepsy,"Epilepsy | Absence Epilepsy | Tonic-Clonic Epilepsy | Epilepsy, Complex Partial",epilepsy,MTH | MSH,C0014544 | C0014553 | C0014549 | C0085417,yes,"Epilepsy | Absence Epilepsy | Tonic-Clonic Epilepsy | Epilepsy, Complex Partial",Epilepsy,Epilepsy,Epilepsy
Michael Adrian Colicos,https://profiles.ucalgary.ca/michael-adrian-colicos,molecular mechanisms,molecular mechanisms,Molecular Mechanisms of Pharmacological Action,molecular mechanisms,MSH,C1258062,yes,Molecular Mechanisms of Pharmacological Action,Molecular Mechanisms of Pharmacological Action,Molecular Mechanisms Of Pharmacological,Molecular Mechanisms Of Pharmacological
Michael Adrian Colicos,https://profiles.ucalgary.ca/michael-adrian-colicos,study of synaptic physiology,study of synaptic physiology,physiological aspects | Cell physiology | Respiratory physiology | Synaptic Transmission | Synaptic Receptors,,MTH | MSH,C0031843 | C0007613 | C0035245 | C0027793 | C0039064,yes,physiological aspects | Cell physiology | Respiratory physiology | Synaptic Transmission | Synaptic Receptors,study of synaptic physiology,Study Of Synaptic Physiology,
Michael Adrian Colicos,https://profiles.ucalgary.ca/michael-adrian-colicos,developmental synaptogenesis,developmental synaptogenesis,"Developmental Disabilities | Developmental delay | Reading Disorder, Developmental | Developmental Coordination Disorder",,MTH,C0008073 | C0424605 | C0920296 | C0011757,yes,"Developmental Disabilities | Developmental delay | Reading Disorder, Developmental | Developmental Coordination Disorder",developmental synaptogenesis,Developmental Synaptogenesis,Developmental Synaptogenesis
Michael Adrian Colicos,https://profiles.ucalgary.ca/michael-adrian-colicos,neuronal circuit formation,neuronal circuit formation,Neuronal Ceroid-Lipofuscinoses | Neuronal heterotopia | Rouleaux formation | Rosette formation | Neuronal and mixed neuronal-glial tumor,,MTH | SNOMEDCT_US,C0027877 | C0266491 | C0221285 | C0035863 | C0474844,yes,Neuronal Ceroid-Lipofuscinoses | Neuronal heterotopia | Rouleaux formation | Rosette formation | Neuronal and mixed neuronal-glial tumor,neuronal circuit formation,Neuronal Circuit Formation,Neuronal Circuit Formation
Michael Christopher Antle,https://profiles.ucalgary.ca/michael-christopher-antle,circadian clock controls easily measurable behavioral,circadian clock controls easily measurable behavioral,,,,,no,circadian clock controls easily measurable behavioral,circadian clock controls easily measurable behavioral,Circadian Clock Controls Easily Measurable Behavioral,
Michael Christopher Antle,https://profiles.ucalgary.ca/michael-christopher-antle,physiological processes,physiological processes,Physiological Processes | Cell Physiological Processes,physiological processes,MTH | MSH,C0031845 | C2350484,yes,Physiological Processes | Cell Physiological Processes,Physiological Processes,Physiological Processes,Physiological Processes
Michael Esser,https://profiles.ucalgary.ca/michael-esser,brain injury,brain injury,"Brain Injuries | Traumatic Brain Injury | Brain Injury, Chronic | Crush injury of brain | Injury of parenchyma of brain",brain injury,MTH | MSH | SNOMEDCT_US,C0270611 | C0876926 | C0751813 | C4303411 | C5880441,yes,"Brain Injuries | Traumatic Brain Injury | Brain Injury, Chronic | Crush injury of brain | Injury of parenchyma of brain",Traumatic Brain Injury,Brain Injury,Brain Injury
Michael Esser,https://profiles.ucalgary.ca/michael-esser,neurocritical care,neurocritical care,,,,,no,neurocritical care,neurocritical care,Neurocritical Care,Neurocritical Care
Michael Esser,https://profiles.ucalgary.ca/michael-esser,determinants of health,determinants of health,Social Determinants of Health | Commercial Determinants of Health,determinants of health | determinants health,MTH | MSH,C3658315 | C5828614,yes,Social Determinants of Health | Commercial Determinants of Health,Social Determinants of Health,Social Determinants Of Health,Social Determinants Of Health
Michael Esser,https://profiles.ucalgary.ca/michael-esser,health outcomes,health outcomes,Health behavior outcomes,health outcomes,MTH,C0518902,yes,Health behavior outcomes,Health behavior outcomes,Health Outcomes,Health Outcomes
Michael Esser,https://profiles.ucalgary.ca/michael-esser,novel therapeutics,novel therapeutics,literary novel | Therapeutic procedure | Graphic Novel | novel human deoxyribonuclease,,MTH | MSH,C0679622 | C0087111 | C4042926 | C0537310,yes,literary novel | Therapeutic procedure | Graphic Novel | novel human deoxyribonuclease,novel therapeutics,Novel Therapeutics,Novel Therapeutics
Michael Esser,https://profiles.ucalgary.ca/michael-esser,pediatric brain injury,pediatric brain injury,"Brain Injuries | Traumatic Brain Injury | Brain Injury, Chronic | Crush injury of brain | Injury of parenchyma of brain",brain injury,MTH | MSH | SNOMEDCT_US,C0270611 | C0876926 | C0751813 | C4303411 | C5880441,yes,"Brain Injuries | Traumatic Brain Injury | Brain Injury, Chronic | Crush injury of brain | Injury of parenchyma of brain",Traumatic Brain Injury,Brain Injury,Brain Injury
Michael Esser,https://profiles.ucalgary.ca/michael-esser,factors affecting selective cellular vulnerability to injury,factors affecting selective cellular vulnerability to injury,,,,,no,factors affecting selective cellular vulnerability to injury,factors affecting selective cellular vulnerability to injury,Factors Affecting Selective Cellular Vulnerability To Injury,
Michael Esser,https://profiles.ucalgary.ca/michael-esser,"brain injury, neurocritical care, translational biology",brain injury neurocritical care translational biology,Brain Injuries,,MTH,C0270611,yes,Brain Injuries,"brain injury, neurocritical care, translational biology",Brain Injury Neurocritical Care Translational Biology,
Michael Esser,https://profiles.ucalgary.ca/michael-esser,"""environmental"" risk modifiiers",environmental risk modifiiers,Environmental risk protection | Environmental risk assessment declined | Environmental risk assessment default,environmental risk,SNOMEDCT_US,C0886174 | C1319836 | C1319834,yes,Environmental risk protection | Environmental risk assessment declined | Environmental risk assessment default,Environmental risk protection,Environmental Risk,Environmental Risk
Michael Esser,https://profiles.ucalgary.ca/michael-esser,effect of cns injury at the cellular,effect of cns injury at the cellular,Toxic effect | Traumatic injury | Traumatic AND/OR non-traumatic injury | Pressure injury | Burn injury,,MTH,C0600688 | C3263723 | C3263722 | C4554531 | C0006434,yes,Toxic effect | Traumatic injury | Traumatic AND/OR non-traumatic injury | Pressure injury | Burn injury,effect of cns injury at the cellular,Effect Of Cns Injury At The Cellular,
Michael Esser,https://profiles.ucalgary.ca/michael-esser,"environmental (physical, social, psychological",environmental physical social psychological,"Environmental Illness | Physical therapy | Physical abuse | Phobia, Social | Social Problems",environmental physical,MTH | MSH,C0282504 | C0949766 | C1621955 | C0031572 | C0037431,yes,"Environmental Illness | Physical therapy | Physical abuse | Phobia, Social | Social Problems","environmental (physical, social, psychological",Environmental Physical Social Psychological,Environmental Physical Social Psychological
Michael Esser,https://profiles.ucalgary.ca/michael-esser,"promote development of novel markers of ""injury"" trajectory",promote development of novel markers of injury trajectory,,,,,no,promote development of novel markers of injury trajectory,"promote development of novel markers of ""injury"" trajectory",Promote Development Of Novel Markers Of Injury Trajectory,
Michael Hill,https://profiles.ucalgary.ca/michael-hill,epidemiology,epidemiology,,epidemiology,,,no,epidemiology,epidemiology,Epidemiology,Epidemiology
Michael Hill,https://profiles.ucalgary.ca/michael-hill,stroke,stroke,Heat Stroke | Ischemic stroke | Hemorrhagic Stroke | Embolic Stroke,stroke,MTH | MSH,C0018843 | C0948008 | C5234922 | C0262469,yes,Heat Stroke | Ischemic stroke | Hemorrhagic Stroke | Embolic Stroke,Heat Stroke,Stroke,Stroke
Michael Patrick Walsh,https://profiles.ucalgary.ca/michael-patrick-walsh,cell signaling,cell signaling,mesenchymal-epithelial cell signaling | epithelial-mesenchymal cell signaling | mesodermal-endodermal cell signaling | endodermal-mesodermal cell signaling,cell signaling,MTH,C2752865 | C2752912 | C2753529 | C2753531,yes,mesenchymal-epithelial cell signaling | epithelial-mesenchymal cell signaling | mesodermal-endodermal cell signaling | endodermal-mesodermal cell signaling,mesodermal-endodermal cell signaling,Cell Signaling,Cell Signaling
Michael Patrick Walsh,https://profiles.ucalgary.ca/michael-patrick-walsh,muscle contraction,muscle contraction,Muscle Contraction,muscle contraction,MTH,C0026820,yes,Muscle Contraction,Muscle Contraction,Muscle Contraction,Muscle Contraction
Michael Patrick Walsh,https://profiles.ucalgary.ca/michael-patrick-walsh,protein phosphorylation,protein phosphorylation,"Protein phosphorylation | Ccdc88a protein, mouse | Cabyr protein, mouse | CABYR protein, human",protein phosphorylation,MTH | MSH,C1158886 | C1611976 | C1432956 | C1120831,yes,"Protein phosphorylation | Ccdc88a protein, mouse | Cabyr protein, mouse | CABYR protein, human",Protein phosphorylation,Protein Phosphorylation,Protein Phosphorylation
Micheil Innes,https://profiles.ucalgary.ca/micheil-innes,genetic disorders,genetic disorders,Genetic obesity disorder | Genetic susceptibility to genetic disorder | Genetic Carriers | Imprinting Disorders,genetic disorders,SNOMEDCT_US | MTH | MSH,C6008360 | C4510149 | C0007294 | C5816793,yes,Genetic obesity disorder | Genetic susceptibility to genetic disorder | Genetic Carriers | Imprinting Disorders,Genetic obesity disorder,Genetic Disorder,Genetic Disorder
Micheil Innes,https://profiles.ucalgary.ca/micheil-innes,rare diseases,rare diseases,Rare Diseases,rare diseases,MSH,C0678236,yes,Rare Diseases,Rare Diseases,Rare Diseases,Rare Diseases
Micheil Innes,https://profiles.ucalgary.ca/micheil-innes,previously identified rare genetic syndromes,previously identified rare genetic syndromes,Tooth previously extracted | Previously Treated Childhood Rhabdomyosarcoma | Adverse event previously reported | Identified By | Container status - Identified,,MTH,C1317784 | C0796528 | C1115086 | C5236074 | C1550043,yes,Tooth previously extracted | Previously Treated Childhood Rhabdomyosarcoma | Adverse event previously reported | Identified By | Container status - Identified,previously identified rare genetic syndromes,Previously Identified Rare Genetic Syndromes,
Micheil Innes,https://profiles.ucalgary.ca/micheil-innes,identifying the molecular basis of rare genetic disease,identifying the molecular basis of rare genetic disease,,,,,no,identifying the molecular basis of rare genetic disease,identifying the molecular basis of rare genetic disease,Identifying The Molecular Basis Of Rare Genetic Disease,
Micheil Innes,https://profiles.ucalgary.ca/micheil-innes,clinical genetics of canadian founder populations,clinical genetics of canadian founder populations,Clinical Trials | Canadian bluegrass pollen extract,,MTH,C0008976 | C2940183,yes,Clinical Trials | Canadian bluegrass pollen extract,clinical genetics of canadian founder populations,Clinical Genetics Of Canadian Founder Populations,
Micheil Innes,https://profiles.ucalgary.ca/micheil-innes,clinical translation of research findings,clinical translation of research findings,Clinical Trials | Language Translation (publication) | research | Research Design | Knowledge Translation,,MTH | MSH,C0008976 | C0040712 | C0035168 | C0035171 | C3494164,yes,Clinical Trials | Language Translation (publication) | research | Research Design | Knowledge Translation,clinical translation of research findings,Clinical Translation Of Research Findings,
Micheil Innes,https://profiles.ucalgary.ca/micheil-innes,overall aim of my clinical,overall aim of my clinical,Overall Publication Type | Overall Well-Being | Best Overall Response | Clinical Trials | Overall EMG pattern,,MTH | SNOMEDCT_US,C0282416 | C3813622 | C2986560 | C0008976 | C0455751,yes,Overall Publication Type | Overall Well-Being | Best Overall Response | Clinical Trials | Overall EMG pattern,overall aim of my clinical,Overall Aim Of My Clinical,
Micheil Innes,https://profiles.ucalgary.ca/micheil-innes,non- specialist physicians on recognition of rare diseases,non- specialist physicians on recognition of rare diseases,,,,,no,non- specialist physicians on recognition of rare diseases,non- specialist physicians on recognition of rare diseases,Non Specialist Physicians On Recognition Of Rare Diseases,
Minh Dang Nguyen,https://profiles.ucalgary.ca/minh-dang-nguyen,alzheimer disease,alzheimer disease,Alzheimer's Disease | ALZHEIMER DISEASE 2 | ALZHEIMER DISEASE 4 | Alzheimer Disease 9,alzheimer disease,MTH,C0002395 | C1863051 | C1847200 | C1837149,yes,Alzheimer's Disease | ALZHEIMER DISEASE 2 | ALZHEIMER DISEASE 4 | Alzheimer Disease 9,Alzheimer's Disease,Alzheimer Disease,Alzheimer Disease
Minh Dang Nguyen,https://profiles.ucalgary.ca/minh-dang-nguyen,gut microbiome-brain axis,gut microbiome-brain axis,Brain Concussion | Brain Injuries | Brain Neoplasms | Brain Diseases,gut microbiome-brain axis | gut microbiome brain | microbiome brain axis | gut microbiome,MTH,C0006107 | C0270611 | C0006118 | C0006111,yes,Brain Concussion | Brain Injuries | Brain Neoplasms | Brain Diseases,gut microbiome-brain axis,Gut Microbiome Brain Axis,Gut Microbiome Brain Axis
Mohammad Hajiazim,https://profiles.ucalgary.ca/mohammad-hajiazim,hyper somnolence disorders,hyper somnolence disorders,Disorders of Excessive Somnolence,somnolence disorders,MSH,C0020524,yes,Disorders of Excessive Somnolence,Disorders of Excessive Somnolence,Disorders Of Somnolence,Disorders Of Somnolence
Mohammed Almekhlafi,https://profiles.ucalgary.ca/mohammed-almekhlafi,stroke,stroke,Heat Stroke | Ischemic stroke | Hemorrhagic Stroke | Embolic Stroke,stroke,MTH | MSH,C0018843 | C0948008 | C5234922 | C0262469,yes,Heat Stroke | Ischemic stroke | Hemorrhagic Stroke | Embolic Stroke,Heat Stroke,Stroke,Stroke
Mohammed Almekhlafi,https://profiles.ucalgary.ca/mohammed-almekhlafi,endovascular thrombectomy,endovascular thrombectomy,Endovascular thrombectomy of abdominal vein,endovascular thrombectomy,SNOMEDCT_US,C4041314,yes,Endovascular thrombectomy of abdominal vein,Endovascular thrombectomy of abdominal vein,Endovascular Thrombectomy,Endovascular Thrombectomy
Mohammed Almekhlafi,https://profiles.ucalgary.ca/mohammed-almekhlafi,brain aneurysms,brain aneurysms,Brain Aneurysm | Coating of aneurysm of brain,brain aneurysms,MSH | SNOMEDCT_US,C0751003 | C0190516,yes,Brain Aneurysm | Coating of aneurysm of brain,Brain Aneurysm,Brain Aneurysm,Brain Aneurysm
Mohammed Almekhlafi,https://profiles.ucalgary.ca/mohammed-almekhlafi,novel imaging,novel imaging,literary novel | Diagnostic Imaging | Radionuclide Imaging | Magnetic Resonance Imaging | Imaging Techniques,,MTH,C0679622 | C0011923 | C0034606 | C0024485 | C0079595,yes,literary novel | Diagnostic Imaging | Radionuclide Imaging | Magnetic Resonance Imaging | Imaging Techniques,novel imaging,Novel Imaging,Novel Imaging
Mohammed Almekhlafi,https://profiles.ucalgary.ca/mohammed-almekhlafi,therapeutic techniques,therapeutic techniques,Psychotherapy Therapeutic Techniques | Massage and Body Therapeutic Techniques | Therapeutic community technique,therapeutic techniques,MTH,C0237915 | C1513003 | C0039786,yes,Psychotherapy Therapeutic Techniques | Massage and Body Therapeutic Techniques | Therapeutic community technique,Therapeutic community technique,Therapeutic Community Technique,Therapeutic Community Technique
Mohammed Almekhlafi,https://profiles.ucalgary.ca/mohammed-almekhlafi,studying selective brain hypothermia,studying selective brain hypothermia,Nerve conduction study | Infertility study | Esophageal motility study | Selective Mutism | Brain Concussion,,MTH,C0200125 | C0200069 | C0203769 | C0236818 | C0006107,yes,Nerve conduction study | Infertility study | Esophageal motility study | Selective Mutism | Brain Concussion,studying selective brain hypothermia,Studying Selective Brain Hypothermia,Studying Selective Brain Hypothermia
Mohammed Almekhlafi,https://profiles.ucalgary.ca/mohammed-almekhlafi,its neuroprotective effects,its neuroprotective effects,Adverse effects | Effects of radiation | Neuroprotective Agents,neuroprotective effects,MTH | MSH,C0879626 | C0034525 | C0242912,yes,Adverse effects | Effects of radiation | Neuroprotective Agents,its neuroprotective effects,Neuroprotective Effects,Neuroprotective Effects
Mohammed Almekhlafi,https://profiles.ucalgary.ca/mohammed-almekhlafi,its potential neuroprotective effects,its potential neuroprotective effects,Adverse effects | Effects of radiation | Neuroprotective Agents,neuroprotective effects,MTH | MSH,C0879626 | C0034525 | C0242912,yes,Adverse effects | Effects of radiation | Neuroprotective Agents,its potential neuroprotective effects,Potential Neuroprotective Effects,Potential Neuroprotective Effects
Mohammed Kalathil,https://profiles.ucalgary.ca/mohammed-kalathil,neuroimaging,neuroimaging,Neuroimaging | Functional Neuroimaging,neuroimaging,MTH | MSH,C0679575 | C3178877,yes,Neuroimaging | Functional Neuroimaging,Neuroimaging,Neuroimaging,Neuroimaging
Mohammed Kalathil,https://profiles.ucalgary.ca/mohammed-kalathil,mental health,mental health,mental health | Mental health treatment,mental health,MTH | SNOMEDCT_US,C0025353 | C0184647,yes,mental health | Mental health treatment,mental health,Mental Health,Mental Health
Monty Ghosh,https://profiles.ucalgary.ca/monty-ghosh,health systems,health systems,Health Systems Plans | Health Information Systems,health systems,MTH | MSH,C0018764 | C0679918,yes,Health Systems Plans | Health Information Systems,Health Systems Plans,Health Systems,Health Systems
Monty Ghosh,https://profiles.ucalgary.ca/monty-ghosh,chronic disease,chronic disease,Chronic disease | Chronic Obstructive Airway Disease | Chronic granulomatous disease | Chronic lung disease,chronic disease,MTH,C0008679 | C0024117 | C0018203 | C0746102,yes,Chronic disease | Chronic Obstructive Airway Disease | Chronic granulomatous disease | Chronic lung disease,Chronic disease,Chronic Disease,Chronic Disease
Monty Ghosh,https://profiles.ucalgary.ca/monty-ghosh,health inequity,health inequity,mental health,health inequity,MTH,C0025353,yes,mental health,health inequity,Health Inequity,Health Inequity
Monty Ghosh,https://profiles.ucalgary.ca/monty-ghosh,high-acuity service utilization,high-acuity service utilization,Counselling service | Auditory Acuity,,MTH | MSH,C0542296 | C0679027,yes,Counselling service | Auditory Acuity,high-acuity service utilization,High Acuity Service Utilization,High Acuity Service Utilization
Monty Ghosh,https://profiles.ucalgary.ca/monty-ghosh,healthcare and homelessness,healthcare and homelessness,Healthcare Proxy | Homelessness | Sheltered homelessness | Unsheltered homelessness | Feature of homelessness,healthcare and homelessness | healthcare homelessness,MTH | SNOMEDCT_US,C2985545 | C0237154 | C5539300 | C5539301 | C1286382,yes,Healthcare Proxy | Homelessness | Sheltered homelessness | Unsheltered homelessness | Feature of homelessness,healthcare and homelessness,Healthcare And Homelessness,Healthcare And Homelessness
Monty Ghosh,https://profiles.ucalgary.ca/monty-ghosh,health and corrections,health and corrections,mental health,,MTH,C0025353,yes,mental health,health and corrections,Health And Corrections,Health And Corrections
Monty Ghosh,https://profiles.ucalgary.ca/monty-ghosh,work has been supported by health canada,work has been supported by health canada,Informal caregiver supported | Supported intelligibility approach,,SNOMEDCT_US,C0557498 | C0589180,yes,Informal caregiver supported | Supported intelligibility approach,work has been supported by health canada,Work Has Been Supported By Health Canada,
Monty Ghosh,https://profiles.ucalgary.ca/monty-ghosh,alberta health,alberta health,hemoglobin Alberta | HEMOGLOBIN ALBERTA PHENOTYPE | mental health,,MTH,C0062241 | C3891415 | C0025353,yes,hemoglobin Alberta | HEMOGLOBIN ALBERTA PHENOTYPE | mental health,alberta health,Alberta Health,Alberta Health
Monty Ghosh,https://profiles.ucalgary.ca/monty-ghosh,canadian institutes of health research,canadian institutes of health research,National Institutes of Health stroke scale | Canadian bluegrass pollen extract | mental health,,SNOMEDCT_US | MTH,C3472496 | C2940183 | C0025353,yes,National Institutes of Health stroke scale | Canadian bluegrass pollen extract | mental health,National Institutes of Health stroke scale,National Institutes Of Health,National Institutes Of Health
Monty Ghosh,https://profiles.ucalgary.ca/monty-ghosh,strengthening health equity,strengthening health equity,mental health | Weight-Bearing Strengthening Program | Weight-Lifting Strengthening Program | Kinetic activities for strengthening,health equity,MTH | MSH | SNOMEDCT_US,C0025353 | C2350268 | C2350267 | C0203999,yes,mental health | Weight-Bearing Strengthening Program | Weight-Lifting Strengthening Program | Kinetic activities for strengthening,strengthening health equity,Strengthening Health Equity,Strengthening Health Equity
Morris Scantlebury,https://profiles.ucalgary.ca/morris-scantlebury,characterization of models of pediatric epilepsy syndromes,characterization of models of pediatric epilepsy syndromes,"Pediatric Obesity | Models, Statistical | Models, Chemical | Models, Nursing",,MTH | MSH,C2362324 | C0026348 | C0026341 | C0079849,yes,"Pediatric Obesity | Models, Statistical | Models, Chemical | Models, Nursing",characterization of models of pediatric epilepsy syndromes,Characterization Of Models Of Pediatric Epilepsy Syndromes,
Morris Scantlebury,https://profiles.ucalgary.ca/morris-scantlebury,epilepsy,epilepsy,"Epilepsy | Absence Epilepsy | Tonic-Clonic Epilepsy | Epilepsy, Complex Partial",epilepsy,MTH | MSH,C0014544 | C0014553 | C0014549 | C0085417,yes,"Epilepsy | Absence Epilepsy | Tonic-Clonic Epilepsy | Epilepsy, Complex Partial",Epilepsy,Epilepsy,Epilepsy
Morris Scantlebury,https://profiles.ucalgary.ca/morris-scantlebury,hotchkiss brain institute,hotchkiss brain institute,Brain Concussion | Brain Injuries | Brain Neoplasms | Brain Diseases,,MTH,C0006107 | C0270611 | C0006118 | C0006111,yes,Brain Concussion | Brain Injuries | Brain Neoplasms | Brain Diseases,hotchkiss brain institute,Hotchkiss Brain Institute,Hotchkiss Brain Institute
Morris Scantlebury,https://profiles.ucalgary.ca/morris-scantlebury,responses to inflammation,responses to inflammation,Inflammation | Ear Inflammation | Bubo Inflammation | Gummatous inflammation | Coping Responses Inventory,responses to inflammation | responses inflammation,MTH | MSH,C0021368 | C0029877 | C0221382 | C0333422 | C0475490,yes,Inflammation | Ear Inflammation | Bubo Inflammation | Gummatous inflammation | Coping Responses Inventory,responses to inflammation,Responses To Inflammation,Responses To Inflammation
Morris Scantlebury,https://profiles.ucalgary.ca/morris-scantlebury,inflammation,inflammation,Inflammation | Ear Inflammation | Bubo Inflammation | Gummatous inflammation | Eosinophilic inflammation,inflammation,MTH | SNOMEDCT_US,C0021368 | C0029877 | C0221382 | C0333422 | C3687252,yes,Inflammation | Ear Inflammation | Bubo Inflammation | Gummatous inflammation | Eosinophilic inflammation,Inflammation,Inflammation,Inflammation
Morris Scantlebury,https://profiles.ucalgary.ca/morris-scantlebury,made available for use in clinical practice,made available for use in clinical practice,No Information Available | Clinical Trials | Equipment available | No help available,,MTH | SNOMEDCT_US,C1546437 | C0008976 | C4543677 | C0557465,yes,No Information Available | Clinical Trials | Equipment available | No help available,made available for use in clinical practice,Made Available For Use In Clinical Practice,
Morris Scantlebury,https://profiles.ucalgary.ca/morris-scantlebury,journal article pediatric epilepsy outcomes,journal article pediatric epilepsy outcomes,Journal Article | Introductory Journal Article | Journal | Pediatric Obesity,,MSH | MTH,C0282420 | C1956026 | C0162443 | C2362324,yes,Journal Article | Introductory Journal Article | Journal | Pediatric Obesity,Journal Article,Journal Article,Journal Article
Nathalie Jette,https://profiles.ucalgary.ca/nathalie-jette,epilepsy & other neuro conditions,epilepsy other neuro conditions,Epilepsy | Absence Epilepsy | Tonic-Clonic Epilepsy | Other hemoglobinopathies | Other cataract,,MTH,C0014544 | C0014553 | C0014549 | C0029632 | C0029531,yes,Epilepsy | Absence Epilepsy | Tonic-Clonic Epilepsy | Other hemoglobinopathies | Other cataract,epilepsy & other neuro conditions,Epilepsy Other Neuro Conditions,Epilepsy Other Neuro Conditions
Nathalie Jette,https://profiles.ucalgary.ca/nathalie-jette,health services research,health services research,Health Services Research | Health Services Accessibility,health services research | health services | services research,MTH,C0018757 | C0018748,yes,Health Services Research | Health Services Accessibility,Health Services Research,Health Services Research,Health Services Research
Nathalie Jette,https://profiles.ucalgary.ca/nathalie-jette,health systems,health systems,Health Systems Plans | Health Information Systems,health systems,MTH | MSH,C0018764 | C0679918,yes,Health Systems Plans | Health Information Systems,Health Systems Plans,Health Systems,Health Systems
Nathalie Jette,https://profiles.ucalgary.ca/nathalie-jette,epidemiology,epidemiology,,epidemiology,,,no,epidemiology,epidemiology,Epidemiology,Epidemiology
Nathalie Jette,https://profiles.ucalgary.ca/nathalie-jette,outcomes research,outcomes research,Outcomes Research,outcomes research,MSH,C0086750,yes,Outcomes Research,Outcomes Research,Outcomes Research,Outcomes Research
Nathalie Jette,https://profiles.ucalgary.ca/nathalie-jette,mental health comorbidity,mental health comorbidity,mental health | Mental health treatment,mental health,MTH | SNOMEDCT_US,C0025353 | C0184647,yes,mental health | Mental health treatment,mental health,Mental Health,Mental Health
Naweed Imam Syed,https://profiles.ucalgary.ca/naweed-imam-syed,molecular mechanisms,molecular mechanisms,Molecular Mechanisms of Pharmacological Action,molecular mechanisms,MSH,C1258062,yes,Molecular Mechanisms of Pharmacological Action,Molecular Mechanisms of Pharmacological Action,Molecular Mechanisms,Molecular Mechanisms
Naweed Imam Syed,https://profiles.ucalgary.ca/naweed-imam-syed,molecular mechanisms underlying nervous system development,molecular mechanisms underlying nervous system development,,molecular mechanisms,,,no,molecular mechanisms underlying nervous system development,molecular mechanisms underlying nervous system development,Molecular Mechanisms Underlying Nervous System Development,
Naweed Imam Syed,https://profiles.ucalgary.ca/naweed-imam-syed,underlying molecular cascade,underlying molecular cascade,protein activation cascade | Cervical Hypertrichosis with Underlying Kyphoscoliosis | Cascade Blue | Alopecia due to underlying disease | Cascade stomach,,MTH | MSH | SNOMEDCT_US,C3156336 | C1861695 | C0081929 | C1304391 | C0267183,yes,protein activation cascade | Cervical Hypertrichosis with Underlying Kyphoscoliosis | Cascade Blue | Alopecia due to underlying disease | Cascade stomach,underlying molecular cascade,Underlying Molecular Cascade,Underlying Molecular Cascade
Nicole Letourneau,https://profiles.ucalgary.ca/nicole-letourneau,social support,social support,Inadequate social support | Social support status | Good social support,social support,MTH | SNOMEDCT_US,C2364105 | C0516920 | C5546367,yes,Inadequate social support | Social support status | Good social support,Good social support,Social Support,Social Support
Nicole Letourneau,https://profiles.ucalgary.ca/nicole-letourneau,maternal mental health,maternal mental health,mental health | Mental health treatment,mental health,MTH | SNOMEDCT_US,C0025353 | C0184647,yes,mental health | Mental health treatment,mental health,Mental Health,Mental Health
Nicole Letourneau,https://profiles.ucalgary.ca/nicole-letourneau,child development,child development,Child development inventory | Child development status | Child development test,child development,MTH | SNOMEDCT_US,C3484121 | C0586039 | C0431026,yes,Child development inventory | Child development status | Child development test,Child development test,Child Development,Child Development
Nicole Letourneau,https://profiles.ucalgary.ca/nicole-letourneau,genetics and epigenetics,genetics and epigenetics,Epigenetic disorder,,SNOMEDCT_US,C4545791,yes,Epigenetic disorder,genetics and epigenetics,Genetics And Epigenetics,Genetics And Epigenetics
Nicole Letourneau,https://profiles.ucalgary.ca/nicole-letourneau,depression,depression,"Mental Depression | Depressive disorder | Reactive depression | Depression, Postpartum",depression,MTH | MSH,C0011570 | C0011581 | C0011579 | C0221074,yes,"Mental Depression | Depressive disorder | Reactive depression | Depression, Postpartum",Mental Depression,Mental Depression,Mental Depression
Nicole Letourneau,https://profiles.ucalgary.ca/nicole-letourneau,predictors of child health,predictors of child health,Child health data,child health,SNOMEDCT_US,C0419441,yes,Child health data,Child health data,Child Health,Child Health
Nicole Letourneau,https://profiles.ucalgary.ca/nicole-letourneau,development including parental mental health,development including parental mental health,"Pervasive Development Disorder | Psychosexual Development | Alveolectomy, including sequestrectomy | Mosaic including XXXXY | Peritoneal dialysis including cannulation",,MTH | SNOMEDCT_US,C0524528 | C0033944 | C0204351 | C0432394 | C0200026,yes,"Pervasive Development Disorder | Psychosexual Development | Alveolectomy, including sequestrectomy | Mosaic including XXXXY | Peritoneal dialysis including cannulation",development including parental mental health,Development Including Parental Mental Health,
Nicole Letourneau,https://profiles.ucalgary.ca/nicole-letourneau,early childhood adversity (especially family violence),early childhood adversity especially family violence,,,,,no,early childhood adversity especially family violence,early childhood adversity (especially family violence),Early Childhood Adversity Especially Family Violence,
Nicole Racine,https://profiles.ucalgary.ca/nicole-racine-0,intervention strategies can promote resilience despite these experiences,intervention strategies can promote resilience despite these experiences,,,,,no,intervention strategies can promote resilience despite these experiences,intervention strategies can promote resilience despite these experiences,Intervention Strategies Can Promote Resilience Despite These Experiences,
Nils Daniel Forkert,https://profiles.ucalgary.ca/nils-daniel-forkert,machine learning,machine learning,Machine Learning | Supervised Machine Learning | Unsupervised Machine Learning | Reinforcement Machine Learning | Representation Machine Learning,machine learning,MSH,C0376284 | C4042903 | C4042902 | C5940531 | C5940532,yes,Machine Learning | Supervised Machine Learning | Unsupervised Machine Learning | Reinforcement Machine Learning | Representation Machine Learning,Machine Learning,Machine Learning,Machine Learning
Nils Daniel Forkert,https://profiles.ucalgary.ca/nils-daniel-forkert,deep learning,deep learning,Deep Learning | Deep Reinforcement Learning,deep learning,MSH,C4704761 | C5940830,yes,Deep Learning | Deep Reinforcement Learning,Deep Learning,Deep Learning,Deep Learning
Nils Daniel Forkert,https://profiles.ucalgary.ca/nils-daniel-forkert,evaluate new image processing methods,evaluate new image processing methods,Image Processing | Image | Image (foundation metadata concept) | Body Image,,MTH,C0178706 | C1704922 | C3542466 | C0005891,yes,Image Processing | Image | Image (foundation metadata concept) | Body Image,Image Processing,Image Processing,Image Processing
Nils Daniel Forkert,https://profiles.ucalgary.ca/nils-daniel-forkert,stroke,stroke,Heat Stroke | Ischemic stroke | Hemorrhagic Stroke | Embolic Stroke,stroke,MTH | MSH,C0018843 | C0948008 | C5234922 | C0262469,yes,Heat Stroke | Ischemic stroke | Hemorrhagic Stroke | Embolic Stroke,Heat Stroke,Stroke,Stroke
Nils Torben Bech-Hansen,https://profiles.ucalgary.ca/nils-torben-bech-hansen,molecular mechanisms,molecular mechanisms,Molecular Mechanisms of Pharmacological Action,molecular mechanisms,MSH,C1258062,yes,Molecular Mechanisms of Pharmacological Action,Molecular Mechanisms of Pharmacological Action,Molecular Mechanisms,Molecular Mechanisms
Nils Torben Bech-Hansen,https://profiles.ucalgary.ca/nils-torben-bech-hansen,depression,depression,"Mental Depression | Depressive disorder | Reactive depression | Depression, Postpartum",depression,MTH | MSH,C0011570 | C0011581 | C0011579 | C0221074,yes,"Mental Depression | Depressive disorder | Reactive depression | Depression, Postpartum",Mental Depression,Depression,Depression
Nils Torben Bech-Hansen,https://profiles.ucalgary.ca/nils-torben-bech-hansen,molecular genetics of retinal neurotransmission,molecular genetics of retinal neurotransmission,Molecular genetics procedure,molecular genetics,MTH,C1272249,yes,Molecular genetics procedure,Molecular genetics procedure,Molecular Genetics,Molecular Genetics
Nils Torben Bech-Hansen,https://profiles.ucalgary.ca/nils-torben-bech-hansen,es on the molecular genetics of retinal neurotransmission,es on the molecular genetics of retinal neurotransmission,Retinal Detachment | retinaldehyde | Retinal Diseases | Retinal Perforations | Retinal Hemorrhage,,MTH | MSH,C0035305 | C0035331 | C0035309 | C0035321 | C0035317,yes,Retinal Detachment | retinaldehyde | Retinal Diseases | Retinal Perforations | Retinal Hemorrhage,es on the molecular genetics of retinal neurotransmission,Es On The Molecular Genetics Of Retinal Neurotransmission,
Ning Cheng,https://profiles.ucalgary.ca/ning-cheng,autism,autism,Autistic Disorder | Autism suspected,autism,MTH | SNOMEDCT_US,C0004352 | C1303176,yes,Autistic Disorder | Autism suspected,Autistic Disorder,Autistic Disorder,Autistic Disorder
Ning Cheng,https://profiles.ucalgary.ca/ning-cheng,molecular mechnisms,molecular mechnisms,,,,,no,molecular mechnisms,molecular mechnisms,Molecular Mechnisms,Molecular Mechnisms
Ning Cheng,https://profiles.ucalgary.ca/ning-cheng,neurodevelopment disorders,neurodevelopment disorders,Neurodevelopmental Disorders | Deglutition Disorders | Migraine Disorders | Cerebrovascular Disorders | Personality Disorders,neurodevelopment disorders,MTH | MSH,C1535926 | C0011168 | C0149931 | C0007820 | C0031212,yes,Neurodevelopmental Disorders | Deglutition Disorders | Migraine Disorders | Cerebrovascular Disorders | Personality Disorders,neurodevelopment disorders,Neurodevelopment Disorders,Neurodevelopment Disorders
Ning Cheng,https://profiles.ucalgary.ca/ning-cheng,modulation of brain activities,modulation of brain activities,Brain Electrical Activity Mapping | Brain activity,brain activities,MSH | SNOMEDCT_US,C0006115 | C0443158,yes,Brain Electrical Activity Mapping | Brain activity,modulation of brain activities,Modulation Of Brain Activities,Modulation Of Brain Activities
Ning Cheng,https://profiles.ucalgary.ca/ning-cheng,combined with simultaneous behavioral assessment,combined with simultaneous behavioral assessment,"Severe Combined Immunodeficiency | Hyperlipidemia, Familial Combined | Behavioral tic | Behavioral Symptoms | Combined immunodeficiency disease",,MTH | SNOMEDCT_US,C0085110 | C0020474 | C0278076 | C0004941 | C2711630,yes,"Severe Combined Immunodeficiency | Hyperlipidemia, Familial Combined | Behavioral tic | Behavioral Symptoms | Combined immunodeficiency disease",combined with simultaneous behavioral assessment,Combined With Simultaneous Behavioral Assessment,
Ning Cheng,https://profiles.ucalgary.ca/ning-cheng,in vivo recording and modulation of brain activities,in vivo recording and modulation of brain activities,Drug Modulation Therapy | Video Recording | Antigenic Modulation | Isoelectric recording | Neurostimulation/modulation,,MTH | MSH | SNOMEDCT_US,C1880420 | C0042650 | C0085121 | C0429309 | C0394674,yes,Drug Modulation Therapy | Video Recording | Antigenic Modulation | Isoelectric recording | Neurostimulation/modulation,in vivo recording and modulation of brain activities,Vivo Recording And Modulation Of Brain Activities,
Ning Cheng,https://profiles.ucalgary.ca/ning-cheng,causing significant social,causing significant social,No significant social history,causing significant | significant social,SNOMEDCT_US,C0455335,yes,No significant social history,No significant social history,Significant Social,Significant Social
Ning Cheng,https://profiles.ucalgary.ca/ning-cheng,behavioral challenges,behavioral challenges,Challenging behavior,behavioral challenges,SNOMEDCT_US,C0474414,yes,Challenging behavior,behavioral challenges,Behavioral Challenges,Behavioral Challenges
Ning Cheng,https://profiles.ucalgary.ca/ning-cheng,pain,pain,Pain | Chest Pain | Back Pain | Low Back Pain | Abdominal Pain,pain,MTH,C0030193 | C0008031 | C0004604 | C0024031 | C0000737,yes,Pain | Chest Pain | Back Pain | Low Back Pain | Abdominal Pain,Pain,Pain,Pain
Ning Cheng,https://profiles.ucalgary.ca/ning-cheng,neurological disorders,neurological disorders,Sequelae of neurological disorders | Conversion disorder,neurological disorders,SNOMEDCT_US | MTH,C1285433 | C0009946,yes,Sequelae of neurological disorders | Conversion disorder,Sequelae of neurological disorders,Neurological Disorders,Neurological Disorders
Novarun Deb,https://profiles.ucalgary.ca/novarun-deb,preventing cognitive decline in patients with dementia,preventing cognitive decline in patients with dementia,Preventing infection of immunocompromised patient | Age-related cognitive decline | Cognitive Therapy | Cognitive functions | Mild cognitive disorder,,SNOMEDCT_US | MTH,C0204730 | C0236848 | C0009244 | C0392335 | C1270972,yes,Preventing infection of immunocompromised patient | Age-related cognitive decline | Cognitive Therapy | Cognitive functions | Mild cognitive disorder,Age-related cognitive decline,Preventing Cognitive Decline In Patients With Dementia,
Novarun Deb,https://profiles.ucalgary.ca/novarun-deb,ai-optimized software services,ai-optimized software services,Computer software | Optimism,,MTH | MSH,C0037585 | C0237428,yes,Computer software | Optimism,ai-optimized software services,Ai Optimized Software Services,Ai Optimized Software Services
Novarun Deb,https://profiles.ucalgary.ca/novarun-deb,delivering personalized micro-services in crowdsourced iot environments,delivering personalized micro-services in crowdsourced iot environments,,,,,no,delivering personalized micro-services in crowdsourced iot environments,delivering personalized micro-services in crowdsourced iot environments,Delivering Personalized Micro Services In Crowdsourced Iot Environments,
Novarun Deb,https://profiles.ucalgary.ca/novarun-deb,transient micro-services,transient micro-services,"Transient Ischemic Attack | Transient synovitis | Warburg micro syndrome | Blindness, Transient | Micro-Guard",,MTH | MSH | RXNORM,C0007787 | C0343179 | C5442005 | C0155003 | C1170401,yes,"Transient Ischemic Attack | Transient synovitis | Warburg micro syndrome | Blindness, Transient | Micro-Guard",transient micro-services,Transient Micro Services,Transient Micro Services
Novarun Deb,https://profiles.ucalgary.ca/novarun-deb,alzheimer disease,alzheimer disease,Alzheimer's Disease | ALZHEIMER DISEASE 2 | ALZHEIMER DISEASE 4 | Alzheimer Disease 9,alzheimer disease,MTH,C0002395 | C1863051 | C1847200 | C1837149,yes,Alzheimer's Disease | ALZHEIMER DISEASE 2 | ALZHEIMER DISEASE 4 | Alzheimer Disease 9,Alzheimer's Disease,Alzheimer Disease,Alzheimer Disease
Novarun Deb,https://profiles.ucalgary.ca/novarun-deb,neuroimaging,neuroimaging,Neuroimaging | Functional Neuroimaging,neuroimaging,MTH | MSH,C0679575 | C3178877,yes,Neuroimaging | Functional Neuroimaging,Neuroimaging,Neuroimaging,Neuroimaging
Oluwabukola Salami,https://profiles.ucalgary.ca/oluwabukola-salami,black peoples health,black peoples health,Black piedra | Black hairy tongue | mental health,black peoples | peoples health,MTH,C0153249 | C0235347 | C0025353,yes,Black piedra | Black hairy tongue | mental health,black peoples health,Black Peoples Health,Black Peoples Health
Oluwabukola Salami,https://profiles.ucalgary.ca/oluwabukola-salami,racialized peoples health,racialized peoples health,mental health,peoples health,MTH,C0025353,yes,mental health,racialized peoples health,Racialized Peoples Health,Racialized Peoples Health
Oluwabukola Salami,https://profiles.ucalgary.ca/oluwabukola-salami,health equity,health equity,mental health,health equity,MTH,C0025353,yes,mental health,health equity,Health Equity,Health Equity
Oluwabukola Salami,https://profiles.ucalgary.ca/oluwabukola-salami,immigrant health,immigrant health,Health evaluation of new immigrant,immigrant health,SNOMEDCT_US,C4316664,yes,Health evaluation of new immigrant,Health evaluation of new immigrant,Health Of Immigrant,Health Of Immigrant
Oluwabukola Salami,https://profiles.ucalgary.ca/oluwabukola-salami,youth mental health,youth mental health,mental health | Mental health treatment,mental health,MTH | SNOMEDCT_US,C0025353 | C0184647,yes,mental health | Mental health treatment,mental health,Mental Health,Mental Health
Oluwabukola Salami,https://profiles.ucalgary.ca/oluwabukola-salami,structural determinants of health,structural determinants of health,Social Determinants of Health | Commercial Determinants of Health,structural determinants of health | structural determinants health | structural determinants | determinants health,MTH | MSH,C3658315 | C5828614,yes,Social Determinants of Health | Commercial Determinants of Health,Social Determinants of Health,Social Determinants Of Health,Social Determinants Of Health
Oluwabukola Salami,https://profiles.ucalgary.ca/oluwabukola-salami,social development,social development,Child examination: social development,social development,SNOMEDCT_US,C0419667,yes,Child examination: social development,Child examination: social development,Child Social Development,Child Social Development
Oluwabukola Salami,https://profiles.ucalgary.ca/oluwabukola-salami,practices shaping the health of black communities,practices shaping the health of black communities,Knowledge level: preconception health practices | mental health,,SNOMEDCT_US | MTH,C1827800 | C0025353,yes,Knowledge level: preconception health practices | mental health,practices shaping the health of black communities,Practices Shaping The Health Of Black Communities,
Oluwabukola Salami,https://profiles.ucalgary.ca/oluwabukola-salami,particular attention to equity,particular attention to equity,Attention | Attention deficit hyperactivity disorder | Selective Attention | Craving for particular food | Craving for particular drink,,MTH | MSH | SNOMEDCT_US,C0004268 | C1263846 | C0233421 | C0424431 | C0424432,yes,Attention | Attention deficit hyperactivity disorder | Selective Attention | Craving for particular food | Craving for particular drink,particular attention to equity,Particular Attention To Equity,Particular Attention To Equity
Oluwabukola Salami,https://profiles.ucalgary.ca/oluwabukola-salami,black child and youth well-being,black child and youth well-being,Black piedra | Black hairy tongue | Child Sexual Abuse,,MTH,C0153249 | C0235347 | C0008062,yes,Black piedra | Black hairy tongue | Child Sexual Abuse,black child and youth well-being,Black Child And Youth Well Being,
Omid Kiamanesh,https://profiles.ucalgary.ca/omid-kiamanesh,cardiology,cardiology,,cardiology,,,no,cardiology,cardiology,Cardiology,Cardiology
Oury Monchi,https://profiles.ucalgary.ca/oury-monchi,neuroimaging,neuroimaging,Neuroimaging | Functional Neuroimaging,neuroimaging,MTH | MSH,C0679575 | C3178877,yes,Neuroimaging | Functional Neuroimaging,Neuroimaging,Neuroimaging,Neuroimaging
Oury Monchi,https://profiles.ucalgary.ca/oury-monchi,machine learning,machine learning,Machine Learning | Supervised Machine Learning | Unsupervised Machine Learning | Reinforcement Machine Learning | Representation Machine Learning,machine learning,MSH,C0376284 | C4042903 | C4042902 | C5940531 | C5940532,yes,Machine Learning | Supervised Machine Learning | Unsupervised Machine Learning | Reinforcement Machine Learning | Representation Machine Learning,Machine Learning,Machine Learning,Machine Learning
Oury Monchi,https://profiles.ucalgary.ca/oury-monchi,pain,pain,Pain | Chest Pain | Back Pain | Low Back Pain | Abdominal Pain,pain,MTH,C0030193 | C0008031 | C0004604 | C0024031 | C0000737,yes,Pain | Chest Pain | Back Pain | Low Back Pain | Abdominal Pain,Pain,Pain,Pain
Oury Monchi,https://profiles.ucalgary.ca/oury-monchi,dementia,dementia,"Dementia | Presenile dementia | Senile dementia | Multi-infarct dementia | Dementia, Vascular",dementia,MTH | MSH,C0497327 | C0011265 | C0011268 | C0011263 | C0011269,yes,"Dementia | Presenile dementia | Senile dementia | Multi-infarct dementia | Dementia, Vascular",Dementia,Dementia,Dementia
Oury Monchi,https://profiles.ucalgary.ca/oury-monchi,movement disorders,movement disorders,"Movement Disorders | Extrapyramidal and movement disorders | Stereotypic Movement Disorder | Movement Disorders, Rhythmic Nocturnal",movement disorders,MTH | MSH,C0026650 | C0477355 | C0038273 | C0752298,yes,"Movement Disorders | Extrapyramidal and movement disorders | Stereotypic Movement Disorder | Movement Disorders, Rhythmic Nocturnal",Movement Disorders,Movement Disorders,Movement Disorders
Oury Monchi,https://profiles.ucalgary.ca/oury-monchi,parkinsons disease,parkinsons disease,Parkinson Disease,parkinsons disease,MTH,C0030567,yes,Parkinson Disease,Parkinson Disease,Parkinson Disease,Parkinson Disease
Pamela Roach,https://profiles.ucalgary.ca/pamela-roach,dementia,dementia,"Dementia | Presenile dementia | Senile dementia | Multi-infarct dementia | Dementia, Vascular",dementia,MTH | MSH,C0497327 | C0011265 | C0011268 | C0011263 | C0011269,yes,"Dementia | Presenile dementia | Senile dementia | Multi-infarct dementia | Dementia, Vascular",Dementia,Dementia,Dementia
Pamela Roach,https://profiles.ucalgary.ca/pamela-roach,mental health,mental health,mental health | Mental health treatment,mental health,MTH | SNOMEDCT_US,C0025353 | C0184647,yes,mental health | Mental health treatment,mental health,Mental Health,Mental Health
Pamela Roach,https://profiles.ucalgary.ca/pamela-roach,patient and family centered care,patient and family centered care,Psychiatric interview of family of patient | Psychiatric interpretation to family or parents of patient,patient and family centered care | patient family centered | family centered care | patient family,SNOMEDCT_US,C0204499 | C0204500,yes,Psychiatric interview of family of patient | Psychiatric interpretation to family or parents of patient,Psychiatric interview of family of patient,Family Of Patient,Family Of Patient
Pamela Roach,https://profiles.ucalgary.ca/pamela-roach,early onset dementia,early onset dementia,"Early onset periodontitis | Alzheimer Disease, Early Onset | Early-Onset Glaucoma | Vascular Dementia, Acute Onset | Early onset schizophrenia | Early onset dysthymia",early onset dementia | early onset | onset dementia,MTH | MSH | SNOMEDCT_US,C0399447 | C0750901 | C3711383 | C0393560 | C1656427 | C0270480,yes,"Early onset periodontitis | Alzheimer Disease, Early Onset | Early-Onset Glaucoma | Vascular Dementia, Acute Onset | Early onset schizophrenia | Early onset dysthymia",Early onset dysthymia,Early Onset,Early Onset
Pamela Roach,https://profiles.ucalgary.ca/pamela-roach,cognitive disorders,cognitive disorders,Cognition Disorders | Postoperative Cognitive Disorders | Impaired cognition | Memory Disorders,cognitive disorders,MTH | MSH,C0009241 | C5691260 | C0338656 | C0025261,yes,Cognition Disorders | Postoperative Cognitive Disorders | Impaired cognition | Memory Disorders,Postoperative Cognitive Disorders,Cognitive Disorders,Cognitive Disorders
Pamela Roach,https://profiles.ucalgary.ca/pamela-roach,family centered care,family centered care,Family psychotherapy | User-Centered Design | Person-Centered Psychotherapy | Person centered counseling,family centered care | family centered | centered care,MTH | MSH | SNOMEDCT_US,C0015618 | C5241307 | C4042893 | C2919345,yes,Family psychotherapy | User-Centered Design | Person-Centered Psychotherapy | Person centered counseling,family centered care,Family Centered Care,Family Centered Care
Pamela Roach,https://profiles.ucalgary.ca/pamela-roach,indigenous health,indigenous health,mental health,indigenous health,MTH,C0025353,yes,mental health,indigenous health,Indigenous Health,Indigenous Health
Pamela Roach,https://profiles.ucalgary.ca/pamela-roach,specifically brain health,specifically brain health,Non-specific brain syndrome,specifically brain | brain health,MTH,C1446648,yes,Non-specific brain syndrome,specifically brain health,Specifically Brain Health,Specifically Brain Health
Paolo Federico,https://profiles.ucalgary.ca/paolo-federico,epilepsy,epilepsy,"Epilepsy | Absence Epilepsy | Tonic-Clonic Epilepsy | Epilepsy, Complex Partial",epilepsy,MTH | MSH,C0014544 | C0014553 | C0014549 | C0085417,yes,"Epilepsy | Absence Epilepsy | Tonic-Clonic Epilepsy | Epilepsy, Complex Partial",Epilepsy,Epilepsy,Epilepsy
Patrick Joseph Hanly,https://profiles.ucalgary.ca/patrick-joseph-hanly,stroke,stroke,Heat Stroke | Ischemic stroke | Hemorrhagic Stroke | Embolic Stroke,stroke,MTH | MSH,C0018843 | C0948008 | C5234922 | C0262469,yes,Heat Stroke | Ischemic stroke | Hemorrhagic Stroke | Embolic Stroke,Heat Stroke,Stroke,Stroke
Patrick Joseph Hanly,https://profiles.ucalgary.ca/patrick-joseph-hanly,intermittent hypoxia in the cardiovascular,intermittent hypoxia in the cardiovascular,Intermittent Claudication | Intermittent joint effusion | Hypoxia | Intrauterine hypoxia | Brain Hypoxia,,MTH,C0021775 | C0149910 | C0242184 | C0495385 | C1527348,yes,Intermittent Claudication | Intermittent joint effusion | Hypoxia | Intrauterine hypoxia | Brain Hypoxia,intermittent hypoxia in the cardiovascular,Intermittent Hypoxia In The Cardiovascular,
Patrick Joseph Hanly,https://profiles.ucalgary.ca/patrick-joseph-hanly,cerebrovascular complications of sleep apnea,cerebrovascular complications of sleep apnea,Sleep Apnea Syndromes | Cerebrovascular Disorders | Cerebrovascular accident | Cerebrovascular Insufficiency | Pregnancy Complications,,MTH,C0037315 | C0007820 | C0038454 | C0241832 | C0032962,yes,Sleep Apnea Syndromes | Cerebrovascular Disorders | Cerebrovascular accident | Cerebrovascular Insufficiency | Pregnancy Complications,Sleep Apnea Syndromes,Sleep Apnea,Sleep Apnea
Patrick Joseph Hanly,https://profiles.ucalgary.ca/patrick-joseph-hanly,pathogenesis of sleep apnea,pathogenesis of sleep apnea,"Sleep Apnea Syndromes | Sleep Apnea, Obstructive | Sleep Apnea, Central | Central sleep apnea syndrome | Organic sleep apnea",sleep apnea,MTH | SNOMEDCT_US,C0037315 | C0520679 | C0520680 | C3887547 | C1561861,yes,"Sleep Apnea Syndromes | Sleep Apnea, Obstructive | Sleep Apnea, Central | Central sleep apnea syndrome | Organic sleep apnea",Organic sleep apnea,Sleep Apnea,Sleep Apnea
Patrick Joseph Hanly,https://profiles.ucalgary.ca/patrick-joseph-hanly,evaluation of novel therapy,evaluation of novel therapy,Drug Evaluation | literary novel | Therapeutic procedure | Speech Therapy | Radiation therapy (procedure),,MTH,C0013175 | C0679622 | C0087111 | C0037831 | C1522449,yes,Drug Evaluation | literary novel | Therapeutic procedure | Speech Therapy | Radiation therapy (procedure),evaluation of novel therapy,Evaluation Of Novel Therapy,Evaluation Of Novel Therapy
Patrick Joseph Hanly,https://profiles.ucalgary.ca/patrick-joseph-hanly,sleep apnea and kidney failure,sleep apnea and kidney failure,"Sleep Apnea Syndromes | Sleep Apnea, Obstructive | Sleep Apnea, Central | Central sleep apnea syndrome | Organic sleep apnea",sleep apnea,MTH | SNOMEDCT_US,C0037315 | C0520679 | C0520680 | C3887547 | C1561861,yes,"Sleep Apnea Syndromes | Sleep Apnea, Obstructive | Sleep Apnea, Central | Central sleep apnea syndrome | Organic sleep apnea","Sleep Apnea, Central",Sleep Apnea Central,Sleep Apnea Central
Patrick Joseph Hanly,https://profiles.ucalgary.ca/patrick-joseph-hanly,sleep apnea and heart failure,sleep apnea and heart failure,"Sleep Apnea Syndromes | Sleep Apnea, Obstructive | Sleep Apnea, Central | Central sleep apnea syndrome | Organic sleep apnea",sleep apnea,MTH | SNOMEDCT_US,C0037315 | C0520679 | C0520680 | C3887547 | C1561861,yes,"Sleep Apnea Syndromes | Sleep Apnea, Obstructive | Sleep Apnea, Central | Central sleep apnea syndrome | Organic sleep apnea","Sleep Apnea, Central",Sleep Apnea Central,Sleep Apnea Central
Patrick Joseph Hanly,https://profiles.ucalgary.ca/patrick-joseph-hanly,sleep apnea,sleep apnea,"Sleep Apnea Syndromes | Sleep Apnea, Obstructive | Sleep Apnea, Central | Central sleep apnea syndrome",sleep apnea,MTH,C0037315 | C0520679 | C0520680 | C3887547,yes,"Sleep Apnea Syndromes | Sleep Apnea, Obstructive | Sleep Apnea, Central | Central sleep apnea syndrome","Sleep Apnea, Central",Sleep Apnea Central,Sleep Apnea Central
Patrick Joseph Hanly,https://profiles.ucalgary.ca/patrick-joseph-hanly,evaluation of novel therapy sleep apnea,evaluation of novel therapy sleep apnea,Neurostimulation therapy for sleep apnea | Sleep apnea monitoring with alarm,therapy sleep apnea,SNOMEDCT_US,C5396578 | C0475707,yes,Neurostimulation therapy for sleep apnea | Sleep apnea monitoring with alarm,Neurostimulation therapy for sleep apnea,Therapy For Sleep Apnea,Therapy For Sleep Apnea
Patrick Joseph Hanly,https://profiles.ucalgary.ca/patrick-joseph-hanly,kidney failure sleep apnea,kidney failure sleep apnea,"Kidney Failure | Kidney Failure, Chronic | Kidney Failure, Acute | Kidney transplant failure and rejection",failure sleep apnea | kidney failure,MTH | SNOMEDCT_US,C0035078 | C0022661 | C0022660 | C0451764,yes,"Kidney Failure | Kidney Failure, Chronic | Kidney Failure, Acute | Kidney transplant failure and rejection",Kidney Failure,Kidney Failure,Kidney Failure
Patrick Joseph Hanly,https://profiles.ucalgary.ca/patrick-joseph-hanly,sleep medicine physician,sleep medicine physician,sleep medicine outpatient progress note,sleep medicine | medicine physician,MTH,C5703500,yes,sleep medicine outpatient progress note,sleep medicine outpatient progress note,Sleep Medicine,Sleep Medicine
Patrick Joseph Hanly,https://profiles.ucalgary.ca/patrick-joseph-hanly,clinical researcher,clinical researcher,Clinical Research | research clinical testing | Clinical Nursing Research,clinical researcher,MTH | MSH,C0008972 | C1516634 | C0008967,yes,Clinical Research | research clinical testing | Clinical Nursing Research,Clinical Research,Clinical Research,Clinical Research
Patrick Joseph Hanly,https://profiles.ucalgary.ca/patrick-joseph-hanly,have included the pathogenesis,have included the pathogenesis,Pain included chest | Pathogenesis,,MTH,C2924503 | C0699748,yes,Pain included chest | Pathogenesis,have included the pathogenesis,Included The Pathogenesis,Included The Pathogenesis
Patrick Joseph Hanly,https://profiles.ucalgary.ca/patrick-joseph-hanly,obstructive sleep apnea,obstructive sleep apnea,"Sleep Apnea, Obstructive | Neonatal obstructive sleep apnea | Obstructive sleep apnea of child | Obstructive sleep apnea of adult | Severe pediatric obstructive sleep apnea",obstructive sleep apnea | obstructive sleep | sleep apnea,MTH | SNOMEDCT_US,C0520679 | C6009140 | C3472692 | C3472696 | C4511583,yes,"Sleep Apnea, Obstructive | Neonatal obstructive sleep apnea | Obstructive sleep apnea of child | Obstructive sleep apnea of adult | Severe pediatric obstructive sleep apnea","Sleep Apnea, Obstructive",Sleep Apnea Obstructive,Sleep Apnea Obstructive
Patrick Joseph Hanly,https://profiles.ucalgary.ca/patrick-joseph-hanly,sleep in hospitalized,sleep in hospitalized,Sleep Apnea Syndromes | Sleep Disorders | Sleep Deprivation | Sleep disturbances | Hospitalized for condition of interest,sleep in hospitalized | sleep hospitalized,MTH,C0037315 | C0851578 | C0037316 | C0037317 | C4018916,yes,Sleep Apnea Syndromes | Sleep Disorders | Sleep Deprivation | Sleep disturbances | Hospitalized for condition of interest,sleep in hospitalized,Sleep In Hospitalized,Sleep In Hospitalized
Patrick Joseph Hanly,https://profiles.ucalgary.ca/patrick-joseph-hanly,pathogenesis of long-term complications,pathogenesis of long-term complications,"Pathogenesis | pathogenesis-related proteins, plant | pathogen-induced protease, P69",,MTH | MSH,C0699748 | C0070140 | C0391044,yes,"Pathogenesis | pathogenesis-related proteins, plant | pathogen-induced protease, P69",pathogenesis of long-term complications,Pathogenesis Of Long Term Complications,
Patrick Whelan,https://profiles.ucalgary.ca/patrick-whelan,movement disorders,movement disorders,"Movement Disorders | Extrapyramidal and movement disorders | Stereotypic Movement Disorder | Movement Disorders, Rhythmic Nocturnal",movement disorders,MTH | MSH,C0026650 | C0477355 | C0038273 | C0752298,yes,"Movement Disorders | Extrapyramidal and movement disorders | Stereotypic Movement Disorder | Movement Disorders, Rhythmic Nocturnal",Movement Disorders,Movement Disorders,Movement Disorders
Patrick Whelan,https://profiles.ucalgary.ca/patrick-whelan,parkinson disease,parkinson disease,"Parkinson Disease | Parkinson Disease, Mitochondrial | Parkinson Disease 16 | Parkinson Disease, Postencephalitic",parkinson disease,MTH | MSH,C0030567 | C1838867 | C2751012 | C0030568,yes,"Parkinson Disease | Parkinson Disease, Mitochondrial | Parkinson Disease 16 | Parkinson Disease, Postencephalitic",Parkinson Disease,Parkinson Disease,Parkinson Disease
Patrick Whelan,https://profiles.ucalgary.ca/patrick-whelan,pain,pain,Pain | Chest Pain | Back Pain | Low Back Pain | Abdominal Pain,pain,MTH,C0030193 | C0008031 | C0004604 | C0024031 | C0000737,yes,Pain | Chest Pain | Back Pain | Low Back Pain | Abdominal Pain,Pain,Pain,Pain
Patrick Whelan,https://profiles.ucalgary.ca/patrick-whelan,parallel dopaminergic pathway,parallel dopaminergic pathway,Parallel | Parallel Study | Dopaminergic Agents | Dopaminergic Agonist [EPC] | Secretory Pathway,,MTH,C4554418 | C2826345 | C0013036 | C3536925 | C1159342,yes,Parallel | Parallel Study | Dopaminergic Agents | Dopaminergic Agonist [EPC] | Secretory Pathway,parallel dopaminergic pathway,Parallel Dopaminergic Pathway,Parallel Dopaminergic Pathway
Patrick Whelan,https://profiles.ucalgary.ca/patrick-whelan,spinal cord injury,spinal cord injury,Spinal Cord Injuries | Spinal cord injury without spinal bone injury | Spinal cord decompression injury,spinal cord injury | spinal cord | cord injury,MTH,C0037929 | C0859273 | C0344190,yes,Spinal Cord Injuries | Spinal cord injury without spinal bone injury | Spinal cord decompression injury,Spinal cord decompression injury,Spinal Cord Injury,Spinal Cord Injury
Patrick Whelan,https://profiles.ucalgary.ca/patrick-whelan,zelma kiss from the field of clinical neurosciences,zelma kiss from the field of clinical neurosciences,,,,,no,zelma kiss from the field of clinical neurosciences,zelma kiss from the field of clinical neurosciences,Zelma Kiss From The Field Of Clinical Neurosciences,
Patrick Whelan,https://profiles.ucalgary.ca/patrick-whelan,alex mcgirr from the clinical neurosciences,alex mcgirr from the clinical neurosciences,Clinical Trials,,MTH,C0008976,yes,Clinical Trials,alex mcgirr from the clinical neurosciences,Alex Mcgirr From The Clinical Neurosciences,
Patrick Whelan,https://profiles.ucalgary.ca/patrick-whelan,initiation challenges as significant indicators of brain dysfunction,initiation challenges as significant indicators of brain dysfunction,,,,,no,initiation challenges as significant indicators of brain dysfunction,initiation challenges as significant indicators of brain dysfunction,Initiation Challenges As Significant Indicators Of Brain Dysfunction,
Patrick Whelan,https://profiles.ucalgary.ca/patrick-whelan,parkinson’s disease,parkinson s disease,"Parkinson Disease | Parkinson Disease, Mitochondrial | Alzheimer's Disease | Parkinson Disease, Postencephalitic",parkinson s | s disease,MTH | MSH,C0030567 | C1838867 | C0002395 | C0030568,yes,"Parkinson Disease | Parkinson Disease, Mitochondrial | Alzheimer's Disease | Parkinson Disease, Postencephalitic",Parkinson Disease,Parkinson Disease,Parkinson Disease
Patrick Whelan,https://profiles.ucalgary.ca/patrick-whelan,development within the faculty of veterinary medicine,development within the faculty of veterinary medicine,Pervasive Development Disorder | Psychosexual Development | Reflux within Device | Sounds within chest,,MTH | SNOMEDCT_US,C0524528 | C0033944 | C1882919 | C0425538,yes,Pervasive Development Disorder | Psychosexual Development | Reflux within Device | Sounds within chest,development within the faculty of veterinary medicine,Development Within The Faculty Of Veterinary Medicine,
Patrick Whelan,https://profiles.ucalgary.ca/patrick-whelan,spinal cord injuries,spinal cord injuries,Spinal Cord Injuries | Spinal cord decompression injury | Cervical spinal cord injury,spinal cord injuries | spinal cord | cord injuries,MTH | SNOMEDCT_US,C0037929 | C0344190 | C0840414,yes,Spinal Cord Injuries | Spinal cord decompression injury | Cervical spinal cord injury,Spinal Cord Injuries,Spinal Cord Injuries,Spinal Cord Injuries
Paul Arnold,https://profiles.ucalgary.ca/paul-arnold,mental health,mental health,mental health | Mental health treatment,mental health,MTH | SNOMEDCT_US,C0025353 | C0184647,yes,mental health | Mental health treatment,mental health,Mental Health,Mental Health
Paul Arnold,https://profiles.ucalgary.ca/paul-arnold,mental illness,mental illness,Mental disorders,mental illness,MTH,C0004936,yes,Mental disorders,mental illness,Mental Illness,Mental Illness
Paul Arnold,https://profiles.ucalgary.ca/paul-arnold,how genetic,how genetic,Genetic Counseling | Genetic Carriers | Genetic screening method,,MTH,C0017382 | C0007294 | C0679560,yes,Genetic Counseling | Genetic Carriers | Genetic screening method,how genetic,Genetic,Genetic
Paul Arnold,https://profiles.ucalgary.ca/paul-arnold,function in children with mental illnesses,function in children with mental illnesses,"Thinking, function | Mental Depression | Mental disorders | Mental Retardation | Mental Orientation",function children,MTH,C0039869 | C0011570 | C0004936 | C0025362 | C0029266,yes,"Thinking, function | Mental Depression | Mental disorders | Mental Retardation | Mental Orientation",function in children with mental illnesses,Function In Children With Mental Illnesses,
Paul Kubes,https://profiles.ucalgary.ca/paul-kubes,inflammation,inflammation,Inflammation | Ear Inflammation | Bubo Inflammation | Gummatous inflammation | Eosinophilic inflammation,inflammation,MTH | SNOMEDCT_US,C0021368 | C0029877 | C0221382 | C0333422 | C3687252,yes,Inflammation | Ear Inflammation | Bubo Inflammation | Gummatous inflammation | Eosinophilic inflammation,Inflammation,Inflammation,Inflammation
Paul Kubes,https://profiles.ucalgary.ca/paul-kubes,sterile injury,sterile injury,sterile water | Traumatic injury | Pressure injury | Burn injury | Crushing injury,sterile injury,MTH,C0359299 | C3263723 | C4554531 | C0006434 | C0332679,yes,sterile water | Traumatic injury | Pressure injury | Burn injury | Crushing injury,sterile injury,Sterile Injury,Sterile Injury
Paul Schnetkamp,https://profiles.ucalgary.ca/paul-schnetkamp,cone photoreceptor vision,cone photoreceptor vision,photoreceptor activity | Blurred vision | Low Vision | Vision Disorders | Vision Tests,cone photoreceptor,MTH,C1152655 | C0344232 | C0042798 | C0042790 | C0042793,yes,photoreceptor activity | Blurred vision | Low Vision | Vision Disorders | Vision Tests,cone photoreceptor vision,Cone Photoreceptor Vision,Cone Photoreceptor Vision
Pedro Santamaria,https://profiles.ucalgary.ca/pedro-santamaria,"autoimmunity, antigen-specific therapy, nanotechnology",autoimmunity antigen-specific therapy nanotechnology,"Autoimmune state | Addison's disease due to autoimmunity | Polyendocrinopathies, Autoimmune | IMMUNE DYSREGULATION, AUTOIMMUNITY, AND AUTOINFLAMMATION | Antigens",antigen specific therapy,MTH,C0004368 | C0271737 | C0085409 | C5848750 | C0003320,yes,"Autoimmune state | Addison's disease due to autoimmunity | Polyendocrinopathies, Autoimmune | IMMUNE DYSREGULATION, AUTOIMMUNITY, AND AUTOINFLAMMATION | Antigens","autoimmunity, antigen-specific therapy, nanotechnology",Autoimmunity Antigen Specific Therapy Nanotechnology,
Pedro Santamaria,https://profiles.ucalgary.ca/pedro-santamaria,antigen-specific therapy,antigen-specific therapy,Prostate-Specific Antigen | Prostate specific antigen measurement | pancreas-specific antigen | colon-specific antigen,antigen-specific therapy | antigen specific therapy | antigen specific | specific therapy,MTH | MSH,C0138741 | C0201544 | C0070007 | C0056132,yes,Prostate-Specific Antigen | Prostate specific antigen measurement | pancreas-specific antigen | colon-specific antigen,pancreas-specific antigen,Specific Antigen,Specific Antigen
Perri Tutelman,https://profiles.ucalgary.ca/perri-tutelman,young adult psychosocial oncology,young adult psychosocial oncology,Adult hypophosphatasia | Adult Teratoma | Adult rhabdomyoma | Psychosocial problem | Young Syndrome,young adult,MTH | MSH,C0268413 | C1368898 | C0334483 | C0740697 | C0340037,yes,Adult hypophosphatasia | Adult Teratoma | Adult rhabdomyoma | Psychosocial problem | Young Syndrome,young adult psychosocial oncology,Young Adult Psychosocial Oncology,Young Adult Psychosocial Oncology
Perri Tutelman,https://profiles.ucalgary.ca/perri-tutelman,digital mental health,digital mental health,mental health | Mental health treatment,digital mental | mental health,MTH | SNOMEDCT_US,C0025353 | C0184647,yes,mental health | Mental health treatment,mental health,Mental Health,Mental Health
Perri Tutelman,https://profiles.ucalgary.ca/perri-tutelman,pain,pain,Pain | Chest Pain | Back Pain | Low Back Pain | Abdominal Pain,pain,MTH,C0030193 | C0008031 | C0004604 | C0024031 | C0000737,yes,Pain | Chest Pain | Back Pain | Low Back Pain | Abdominal Pain,Pain,Pain,Pain
Perri Tutelman,https://profiles.ucalgary.ca/perri-tutelman,young adults diagnosed with cancer,young adults diagnosed with cancer,"Argues with adults | Country where diagnosed | Newly Diagnosed Childhood Ependymoma | Province, state, or region where diagnosed | Young Syndrome",young adults,MTH | MSH,C5890186 | C5401155 | C0796611 | C5401107 | C0340037,yes,"Argues with adults | Country where diagnosed | Newly Diagnosed Childhood Ependymoma | Province, state, or region where diagnosed | Young Syndrome",Argues with adults,Adults,Adults
Perri Tutelman,https://profiles.ucalgary.ca/perri-tutelman,"child, adolescent, and young adult psychosocial oncology",child adolescent and young adult psychosocial oncology,,adolescent young adult,,,no,child adolescent and young adult psychosocial oncology,"child, adolescent, and young adult psychosocial oncology",Child Adolescent And Young Adult Psychosocial Oncology,
Perri Tutelman,https://profiles.ucalgary.ca/perri-tutelman,young adult psychosocial oncology digital mental health,young adult psychosocial oncology digital mental health,,,,,no,young adult psychosocial oncology digital mental health,young adult psychosocial oncology digital mental health,Young Adult Psychosocial Oncology Digital Mental Health,
Peter Stys,https://profiles.ucalgary.ca/peter-stys,dementia,dementia,"Dementia | Presenile dementia | Senile dementia | Multi-infarct dementia | Dementia, Vascular",dementia,MTH | MSH,C0497327 | C0011265 | C0011268 | C0011263 | C0011269,yes,"Dementia | Presenile dementia | Senile dementia | Multi-infarct dementia | Dementia, Vascular",Dementia,Dementia,Dementia
Peter Stys,https://profiles.ucalgary.ca/peter-stys,cognitive disorders,cognitive disorders,Cognition Disorders | Postoperative Cognitive Disorders | Impaired cognition | Memory Disorders,cognitive disorders,MTH | MSH,C0009241 | C5691260 | C0338656 | C0025261,yes,Cognition Disorders | Postoperative Cognitive Disorders | Impaired cognition | Memory Disorders,Postoperative Cognitive Disorders,Cognitive Disorders,Cognitive Disorders
Peter Stys,https://profiles.ucalgary.ca/peter-stys,movement disorders,movement disorders,"Movement Disorders | Extrapyramidal and movement disorders | Stereotypic Movement Disorder | Movement Disorders, Rhythmic Nocturnal",movement disorders,MTH | MSH,C0026650 | C0477355 | C0038273 | C0752298,yes,"Movement Disorders | Extrapyramidal and movement disorders | Stereotypic Movement Disorder | Movement Disorders, Rhythmic Nocturnal",Movement Disorders,Movement Disorders,Movement Disorders
Peter Stys,https://profiles.ucalgary.ca/peter-stys,multiple sclerosis,multiple sclerosis,"Multiple Sclerosis | Multiple Sclerosis, Chronic Progressive | Malignant multiple sclerosis | Benign multiple sclerosis",multiple sclerosis,MTH | MSH | SNOMEDCT_US,C0026769 | C0393665 | C2586221 | C2585570,yes,"Multiple Sclerosis | Multiple Sclerosis, Chronic Progressive | Malignant multiple sclerosis | Benign multiple sclerosis",Multiple Sclerosis,Multiple Sclerosis,Multiple Sclerosis
Peter Stys,https://profiles.ucalgary.ca/peter-stys,pain,pain,Pain | Chest Pain | Back Pain | Low Back Pain | Abdominal Pain,pain,MTH,C0030193 | C0008031 | C0004604 | C0024031 | C0000737,yes,Pain | Chest Pain | Back Pain | Low Back Pain | Abdominal Pain,Pain,Pain,Pain
Peter Stys,https://profiles.ucalgary.ca/peter-stys,stroke,stroke,Heat Stroke | Ischemic stroke | Hemorrhagic Stroke | Embolic Stroke,stroke,MTH | MSH,C0018843 | C0948008 | C5234922 | C0262469,yes,Heat Stroke | Ischemic stroke | Hemorrhagic Stroke | Embolic Stroke,Heat Stroke,Stroke,Stroke
Peter Stys,https://profiles.ucalgary.ca/peter-stys,glial cells in the mammalian nervous system,glial cells in the mammalian nervous system,Nasal glial heterotopia | mammalian UGT1A7 | mammalian GAIP,glial cells,MTH | MSH,C0266490 | C0664609 | C0528444,yes,Nasal glial heterotopia | mammalian UGT1A7 | mammalian GAIP,glial cells in the mammalian nervous system,Glial Cells In The Mammalian Nervous System,
Peter Stys,https://profiles.ucalgary.ca/peter-stys,injury mechanisms,injury mechanisms,Injury by mechanism,injury mechanisms,MTH,C0560612,yes,Injury by mechanism,Injury by mechanism,Injury By Mechanism,Injury By Mechanism
Philip Barber,https://profiles.ucalgary.ca/philip-barber,clinical outcomes,clinical outcomes,Clinical Trials | Nutrition outcomes | Expected outcomes | R-Outcomes | Elimination outcomes,clinical outcomes,MTH,C0008976 | C0518896 | C2963499 | C5445044 | C0518891,yes,Clinical Trials | Nutrition outcomes | Expected outcomes | R-Outcomes | Elimination outcomes,clinical outcomes,Clinical Outcomes,Clinical Outcomes
Philip Barber,https://profiles.ucalgary.ca/philip-barber,alzheimer disease,alzheimer disease,Alzheimer's Disease | ALZHEIMER DISEASE 2 | ALZHEIMER DISEASE 4 | Alzheimer Disease 9,alzheimer disease,MTH,C0002395 | C1863051 | C1847200 | C1837149,yes,Alzheimer's Disease | ALZHEIMER DISEASE 2 | ALZHEIMER DISEASE 4 | Alzheimer Disease 9,Alzheimer's Disease,Alzheimer Disease,Alzheimer Disease
Philip Barber,https://profiles.ucalgary.ca/philip-barber,neuroimaging,neuroimaging,Neuroimaging | Functional Neuroimaging,neuroimaging,MTH | MSH,C0679575 | C3178877,yes,Neuroimaging | Functional Neuroimaging,Neuroimaging,Neuroimaging,Neuroimaging
Philip Barber,https://profiles.ucalgary.ca/philip-barber,stroke,stroke,Heat Stroke | Ischemic stroke | Hemorrhagic Stroke | Embolic Stroke,stroke,MTH | MSH,C0018843 | C0948008 | C5234922 | C0262469,yes,Heat Stroke | Ischemic stroke | Hemorrhagic Stroke | Embolic Stroke,Heat Stroke,Stroke,Stroke
Philip Barber,https://profiles.ucalgary.ca/philip-barber,mri surrogates of cerebrovascular disease,mri surrogates of cerebrovascular disease,Cerebrovascular Disorders | Cerebrovascular accident | Cerebrovascular Insufficiency | Disease | Hypertensive disease,,MTH,C0007820 | C0038454 | C0241832 | C0012634 | C0020538,yes,Cerebrovascular Disorders | Cerebrovascular accident | Cerebrovascular Insufficiency | Disease | Hypertensive disease,mri surrogates of cerebrovascular disease,Mri Surrogates Of Cerebrovascular Disease,
Pierre LeVan,https://profiles.ucalgary.ca/pierre-levan,brain stimulation,brain stimulation,Deep Brain Stimulation | Electrical Stimulation of the Brain | Brain stimulation | Direct brain stimulation,brain stimulation,MTH | MSH | SNOMEDCT_US,C0394162 | C0302825 | C0870227 | C0555354,yes,Deep Brain Stimulation | Electrical Stimulation of the Brain | Brain stimulation | Direct brain stimulation,Brain stimulation,Brain Stimulation,Brain Stimulation
Pierre LeVan,https://profiles.ucalgary.ca/pierre-levan,epilepsy,epilepsy,"Epilepsy | Absence Epilepsy | Tonic-Clonic Epilepsy | Epilepsy, Complex Partial",epilepsy,MTH | MSH,C0014544 | C0014553 | C0014549 | C0085417,yes,"Epilepsy | Absence Epilepsy | Tonic-Clonic Epilepsy | Epilepsy, Complex Partial",Epilepsy,Epilepsy,Epilepsy
Pierre LeVan,https://profiles.ucalgary.ca/pierre-levan,magnetic resonance imaging,magnetic resonance imaging,Magnetic Resonance Imaging | Multiparametric Magnetic Resonance Imaging | Diffusion Magnetic Resonance Imaging,magnetic resonance imaging | magnetic resonance | resonance imaging,MTH,C0024485 | C3898221 | C1136216,yes,Magnetic Resonance Imaging | Multiparametric Magnetic Resonance Imaging | Diffusion Magnetic Resonance Imaging,Magnetic Resonance Imaging,Magnetic Resonance Imaging,Magnetic Resonance Imaging
Pierre LeVan,https://profiles.ucalgary.ca/pierre-levan,neuroimaging,neuroimaging,Neuroimaging | Functional Neuroimaging,neuroimaging,MTH | MSH,C0679575 | C3178877,yes,Neuroimaging | Functional Neuroimaging,Neuroimaging,Neuroimaging,Neuroimaging
Pierre LeVan,https://profiles.ucalgary.ca/pierre-levan,stroke,stroke,Heat Stroke | Ischemic stroke | Hemorrhagic Stroke | Embolic Stroke,stroke,MTH | MSH,C0018843 | C0948008 | C5234922 | C0262469,yes,Heat Stroke | Ischemic stroke | Hemorrhagic Stroke | Embolic Stroke,Heat Stroke,Stroke,Stroke
Pierre LeVan,https://profiles.ucalgary.ca/pierre-levan,functional magnetic resonance imaging,functional magnetic resonance imaging,Blood Oxygen Level Dependent Functional Magnetic Resonance Imaging | Magnetic Resonance Imaging | Multiparametric Magnetic Resonance Imaging | Diffusion Magnetic Resonance Imaging | MRI of brain with functional imaging,functional magnetic resonance imaging | functional magnetic resonance | magnetic resonance imaging | functional magnetic,MTH | SNOMEDCT_US,C1705491 | C0024485 | C3898221 | C1136216 | C0412677,yes,Blood Oxygen Level Dependent Functional Magnetic Resonance Imaging | Magnetic Resonance Imaging | Multiparametric Magnetic Resonance Imaging | Diffusion Magnetic Resonance Imaging | MRI of brain with functional imaging,Magnetic Resonance Imaging,Magnetic Resonance Imaging,Magnetic Resonance Imaging
Qingrun Zhang,https://profiles.ucalgary.ca/qingrun-zhang,representation learning,representation learning,Representation Machine Learning,representation learning,MSH,C5940532,yes,Representation Machine Learning,Representation Machine Learning,Representation Machine Learning,Representation Machine Learning
Qingrun Zhang,https://profiles.ucalgary.ca/qingrun-zhang,representation learning discover associations,representation learning discover associations,Representation Machine Learning,representation learning,MSH,C5940532,yes,Representation Machine Learning,Representation Machine Learning,Representation Machine Learning,Representation Machine Learning
Quentin Jerome Pittman,https://profiles.ucalgary.ca/quentin-jerome-pittman,inflammation,inflammation,Inflammation | Ear Inflammation | Bubo Inflammation | Gummatous inflammation | Eosinophilic inflammation,inflammation,MTH | SNOMEDCT_US,C0021368 | C0029877 | C0221382 | C0333422 | C3687252,yes,Inflammation | Ear Inflammation | Bubo Inflammation | Gummatous inflammation | Eosinophilic inflammation,Inflammation,Inflammation,Inflammation
Quentin Jerome Pittman,https://profiles.ucalgary.ca/quentin-jerome-pittman,synaptic and neuronal function,synaptic and neuronal function,"Neuronal Ceroid-Lipofuscinoses | Neuronal heterotopia | Thinking, function | Synaptic Transmission | Synaptic Receptors",neuronal function,MTH | MSH,C0027877 | C0266491 | C0039869 | C0027793 | C0039064,yes,"Neuronal Ceroid-Lipofuscinoses | Neuronal heterotopia | Thinking, function | Synaptic Transmission | Synaptic Receptors",synaptic and neuronal function,Synaptic And Neuronal Function,Synaptic And Neuronal Function
Quentin Jerome Pittman,https://profiles.ucalgary.ca/quentin-jerome-pittman,behavior to cellular studies of morphological,behavior to cellular studies of morphological,Firesetting Behavior | Hyperactive behavior | Obsessive compulsive behavior | Cellular | Cellular Senescence,,MTH,C0016142 | C0424295 | C0600104 | C0178539 | C0007581,yes,Firesetting Behavior | Hyperactive behavior | Obsessive compulsive behavior | Cellular | Cellular Senescence,behavior to cellular studies of morphological,Behavior To Cellular Studies Of Morphological,
Quentin Jerome Pittman,https://profiles.ucalgary.ca/quentin-jerome-pittman,synaptic properties of individual cells,synaptic properties of individual cells,Device Properties Domain | Synaptic Transmission | Synaptic Receptors | Intellectual Property | Individual psychotherapy,,MTH | MSH | SNOMEDCT_US,C3539061 | C0027793 | C0039064 | C0282574 | C0204525,yes,Device Properties Domain | Synaptic Transmission | Synaptic Receptors | Intellectual Property | Individual psychotherapy,synaptic properties of individual cells,Synaptic Properties Of Individual Cells,
Quentin Jerome Pittman,https://profiles.ucalgary.ca/quentin-jerome-pittman,canadian academy of health sciences,canadian academy of health sciences,Canadian bluegrass pollen extract | mental health,academy health sciences,MTH,C2940183 | C0025353,yes,Canadian bluegrass pollen extract | mental health,canadian academy of health sciences,Canadian Academy Of Health Sciences,
Quentin Jerome Pittman,https://profiles.ucalgary.ca/quentin-jerome-pittman,american physiological society,american physiological society,Physiological Processes | Physiological Stress | Parkinson's Society member | Asthma society member,,MTH | SNOMEDCT_US,C0031845 | C0449430 | C0424952 | C0424951,yes,Physiological Processes | Physiological Stress | Parkinson's Society member | Asthma society member,american physiological society,American Physiological Society,American Physiological Society
Quentin Jerome Pittman,https://profiles.ucalgary.ca/quentin-jerome-pittman,hotchkiss brain institute,hotchkiss brain institute,Brain Concussion | Brain Injuries | Brain Neoplasms | Brain Diseases,,MTH,C0006107 | C0270611 | C0006118 | C0006111,yes,Brain Concussion | Brain Injuries | Brain Neoplasms | Brain Diseases,hotchkiss brain institute,Hotchkiss Brain Institute,Hotchkiss Brain Institute
Quentin Jerome Pittman,https://profiles.ucalgary.ca/quentin-jerome-pittman,aside from neuroscience,aside from neuroscience,,,,,no,aside from neuroscience,aside from neuroscience,Aside From Neuroscience,
Rajamannar Ramasubbu,https://profiles.ucalgary.ca/rajamannar-ramasubbu,mental health,mental health,mental health | Mental health treatment,mental health,MTH | SNOMEDCT_US,C0025353 | C0184647,yes,mental health | Mental health treatment,mental health,Mental Health,Mental Health
Rajamannar Ramasubbu,https://profiles.ucalgary.ca/rajamannar-ramasubbu,stress,stress,Stress | Urinary Stress Incontinence | Stress Fractures | Stress polycythemia,stress,MTH,C0038435 | C0042025 | C0016664 | C0541719,yes,Stress | Urinary Stress Incontinence | Stress Fractures | Stress polycythemia,Stress,Stress,Stress
Rajamannar Ramasubbu,https://profiles.ucalgary.ca/rajamannar-ramasubbu,mood disorders,mood disorders,Mood Disorders | Psychotic Mood Disorders | Organic mood disorder | Bipolar Disorder,mood disorders,MSH | SNOMEDCT_US | MTH,C0525045 | C0086640 | C0029232 | C0005586,yes,Mood Disorders | Psychotic Mood Disorders | Organic mood disorder | Bipolar Disorder,Mood Disorders,Mood Disorders,Mood Disorders
Rajamannar Ramasubbu,https://profiles.ucalgary.ca/rajamannar-ramasubbu,functional magnetic resonance imaging,functional magnetic resonance imaging,Blood Oxygen Level Dependent Functional Magnetic Resonance Imaging | Magnetic Resonance Imaging | Multiparametric Magnetic Resonance Imaging | Diffusion Magnetic Resonance Imaging | MRI of brain with functional imaging,functional magnetic resonance imaging | functional magnetic resonance | magnetic resonance imaging | functional magnetic,MTH | SNOMEDCT_US,C1705491 | C0024485 | C3898221 | C1136216 | C0412677,yes,Blood Oxygen Level Dependent Functional Magnetic Resonance Imaging | Magnetic Resonance Imaging | Multiparametric Magnetic Resonance Imaging | Diffusion Magnetic Resonance Imaging | MRI of brain with functional imaging,Magnetic Resonance Imaging,Magnetic Resonance Imaging,Magnetic Resonance Imaging
Rajamannar Ramasubbu,https://profiles.ucalgary.ca/rajamannar-ramasubbu,depression,depression,"Mental Depression | Depressive disorder | Reactive depression | Depression, Postpartum",depression,MTH | MSH,C0011570 | C0011581 | C0011579 | C0221074,yes,"Mental Depression | Depressive disorder | Reactive depression | Depression, Postpartum",Mental Depression,Mental Depression,Mental Depression
Rajamannar Ramasubbu,https://profiles.ucalgary.ca/rajamannar-ramasubbu,neuroimaging,neuroimaging,Neuroimaging | Functional Neuroimaging,neuroimaging,MTH | MSH,C0679575 | C3178877,yes,Neuroimaging | Functional Neuroimaging,Neuroimaging,Neuroimaging,Neuroimaging
Rajamannar Ramasubbu,https://profiles.ucalgary.ca/rajamannar-ramasubbu,machine learning,machine learning,Machine Learning | Supervised Machine Learning | Unsupervised Machine Learning | Inductive Machine Learning | Representation Machine Learning,machine learning,MSH,C0376284 | C4042903 | C4042902 | C4046035 | C5940532,yes,Machine Learning | Supervised Machine Learning | Unsupervised Machine Learning | Inductive Machine Learning | Representation Machine Learning,Machine Learning,Machine Learning,Machine Learning
Rajiv Midha,https://profiles.ucalgary.ca/rajiv-midha,nerve injury,nerve injury,Peroneal nerve injury | Abducens Nerve Injury | Nerve injury | Injury of musculocutaneous nerve | Sympathetic nerve injury,nerve injury,MTH | MSH | SNOMEDCT_US,C1321896 | C0161407 | C0161479 | C0161460 | C0434205,yes,Peroneal nerve injury | Abducens Nerve Injury | Nerve injury | Injury of musculocutaneous nerve | Sympathetic nerve injury,Nerve injury,Nerve Injury,Nerve Injury
Rajiv Midha,https://profiles.ucalgary.ca/rajiv-midha,nerve regeneration,nerve regeneration,Nerve Regeneration | Aberrant regeneration of nerve | Aberrant III nerve regeneration,nerve regeneration,MTH | SNOMEDCT_US,C0027756 | C0334164 | C0423134,yes,Nerve Regeneration | Aberrant regeneration of nerve | Aberrant III nerve regeneration,Nerve Regeneration,Nerve Regeneration,Nerve Regeneration
Rajiv Midha,https://profiles.ucalgary.ca/rajiv-midha,stem cells,stem cells,,stem cells,,,no,stem cells,stem cells,Stem Cells,Stem Cells
Rajiv Midha,https://profiles.ucalgary.ca/rajiv-midha,multiple sclerosis,multiple sclerosis,"Multiple Sclerosis | Multiple Sclerosis, Chronic Progressive | Malignant multiple sclerosis | Benign multiple sclerosis",multiple sclerosis,MTH | MSH | SNOMEDCT_US,C0026769 | C0393665 | C2586221 | C2585570,yes,"Multiple Sclerosis | Multiple Sclerosis, Chronic Progressive | Malignant multiple sclerosis | Benign multiple sclerosis",Multiple Sclerosis,Multiple Sclerosis,Multiple Sclerosis
Rajiv Midha,https://profiles.ucalgary.ca/rajiv-midha,pain,pain,Pain | Chest Pain | Back Pain | Low Back Pain | Abdominal Pain,pain,MTH,C0030193 | C0008031 | C0004604 | C0024031 | C0000737,yes,Pain | Chest Pain | Back Pain | Low Back Pain | Abdominal Pain,Pain,Pain,Pain
Rajiv Midha,https://profiles.ucalgary.ca/rajiv-midha,improving outcome after nerve surgery,improving outcome after nerve surgery,Improved | Pregnancy Outcome | Disease Outcome | After-cataract | Angina control - improving,,MTH | SNOMEDCT_US,C0184511 | C0032972 | C0679250 | C1306068 | C0421197,yes,Improved | Pregnancy Outcome | Disease Outcome | After-cataract | Angina control - improving,improving outcome after nerve surgery,Improving Outcome After Nerve Surgery,
Rajiv Midha,https://profiles.ucalgary.ca/rajiv-midha,involves rodent models of nerve injury,involves rodent models of nerve injury,"Periodontal condition involves frenum | Rodent Diseases | Models, Statistical | Models, Chemical | Models, Nursing",,MTH | MSH,C3669616 | C0035801 | C0026348 | C0026341 | C0079849,yes,"Periodontal condition involves frenum | Rodent Diseases | Models, Statistical | Models, Chemical | Models, Nursing",involves rodent models of nerve injury,Involves Rodent Models Of Nerve Injury,
Rajiv Midha,https://profiles.ucalgary.ca/rajiv-midha,regeneration at the hbi,regeneration at the hbi,Nerve Regeneration,,MTH,C0027756,yes,Nerve Regeneration,regeneration at the hbi,Regeneration At The Hbi,Regeneration At The Hbi
Rajiv Midha,https://profiles.ucalgary.ca/rajiv-midha,advanced imaging,advanced imaging,Advanced Magnetic Resonance Imaging,advanced imaging,MTH,C4725843,yes,Advanced Magnetic Resonance Imaging,Advanced Magnetic Resonance Imaging,Advanced Imaging,Advanced Imaging
Rajiv Midha,https://profiles.ucalgary.ca/rajiv-midha,several innovative behavioral techniques to assay outcomes,several innovative behavioral techniques to assay outcomes,Technological Innovations,,MSH,C0683888,yes,Technological Innovations,several innovative behavioral techniques to assay outcomes,Several Innovative Behavioral Techniques To Assay Outcomes,
Rajiv Midha,https://profiles.ucalgary.ca/rajiv-midha,dept of clinical neurosciences (dcns),dept of clinical neurosciences dcns,Clinical Trials,,MTH,C0008976,yes,Clinical Trials,dept of clinical neurosciences (dcns),Dept Of Clinical Neurosciences Dcns,
Rajiv Midha,https://profiles.ucalgary.ca/rajiv-midha,alberta health services (calgary zone),alberta health services calgary zone,hemoglobin Alberta | HEMOGLOBIN ALBERTA PHENOTYPE | mental health,,MTH,C0062241 | C3891415 | C0025353,yes,hemoglobin Alberta | HEMOGLOBIN ALBERTA PHENOTYPE | mental health,alberta health services (calgary zone),Alberta Health Services Calgary Zone,
Rajiv Midha,https://profiles.ucalgary.ca/rajiv-midha,hotchkiss brain institute,hotchkiss brain institute,Brain Concussion | Brain Injuries | Brain Neoplasms | Brain Diseases,,MTH,C0006107 | C0270611 | C0006118 | C0006111,yes,Brain Concussion | Brain Injuries | Brain Neoplasms | Brain Diseases,hotchkiss brain institute,Hotchkiss Brain Institute,Hotchkiss Brain Institute
Rajiv Midha,https://profiles.ucalgary.ca/rajiv-midha,mostly related to peripheral nerve neurobiology,mostly related to peripheral nerve neurobiology,Traumatic perioperative positioning injury of peripheral nerve,related peripheral nerve,SNOMEDCT_US,C6063872,yes,Traumatic perioperative positioning injury of peripheral nerve,Traumatic perioperative positioning injury of peripheral nerve,Injury Of Peripheral Nerve,Injury Of Peripheral Nerve
Rajiv Midha,https://profiles.ucalgary.ca/rajiv-midha,world neurosurgery,world neurosurgery,World languages,,SNOMEDCT_US,C0574144,yes,World languages,world neurosurgery,World Neurosurgery,World Neurosurgery
Rajiv Midha,https://profiles.ucalgary.ca/rajiv-midha,schwann cells,schwann cells,,schwann cells,,,no,schwann cells,schwann cells,Schwann Cells,Schwann Cells
Rajiv Midha,https://profiles.ucalgary.ca/rajiv-midha,advanced tissue imaging,advanced tissue imaging,Imaging of tissue specimen | Imaging of soft tissue,advanced tissue | tissue imaging,SNOMEDCT_US,C5924027 | C1532546,yes,Imaging of tissue specimen | Imaging of soft tissue,Imaging of tissue specimen,Imaging Of Tissue,Imaging Of Tissue
Ranita Manocha,https://profiles.ucalgary.ca/ranita-manocha,connective tissue disorders,connective tissue disorders,Musculoskeletal and connective tissue disorders | Autoimmune connective tissue disorder | Connective Tissue Diseases | Other soft tissue disorders | Skin and subcutaneous tissue disorders,connective tissue disorders | connective tissue | tissue disorders,MTH | SNOMEDCT_US,C0263660 | C1285175 | C0009782 | C0158370 | C0178298,yes,Musculoskeletal and connective tissue disorders | Autoimmune connective tissue disorder | Connective Tissue Diseases | Other soft tissue disorders | Skin and subcutaneous tissue disorders,Autoimmune connective tissue disorder,Connective Tissue Disorder,Connective Tissue Disorder
Ranita Manocha,https://profiles.ucalgary.ca/ranita-manocha,she has investigated how hypermobility spectrum disorders,she has investigated how hypermobility spectrum disorders,"Gastrointestinal investigation | Hypermobility, Joint | Spectrum Analysis | Zellweger Spectrum | Hypermobility syndrome",,MTH | SNOMEDCT_US,C0430681 | C1862377 | C0037812 | C3658299 | C0152093,yes,"Gastrointestinal investigation | Hypermobility, Joint | Spectrum Analysis | Zellweger Spectrum | Hypermobility syndrome",she has investigated how hypermobility spectrum disorders,Investigated How Hypermobility Spectrum Disorders,
Ranita Manocha,https://profiles.ucalgary.ca/ranita-manocha,rehabilitation studies,rehabilitation studies,Rehabilitation therapy | Vocational rehabilitation | Cardiac rehabilitation | Alcohol rehabilitation,,MTH,C0034991 | C0034996 | C0700431 | C0204598,yes,Rehabilitation therapy | Vocational rehabilitation | Cardiac rehabilitation | Alcohol rehabilitation,rehabilitation studies,Rehabilitation Studies,Rehabilitation Studies
Ranita Manocha,https://profiles.ucalgary.ca/ranita-manocha,health sciences,health sciences,mental health,health sciences,MTH,C0025353,yes,mental health,health sciences,Health Sciences,Health Sciences
Ranita Manocha,https://profiles.ucalgary.ca/ranita-manocha,occupational therapy,occupational therapy,Occupational therapy (procedure) | Occupational social therapy,occupational therapy,MTH | SNOMEDCT_US,C1318464 | C0204578,yes,Occupational therapy (procedure) | Occupational social therapy,Occupational social therapy,Occupational Therapy,Occupational Therapy
Ranita Manocha,https://profiles.ucalgary.ca/ranita-manocha,physical therapy,physical therapy,Physical therapy | Physical therapy exercises,physical therapy,MTH,C0949766 | C0452240,yes,Physical therapy | Physical therapy exercises,Physical therapy,Physical Therapy,Physical Therapy
Ranita Manocha,https://profiles.ucalgary.ca/ranita-manocha,family medicine,family medicine,Family psychotherapy,family medicine,MTH,C0015618,yes,Family psychotherapy,family medicine,Family Medicine,Family Medicine
Ranita Manocha,https://profiles.ucalgary.ca/ranita-manocha,pediatric neurology,pediatric neurology,Pediatric Obesity,pediatric neurology,MTH,C2362324,yes,Pediatric Obesity,pediatric neurology,Pediatric Neurology,Pediatric Neurology
Ranita Manocha,https://profiles.ucalgary.ca/ranita-manocha,vascular surgery,vascular surgery,Vascular Surgical Procedures,vascular surgery,MTH,C0042381,yes,Vascular Surgical Procedures,vascular surgery,Vascular Surgery,Vascular Surgery
Ranita Manocha,https://profiles.ucalgary.ca/ranita-manocha,management of connective tissue disorders in southern alberta,management of connective tissue disorders in southern alberta,Musculoskeletal and connective tissue disorders | Autoimmune connective tissue disorder,connective tissue disorders,MTH | SNOMEDCT_US,C0263660 | C1285175,yes,Musculoskeletal and connective tissue disorders | Autoimmune connective tissue disorder,Autoimmune connective tissue disorder,Connective Tissue Disorder,Connective Tissue Disorder
Ranita Manocha,https://profiles.ucalgary.ca/ranita-manocha,clinical professional awareness of the pm&r specialty,clinical professional awareness of the pm r specialty,,,,,no,clinical professional awareness of the pm r specialty,clinical professional awareness of the pm&r specialty,Clinical Professional Awareness Of The Pm R Specialty,
Raymond Turner,https://profiles.ucalgary.ca/raymond-turner,metabolites out of the cell,metabolites out of the cell,Cocaine Metabolites Measurement | Mitochondrial metabolites panel | carBAMazepine & metabolites panel | Vitamin D+Metabolites | Bisacodyl metabolites,out cell,MTH | SNOMEDCT_US,C5401491 | C5776508 | C5551545 | C1507143 | C1674891,yes,Cocaine Metabolites Measurement | Mitochondrial metabolites panel | carBAMazepine & metabolites panel | Vitamin D+Metabolites | Bisacodyl metabolites,metabolites out of the cell,Metabolites Out Of The Cell,
Raymond Turner,https://profiles.ucalgary.ca/raymond-turner,biogenic quantum dots,biogenic quantum dots,Biogenic Amine Receptors | Biogenic Amines | Biogenic Monoamines | Biogenic Polyamines | Biogenic Stimulators,quantum dots,MTH | MSH,C0206457 | C0005496 | C0005497 | C0005498 | C0524729,yes,Biogenic Amine Receptors | Biogenic Amines | Biogenic Monoamines | Biogenic Polyamines | Biogenic Stimulators,biogenic quantum dots,Biogenic Quantum Dots,Biogenic Quantum Dots
Rebecca Charbonneau,https://profiles.ucalgary.ca/rebecca-charbonneau,pain,pain,Pain | Chest Pain | Back Pain | Low Back Pain | Abdominal Pain,pain,MTH,C0030193 | C0008031 | C0004604 | C0024031 | C0000737,yes,Pain | Chest Pain | Back Pain | Low Back Pain | Abdominal Pain,Pain,Pain,Pain
Rebecca Charbonneau,https://profiles.ucalgary.ca/rebecca-charbonneau,spinal cord injury,spinal cord injury,Spinal Cord Injuries | Spinal cord injury without spinal bone injury | Spinal cord decompression injury,spinal cord injury | spinal cord | cord injury,MTH,C0037929 | C0859273 | C0344190,yes,Spinal Cord Injuries | Spinal cord injury without spinal bone injury | Spinal cord decompression injury,Spinal cord decompression injury,Spinal Cord Injury,Spinal Cord Injury
Rebecca Charbonneau,https://profiles.ucalgary.ca/rebecca-charbonneau,acute spinal cord injury,acute spinal cord injury,Acute infarction of spinal cord | Acute arterial infarction of spinal cord | Spinal Cord Injuries | Spinal cord injury without spinal bone injury | Spinal cord decompression injury | Acute venous infarction of spinal cord,acute spinal cord | spinal cord injury | acute spinal,MTH | SNOMEDCT_US,C0393972 | C6024637 | C0037929 | C0859273 | C0344190 | C4302171,yes,Acute infarction of spinal cord | Acute arterial infarction of spinal cord | Spinal Cord Injuries | Spinal cord injury without spinal bone injury | Spinal cord decompression injury | Acute venous infarction of spinal cord,Spinal cord decompression injury,Spinal Cord Injury,Spinal Cord Injury
Rebecca Charbonneau,https://profiles.ucalgary.ca/rebecca-charbonneau,neurogenic bladder and pressure injuries,neurogenic bladder and pressure injuries,"Neurogenic Urinary Bladder | Neurogenic Urinary Bladder, Uninhibited | Neurogenic Urinary Bladder, Atonic | Neurogenic bladder rehabilitation | Flaccid neurogenic urinary bladder",neurogenic bladder,MTH | MSH | SNOMEDCT_US,C0005697 | C0392115 | C0149622 | C0200015 | C1389941,yes,"Neurogenic Urinary Bladder | Neurogenic Urinary Bladder, Uninhibited | Neurogenic Urinary Bladder, Atonic | Neurogenic bladder rehabilitation | Flaccid neurogenic urinary bladder",Neurogenic bladder rehabilitation,Neurogenic Bladder Rehabilitation,Neurogenic Bladder Rehabilitation
Rebecca Charbonneau,https://profiles.ucalgary.ca/rebecca-charbonneau,neurogenic bladder,neurogenic bladder,"Neurogenic Urinary Bladder | Neurogenic Urinary Bladder, Uninhibited | Neurogenic Urinary Bladder, Atonic | Neurogenic bladder rehabilitation | Flaccid neurogenic urinary bladder",neurogenic bladder,MTH | MSH | SNOMEDCT_US,C0005697 | C0392115 | C0149622 | C0200015 | C1389941,yes,"Neurogenic Urinary Bladder | Neurogenic Urinary Bladder, Uninhibited | Neurogenic Urinary Bladder, Atonic | Neurogenic bladder rehabilitation | Flaccid neurogenic urinary bladder",Neurogenic Urinary Bladder,Neurogenic Bladder,Neurogenic Bladder
Rebecca Charbonneau,https://profiles.ucalgary.ca/rebecca-charbonneau,clinical interest in the prevention,clinical interest in the prevention,Clinical Trials | Erotic interest | Suicide Prevention | Accident Prevention | Relapse Prevention,clinical interest,MTH | MSH,C0008976 | C0424400 | C0204732 | C0000918 | C0679867,yes,Clinical Trials | Erotic interest | Suicide Prevention | Accident Prevention | Relapse Prevention,clinical interest in the prevention,Clinical Interest In The Prevention,
Rebecca Charbonneau,https://profiles.ucalgary.ca/rebecca-charbonneau,management of complications following spinal cord injury,management of complications following spinal cord injury,Disorder due to and following spinal cord injury | Disorder of spinal cord due to and following radiotherapy | Motor neuron disease due to and following radiotherapy to spinal cord | Disorder due to and following traumatic subdural hematoma of spinal cord,following spinal cord,SNOMEDCT_US,C0160797 | C5924556 | C5788051 | C6009288,yes,Disorder due to and following spinal cord injury | Disorder of spinal cord due to and following radiotherapy | Motor neuron disease due to and following radiotherapy to spinal cord | Disorder due to and following traumatic subdural hematoma of spinal cord,Disorder due to and following spinal cord injury,Following Spinal Cord Injury,Following Spinal Cord Injury
Richa Pandey,https://profiles.ucalgary.ca/richa-pandey,biomedical research,biomedical research,"Translational Research, Biomedical | Biomedical Research",biomedical research,MTH | MSH,C1519620 | C0005540,yes,"Translational Research, Biomedical | Biomedical Research",Biomedical Research,Biomedical Research,Biomedical Research
Richa Pandey,https://profiles.ucalgary.ca/richa-pandey,depression,depression,"Mental Depression | Depressive disorder | Reactive depression | Depression, Postpartum",depression,MTH | MSH,C0011570 | C0011581 | C0011579 | C0221074,yes,"Mental Depression | Depressive disorder | Reactive depression | Depression, Postpartum",Mental Depression,Mental Depression,Mental Depression
Richa Pandey,https://profiles.ucalgary.ca/richa-pandey,body-adaptive devices designed to non-invasively track physiological,body-adaptive devices designed to non-invasively track physiological,Adaptive Design,,MTH,C3274373,yes,Adaptive Design,body-adaptive devices designed to non-invasively track physiological,Body Adaptive Devices Designed To Non Invasively Track Physiological,
Richa Pandey,https://profiles.ucalgary.ca/richa-pandey,healthcare providers with personalized,healthcare providers with personalized,Caregiver difficulty providing healthcare,healthcare providers | providers personalized,SNOMEDCT_US,C1827726,yes,Caregiver difficulty providing healthcare,Caregiver difficulty providing healthcare,Providing Healthcare,Providing Healthcare
Richa Pandey,https://profiles.ucalgary.ca/richa-pandey,global health crises,global health crises,"Global Amnesia | mental health | Aphasia, Global",global health,MTH | MSH,C0262497 | C0025353 | C0234469,yes,"Global Amnesia | mental health | Aphasia, Global",global health crises,Global Health Crises,Global Health Crises
Richa Pandey,https://profiles.ucalgary.ca/richa-pandey,environmental sample types we design bioreceptors,environmental sample types we design bioreceptors,Environmental Illness | Sample hemolyzed | Record types | Sample macroscopy,,MTH | SNOMEDCT_US,C0282504 | C0475880 | C0585753 | C0430385,yes,Environmental Illness | Sample hemolyzed | Record types | Sample macroscopy,environmental sample types we design bioreceptors,Environmental Sample Types We Design Bioreceptors,
Richa Pandey,https://profiles.ucalgary.ca/richa-pandey,gather a wealth of molecular,gather a wealth of molecular,,,,,no,gather a wealth of molecular,gather a wealth of molecular,Gather A Wealth Of Molecular,
Richa Pandey,https://profiles.ucalgary.ca/richa-pandey,involves high-performance material development,involves high-performance material development,Periodontal condition involves frenum | Performance anxiety | Work Performance | Lymphoma involves spleen | Lymphoma involves liver,,MTH | MSH | SNOMEDCT_US,C3669616 | C0458631 | C1286385 | C1301438 | C1301439,yes,Periodontal condition involves frenum | Performance anxiety | Work Performance | Lymphoma involves spleen | Lymphoma involves liver,involves high-performance material development,Involves High Performance Material Development,
Richa Pandey,https://profiles.ucalgary.ca/richa-pandey,off-field personnel health monitoring),off-field personnel health monitoring,mental health,,MTH,C0025353,yes,mental health,off-field personnel health monitoring),Off Field Personnel Health Monitoring,
Richa Pandey,https://profiles.ucalgary.ca/richa-pandey,personal care (wearables for mental health),personal care wearables for mental health,,,,,no,personal care wearables for mental health,personal care (wearables for mental health),Personal Care Wearables For Mental Health,
Richa Pandey,https://profiles.ucalgary.ca/richa-pandey,culture-free bacterial detection,culture-free bacterial detection,Culture-free self-esteem inventory,culture free,SNOMEDCT_US,C0582623,yes,Culture-free self-esteem inventory,Culture-free self-esteem inventory,Culture Free,Culture Free
Richa Pandey,https://profiles.ucalgary.ca/richa-pandey,wash free electrochemical quantification of the bacteria,wash free electrochemical quantification of the bacteria,"Electrochemical Techniques | Microscopy, Electrochemical, Scanning | High performance liquid chromatography, electrochemical type",,MSH | SNOMEDCT_US,C2350499 | C3658244 | C0201767,yes,"Electrochemical Techniques | Microscopy, Electrochemical, Scanning | High performance liquid chromatography, electrochemical type",wash free electrochemical quantification of the bacteria,Wash Free Electrochemical Quantification Of The Bacteria,
Richa Pandey,https://profiles.ucalgary.ca/richa-pandey,in: in vitro cellular & developmental biology-plant,in in vitro cellular developmental biology-plant,Fertilization in Vitro | In Vitro (Publication Type) | Cellular | Cellular Senescence | Developmental Disabilities,,MTH,C0015915 | C0021135 | C0178539 | C0007581 | C0008073,yes,Fertilization in Vitro | In Vitro (Publication Type) | Cellular | Cellular Senescence | Developmental Disabilities,In Vitro (Publication Type),Vitro,Vitro
Richard Bernard Hawkes,https://profiles.ucalgary.ca/richard-bernard-hawkes,brain development,brain development,Brain Concussion | Brain Injuries | Brain Neoplasms | Brain Diseases | Pervasive Development Disorder,brain development,MTH,C0006107 | C0270611 | C0006118 | C0006111 | C0524528,yes,Brain Concussion | Brain Injuries | Brain Neoplasms | Brain Diseases | Pervasive Development Disorder,brain development,Brain Development,Brain Development
Richard Bernard Hawkes,https://profiles.ucalgary.ca/richard-bernard-hawkes,molecular mechanisms,molecular mechanisms,Molecular Mechanisms of Pharmacological Action,molecular mechanisms,MSH,C1258062,yes,Molecular Mechanisms of Pharmacological Action,Molecular Mechanisms of Pharmacological Action,Molecular Mechanisms Of Pharmacological,Molecular Mechanisms Of Pharmacological
Richard Bernard Hawkes,https://profiles.ucalgary.ca/richard-bernard-hawkes,anatomical methods such as anterograde tracer transport,anatomical methods such as anterograde tracer transport,,,,,no,anatomical methods such as anterograde tracer transport,anatomical methods such as anterograde tracer transport,Anatomical Methods Such As Anterograde Tracer Transport,
Richard Bernard Hawkes,https://profiles.ucalgary.ca/richard-bernard-hawkes,pharmacological interventions in normal development,pharmacological interventions in normal development,"Communication interventions | Normal delivery | Hydrocephalus, Normal Pressure | Normal pregnancy | Pharmacological stimulation",,MTH | SNOMEDCT_US,C1274143 | C1384485 | C0020258 | C0232989 | C0441694,yes,"Communication interventions | Normal delivery | Hydrocephalus, Normal Pressure | Normal pregnancy | Pharmacological stimulation",pharmacological interventions in normal development,Pharmacological Interventions In Normal Development,
Richard Bernard Hawkes,https://profiles.ucalgary.ca/richard-bernard-hawkes,dissociated neurons,dissociated neurons,Dissociated anesthesia | Dissociated vertical deviation | Dissociated Nystagmus | Dissociated deviation | Dissociated strabismus,,MTH | MSH | SNOMEDCT_US,C0349448 | C0339640 | C0155380 | C0234646 | C1532241,yes,Dissociated anesthesia | Dissociated vertical deviation | Dissociated Nystagmus | Dissociated deviation | Dissociated strabismus,dissociated neurons,Dissociated Neurons,Dissociated Neurons
Richard Bernard Hawkes,https://profiles.ucalgary.ca/richard-bernard-hawkes,surgical and pharmacological interventions in normal development,surgical and pharmacological interventions in normal development,Operative Surgical Procedures | Surgical wound | Surgical Disarticulation | Communication interventions | Pharmacological stimulation,,MTH | SNOMEDCT_US,C0543467 | C0332803 | C0012615 | C1274143 | C0441694,yes,Operative Surgical Procedures | Surgical wound | Surgical Disarticulation | Communication interventions | Pharmacological stimulation,surgical and pharmacological interventions in normal development,Surgical And Pharmacological Interventions In Normal Development,
Richard Bernard Hawkes,https://profiles.ucalgary.ca/richard-bernard-hawkes,culture of cerebellar slices and dissociated neurons,culture of cerebellar slices and dissociated neurons,Microbial culture (procedure) | Blood culture | Cerebellar Ataxia | Cerebellar Diseases | Cerebellar Dysmetria,,MTH | MSH,C2242979 | C0200949 | C0007758 | C0007760 | C0234162,yes,Microbial culture (procedure) | Blood culture | Cerebellar Ataxia | Cerebellar Diseases | Cerebellar Dysmetria,culture of cerebellar slices and dissociated neurons,Culture Of Cerebellar Slices And Dissociated Neurons,
Richard Bernard Hawkes,https://profiles.ucalgary.ca/richard-bernard-hawkes,molecular biology techniques to approach these issues,molecular biology techniques to approach these issues,Molecular biology identification technique,molecular biology techniques,SNOMEDCT_US,C0200925,yes,Molecular biology identification technique,Molecular biology identification technique,Molecular Biology Identification Technique,Molecular Biology Identification Technique
Richard Bernard Hawkes,https://profiles.ucalgary.ca/richard-bernard-hawkes,in the nervous system,in the nervous system,nervous system disorder,in the nervous system,MTH,C0027765,yes,nervous system disorder,nervous system disorder,Nervous System,Nervous System
Richard Bernard Hawkes,https://profiles.ucalgary.ca/richard-bernard-hawkes,interposed by similar stripes of unlabelled cells,interposed by similar stripes of unlabelled cells,Strains similar | SIMILAR TO association reference set | Longitudinal brown stripes in nails | Physiological brown stripes in nails,,SNOMEDCT_US,C0442729 | C3645555 | C0423825 | C0423826,yes,Strains similar | SIMILAR TO association reference set | Longitudinal brown stripes in nails | Physiological brown stripes in nails,interposed by similar stripes of unlabelled cells,Interposed By Similar Stripes Of Unlabelled Cells,
Richard Bernard Hawkes,https://profiles.ucalgary.ca/richard-bernard-hawkes,development of the mammalian cerebellum,development of the mammalian cerebellum,Pervasive Development Disorder | Psychosexual Development | Malignant neoplasm of cerebellum | mammalian UGT1A7 | CBP1 (mammalian),,MTH | MSH,C0524528 | C0033944 | C0153640 | C0664609 | C0390913,yes,Pervasive Development Disorder | Psychosexual Development | Malignant neoplasm of cerebellum | mammalian UGT1A7 | CBP1 (mammalian),Malignant neoplasm of cerebellum,Cerebellum,Cerebellum
Richard Bernard Hawkes,https://profiles.ucalgary.ca/richard-bernard-hawkes,identified it as a key mammalian epilepsy locus,identified it as a key mammalian epilepsy locus,Identified By | Container status - Identified | Epilepsy | Absence Epilepsy | Tonic-Clonic Epilepsy,,MTH,C5236074 | C1550043 | C0014544 | C0014553 | C0014549,yes,Identified By | Container status - Identified | Epilepsy | Absence Epilepsy | Tonic-Clonic Epilepsy,identified it as a key mammalian epilepsy locus,Identified It As A Key Mammalian Epilepsy Locus,
Richard Dyck,https://profiles.ucalgary.ca/richard-dyck,zinc neurobiology,zinc neurobiology,,,,,no,zinc neurobiology,zinc neurobiology,Zinc Neurobiology,Zinc Neurobiology
Richard Dyck,https://profiles.ucalgary.ca/richard-dyck,adult neurogenesis,adult neurogenesis,Adult hypophosphatasia | Adult Teratoma | Adult rhabdomyoma | Urinary Bladder Neurogenesis,,MTH | MSH,C0268413 | C1368898 | C0334483 | C0750953,yes,Adult hypophosphatasia | Adult Teratoma | Adult rhabdomyoma | Urinary Bladder Neurogenesis,adult neurogenesis,Adult Neurogenesis,Adult Neurogenesis
Richard Dyck,https://profiles.ucalgary.ca/richard-dyck,brain development,brain development,Brain Concussion | Brain Injuries | Brain Neoplasms | Brain Diseases | Pervasive Development Disorder,brain development,MTH,C0006107 | C0270611 | C0006118 | C0006111 | C0524528,yes,Brain Concussion | Brain Injuries | Brain Neoplasms | Brain Diseases | Pervasive Development Disorder,brain development,Brain Development,Brain Development
Richard Dyck,https://profiles.ucalgary.ca/richard-dyck,brain injury,brain injury,"Brain Injuries | Traumatic Brain Injury | Brain Injury, Chronic | Crush injury of brain | Injury of parenchyma of brain",brain injury,MTH | MSH | SNOMEDCT_US,C0270611 | C0876926 | C0751813 | C4303411 | C5880441,yes,"Brain Injuries | Traumatic Brain Injury | Brain Injury, Chronic | Crush injury of brain | Injury of parenchyma of brain",Traumatic Brain Injury,Brain Injury,Brain Injury
Richard Dyck,https://profiles.ucalgary.ca/richard-dyck,cerebral cortical development,cerebral cortical development,Cerebral cortical atrophy | Cerebral Cortical Thinning | Malformations of Cortical Development,cerebral cortical | cortical development,MTH | MSH,C4551583 | C3278126 | C1955869,yes,Cerebral cortical atrophy | Cerebral Cortical Thinning | Malformations of Cortical Development,Cerebral cortical atrophy,Cerebral Cortical,Cerebral Cortical
Richard Dyck,https://profiles.ucalgary.ca/richard-dyck,stroke,stroke,Heat Stroke | Ischemic stroke | Hemorrhagic Stroke | Embolic Stroke,stroke,MTH | MSH,C0018843 | C0948008 | C5234922 | C0262469,yes,Heat Stroke | Ischemic stroke | Hemorrhagic Stroke | Embolic Stroke,Heat Stroke,Stroke,Stroke
Richard Dyck,https://profiles.ucalgary.ca/richard-dyck,potentiate neuronal survival,potentiate neuronal survival,Survival Motor Neuron Protein,neuronal survival,MTH,C4283935,yes,Survival Motor Neuron Protein,potentiate neuronal survival,Potentiate Neuronal Survival,Potentiate Neuronal Survival
Richard Dyck,https://profiles.ucalgary.ca/richard-dyck,synaptic zinc in the brain cerebral cortical development,synaptic zinc in the brain cerebral cortical development,,,,,no,synaptic zinc in the brain cerebral cortical development,synaptic zinc in the brain cerebral cortical development,Synaptic Zinc In The Brain Cerebral Cortical Development,
Richard Dyck,https://profiles.ucalgary.ca/richard-dyck,synaptic zinc in the brain,synaptic zinc in the brain,Brain Concussion | Brain Injuries | Brain Neoplasms | Brain Diseases | Synaptic Transmission,,MTH | MSH,C0006107 | C0270611 | C0006118 | C0006111 | C0027793,yes,Brain Concussion | Brain Injuries | Brain Neoplasms | Brain Diseases | Synaptic Transmission,synaptic zinc in the brain,Synaptic Zinc In The Brain,
Richard Dyck,https://profiles.ucalgary.ca/richard-dyck,behavioural approaches in animal models in order,behavioural approaches in animal models in order,Behavior Therapy | Problem Behavior | Nutritional approaches | Animal bite,,MTH,C0004933 | C5886745 | C1718142 | C0003044,yes,Behavior Therapy | Problem Behavior | Nutritional approaches | Animal bite,behavioural approaches in animal models in order,Behavioural Approaches In Animal Models In Order,
Richard Dyck,https://profiles.ucalgary.ca/richard-dyck,cerebral cortical development and plasticity,cerebral cortical development and plasticity,Cerebral cortical atrophy | Cerebral Cortical Thinning,cerebral cortical,MTH | MSH,C4551583 | C3278126,yes,Cerebral cortical atrophy | Cerebral Cortical Thinning,Cerebral cortical atrophy,Cerebral Cortical,Cerebral Cortical
Richard Dyck,https://profiles.ucalgary.ca/richard-dyck,recovery after brain injury,recovery after brain injury,Fluorescence Recovery After Photobleaching | Enhanced Recovery After Surgery,after brain injury | recovery after,MTH | MSH,C1138405 | C5197734,yes,Fluorescence Recovery After Photobleaching | Enhanced Recovery After Surgery,Enhanced Recovery After Surgery,Recovery After,Recovery After
Richard Dyck,https://profiles.ucalgary.ca/richard-dyck,pain,pain,Pain | Chest Pain | Back Pain | Low Back Pain | Abdominal Pain,pain,MTH,C0030193 | C0008031 | C0004604 | C0024031 | C0000737,yes,Pain | Chest Pain | Back Pain | Low Back Pain | Abdominal Pain,Pain,Pain,Pain
Richard Frayne,https://profiles.ucalgary.ca/richard-frayne,application of new imaging techniques,application of new imaging techniques,New Drug Application | New Animal Drug Application | Abbreviated New Drug Application | Investigational New Drug Application,application new,MTH | MSH,C2347344 | C2347342 | C2346708 | C0162778,yes,New Drug Application | New Animal Drug Application | Abbreviated New Drug Application | Investigational New Drug Application,New Drug Application,New Application,New Application
Richard Frayne,https://profiles.ucalgary.ca/richard-frayne,treatment of neurovascular disease,treatment of neurovascular disease,Prophylactic treatment | radiation treatment delivery (treatment) | treatment user finding: (treatment) | Disease | Hypertensive disease,,MTH,C0199176 | C2094475 | C2090922 | C0012634 | C0020538,yes,Prophylactic treatment | radiation treatment delivery (treatment) | treatment user finding: (treatment) | Disease | Hypertensive disease,treatment of neurovascular disease,Treatment Of Neurovascular Disease,Treatment Of Neurovascular Disease
Richard Frayne,https://profiles.ucalgary.ca/richard-frayne,brain cancer,brain cancer,PROSTATE CANCER/BRAIN CANCER SUSCEPTIBILITY | History of cancer metastatic to brain | Malignant neoplasm of brain,brain cancer,MTH | SNOMEDCT_US,C1863600 | C4040215 | C0153633,yes,PROSTATE CANCER/BRAIN CANCER SUSCEPTIBILITY | History of cancer metastatic to brain | Malignant neoplasm of brain,PROSTATE CANCER/BRAIN CANCER SUSCEPTIBILITY,CANCER BRAIN CANCER,CANCER BRAIN CANCER
Richard Frayne,https://profiles.ucalgary.ca/richard-frayne,epilepsy,epilepsy,"Epilepsy | Absence Epilepsy | Tonic-Clonic Epilepsy | Epilepsy, Complex Partial",epilepsy,MTH | MSH,C0014544 | C0014553 | C0014549 | C0085417,yes,"Epilepsy | Absence Epilepsy | Tonic-Clonic Epilepsy | Epilepsy, Complex Partial",Epilepsy,Epilepsy,Epilepsy
Richard Frayne,https://profiles.ucalgary.ca/richard-frayne,brain cancer bridging natural science,brain cancer bridging natural science,Brain Concussion | Brain Injuries | Brain Neoplasms | Brain Diseases | Uterine Cancer,,MTH,C0006107 | C0270611 | C0006118 | C0006111 | C0153567,yes,Brain Concussion | Brain Injuries | Brain Neoplasms | Brain Diseases | Uterine Cancer,brain cancer bridging natural science,Brain Cancer Bridging Natural Science,
Richard Frayne,https://profiles.ucalgary.ca/richard-frayne,stroke,stroke,Heat Stroke | Ischemic stroke | Hemorrhagic Stroke | Embolic Stroke,stroke,MTH | MSH,C0018843 | C0948008 | C5234922 | C0262469,yes,Heat Stroke | Ischemic stroke | Hemorrhagic Stroke | Embolic Stroke,Heat Stroke,Stroke,Stroke
Richard Frayne,https://profiles.ucalgary.ca/richard-frayne,small vessel disease,small vessel disease,Cerebral Small Vessel Diseases | Small vessel vasculitis | Small vessel pulmonary hypertension | Double coronary vessel disease | Single coronary vessel disease | Multi vessel coronary artery disease,small vessel disease | small vessel | vessel disease,MSH | SNOMEDCT_US,C2733158 | C4023113 | C0340541 | C0581375 | C0581374 | C1299432,yes,Cerebral Small Vessel Diseases | Small vessel vasculitis | Small vessel pulmonary hypertension | Double coronary vessel disease | Single coronary vessel disease | Multi vessel coronary artery disease,Cerebral Small Vessel Diseases,Small Vessel Diseases,Small Vessel Diseases
Richard Frayne,https://profiles.ucalgary.ca/richard-frayne,other imaging techniques,other imaging techniques,Imaging Techniques | Elasticity Imaging Techniques | Cardiac Imaging Techniques | Intracardiac Imaging Techniques | Cardiac-Gated Imaging Techniques,other imaging techniques | other imaging | imaging techniques,MTH | MSH,C0079595 | C1955928 | C2936236 | C2936237 | C2350395,yes,Imaging Techniques | Elasticity Imaging Techniques | Cardiac Imaging Techniques | Intracardiac Imaging Techniques | Cardiac-Gated Imaging Techniques,Imaging Techniques,Imaging Techniques,Imaging Techniques
Richard James Alfred Wilson,https://profiles.ucalgary.ca/richard-james-alfred-wilson,cardiorespiratory control: neuronal circuits,cardiorespiratory control neuronal circuits,Cardiorespiratory failure | Epistaxis control | Pain control | Neuronal Ceroid-Lipofuscinoses | Neuronal heterotopia,,MTH,C1444565 | C0188972 | C1304888 | C0027877 | C0266491,yes,Cardiorespiratory failure | Epistaxis control | Pain control | Neuronal Ceroid-Lipofuscinoses | Neuronal heterotopia,cardiorespiratory control: neuronal circuits,Cardiorespiratory Control Neuronal Circuits,Cardiorespiratory Control Neuronal Circuits
Richard James Alfred Wilson,https://profiles.ucalgary.ca/richard-james-alfred-wilson,cellular sensors,cellular sensors,Cellular | Cellular Senescence,,MTH,C0178539 | C0007581,yes,Cellular | Cellular Senescence,cellular sensors,Cellular Sensors,Cellular Sensors
Richard James Alfred Wilson,https://profiles.ucalgary.ca/richard-james-alfred-wilson,sympathetic and parasympathetic nervous systems,sympathetic and parasympathetic nervous systems,"Nervous System Diseases, Parasympathetic",parasympathetic nervous,MSH,C0750945,yes,"Nervous System Diseases, Parasympathetic","Nervous System Diseases, Parasympathetic",Nervous System Parasympathetic,Nervous System Parasympathetic
Richard James Alfred Wilson,https://profiles.ucalgary.ca/richard-james-alfred-wilson,comparative physiology,comparative physiology,physiological aspects | Cell physiology | Respiratory physiology,comparative physiology,MTH,C0031843 | C0007613 | C0035245,yes,physiological aspects | Cell physiology | Respiratory physiology,comparative physiology,Comparative Physiology,Comparative Physiology
Richard James Alfred Wilson,https://profiles.ucalgary.ca/richard-james-alfred-wilson,translation and drug discovery,translation and drug discovery,Drug Discovery,drug discovery,MSH,C0920472,yes,Drug Discovery,Drug Discovery,Drug Discovery,Drug Discovery
Richard James Alfred Wilson,https://profiles.ucalgary.ca/richard-james-alfred-wilson,functional optical coherence tomography (foct),functional optical coherence tomography foct,"Tomography, Optical Coherence | Optical coherence tomography panel | Optical coherence tomography study | Ophthalmic optical coherence tomography | Optical coherence tomography performed",optical coherence tomography,MTH,C0920367 | C2733800 | C4522328 | C2738734 | C4050077,yes,"Tomography, Optical Coherence | Optical coherence tomography panel | Optical coherence tomography study | Ophthalmic optical coherence tomography | Optical coherence tomography performed","Tomography, Optical Coherence",Tomography Optical Coherence,Tomography Optical Coherence
Richard James Alfred Wilson,https://profiles.ucalgary.ca/richard-james-alfred-wilson,developing novel experimental preparations,developing novel experimental preparations,literary novel | Experimental Design | Experimental drug | Experimental Method | Graphic Novel,,MTH | MSH,C0679622 | C0015320 | C0304229 | C0871738 | C4042926,yes,literary novel | Experimental Design | Experimental drug | Experimental Method | Graphic Novel,developing novel experimental preparations,Developing Novel Experimental Preparations,
Richard James Alfred Wilson,https://profiles.ucalgary.ca/richard-james-alfred-wilson,medical technologies for monitoring physiological function (e,medical technologies for monitoring physiological function e,,,,,no,medical technologies for monitoring physiological function e,medical technologies for monitoring physiological function (e,Medical Technologies For Monitoring Physiological Function E,
Richard James Alfred Wilson,https://profiles.ucalgary.ca/richard-james-alfred-wilson,how the nervous system controls the cardiorespiratory system,how the nervous system controls the cardiorespiratory system,nervous system disorder | Feeling nervous | Nervous breakdown | Does operate shower controls,,MTH | SNOMEDCT_US,C0027765 | C0849963 | C0221508 | C0563806,yes,nervous system disorder | Feeling nervous | Nervous breakdown | Does operate shower controls,nervous system disorder,Nervous System,Nervous System
Richard James Alfred Wilson,https://profiles.ucalgary.ca/richard-james-alfred-wilson,one of the nervous systems most important roles,one of the nervous systems most important roles,nervous system disorder,most important,MTH,C0027765,yes,nervous system disorder,nervous system disorder,Nervous System,Nervous System
Richard James Alfred Wilson,https://profiles.ucalgary.ca/richard-james-alfred-wilson,cardiorespiratory control: neuronal circuits and cellular sensors,cardiorespiratory control neuronal circuits and cellular sensors,,,,,no,cardiorespiratory control neuronal circuits and cellular sensors,cardiorespiratory control: neuronal circuits and cellular sensors,Cardiorespiratory Control Neuronal Circuits And Cellular Sensors,
Richard James Alfred Wilson,https://profiles.ucalgary.ca/richard-james-alfred-wilson,sleep apnea,sleep apnea,"Sleep Apnea Syndromes | Sleep Apnea, Obstructive | Sleep Apnea, Central | Central sleep apnea syndrome",sleep apnea,MTH,C0037315 | C0520679 | C0520680 | C3887547,yes,"Sleep Apnea Syndromes | Sleep Apnea, Obstructive | Sleep Apnea, Central | Central sleep apnea syndrome","Sleep Apnea, Central",Sleep Apnea,Sleep Apnea
Richard James Alfred Wilson,https://profiles.ucalgary.ca/richard-james-alfred-wilson,spinal cord injury,spinal cord injury,Spinal Cord Injuries | Spinal cord injury without spinal bone injury | Spinal cord decompression injury,spinal cord injury | spinal cord | cord injury,MTH,C0037929 | C0859273 | C0344190,yes,Spinal Cord Injuries | Spinal cord injury without spinal bone injury | Spinal cord decompression injury,Spinal cord decompression injury,Spinal Cord Injury,Spinal Cord Injury
Richard James Alfred Wilson,https://profiles.ucalgary.ca/richard-james-alfred-wilson,asthma pharmaceutical therapy: neo6860 www,asthma pharmaceutical therapy neo6860 www,Asthma | Allergic asthma | Cardiac asthma | Intrinsic asthma | Pharmaceutical Preparations,,MTH,C0004096 | C0155877 | C1956414 | C0155880 | C0013227,yes,Asthma | Allergic asthma | Cardiac asthma | Intrinsic asthma | Pharmaceutical Preparations,asthma pharmaceutical therapy: neo6860 www,Asthma Pharmaceutical Therapy Neo6860 Www,
Richard (Stewart) Longman,https://profiles.ucalgary.ca/richard-stewart-longman,stroke,stroke,Heat Stroke | Ischemic stroke | Hemorrhagic Stroke | Embolic Stroke,stroke,MTH | MSH,C0018843 | C0948008 | C5234922 | C0262469,yes,Heat Stroke | Ischemic stroke | Hemorrhagic Stroke | Embolic Stroke,Heat Stroke,Stroke,Stroke
Richelle Mychasiuk,https://profiles.ucalgary.ca/richelle-mychasiuk,autism,autism,Autistic Disorder | Autism suspected,autism,MTH | SNOMEDCT_US,C0004352 | C1303176,yes,Autistic Disorder | Autism suspected,Autistic Disorder,Autistic Disorder,Autistic Disorder
Richelle Mychasiuk,https://profiles.ucalgary.ca/richelle-mychasiuk,developmental origins of neuroplasticity,developmental origins of neuroplasticity,Male infertility of developmental origin,developmental origins,SNOMEDCT_US,C0403806,yes,Male infertility of developmental origin,Male infertility of developmental origin,Developmental Origin,Developmental Origin
Richelle Mychasiuk,https://profiles.ucalgary.ca/richelle-mychasiuk,susceptibility for neurodevelopmental disorders,susceptibility for neurodevelopmental disorders,Neurodevelopmental Disorders | Alcohol Related Neurodevelopmental Disorder | Fetal neurodevelopmental disorder | PLAA-associated neurodevelopmental disorder,neurodevelopmental disorders,MTH | SNOMEDCT_US,C1535926 | C0814154 | C1285381 | C4479631,yes,Neurodevelopmental Disorders | Alcohol Related Neurodevelopmental Disorder | Fetal neurodevelopmental disorder | PLAA-associated neurodevelopmental disorder,Neurodevelopmental Disorders,Neurodevelopmental Disorders,Neurodevelopmental Disorders
Rita Henderson,https://profiles.ucalgary.ca/rita-henderson,health inequities research,health inequities research,mental health | Leg Length Inequality | research | Research Design | Nursing Research,health inequities,MTH | MSH,C0025353 | C0023221 | C0035168 | C0035171 | C0028695,yes,mental health | Leg Length Inequality | research | Research Design | Nursing Research,health inequities research,Health Inequities Research,Health Inequities Research
Rita Henderson,https://profiles.ucalgary.ca/rita-henderson,mental health,mental health,mental health | Mental health treatment,mental health,MTH | SNOMEDCT_US,C0025353 | C0184647,yes,mental health | Mental health treatment,mental health,Mental Health,Mental Health
Rita Henderson,https://profiles.ucalgary.ca/rita-henderson,stress,stress,Stress | Urinary Stress Incontinence | Stress Fractures | Stress polycythemia,stress,MTH,C0038435 | C0042025 | C0016664 | C0541719,yes,Stress | Urinary Stress Incontinence | Stress Fractures | Stress polycythemia,Stress,Stress,Stress
Rita Henderson,https://profiles.ucalgary.ca/rita-henderson,indigenous health,indigenous health,mental health,indigenous health,MTH,C0025353,yes,mental health,indigenous health,Indigenous Health,Indigenous Health
Rita Henderson,https://profiles.ucalgary.ca/rita-henderson,population health,population health,Referred by population health program,population health,SNOMEDCT_US,C5699943,yes,Referred by population health program,Referred by population health program,Population Health Program,Population Health Program
Rita Henderson,https://profiles.ucalgary.ca/rita-henderson,clinical intervention research,clinical intervention research,Clinical language intervention program,clinical intervention,SNOMEDCT_US,C1960815,yes,Clinical language intervention program,Clinical language intervention program,Clinical Intervention Program,Clinical Intervention Program
Rita Henderson,https://profiles.ucalgary.ca/rita-henderson,youth mental health,youth mental health,mental health | Mental health treatment,mental health,MTH | SNOMEDCT_US,C0025353 | C0184647,yes,mental health | Mental health treatment,mental health,Mental Health,Mental Health
Rita Henderson,https://profiles.ucalgary.ca/rita-henderson,focuses primarily on indigenous health,focuses primarily on indigenous health,"Finding related to focusing | Focused attention, function | Trouble focusing | Isoelectric Focusing | Cerebral degeneration presenting primarily with dementia",,MTH | MSH | SNOMEDCT_US,C2981153 | C0589098 | C5575411 | C0022169 | C0349723,yes,"Finding related to focusing | Focused attention, function | Trouble focusing | Isoelectric Focusing | Cerebral degeneration presenting primarily with dementia",focuses primarily on indigenous health,Focuses Primarily On Indigenous Health,
Rita Henderson,https://profiles.ucalgary.ca/rita-henderson,namely around sexual health,namely around sexual health,Sexual Dysfunction | Sexual abuse | Sexual Masochism | Pain around eye | Cleaning around catheter,,MTH | SNOMEDCT_US,C0549622 | C0282350 | C0036908 | C0234656 | C0455192,yes,Sexual Dysfunction | Sexual abuse | Sexual Masochism | Pain around eye | Cleaning around catheter,namely around sexual health,Namely Around Sexual Health,Namely Around Sexual Health
Rita Henderson,https://profiles.ucalgary.ca/rita-henderson,inuit health branch of health canada,inuit health branch of health canada,mental health | Bundle-Branch Block | Left Bundle-Branch Block | Right bundle branch block,,MTH,C0025353 | C0006384 | C0023211 | C0085615,yes,mental health | Bundle-Branch Block | Left Bundle-Branch Block | Right bundle branch block,inuit health branch of health canada,Inuit Health Branch Of Health Canada,
Rita Henderson,https://profiles.ucalgary.ca/rita-henderson,indigenous health strategic clinical network,indigenous health strategic clinical network,mental health,,MTH,C0025353,yes,mental health,indigenous health strategic clinical network,Indigenous Health Strategic Clinical Network,
Robert James Sevick,https://profiles.ucalgary.ca/robert-james-sevick,clinical neurosciences,clinical neurosciences,Clinical Trials,clinical neurosciences,MTH,C0008976,yes,Clinical Trials,clinical neurosciences,Clinical Neurosciences,Clinical Neurosciences
Robert James Sevick,https://profiles.ucalgary.ca/robert-james-sevick,mr imaging,mr imaging,Diagnostic Imaging | Radionuclide Imaging | Magnetic Resonance Imaging | Imaging Techniques,,MTH,C0011923 | C0034606 | C0024485 | C0079595,yes,Diagnostic Imaging | Radionuclide Imaging | Magnetic Resonance Imaging | Imaging Techniques,mr imaging,Mr Imaging,Mr Imaging
Robert James Sevick,https://profiles.ucalgary.ca/robert-james-sevick,sevick currently practices diagnostic neuroradiology,sevick currently practices diagnostic neuroradiology,Patient currently pregnant | Education currently received | Mother currently breastfeeding | Knowledge level: preconception health practices,,MTH | SNOMEDCT_US,C0549206 | C0578821 | C0585066 | C1827800,yes,Patient currently pregnant | Education currently received | Mother currently breastfeeding | Knowledge level: preconception health practices,sevick currently practices diagnostic neuroradiology,Sevick Currently Practices Diagnostic Neuroradiology,
Robert James Sevick,https://profiles.ucalgary.ca/robert-james-sevick,interventional spine therapy in calgary,interventional spine therapy in calgary,Level of spine intervention,interventional spine,MTH,C5444951,yes,Level of spine intervention,interventional spine therapy in calgary,Interventional Spine Therapy In Calgary,
Robert John French,https://profiles.ucalgary.ca/robert-john-french,drug interactions of a single molecule,drug interactions of a single molecule,Drug Interactions | Food-Drug Interactions | Drug interactions identified - drug changed,drug interactions,MTH | MSH | SNOMEDCT_US,C0687133 | C0242785 | C1319480,yes,Drug Interactions | Food-Drug Interactions | Drug interactions identified - drug changed,Drug Interactions,Drug Interactions,Drug Interactions
Robert John French,https://profiles.ucalgary.ca/robert-john-french,from single channels reconstituted into lipid bilayers,from single channels reconstituted into lipid bilayers,,,,,no,from single channels reconstituted into lipid bilayers,from single channels reconstituted into lipid bilayers,Single Channels Reconstituted Into Lipid Bilayers,
Robert John French,https://profiles.ucalgary.ca/robert-john-french,drug interactions,drug interactions,Drug Interactions | Food-Drug Interactions | Drug interactions identified - drug changed,drug interactions,MTH | MSH | SNOMEDCT_US,C0687133 | C0242785 | C1319480,yes,Drug Interactions | Food-Drug Interactions | Drug interactions identified - drug changed,Drug Interactions,Drug Interactions,Drug Interactions
Robert John French,https://profiles.ucalgary.ca/robert-john-french,variants of these toxins,variants of these toxins,"These questions three panel | Botulinum Toxins | Klinefelter Syndrome, Variants | Splice Variants, Protein | Migraine Variant",,MTH | MSH,C4522116 | C0006055 | C0543754 | C1720834 | C0042331,yes,"These questions three panel | Botulinum Toxins | Klinefelter Syndrome, Variants | Splice Variants, Protein | Migraine Variant",variants of these toxins,Variants Of These Toxins,Variants Of These Toxins
Robert John French,https://profiles.ucalgary.ca/robert-john-french,molecular mechanisms,molecular mechanisms,Molecular Mechanisms of Pharmacological Action,molecular mechanisms,MSH,C1258062,yes,Molecular Mechanisms of Pharmacological Action,Molecular Mechanisms of Pharmacological Action,Molecular Mechanisms,Molecular Mechanisms
Robert John French,https://profiles.ucalgary.ca/robert-john-french,molecular mechanisms among proteins,molecular mechanisms among proteins,Unknown Cellular or Molecular Mechanism | Molecular Mechanisms of Pharmacological Action,molecular mechanisms,MTH | MSH,C3537153 | C1258062,yes,Unknown Cellular or Molecular Mechanism | Molecular Mechanisms of Pharmacological Action,Molecular Mechanisms of Pharmacological Action,Molecular Mechanisms,Molecular Mechanisms
Roberto Souza,https://profiles.ucalgary.ca/roberto-souza,machine learning,machine learning,Machine Learning | Supervised Machine Learning | Unsupervised Machine Learning | Reinforcement Machine Learning | Representation Machine Learning,machine learning,MSH,C0376284 | C4042903 | C4042902 | C5940531 | C5940532,yes,Machine Learning | Supervised Machine Learning | Unsupervised Machine Learning | Reinforcement Machine Learning | Representation Machine Learning,Machine Learning,Machine Learning,Machine Learning
Roberto Souza,https://profiles.ucalgary.ca/roberto-souza,computer vision,computer vision,Computer software | Computer simulation | Blurred vision | Low Vision | Vision Disorders,computer vision,MTH,C0037585 | C0009609 | C0344232 | C0042798 | C0042790,yes,Computer software | Computer simulation | Blurred vision | Low Vision | Vision Disorders,computer vision,Computer Vision,Computer Vision
Roberto Souza,https://profiles.ucalgary.ca/roberto-souza,stroke,stroke,Heat Stroke | Ischemic stroke | Hemorrhagic Stroke | Embolic Stroke,stroke,MTH | MSH,C0018843 | C0948008 | C5234922 | C0262469,yes,Heat Stroke | Ischemic stroke | Hemorrhagic Stroke | Embolic Stroke,Heat Stroke,Stroke,Stroke
Robert Stephen Sainsbury,https://profiles.ucalgary.ca/robert-stephen-sainsbury,environmental toxins,environmental toxins,Environmental Illness | Botulinum Toxins | Bacterial Toxins | Marine Toxins | Shiga Toxins,environmental toxins,MTH | MSH,C0282504 | C0006055 | C0004630 | C0024813 | C0148323,yes,Environmental Illness | Botulinum Toxins | Bacterial Toxins | Marine Toxins | Shiga Toxins,environmental toxins,Environmental Toxins,Environmental Toxins
Robert Tanguay,https://profiles.ucalgary.ca/robert-tanguay,mental health,mental health,mental health | Mental health treatment,mental health,MTH | SNOMEDCT_US,C0025353 | C0184647,yes,mental health | Mental health treatment,mental health,Mental Health,Mental Health
Robert Tanguay,https://profiles.ucalgary.ca/robert-tanguay,pain,pain,Pain | Chest Pain | Back Pain | Low Back Pain | Abdominal Pain,pain,MTH,C0030193 | C0008031 | C0004604 | C0024031 | C0000737,yes,Pain | Chest Pain | Back Pain | Low Back Pain | Abdominal Pain,Pain,Pain,Pain
Robert Tanguay,https://profiles.ucalgary.ca/robert-tanguay,chronic opioid therapy,chronic opioid therapy,"Opioid dependence, on agonist therapy | Opioid therapy for breathlessness management | High dose opioid drug therapy",opioid therapy,SNOMEDCT_US,C3472691 | C4304734 | C5699698,yes,"Opioid dependence, on agonist therapy | Opioid therapy for breathlessness management | High dose opioid drug therapy",High dose opioid drug therapy,Opioid Therapy,Opioid Therapy
Robert Tanguay,https://profiles.ucalgary.ca/robert-tanguay,opioid use disorder,opioid use disorder,Opioid Use Disorder | Tobacco Use Disorder | Alcohol Use Disorder | Nicotine Use Disorder | Episode of harmful use of opioid,opioid use disorder | opioid use | use disorder,MSH | MTH | SNOMEDCT_US,C4324621 | C0040336 | C0001956 | C0376384 | C5967465,yes,Opioid Use Disorder | Tobacco Use Disorder | Alcohol Use Disorder | Nicotine Use Disorder | Episode of harmful use of opioid,Opioid Use Disorder,Opioid Use Disorder,Opioid Use Disorder
Robert Tanguay,https://profiles.ucalgary.ca/robert-tanguay,migraine,migraine,Migraine Disorders | Common Migraine | Abdominal Migraine | Ophthalmoplegic Migraine | Hemiplegic migraine,migraine,MTH | MSH | SNOMEDCT_US,C0149931 | C0338480 | C0270858 | C0221058 | C0270862,yes,Migraine Disorders | Common Migraine | Abdominal Migraine | Ophthalmoplegic Migraine | Hemiplegic migraine,Migraine Disorders,Migraine Disorders,Migraine Disorders
Robert Tanguay,https://profiles.ucalgary.ca/robert-tanguay,post-traumatic stress disorder,post-traumatic stress disorder,Post-Traumatic Stress Disorder | Delayed Onset Post-Traumatic Stress Disorder | Complex post-traumatic stress disorder,post-traumatic stress disorder | post traumatic stress | traumatic stress disorder | post traumatic,MTH | MSH | SNOMEDCT_US,C0038436 | C1136393 | C2733207,yes,Post-Traumatic Stress Disorder | Delayed Onset Post-Traumatic Stress Disorder | Complex post-traumatic stress disorder,Post-Traumatic Stress Disorder,Post Traumatic Stress Disorder,Post Traumatic Stress Disorder
Robert Tanguay,https://profiles.ucalgary.ca/robert-tanguay,depression,depression,"Mental Depression | Depressive disorder | Reactive depression | Depression, Postpartum",depression,MTH | MSH,C0011570 | C0011581 | C0011579 | C0221074,yes,"Mental Depression | Depressive disorder | Reactive depression | Depression, Postpartum",Mental Depression,Mental Depression,Mental Depression
Robin Yates,https://profiles.ucalgary.ca/robin-yates,dendritic cells,dendritic cells,Dendritic Cells Count,dendritic cells,MTH,C5553949,yes,Dendritic Cells Count,Dendritic Cells Count,Dendritic Cells,Dendritic Cells
Robin Yates,https://profiles.ucalgary.ca/robin-yates,dissect pathways,dissect pathways,Dissection of aorta | Arterial Dissection | Tissue Dissection,,MTH,C0340643 | C0002949 | C0012737,yes,Dissection of aorta | Arterial Dissection | Tissue Dissection,dissect pathways,Dissect Pathways,Dissect Pathways
Robin Yates,https://profiles.ucalgary.ca/robin-yates,since phagosomes play key roles in numerous physiologies,since phagosomes play key roles in numerous physiologies,,,,,no,since phagosomes play key roles in numerous physiologies,since phagosomes play key roles in numerous physiologies,Since Phagosomes Play Key Roles In Numerous Physiologies,
Robin Yates,https://profiles.ucalgary.ca/robin-yates,adaptive immunity with implications to aging,adaptive immunity with implications to aging,Adaptive Immunity,adaptive immunity,MTH,C0678209,yes,Adaptive Immunity,Adaptive Immunity,Adaptive Immunity,Adaptive Immunity
Robin Yates,https://profiles.ucalgary.ca/robin-yates,infectious disease,infectious disease,Intestinal infectious disease (disorder) | Infectious disease carrier | Communicable Diseases,infectious disease,MTH,C0178238 | C0700432 | C0009450,yes,Intestinal infectious disease (disorder) | Infectious disease carrier | Communicable Diseases,Infectious disease carrier,Infectious Disease,Infectious Disease
Robin Yates,https://profiles.ucalgary.ca/robin-yates,autoimmune disorders,autoimmune disorders,"Autoimmune Diseases | Autoimmune thyroiditis | Autoimmune hepatitis | Polyendocrinopathies, Autoimmune | Deglutition Disorders",autoimmune disorders,MTH,C0004364 | C0920350 | C4721555 | C0085409 | C0011168,yes,"Autoimmune Diseases | Autoimmune thyroiditis | Autoimmune hepatitis | Polyendocrinopathies, Autoimmune | Deglutition Disorders",autoimmune disorders,Autoimmune Disorders,Autoimmune Disorders
Robin Yates,https://profiles.ucalgary.ca/robin-yates,such as multiple sclerosis,such as multiple sclerosis,"Multiple Sclerosis | Multiple Sclerosis, Chronic Progressive | Malignant multiple sclerosis | Benign multiple sclerosis",multiple sclerosis,MTH | MSH | SNOMEDCT_US,C0026769 | C0393665 | C2586221 | C2585570,yes,"Multiple Sclerosis | Multiple Sclerosis, Chronic Progressive | Malignant multiple sclerosis | Benign multiple sclerosis",Multiple Sclerosis,Multiple Sclerosis,Multiple Sclerosis
Robin Yates,https://profiles.ucalgary.ca/robin-yates,excellence from the faculty of veterinary medicine,excellence from the faculty of veterinary medicine,Dedication to Excellence + Inspiration to All,,MTH,C3533144,yes,Dedication to Excellence + Inspiration to All,excellence from the faculty of veterinary medicine,Excellence From The Faculty Of Veterinary Medicine,
Rochelle Bonnie Babins-Wagner,https://profiles.ucalgary.ca/rochelle-bonnie-babins-wagner,mental health,mental health,mental health | Mental health treatment,mental health,MTH | SNOMEDCT_US,C0025353 | C0184647,yes,mental health | Mental health treatment,mental health,Mental Health,Mental Health
Rodney Li Pi Shan,https://profiles.ucalgary.ca/rodney-li-pi-shan,traumatic brain injury,traumatic brain injury,Traumatic Brain Injury | Mild Traumatic Brain Injury | Traumatic AND/OR non-traumatic brain injury | History of traumatic brain injury (situation),traumatic brain injury | traumatic brain | brain injury,MTH,C0876926 | C3508472 | C1456496 | C5942876,yes,Traumatic Brain Injury | Mild Traumatic Brain Injury | Traumatic AND/OR non-traumatic brain injury | History of traumatic brain injury (situation),Traumatic Brain Injury,Traumatic Brain Injury,Traumatic Brain Injury
Rodney Li Pi Shan,https://profiles.ucalgary.ca/rodney-li-pi-shan,brain injury,brain injury,"Brain Injuries | Traumatic Brain Injury | Brain Injury, Chronic | Crush injury of brain | Injury of parenchyma of brain",brain injury,MTH | MSH | SNOMEDCT_US,C0270611 | C0876926 | C0751813 | C4303411 | C5880441,yes,"Brain Injuries | Traumatic Brain Injury | Brain Injury, Chronic | Crush injury of brain | Injury of parenchyma of brain",Traumatic Brain Injury,Traumatic Brain Injury,Traumatic Brain Injury
Rodney Li Pi Shan,https://profiles.ucalgary.ca/rodney-li-pi-shan,neuromuscular diseases,neuromuscular diseases,Neuromuscular Diseases | Neuromuscular Junction Diseases,neuromuscular diseases,MSH,C0027868 | C0751950,yes,Neuromuscular Diseases | Neuromuscular Junction Diseases,Neuromuscular Diseases,Neuromuscular Diseases,Neuromuscular Diseases
Rodney Li Pi Shan,https://profiles.ucalgary.ca/rodney-li-pi-shan,neuromusculoskeletal disorders,neuromusculoskeletal disorders,Integrated Neuromusculoskeletal Release | Deglutition Disorders | Migraine Disorders | Cerebrovascular Disorders | Personality Disorders,neuromusculoskeletal disorders,MTH | MSH,C1704538 | C0011168 | C0149931 | C0007820 | C0031212,yes,Integrated Neuromusculoskeletal Release | Deglutition Disorders | Migraine Disorders | Cerebrovascular Disorders | Personality Disorders,neuromusculoskeletal disorders,Neuromusculoskeletal Disorders,Neuromusculoskeletal Disorders
Rodney Li Pi Shan,https://profiles.ucalgary.ca/rodney-li-pi-shan,neuromuscular diseases with als in particular,neuromuscular diseases with als in particular,Neuromuscular Diseases | Neuromuscular Junction Diseases | Cyclic Vomiting Syndrome with Neuromuscular Disease,neuromuscular diseases,MSH,C0027868 | C0751950 | C1838991,yes,Neuromuscular Diseases | Neuromuscular Junction Diseases | Cyclic Vomiting Syndrome with Neuromuscular Disease,Neuromuscular Diseases,Neuromuscular Diseases,Neuromuscular Diseases
Rodney Li Pi Shan,https://profiles.ucalgary.ca/rodney-li-pi-shan,use of ultrasound in neuromusculoskeletal disorders,use of ultrasound in neuromusculoskeletal disorders,Ultrasonography | Endoscopic Ultrasound | Doppler Ultrasound (procedure) | Integrated Neuromusculoskeletal Release | Deglutition Disorders,use ultrasound,MTH,C0041618 | C0376443 | C0162481 | C1704538 | C0011168,yes,Ultrasonography | Endoscopic Ultrasound | Doppler Ultrasound (procedure) | Integrated Neuromusculoskeletal Release | Deglutition Disorders,use of ultrasound in neuromusculoskeletal disorders,Use Of Ultrasound In Neuromusculoskeletal Disorders,
Rodney Li Pi Shan,https://profiles.ucalgary.ca/rodney-li-pi-shan,has focused on brain injury,has focused on brain injury,"Brain Injuries | Traumatic Brain Injury | Brain Injury, Chronic | Crush injury of brain | Injury of parenchyma of brain",focused brain | brain injury,MTH | MSH | SNOMEDCT_US,C0270611 | C0876926 | C0751813 | C4303411 | C5880441,yes,"Brain Injuries | Traumatic Brain Injury | Brain Injury, Chronic | Crush injury of brain | Injury of parenchyma of brain",Traumatic Brain Injury,Traumatic Brain Injury,Traumatic Brain Injury
Roger Thompson,https://profiles.ucalgary.ca/roger-thompson,dementia,dementia,"Dementia | Presenile dementia | Senile dementia | Multi-infarct dementia | Dementia, Vascular",dementia,MTH | MSH,C0497327 | C0011265 | C0011268 | C0011263 | C0011269,yes,"Dementia | Presenile dementia | Senile dementia | Multi-infarct dementia | Dementia, Vascular",Dementia,Dementia,Dementia
Roger Thompson,https://profiles.ucalgary.ca/roger-thompson,stroke,stroke,Heat Stroke | Ischemic stroke | Hemorrhagic Stroke | Embolic Stroke,stroke,MTH | MSH,C0018843 | C0948008 | C5234922 | C0262469,yes,Heat Stroke | Ischemic stroke | Hemorrhagic Stroke | Embolic Stroke,Heat Stroke,Stroke,Stroke
Roger Thompson,https://profiles.ucalgary.ca/roger-thompson,fundamentals of synaptic plasticity,fundamentals of synaptic plasticity,Synaptic Transmission | Synaptic Receptors,synaptic plasticity,MSH,C0027793 | C0039064,yes,Synaptic Transmission | Synaptic Receptors,fundamentals of synaptic plasticity,Fundamentals Of Synaptic Plasticity,Fundamentals Of Synaptic Plasticity
Roger Thompson,https://profiles.ucalgary.ca/roger-thompson,lab uses state of the art electrophysiology,lab uses state of the art electrophysiology,Unconscious State | Divorced state | Anxiety state | Cardiac electrophysiology study | electrophysiology (procedure),,MTH,C0041657 | C0086170 | C0700613 | C5551547 | C1446476,yes,Unconscious State | Divorced state | Anxiety state | Cardiac electrophysiology study | electrophysiology (procedure),lab uses state of the art electrophysiology,Lab Uses State Of The Art Electrophysiology,
Roger Thompson,https://profiles.ucalgary.ca/roger-thompson,molecular biology techniques to elucidate the diverse neuronal,molecular biology techniques to elucidate the diverse neuronal,Molecular biology identification technique,molecular biology techniques,SNOMEDCT_US,C0200925,yes,Molecular biology identification technique,Molecular biology identification technique,Molecular Biology Technique,Molecular Biology Technique
Roger Thompson,https://profiles.ucalgary.ca/roger-thompson,pannexin-1 in cell death,pannexin-1 in cell death,"Programmed Cell Death Protein 1 | pannexin 1, rat",1 cell death | pannexin 1,MTH | MSH,C2986635 | C1433071,yes,"Programmed Cell Death Protein 1 | pannexin 1, rat","pannexin 1, rat",Pannexin 1,Pannexin 1
Roger Thompson,https://profiles.ucalgary.ca/roger-thompson,how environmental,how environmental,Environmental Illness,,MTH,C0282504,yes,Environmental Illness,how environmental,Environmental,Environmental
Roger Thompson,https://profiles.ucalgary.ca/roger-thompson,glutamate receptors in neuronal death,glutamate receptors in neuronal death,"Glutamate Receptor | Receptors, Metabotropic Glutamate | Receptors, Ionotropic Glutamate | metabotropic glutamate receptors type 7 | metabotropic glutamate receptors type 3",glutamate receptors,MTH | MSH,C0061465 | C0206529 | C2936399 | C0532373 | C0532370,yes,"Glutamate Receptor | Receptors, Metabotropic Glutamate | Receptors, Ionotropic Glutamate | metabotropic glutamate receptors type 7 | metabotropic glutamate receptors type 3",Glutamate Receptor,Glutamate Receptor,Glutamate Receptor
Ronda Lun,https://profiles.ucalgary.ca/ronda-lun,stroke,stroke,Heat Stroke | Ischemic stroke | Hemorrhagic Stroke | Embolic Stroke,stroke,MTH | MSH,C0018843 | C0948008 | C5234922 | C0262469,yes,Heat Stroke | Ischemic stroke | Hemorrhagic Stroke | Embolic Stroke,Heat Stroke,Stroke,Stroke
Ronda Lun,https://profiles.ucalgary.ca/ronda-lun,epidemiology,epidemiology,,epidemiology,,,no,epidemiology,epidemiology,Epidemiology,Epidemiology
Ryan Peters,https://profiles.ucalgary.ca/ryan-peters,neuroscience - motor control,neuroscience - motor control,Neurological status: central motor control | Motor control test | Disorders of attention and motor control | Deficits in attention motor control and perception,motor control,SNOMEDCT_US | MTH,C0517961 | C4720933 | C0454623 | C0454625,yes,Neurological status: central motor control | Motor control test | Disorders of attention and motor control | Deficits in attention motor control and perception,Motor control test,Motor Control,Motor Control
Ryan Peters,https://profiles.ucalgary.ca/ryan-peters,motor neurons during voluntary movement,motor neurons during voluntary movement,Motor Neuron Disease | Peripheral motor neuropathy | During - dosing instruction fragment,,MTH,C0085084 | C0235025 | C1706551,yes,Motor Neuron Disease | Peripheral motor neuropathy | During - dosing instruction fragment,Motor Neuron Disease,Motor Neuron Disease,Motor Neuron Disease
Ryan Peters,https://profiles.ucalgary.ca/ryan-peters,both healthy older adults,both healthy older adults,CHAMPS Activities Questionnaire for Older Adults,older adults,MTH,C4745190,yes,CHAMPS Activities Questionnaire for Older Adults,CHAMPS Activities Questionnaire for Older Adults,Activities For Older Adults,Activities For Older Adults
Ryan Peters,https://profiles.ucalgary.ca/ryan-peters,neuroscience - motor control activities dr,neuroscience - motor control activities dr,Motor Neuron Disease | Peripheral motor neuropathy | Epistaxis control | Pain control,,MTH,C0085084 | C0235025 | C0188972 | C1304888,yes,Motor Neuron Disease | Peripheral motor neuropathy | Epistaxis control | Pain control,neuroscience - motor control activities dr,Neuroscience Motor Control Activities Dr,
Sabine Gilch,https://profiles.ucalgary.ca/sabine-gilch,endocytic tracking in neurons,endocytic tracking in neurons,Eye-Tracking | Cell Tracking | Patient Tracking | Gene tracking,,MSH | SNOMEDCT_US,C5392849 | C2936595 | C3489477 | C2733217,yes,Eye-Tracking | Cell Tracking | Patient Tracking | Gene tracking,endocytic tracking in neurons,Endocytic Tracking In Neurons,Endocytic Tracking In Neurons
Sabine Gilch,https://profiles.ucalgary.ca/sabine-gilch,cell lines,cell lines,Radiolucent Lines | Beau's lines | Muehrcke's lines,cell lines,MTH | SNOMEDCT_US,C5703311 | C0263534 | C0263535,yes,Radiolucent Lines | Beau's lines | Muehrcke's lines,cell lines,Cell Lines,Cell Lines
Sabine Gilch,https://profiles.ucalgary.ca/sabine-gilch,prion and prion-like diseases,prion and prion-like diseases,Prion Diseases | Prion Disease Pathway | Acquired prion disease | Dementia due to prion disease,prion and prion-like diseases | prion prion diseases | prion prion | prion diseases,MTH | SNOMEDCT_US,C0162534 | C3536911 | C4303462 | C4546138,yes,Prion Diseases | Prion Disease Pathway | Acquired prion disease | Dementia due to prion disease,Prion Diseases,Prion Diseases,Prion Diseases
Samuel Pichardo,https://profiles.ucalgary.ca/samuel-pichardo,focused ultrasound as non-invasive treatment for brain disorders,focused ultrasound as non-invasive treatment for brain disorders,,,,,no,focused ultrasound as non-invasive treatment for brain disorders,focused ultrasound as non-invasive treatment for brain disorders,Focused Ultrasound As Non Invasive Treatment For Brain Disorders,
Samuel Pichardo,https://profiles.ucalgary.ca/samuel-pichardo,dementia,dementia,"Dementia | Presenile dementia | Senile dementia | Multi-infarct dementia | Dementia, Vascular",dementia,MTH | MSH,C0497327 | C0011265 | C0011268 | C0011263 | C0011269,yes,"Dementia | Presenile dementia | Senile dementia | Multi-infarct dementia | Dementia, Vascular",Dementia,Dementia,Dementia
Samuel Pichardo,https://profiles.ucalgary.ca/samuel-pichardo,cognitive disorders,cognitive disorders,Cognition Disorders | Postoperative Cognitive Disorders | Impaired cognition | Memory Disorders,cognitive disorders,MTH | MSH,C0009241 | C5691260 | C0338656 | C0025261,yes,Cognition Disorders | Postoperative Cognitive Disorders | Impaired cognition | Memory Disorders,Postoperative Cognitive Disorders,Cognitive Disorders,Cognitive Disorders
Samuel Pichardo,https://profiles.ucalgary.ca/samuel-pichardo,epilepsy,epilepsy,"Epilepsy | Absence Epilepsy | Tonic-Clonic Epilepsy | Epilepsy, Complex Partial",epilepsy,MTH | MSH,C0014544 | C0014553 | C0014549 | C0085417,yes,"Epilepsy | Absence Epilepsy | Tonic-Clonic Epilepsy | Epilepsy, Complex Partial",Epilepsy,Epilepsy,Epilepsy
Samuel Pichardo,https://profiles.ucalgary.ca/samuel-pichardo,mental health,mental health,mental health | Mental health treatment,mental health,MTH | SNOMEDCT_US,C0025353 | C0184647,yes,mental health | Mental health treatment,mental health,Mental Health,Mental Health
Samuel Pichardo,https://profiles.ucalgary.ca/samuel-pichardo,depression,depression,"Mental Depression | Depressive disorder | Reactive depression | Depression, Postpartum",depression,MTH | MSH,C0011570 | C0011581 | C0011579 | C0221074,yes,"Mental Depression | Depressive disorder | Reactive depression | Depression, Postpartum",Mental Depression,Mental Depression,Mental Depression
Samuel Pichardo,https://profiles.ucalgary.ca/samuel-pichardo,development of magnetic resonance-guided techniques for the targeting,development of magnetic resonance-guided techniques for the targeting,Stereotactic Magnetic Resonance-guided Adaptive Radiation Therapy | Percutaneous magnetic resonance guided aspiration | Percutaneous magnetic resonance guided therapeutic drainage,magnetic resonance guided,MTH | SNOMEDCT_US,C5552709 | C0456847 | C0456849,yes,Stereotactic Magnetic Resonance-guided Adaptive Radiation Therapy | Percutaneous magnetic resonance guided aspiration | Percutaneous magnetic resonance guided therapeutic drainage,Percutaneous magnetic resonance guided aspiration,Magnetic Resonance Guided,Magnetic Resonance Guided
Samuel Pichardo,https://profiles.ucalgary.ca/samuel-pichardo,clinical translation of fus applications,clinical translation of fus applications,Clinical Trials | Language Translation (publication) | Knowledge Translation | Mobile Applications,,MTH | MSH,C0008976 | C0040712 | C3494164 | C3658310,yes,Clinical Trials | Language Translation (publication) | Knowledge Translation | Mobile Applications,clinical translation of fus applications,Clinical Translation Of Fus Applications,
Samuel Pichardo,https://profiles.ucalgary.ca/samuel-pichardo,treatment of brain disorders,treatment of brain disorders,Craniectomy with treatment of penetrating wound of brain | Craniotomy with treatment of penetrating wound of brain,treatment brain | brain disorders,SNOMEDCT_US,C0195963 | C0195810,yes,Craniectomy with treatment of penetrating wound of brain | Craniotomy with treatment of penetrating wound of brain,Craniotomy with treatment of penetrating wound of brain,Treatment Of Of Brain,Treatment Of Of Brain
Samuel Pichardo,https://profiles.ucalgary.ca/samuel-pichardo,clinical trials for very diversified indications,clinical trials for very diversified indications,"Clinical Trials | Clinical Trials, Monitoring | Clinical Trials, Randomized | Multicenter Trials",,MTH | MSH,C0008976 | C1516647 | C0206034 | C0206012,yes,"Clinical Trials | Clinical Trials, Monitoring | Clinical Trials, Randomized | Multicenter Trials",Clinical Trials,Clinical Trials,Clinical Trials
Samuel Pichardo,https://profiles.ucalgary.ca/samuel-pichardo,clinical neurosciences,clinical neurosciences,Clinical Trials,clinical neurosciences,MTH,C0008976,yes,Clinical Trials,clinical neurosciences,Clinical Neurosciences,Clinical Neurosciences
Samuel Pichardo,https://profiles.ucalgary.ca/samuel-pichardo,rectal cancer,rectal cancer,Recurrent Rectal Cancer | Stage II Rectal Cancer | Rectal cancer stage I | Rectal cancer stage IV,rectal cancer,MTH,C0278554 | C0278544 | C0278535 | C0861772,yes,Recurrent Rectal Cancer | Stage II Rectal Cancer | Rectal cancer stage I | Rectal cancer stage IV,Recurrent Rectal Cancer,Rectal Cancer,Rectal Cancer
Samuel Pichardo,https://profiles.ucalgary.ca/samuel-pichardo,he comes with significant pre-clinical,he comes with significant pre-clinical,Not significant | Clinical Trials | Drink comes down nose | Food comes down nose,,MTH | SNOMEDCT_US,C1273937 | C0008976 | C0426612 | C0426611,yes,Not significant | Clinical Trials | Drink comes down nose | Food comes down nose,he comes with significant pre-clinical,Comes With Significant Pre Clinical,
Samuel Pichardo,https://profiles.ucalgary.ca/samuel-pichardo,monitoring of therapy based on fus,monitoring of therapy based on fus,Auditory monitoring therapy,monitoring therapy based | monitoring therapy,SNOMEDCT_US,C0589203,yes,Auditory monitoring therapy,monitoring of therapy based on fus,Monitoring Of Therapy Based On Fus,
Samuel Pichardo,https://profiles.ucalgary.ca/samuel-pichardo,therapeutic tool for neuromodulation applications,therapeutic tool for neuromodulation applications,Percutaneous Neuromodulation Therapy | Therapeutic procedure | Therapeutic plateletpheresis | Therapeutic abortion procedure | Therapeutic immunosuppression,,MSH | MTH,C1518963 | C0087111 | C0032202 | C0000820 | C0021079,yes,Percutaneous Neuromodulation Therapy | Therapeutic procedure | Therapeutic plateletpheresis | Therapeutic abortion procedure | Therapeutic immunosuppression,therapeutic tool for neuromodulation applications,Therapeutic Tool For Neuromodulation Applications,
Samuel Weiss,https://profiles.ucalgary.ca/samuel-weiss,brain tumour stem cell biology,brain tumour stem cell biology,Brain Concussion | Brain Injuries | Brain Neoplasms | Brain Diseases | Tumour staging,tumour stem cell,MTH,C0006107 | C0270611 | C0006118 | C0006111 | C2362754,yes,Brain Concussion | Brain Injuries | Brain Neoplasms | Brain Diseases | Tumour staging,brain tumour stem cell biology,Brain Tumour Stem Cell Biology,
Samuel Weiss,https://profiles.ucalgary.ca/samuel-weiss,experimental therapeutics,experimental therapeutics,Experimental Design | Experimental drug | Experimental Method | Therapeutic procedure,experimental therapeutics,MTH,C0015320 | C0304229 | C0871738 | C0087111,yes,Experimental Design | Experimental drug | Experimental Method | Therapeutic procedure,experimental therapeutics,Experimental Therapeutics,Experimental Therapeutics
Samuel Weiss,https://profiles.ucalgary.ca/samuel-weiss,in the intact brain,in the intact brain,Brain Concussion | Brain Injuries | Brain Neoplasms | Brain Diseases | Hymen intact,,MTH | SNOMEDCT_US,C0006107 | C0270611 | C0006118 | C0006111 | C0021697,yes,Brain Concussion | Brain Injuries | Brain Neoplasms | Brain Diseases | Hymen intact,in the intact brain,Intact Brain,Intact Brain
Samuel Weiss,https://profiles.ucalgary.ca/samuel-weiss,adult mammalian (from rodent to human) brain,adult mammalian from rodent to human brain,Adult hypophosphatasia | Adult Teratoma | Adult rhabdomyoma | mammalian UGT1A7 | mammalian GAIP,,MTH | MSH,C0268413 | C1368898 | C0334483 | C0664609 | C0528444,yes,Adult hypophosphatasia | Adult Teratoma | Adult rhabdomyoma | mammalian UGT1A7 | mammalian GAIP,adult mammalian (from rodent to human) brain,Adult Mammalian From Rodent To Human Brain,
Samuel Weiss,https://profiles.ucalgary.ca/samuel-weiss,therapeutic resistance,therapeutic resistance,Therapeutic procedure | Therapeutic plateletpheresis | Therapeutic abortion procedure | Therapeutic immunosuppression | Resistance (Psychotherapeutic),,MTH,C0087111 | C0032202 | C0000820 | C0021079 | C0237834,yes,Therapeutic procedure | Therapeutic plateletpheresis | Therapeutic abortion procedure | Therapeutic immunosuppression | Resistance (Psychotherapeutic),therapeutic resistance,Therapeutic Resistance,Therapeutic Resistance
Samuel Weiss,https://profiles.ucalgary.ca/samuel-weiss,genomic approaches,genomic approaches,Subtractive Genomic Hybridization,genomic approaches,MSH,C5544497,yes,Subtractive Genomic Hybridization,genomic approaches,Genomic Approaches,Genomic Approaches
Samuel Weiss,https://profiles.ucalgary.ca/samuel-weiss,therapeutic response in vitro,therapeutic response in vitro,Increased therapeutic response | Decreased therapeutic response | Prolonged therapeutic response | Good therapeutic response,therapeutic response,SNOMEDCT_US,C0235821 | C0235827 | C0235823 | C0184785,yes,Increased therapeutic response | Decreased therapeutic response | Prolonged therapeutic response | Good therapeutic response,Good therapeutic response,Therapeutic Response,Therapeutic Response
Samuel Weiss,https://profiles.ucalgary.ca/samuel-weiss,develop novel experimental therapeutics for the disease,develop novel experimental therapeutics for the disease,literary novel | Experimental Design | Experimental drug | Experimental Method | Graphic Novel,,MTH | MSH,C0679622 | C0015320 | C0304229 | C0871738 | C4042926,yes,literary novel | Experimental Design | Experimental drug | Experimental Method | Graphic Novel,develop novel experimental therapeutics for the disease,Develop Novel Experimental Therapeutics For The Disease,
Samuel Weiss,https://profiles.ucalgary.ca/samuel-weiss,brain tumour stem cell biology experimental therapeutics,brain tumour stem cell biology experimental therapeutics,,tumour stem cell,,,no,brain tumour stem cell biology experimental therapeutics,brain tumour stem cell biology experimental therapeutics,Brain Tumour Stem Cell Biology Experimental Therapeutics,
Samuel Weiss,https://profiles.ucalgary.ca/samuel-weiss,mental health care,mental health care,Intensive mental health care | mental health | Mental health treatment,mental health care | mental health | health care,SNOMEDCT_US | MTH,C1320527 | C0025353 | C0184647,yes,Intensive mental health care | mental health | Mental health treatment,Intensive mental health care,Mental Health Care,Mental Health Care
Samuel Weiss,https://profiles.ucalgary.ca/samuel-weiss,development for neurological disease therapies,development for neurological disease therapies,Pervasive Development Disorder | Psychosexual Development | Neurological Rehabilitation | Neurological observations | Disease,,MTH,C0524528 | C0033944 | C0204096 | C0422837 | C0012634,yes,Pervasive Development Disorder | Psychosexual Development | Neurological Rehabilitation | Neurological observations | Disease,development for neurological disease therapies,Development For Neurological Disease Therapies,
Samuel Weiss,https://profiles.ucalgary.ca/samuel-weiss,experimental therapeutic strategies for brain cancer,experimental therapeutic strategies for brain cancer,Experimental Design | Experimental drug | Experimental Method | Therapeutic procedure | Therapeutic plateletpheresis,,MTH,C0015320 | C0304229 | C0871738 | C0087111 | C0032202,yes,Experimental Design | Experimental drug | Experimental Method | Therapeutic procedure | Therapeutic plateletpheresis,experimental therapeutic strategies for brain cancer,Experimental Therapeutic Strategies For Brain Cancer,
Samuel Weiss,https://profiles.ucalgary.ca/samuel-weiss,neural regeneration,neural regeneration,Nerve Regeneration,neural regeneration,MTH,C0027756,yes,Nerve Regeneration,neural regeneration,Neural Regeneration,Neural Regeneration
Samuel Weiss,https://profiles.ucalgary.ca/samuel-weiss,weiss worked with canadian brain health,weiss worked with canadian brain health,JACKSON-WEISS SYNDROME | SIFRIM-HITZ-WEISS SYNDROME | Number of hours worked per week | Worked during the COVID-19 outbreak | Canadian bluegrass pollen extract,,MTH,C0795998 | C4310688 | C2584953 | C5444541 | C2940183,yes,JACKSON-WEISS SYNDROME | SIFRIM-HITZ-WEISS SYNDROME | Number of hours worked per week | Worked during the COVID-19 outbreak | Canadian bluegrass pollen extract,weiss worked with canadian brain health,Weiss Worked With Canadian Brain Health,
Samuel Weiss,https://profiles.ucalgary.ca/samuel-weiss,mental health,mental health,mental health | Mental health treatment,mental health,MTH | SNOMEDCT_US,C0025353 | C0184647,yes,mental health | Mental health treatment,mental health,Mental Health,Mental Health
Samuel Weiss,https://profiles.ucalgary.ca/samuel-weiss,substance use health,substance use health,Substance Use Status | Substance Use Disorders,substance use | use health,MTH | MSH,C0946431 | C0038586,yes,Substance Use Status | Substance Use Disorders,Substance Use Status,Substance Use,Substance Use
Samuel Wiebe,https://profiles.ucalgary.ca/samuel-wiebe,epidemiology,epidemiology,,epidemiology,,,no,epidemiology,epidemiology,Epidemiology,Epidemiology
Samuel Wiebe,https://profiles.ucalgary.ca/samuel-wiebe,epilepsy,epilepsy,"Epilepsy | Absence Epilepsy | Tonic-Clonic Epilepsy | Epilepsy, Complex Partial",epilepsy,MTH | MSH,C0014544 | C0014553 | C0014549 | C0085417,yes,"Epilepsy | Absence Epilepsy | Tonic-Clonic Epilepsy | Epilepsy, Complex Partial",Epilepsy,Epilepsy,Epilepsy
Samuel Wiebe,https://profiles.ucalgary.ca/samuel-wiebe,health outcomes,health outcomes,Health behavior outcomes,health outcomes,MTH,C0518902,yes,Health behavior outcomes,Health behavior outcomes,Health Outcomes,Health Outcomes
Samuel Wiebe,https://profiles.ucalgary.ca/samuel-wiebe,population health,population health,Referred by population health program,population health,SNOMEDCT_US,C5699943,yes,Referred by population health program,Referred by population health program,Population Health Program,Population Health Program
Samuel Wiebe,https://profiles.ucalgary.ca/samuel-wiebe,outcomes research in clinical neurosciences,outcomes research in clinical neurosciences,Outcomes Research,outcomes research,MSH,C0086750,yes,Outcomes Research,Outcomes Research,Outcomes Research,Outcomes Research
Samuel Wiebe,https://profiles.ucalgary.ca/samuel-wiebe,randomized neurosurgical trials,randomized neurosurgical trials,"Randomized Controlled Trial (publication) | Clinical Trials, Randomized | jojoba oil, randomized | Subject is Randomized",,MTH | MSH,C1096777 | C0206034 | C3818786 | C3815594,yes,"Randomized Controlled Trial (publication) | Clinical Trials, Randomized | jojoba oil, randomized | Subject is Randomized","Clinical Trials, Randomized",Clinical Trials Randomized,Clinical Trials Randomized
Sarah MacEachern,https://profiles.ucalgary.ca/sarah-maceachern,attention deficit disorder,attention deficit disorder,Attention Deficit Disorder | Attention deficit hyperactivity disorder | Child attention deficit disorder,attention deficit disorder | attention deficit | deficit disorder,MTH,C0041671 | C1263846 | C0004269,yes,Attention Deficit Disorder | Attention deficit hyperactivity disorder | Child attention deficit disorder,Attention Deficit Disorder,Attention Deficit Disorder,Attention Deficit Disorder
Sarah MacEachern,https://profiles.ucalgary.ca/sarah-maceachern,autism,autism,Autistic Disorder | Autism suspected,autism,MTH | SNOMEDCT_US,C0004352 | C1303176,yes,Autistic Disorder | Autism suspected,Autistic Disorder,Autistic Disorder,Autistic Disorder
Sarah McFarlane,https://profiles.ucalgary.ca/sarah-mcfarlane,pass this information on to the brain,pass this information on to the brain,Information Systems | Brain Concussion | Brain Injuries | Brain Neoplasms | Brain Diseases,information brain,MTH,C0021428 | C0006107 | C0270611 | C0006118 | C0006111,yes,Information Systems | Brain Concussion | Brain Injuries | Brain Neoplasms | Brain Diseases,pass this information on to the brain,Pass This Information On To The Brain,
Sarah McFarlane,https://profiles.ucalgary.ca/sarah-mcfarlane,occurs in a number of childhood disorders,occurs in a number of childhood disorders,"pelvic pain occurs with intercourse | pelvic pain occurs with urination | Chief Complaint Occurs After Exercise | Schizophrenia, Childhood | Childhood psychosis",occurs number,MTH,C3539893 | C3539896 | C5238672 | C0036346 | C0338796,yes,"pelvic pain occurs with intercourse | pelvic pain occurs with urination | Chief Complaint Occurs After Exercise | Schizophrenia, Childhood | Childhood psychosis",occurs in a number of childhood disorders,Occurs In A Number Of Childhood Disorders,
Sarah McFarlane,https://profiles.ucalgary.ca/sarah-mcfarlane,fetal alcohol spectrum disorder,fetal alcohol spectrum disorder,Fetal Alcohol Spectrum Disorders | Screening for fetal alcohol spectrum disorder | Fetal Alcohol Syndrome,fetal alcohol spectrum disorder | fetal alcohol spectrum | alcohol spectrum disorder | fetal alcohol,MTH | SNOMEDCT_US,C2985290 | C4551321 | C0015923,yes,Fetal Alcohol Spectrum Disorders | Screening for fetal alcohol spectrum disorder | Fetal Alcohol Syndrome,Fetal Alcohol Spectrum Disorders,Fetal Alcohol Spectrum Disorders,Fetal Alcohol Spectrum Disorders
Sarah McFarlane,https://profiles.ucalgary.ca/sarah-mcfarlane,multiple sclerosis,multiple sclerosis,"Multiple Sclerosis | Multiple Sclerosis, Chronic Progressive | Malignant multiple sclerosis | Benign multiple sclerosis",multiple sclerosis,MTH | MSH | SNOMEDCT_US,C0026769 | C0393665 | C2586221 | C2585570,yes,"Multiple Sclerosis | Multiple Sclerosis, Chronic Progressive | Malignant multiple sclerosis | Benign multiple sclerosis",Multiple Sclerosis,Multiple Sclerosis,Multiple Sclerosis
Sarah McFarlane,https://profiles.ucalgary.ca/sarah-mcfarlane,metabolic disorders such as type ii diabetes,metabolic disorders such as type ii diabetes,,,,,no,metabolic disorders such as type ii diabetes,metabolic disorders such as type ii diabetes,Metabolic Disorders Such As Type Ii Diabetes,
Sarah McFarlane,https://profiles.ucalgary.ca/sarah-mcfarlane,pain,pain,Pain | Chest Pain | Back Pain | Low Back Pain | Abdominal Pain,pain,MTH,C0030193 | C0008031 | C0004604 | C0024031 | C0000737,yes,Pain | Chest Pain | Back Pain | Low Back Pain | Abdominal Pain,Pain,Pain,Pain
Sarah McFarlane,https://profiles.ucalgary.ca/sarah-mcfarlane,pigmented cells (melanophores) of the skin,pigmented cells melanophores of the skin,Albinism with hemorrhagic diathesis and pigmented reticuloendothelial cells | Vitreous pigment cells,pigmented cells,MTH | SNOMEDCT_US,C2931875 | C1720510,yes,Albinism with hemorrhagic diathesis and pigmented reticuloendothelial cells | Vitreous pigment cells,Vitreous pigment cells,Pigment Cells,Pigment Cells
Sarah Morrow,https://profiles.ucalgary.ca/sarah-morrow,cognition in pwms,cognition in pwms,Cognition | Impaired cognition | Cognition Disorders | Normal cognition,,MTH,C0009240 | C0338656 | C0009241 | C2712133,yes,Cognition | Impaired cognition | Cognition Disorders | Normal cognition,cognition in pwms,Cognition In Pwms,Cognition In Pwms
Sarah Morrow,https://profiles.ucalgary.ca/sarah-morrow,epidemiology,epidemiology,,epidemiology,,,no,epidemiology,epidemiology,Epidemiology,Epidemiology
Sayeh Bayat,https://profiles.ucalgary.ca/sayeh-bayat,digital health,digital health,Digital Health Technology,digital health,MSH,C5828393,yes,Digital Health Technology,Digital Health Technology,Digital Health,Digital Health
Sayeh Bayat,https://profiles.ucalgary.ca/sayeh-bayat,digital biomarkers,digital biomarkers,"Digital X-ray | Digital Mammography | Biomarkers, Tumor | Biomarkers, Pharmacological",digital biomarkers,MTH | MSH,C0442015 | C0860950 | C0041366 | C1955886,yes,"Digital X-ray | Digital Mammography | Biomarkers, Tumor | Biomarkers, Pharmacological",digital biomarkers,Digital Biomarkers,Digital Biomarkers
Sayeh Bayat,https://profiles.ucalgary.ca/sayeh-bayat,machine learning,machine learning,Machine Learning | Supervised Machine Learning | Unsupervised Machine Learning | Reinforcement Machine Learning | Representation Machine Learning,machine learning,MSH,C0376284 | C4042903 | C4042902 | C5940531 | C5940532,yes,Machine Learning | Supervised Machine Learning | Unsupervised Machine Learning | Reinforcement Machine Learning | Representation Machine Learning,Machine Learning,Machine Learning,Machine Learning
Sayeh Bayat,https://profiles.ucalgary.ca/sayeh-bayat,healthy aging,healthy aging,"Premature aging syndrome | Cell Aging | Diet, Healthy | Erythrocyte Aging | Placenta healthy",healthy aging,MTH | MSH | SNOMEDCT_US,C0231341 | C5550967 | C0452415 | C0014768 | C0566710,yes,"Premature aging syndrome | Cell Aging | Diet, Healthy | Erythrocyte Aging | Placenta healthy",healthy aging,Healthy Aging,Healthy Aging
Sayeh Bayat,https://profiles.ucalgary.ca/sayeh-bayat,driving behaviours,driving behaviours,Drunk driving | Reckless driving,,MTH | SNOMEDCT_US,C0556374 | C0520951,yes,Drunk driving | Reckless driving,driving behaviours,Driving Behaviours,Driving Behaviours
Sayeh Bayat,https://profiles.ucalgary.ca/sayeh-bayat,individuals with dementia,individuals with dementia,"Dementia | Presenile dementia | Senile dementia | Multi-infarct dementia | Dementia, Vascular",,MTH | MSH,C0497327 | C0011265 | C0011268 | C0011263 | C0011269,yes,"Dementia | Presenile dementia | Senile dementia | Multi-infarct dementia | Dementia, Vascular",individuals with dementia,Individuals With Dementia,Individuals With Dementia
Scott Burton Patten,https://profiles.ucalgary.ca/scott-burton-patten,bipolar disorder,bipolar disorder,Bipolar Disorder | Bipolar Disorder Type 2 | Bipolar I disorder | Organic bipolar disorder | Mild bipolar disorder,bipolar disorder,MTH | MSH | SNOMEDCT_US,C0005586 | C0236788 | C0853193 | C0338653 | C0270419,yes,Bipolar Disorder | Bipolar Disorder Type 2 | Bipolar I disorder | Organic bipolar disorder | Mild bipolar disorder,Bipolar Disorder,Bipolar Disorder,Bipolar Disorder
Scott Burton Patten,https://profiles.ucalgary.ca/scott-burton-patten,epidemiology,epidemiology,,epidemiology,,,no,epidemiology,epidemiology,Epidemiology,Epidemiology
Scott Burton Patten,https://profiles.ucalgary.ca/scott-burton-patten,depression,depression,"Mental Depression | Depressive disorder | Reactive depression | Depression, Postpartum",depression,MTH | MSH,C0011570 | C0011581 | C0011579 | C0221074,yes,"Mental Depression | Depressive disorder | Reactive depression | Depression, Postpartum",Mental Depression,Mental Depression,Mental Depression
Scott Burton Patten,https://profiles.ucalgary.ca/scott-burton-patten,mood disorders,mood disorders,Mood Disorders | Psychotic Mood Disorders | Organic mood disorder | Bipolar Disorder,mood disorders,MSH | SNOMEDCT_US | MTH,C0525045 | C0086640 | C0029232 | C0005586,yes,Mood Disorders | Psychotic Mood Disorders | Organic mood disorder | Bipolar Disorder,Mood Disorders,Mood Disorders,Mood Disorders
Scott Jarvis,https://profiles.ucalgary.ca/scott-jarvis,multiple sclerosis,multiple sclerosis,"Multiple Sclerosis | Multiple Sclerosis, Chronic Progressive | Malignant multiple sclerosis | Benign multiple sclerosis",multiple sclerosis,MTH | MSH | SNOMEDCT_US,C0026769 | C0393665 | C2586221 | C2585570,yes,"Multiple Sclerosis | Multiple Sclerosis, Chronic Progressive | Malignant multiple sclerosis | Benign multiple sclerosis",Multiple Sclerosis,Multiple Sclerosis,Multiple Sclerosis
Scott Jarvis,https://profiles.ucalgary.ca/scott-jarvis,pain,pain,Pain | Chest Pain | Back Pain | Low Back Pain | Abdominal Pain,pain,MTH,C0030193 | C0008031 | C0004604 | C0024031 | C0000737,yes,Pain | Chest Pain | Back Pain | Low Back Pain | Abdominal Pain,Pain,Pain,Pain
Scott Jarvis,https://profiles.ucalgary.ca/scott-jarvis,(1) objective quantification of of neurologic deficits,1 objective quantification of of neurologic deficits,Neurologic Deficits | objective (goal) | Objective refraction | Quantification Test | Absolute Proteomic Quantification,,MSH | MTH,C0521654 | C0018017 | C1301317 | C5552867 | C5203157,yes,Neurologic Deficits | objective (goal) | Objective refraction | Quantification Test | Absolute Proteomic Quantification,Neurologic Deficits,Neurologic Deficits,Neurologic Deficits
Scott Jarvis,https://profiles.ucalgary.ca/scott-jarvis,spinal cord injury,spinal cord injury,Spinal Cord Injuries | Spinal cord injury without spinal bone injury | Spinal cord decompression injury,spinal cord injury | spinal cord | cord injury,MTH,C0037929 | C0859273 | C0344190,yes,Spinal Cord Injuries | Spinal cord injury without spinal bone injury | Spinal cord decompression injury,Spinal cord decompression injury,Spinal Cord Injury,Spinal Cord Injury
Scott Ryan,https://profiles.ucalgary.ca/scott-ryan,parkinson disease,parkinson disease,"Parkinson Disease | Parkinson Disease, Mitochondrial | Parkinson Disease 16 | Parkinson Disease, Postencephalitic",parkinson disease,MTH | MSH,C0030567 | C1838867 | C2751012 | C0030568,yes,"Parkinson Disease | Parkinson Disease, Mitochondrial | Parkinson Disease 16 | Parkinson Disease, Postencephalitic",Parkinson Disease,Parkinson Disease,Parkinson Disease
Scott Ryan,https://profiles.ucalgary.ca/scott-ryan,cell signaling,cell signaling,mesenchymal-epithelial cell signaling | epithelial-mesenchymal cell signaling | mesodermal-endodermal cell signaling | endodermal-mesodermal cell signaling,cell signaling,MTH,C2752865 | C2752912 | C2753529 | C2753531,yes,mesenchymal-epithelial cell signaling | epithelial-mesenchymal cell signaling | mesodermal-endodermal cell signaling | endodermal-mesodermal cell signaling,mesodermal-endodermal cell signaling,Cell Signaling,Cell Signaling
Scott Ryan,https://profiles.ucalgary.ca/scott-ryan,cellular mechanisms underlying neurodegenerative disease,cellular mechanisms underlying neurodegenerative disease,Alopecia due to underlying disease | Cellular | Cellular Senescence | Defense Mechanisms | Reimbursement Mechanisms,,SNOMEDCT_US | MTH | MSH,C1304391 | C0178539 | C0007581 | C0011142 | C0035002,yes,Alopecia due to underlying disease | Cellular | Cellular Senescence | Defense Mechanisms | Reimbursement Mechanisms,Alopecia due to underlying disease,Underlying Disease,Underlying Disease
Scott Ryan,https://profiles.ucalgary.ca/scott-ryan,prognostication of people with parkinson’s disease,prognostication of people with parkinson s disease,"Parkinson Disease | Parkinson Disease, Mitochondrial | Parkinson Disease, Postencephalitic | prognostic | International Prognostic Index",,MTH | MSH,C0030567 | C1838867 | C0030568 | C0220901 | C1512894,yes,"Parkinson Disease | Parkinson Disease, Mitochondrial | Parkinson Disease, Postencephalitic | prognostic | International Prognostic Index",Parkinson Disease,Parkinson Disease,Parkinson Disease
Sean Dukelow,https://profiles.ucalgary.ca/sean-dukelow,neuroimaging,neuroimaging,Neuroimaging | Functional Neuroimaging,neuroimaging,MTH | MSH,C0679575 | C3178877,yes,Neuroimaging | Functional Neuroimaging,Neuroimaging,Neuroimaging,Neuroimaging
Sean Dukelow,https://profiles.ucalgary.ca/sean-dukelow,stroke,stroke,Heat Stroke | Ischemic stroke | Hemorrhagic Stroke | Embolic Stroke,stroke,MTH | MSH,C0018843 | C0948008 | C5234922 | C0262469,yes,Heat Stroke | Ischemic stroke | Hemorrhagic Stroke | Embolic Stroke,Heat Stroke,Stroke,Stroke
Serena Orr,https://profiles.ucalgary.ca/serena-orr,determinants of health,determinants of health,Social Determinants of Health | Commercial Determinants of Health,determinants of health | determinants health,MTH | MSH,C3658315 | C5828614,yes,Social Determinants of Health | Commercial Determinants of Health,Social Determinants of Health,Determinants Of Health,Determinants Of Health
Serena Orr,https://profiles.ucalgary.ca/serena-orr,epidemiology,epidemiology,,epidemiology,,,no,epidemiology,epidemiology,Epidemiology,Epidemiology
Serena Orr,https://profiles.ucalgary.ca/serena-orr,health outcomes,health outcomes,Health behavior outcomes,health outcomes,MTH,C0518902,yes,Health behavior outcomes,Health behavior outcomes,Health Outcomes,Health Outcomes
Serena Orr,https://profiles.ucalgary.ca/serena-orr,pain,pain,Pain | Chest Pain | Back Pain | Low Back Pain | Abdominal Pain,pain,MTH,C0030193 | C0008031 | C0004604 | C0024031 | C0000737,yes,Pain | Chest Pain | Back Pain | Low Back Pain | Abdominal Pain,Pain,Pain,Pain
Serena Orr,https://profiles.ucalgary.ca/serena-orr,migraine,migraine,Migraine Disorders | Common Migraine | Abdominal Migraine | Ophthalmoplegic Migraine | Hemiplegic migraine,migraine,MTH | MSH | SNOMEDCT_US,C0149931 | C0338480 | C0270858 | C0221058 | C0270862,yes,Migraine Disorders | Common Migraine | Abdominal Migraine | Ophthalmoplegic Migraine | Hemiplegic migraine,Migraine Disorders,Migraine,Migraine
Serena Orr,https://profiles.ucalgary.ca/serena-orr,depression,depression,"Mental Depression | Depressive disorder | Reactive depression | Depression, Postpartum",depression,MTH | MSH,C0011570 | C0011581 | C0011579 | C0221074,yes,"Mental Depression | Depressive disorder | Reactive depression | Depression, Postpartum",Mental Depression,Mental Depression,Mental Depression
Serena Orr,https://profiles.ucalgary.ca/serena-orr,novel neuromodulation,novel neuromodulation,literary novel | Graphic Novel | novel human deoxyribonuclease | Percutaneous Neuromodulation Therapy | Neuromodulators,,MTH | MSH,C0679622 | C4042926 | C0537310 | C1518963 | C0949370,yes,literary novel | Graphic Novel | novel human deoxyribonuclease | Percutaneous Neuromodulation Therapy | Neuromodulators,novel neuromodulation,Novel Neuromodulation,Novel Neuromodulation
Serena Orr,https://profiles.ucalgary.ca/serena-orr,mental health (i,mental health i,mental health | Mental health treatment,mental health i | mental health | health i,MTH | SNOMEDCT_US,C0025353 | C0184647,yes,mental health | Mental health treatment,mental health,Mental Health,Mental Health
Serge Mrkobrada,https://profiles.ucalgary.ca/serge-mrkobrada,direct measurements muscles,direct measurements muscles,"Bilirubin, direct measurement | Bilirubin total and direct measurement | Direct spectrophotometric measurement",direct measurements | measurements muscles,MTH | SNOMEDCT_US,C0201916 | C0391937 | C1295076,yes,"Bilirubin, direct measurement | Bilirubin total and direct measurement | Direct spectrophotometric measurement","Bilirubin, direct measurement",Direct Measurement,Direct Measurement
Serge Mrkobrada,https://profiles.ucalgary.ca/serge-mrkobrada,safe imaging technique,safe imaging technique,Imaging Techniques | Elasticity Imaging Techniques | Contrast imaging technique | Imaging guidance technique | Special radionuclide imaging technique,imaging technique,MTH | SNOMEDCT_US,C0079595 | C1955928 | C0729378 | C1532545 | C0203660,yes,Imaging Techniques | Elasticity Imaging Techniques | Contrast imaging technique | Imaging guidance technique | Special radionuclide imaging technique,Imaging Techniques,Imaging Techniques,Imaging Techniques
Serge Mrkobrada,https://profiles.ucalgary.ca/serge-mrkobrada,lumbar paraspinal muscles for needle emg localization”,lumbar paraspinal muscles for needle emg localization,Contusion of lumbar paraspinous muscle group,lumbar paraspinal muscles,SNOMEDCT_US,C6063810,yes,Contusion of lumbar paraspinous muscle group,Contusion of lumbar paraspinous muscle group,Lumbar Paraspinous Muscle,Lumbar Paraspinous Muscle
Serge Mrkobrada,https://profiles.ucalgary.ca/serge-mrkobrada,safety of the needle emg paraspinal exam,safety of the needle emg paraspinal exam,Needle biopsy (procedure) | Needle track | Paraspinal abscess | Paraspinal neuroblastoma,,MTH | SNOMEDCT_US,C0005560 | C0522560 | C2938959 | C0559463,yes,Needle biopsy (procedure) | Needle track | Paraspinal abscess | Paraspinal neuroblastoma,safety of the needle emg paraspinal exam,Safety Of The Needle Emg Paraspinal Exam,
Serge Mrkobrada,https://profiles.ucalgary.ca/serge-mrkobrada,abnormal findings across different clinical syndromes,abnormal findings across different clinical syndromes,Electrocardiogram abnormal (finding),,MTH,C0522055,yes,Electrocardiogram abnormal (finding),abnormal findings across different clinical syndromes,Abnormal Findings Across Different Clinical Syndromes,
Serge Mrkobrada,https://profiles.ucalgary.ca/serge-mrkobrada,motor neuron disease,motor neuron disease,"Motor Neuron Disease | Motor Neuron Disease, Lower | Motor Neuron Disease, Upper",motor neuron disease | motor neuron | neuron disease,MTH | MSH,C0085084 | C0270764 | C0521659,yes,"Motor Neuron Disease | Motor Neuron Disease, Lower | Motor Neuron Disease, Upper",Motor Neuron Disease,Motor Neuron Disease,Motor Neuron Disease
Serge Mrkobrada,https://profiles.ucalgary.ca/serge-mrkobrada,peripheral nervous system disorders,peripheral nervous system disorders,Peripheral Nervous System Infectious Disorder | Dystonia due to disorder of peripheral nervous system | Family history of disorder of peripheral nervous system | Peripheral Nervous System Diseases | Peripheral nervous system problem | Peripheral Nervous System Neoplasms | Peripheral Autonomic Nervous System Diseases,peripheral nervous system disorders | peripheral nervous,MTH | SNOMEDCT_US | MSH,C1278821 | C5787865 | C2316926 | C4721453 | C0741036 | C0031118 | C0750944,yes,Peripheral Nervous System Infectious Disorder | Dystonia due to disorder of peripheral nervous system | Family history of disorder of peripheral nervous system | Peripheral Nervous System Diseases | Peripheral nervous system problem | Peripheral Nervous System Neoplasms | Peripheral Autonomic Nervous System Diseases,Peripheral Nervous System Infectious Disorder,Peripheral Nervous System Disorder,Peripheral Nervous System Disorder
Serge Mrkobrada,https://profiles.ucalgary.ca/serge-mrkobrada,ultrasound imaging techniques,ultrasound imaging techniques,Ultrasound Microvessel Imaging | Imaging Techniques | Elasticity Imaging Techniques | Cardiac Imaging Techniques | Intracardiac Imaging Techniques | Cardiac-Gated Imaging Techniques | Ultrasound peripheral imaging | Ultrasound imaging report,ultrasound imaging | imaging techniques,MTH | MSH | SNOMEDCT_US,C5552748 | C0079595 | C1955928 | C2936236 | C2936237 | C2350395 | C0203324 | C4274377,yes,Ultrasound Microvessel Imaging | Imaging Techniques | Elasticity Imaging Techniques | Cardiac Imaging Techniques | Intracardiac Imaging Techniques | Cardiac-Gated Imaging Techniques | Ultrasound peripheral imaging | Ultrasound imaging report,Imaging Techniques,Imaging Techniques,Imaging Techniques
Shalina Ousman,https://profiles.ucalgary.ca/shalina-ousman,peripheral nerve regeneration,peripheral nerve regeneration,Peripheral nerve graft | Nerve Regeneration | Peripheral Nerve Injuries | Peripheral nerve thickening | Aberrant regeneration of nerve | Aberrant III nerve regeneration,peripheral nerve | nerve regeneration,MTH | MSH | SNOMEDCT_US,C0196913 | C0027756 | C0262593 | C0456621 | C0334164 | C0423134,yes,Peripheral nerve graft | Nerve Regeneration | Peripheral Nerve Injuries | Peripheral nerve thickening | Aberrant regeneration of nerve | Aberrant III nerve regeneration,Nerve Regeneration,Nerve Regeneration,Nerve Regeneration
Shalina Ousman,https://profiles.ucalgary.ca/shalina-ousman,mechanisms in multiple sclerosis,mechanisms in multiple sclerosis,"Multiple Sclerosis | Multiple Sclerosis, Chronic Progressive | Anemia due to multiple mechanisms | Malignant multiple sclerosis | Benign multiple sclerosis",mechanisms multiple | multiple sclerosis,MTH | MSH | SNOMEDCT_US,C0026769 | C0393665 | C0272010 | C2586221 | C2585570,yes,"Multiple Sclerosis | Multiple Sclerosis, Chronic Progressive | Anemia due to multiple mechanisms | Malignant multiple sclerosis | Benign multiple sclerosis",Multiple Sclerosis,Multiple Sclerosis,Multiple Sclerosis
Shalina Ousman,https://profiles.ucalgary.ca/shalina-ousman,pain,pain,Pain | Chest Pain | Back Pain | Low Back Pain | Abdominal Pain,pain,MTH,C0030193 | C0008031 | C0004604 | C0024031 | C0000737,yes,Pain | Chest Pain | Back Pain | Low Back Pain | Abdominal Pain,Pain,Pain,Pain
Shalina Ousman,https://profiles.ucalgary.ca/shalina-ousman,identifying endogenous protective mechanisms in multiple sclerosis,identifying endogenous protective mechanisms in multiple sclerosis,,,,,no,identifying endogenous protective mechanisms in multiple sclerosis,identifying endogenous protective mechanisms in multiple sclerosis,Identifying Endogenous Protective Mechanisms In Multiple Sclerosis,
Shawn Currie,https://profiles.ucalgary.ca/shawn-currie,mental health services,mental health services,mental health | Health Services Accessibility | Mental health treatment,mental health services | mental health | health services,MTH | SNOMEDCT_US,C0025353 | C0018748 | C0184647,yes,mental health | Health Services Accessibility | Mental health treatment,mental health,Mental Health,Mental Health
Shawn Currie,https://profiles.ucalgary.ca/shawn-currie,health services research,health services research,Health Services Research | Health Services Accessibility,health services research | health services | services research,MTH,C0018757 | C0018748,yes,Health Services Research | Health Services Accessibility,Health Services Research,Health Services Research,Health Services Research
Shawn Currie,https://profiles.ucalgary.ca/shawn-currie,epidemiology,epidemiology,,epidemiology,,,no,epidemiology,epidemiology,Epidemiology,Epidemiology
Shawn Currie,https://profiles.ucalgary.ca/shawn-currie,prevention of addicitive disorders in youth,prevention of addicitive disorders in youth,Deglutition Disorders | Migraine Disorders | Cerebrovascular Disorders | Suicide Prevention | Accident Prevention,,MTH | MSH,C0011168 | C0149931 | C0007820 | C0204732 | C0000918,yes,Deglutition Disorders | Migraine Disorders | Cerebrovascular Disorders | Suicide Prevention | Accident Prevention,prevention of addicitive disorders in youth,Prevention Of Addicitive Disorders In Youth,
Shelagh Coutts,https://profiles.ucalgary.ca/shelagh-coutts,stroke,stroke,Heat Stroke | Ischemic stroke | Hemorrhagic Stroke | Embolic Stroke,stroke,MTH | MSH,C0018843 | C0948008 | C5234922 | C0262469,yes,Heat Stroke | Ischemic stroke | Hemorrhagic Stroke | Embolic Stroke,Heat Stroke,Stroke,Stroke
Sheldon Roth,https://profiles.ucalgary.ca/sheldon-roth,environmental toxicology,environmental toxicology,Environmental Illness | Vomit toxicology,environmental toxicology,MTH | SNOMEDCT_US,C0282504 | C0428270,yes,Environmental Illness | Vomit toxicology,environmental toxicology,Environmental Toxicology,Environmental Toxicology
Sheldon Roth,https://profiles.ucalgary.ca/sheldon-roth,medical pharmacology,medical pharmacology,Medical Records | Network Pharmacology,,MTH | MSH,C0025102 | C5544472,yes,Medical Records | Network Pharmacology,medical pharmacology,Medical Pharmacology,Medical Pharmacology
Sheldon Roth,https://profiles.ucalgary.ca/sheldon-roth,mature nervous systems,mature nervous systems,nervous system disorder | Mature Teratoma | Skeletally Mature | Feeling nervous | Nervous breakdown,,MTH,C0027765 | C1368910 | C3825673 | C0849963 | C0221508,yes,nervous system disorder | Mature Teratoma | Skeletally Mature | Feeling nervous | Nervous breakdown,nervous system disorder,Nervous System,Nervous System
Sheri Madigan,https://profiles.ucalgary.ca/sheri-madigan,investigating child mental health outcomes,investigating child mental health outcomes,Gastrointestinal investigation | Investigational New Drugs | Child Sexual Abuse | Mental Depression | Mental disorders,child mental health | mental health outcomes,MTH,C0430681 | C0013230 | C0008062 | C0011570 | C0004936,yes,Gastrointestinal investigation | Investigational New Drugs | Child Sexual Abuse | Mental Depression | Mental disorders,investigating child mental health outcomes,Investigating Child Mental Health Outcomes,
Sheri Madigan,https://profiles.ucalgary.ca/sheri-madigan,caregiver-child attachment,caregiver-child attachment,Good caregiver child attachment | Impairment of caregiver child attachment | At increased risk of impaired caregiver child attachment,caregiver-child attachment | caregiver child attachment | caregiver child | child attachment,SNOMEDCT_US,C5546697 | C2712031 | C3875131,yes,Good caregiver child attachment | Impairment of caregiver child attachment | At increased risk of impaired caregiver child attachment,Good caregiver child attachment,Caregiver Child Attachment,Caregiver Child Attachment
Sheri Madigan,https://profiles.ucalgary.ca/sheri-madigan,parenting behaviors,parenting behaviors,Alteration in parenting | Impaired parenting | Firesetting Behavior | Parenting promotion,parenting behaviors,MTH | SNOMEDCT_US,C0231417 | C2922984 | C0016142 | C0812188,yes,Alteration in parenting | Impaired parenting | Firesetting Behavior | Parenting promotion,parenting behaviors,Parenting Behaviors,Parenting Behaviors
Sheri Madigan,https://profiles.ucalgary.ca/sheri-madigan,adversity on developmental outcomes,adversity on developmental outcomes,"Adverse reaction to drug | Adverse effects | Developmental Disabilities | Developmental delay | Reading Disorder, Developmental",,MTH,C0041755 | C0879626 | C0008073 | C0424605 | C0920296,yes,"Adverse reaction to drug | Adverse effects | Developmental Disabilities | Developmental delay | Reading Disorder, Developmental",adversity on developmental outcomes,Adversity On Developmental Outcomes,Adversity On Developmental Outcomes
Sheri Madigan,https://profiles.ucalgary.ca/sheri-madigan,implementing trauma-informed care approaches,implementing trauma-informed care approaches,Trauma | Physical trauma | Traumatic injury | Informed consent obtained | Craniocerebral Trauma,,MTH | MSH,C3714660 | C1368081 | C3263723 | C0514044 | C0018674,yes,Trauma | Physical trauma | Traumatic injury | Informed consent obtained | Craniocerebral Trauma,implementing trauma-informed care approaches,Implementing Trauma Informed Care Approaches,
Sheri Madigan,https://profiles.ucalgary.ca/sheri-madigan,child development,child development,Child development inventory | Motor development - child,child development,MTH | SNOMEDCT_US,C3484121 | C0554824,yes,Child development inventory | Motor development - child,Child development inventory,Child Development,Child Development
Sheri Madigan,https://profiles.ucalgary.ca/sheri-madigan,digital health solutions,digital health solutions,Digital Health Technology,digital health | health solutions,MSH,C5828393,yes,Digital Health Technology,Digital Health Technology,Digital Health,Digital Health
Sheri Madigan,https://profiles.ucalgary.ca/sheri-madigan,"child mental health, parenting, and parent-child relationships",child mental health parenting and parent-child relationships,PROMIS parent proxy - global health 7 - version 1.0 | Parental health issue,child mental health | health parenting parent,MTH | SNOMEDCT_US,C5241061 | C4274868,yes,PROMIS parent proxy - global health 7 - version 1.0 | Parental health issue,"child mental health, parenting, and parent-child relationships",Child Mental Health Parenting And Parent Child Relationships,
Sheri Madigan,https://profiles.ucalgary.ca/sheri-madigan,community partnerships and digital health solutions,community partnerships and digital health solutions,Domestic partnership | Digital X-ray | Digital Mammography | Partnership problems,,MTH | MSH | SNOMEDCT_US,C0683559 | C0442015 | C0860950 | C0555003,yes,Domestic partnership | Digital X-ray | Digital Mammography | Partnership problems,community partnerships and digital health solutions,Community Partnerships And Digital Health Solutions,
Sheri Madigan,https://profiles.ucalgary.ca/sheri-madigan,child mental health,child mental health,mental health | Mental health treatment,child mental health | child mental | mental health,MTH | SNOMEDCT_US,C0025353 | C0184647,yes,mental health | Mental health treatment,mental health,Mental Health,Mental Health
Signe Bray,https://profiles.ucalgary.ca/signe-bray,cognitive development,cognitive development,Cognitive Development,cognitive development,MTH,C0679035,yes,Cognitive Development,Cognitive Development,Cognitive Development,Cognitive Development
Signe Bray,https://profiles.ucalgary.ca/signe-bray,magnetic resonance imaging,magnetic resonance imaging,Magnetic Resonance Imaging | Multiparametric Magnetic Resonance Imaging | Diffusion Magnetic Resonance Imaging,magnetic resonance imaging | magnetic resonance | resonance imaging,MTH,C0024485 | C3898221 | C1136216,yes,Magnetic Resonance Imaging | Multiparametric Magnetic Resonance Imaging | Diffusion Magnetic Resonance Imaging,Magnetic Resonance Imaging,Magnetic Resonance Imaging,Magnetic Resonance Imaging
Signe Bray,https://profiles.ucalgary.ca/signe-bray,neurodevelopmental disorders,neurodevelopmental disorders,Neurodevelopmental Disorders | Fetal neurodevelopmental disorder,neurodevelopmental disorders,MTH | SNOMEDCT_US,C1535926 | C1285381,yes,Neurodevelopmental Disorders | Fetal neurodevelopmental disorder,Neurodevelopmental Disorders,Neurodevelopmental Disorders,Neurodevelopmental Disorders
Signe Bray,https://profiles.ucalgary.ca/signe-bray,neuroimaging,neuroimaging,Neuroimaging | Functional Neuroimaging,neuroimaging,MTH | MSH,C0679575 | C3178877,yes,Neuroimaging | Functional Neuroimaging,Neuroimaging,Neuroimaging,Neuroimaging
Signe Bray,https://profiles.ucalgary.ca/signe-bray,effects of neurodevelopmental disorders on the brain,effects of neurodevelopmental disorders on the brain,"Neurodevelopmental Disorder with Epilepsy, Spasticity, and Brain Atrophy | Neurodevelopmental Disorder with Cardiomyopathy, Spasticity, and Brain Abnormalities | Neurodevelopmental Disorder with or without Variable Brain Abnormalities | NEURODEVELOPMENTAL DISORDER WITH VISUAL DEFECTS AND BRAIN ANOMALIES",neurodevelopmental disorders brain,MTH,C5394027 | C5436848 | C5193102 | C5231404,yes,"Neurodevelopmental Disorder with Epilepsy, Spasticity, and Brain Atrophy | Neurodevelopmental Disorder with Cardiomyopathy, Spasticity, and Brain Abnormalities | Neurodevelopmental Disorder with or without Variable Brain Abnormalities | NEURODEVELOPMENTAL DISORDER WITH VISUAL DEFECTS AND BRAIN ANOMALIES",NEURODEVELOPMENTAL DISORDER WITH VISUAL DEFECTS AND BRAIN ANOMALIES,Neurodevelopmental Disorder WITH AND BRAIN,
Signe Bray,https://profiles.ucalgary.ca/signe-bray,effects of learning,effects of learning,Learning Generation Effect,effects of learning | effects learning,MTH,C0237637,yes,Learning Generation Effect,Learning Generation Effect,Learning Effect,Learning Effect
Signe Bray,https://profiles.ucalgary.ca/signe-bray,practice on brain activity,practice on brain activity,Brain Electrical Activity Mapping | Brain activity,brain activity,MSH | SNOMEDCT_US,C0006115 | C0443158,yes,Brain Electrical Activity Mapping | Brain activity,Brain activity,Brain Activity,Brain Activity
Stefanie Hassel,https://profiles.ucalgary.ca/stefanie-hassel,depression,depression,"Mental Depression | Depressive disorder | Reactive depression | Depression, Postpartum",depression,MTH | MSH,C0011570 | C0011581 | C0011579 | C0221074,yes,"Mental Depression | Depressive disorder | Reactive depression | Depression, Postpartum",Mental Depression,Mental Depression,Mental Depression
Stephanie Ann Plamondon,https://profiles.ucalgary.ca/stephanie-ann-plamondon,neuromuscular disease,neuromuscular disease,Neuromuscular Diseases | Neuromuscular Junction Diseases,neuromuscular disease,MSH,C0027868 | C0751950,yes,Neuromuscular Diseases | Neuromuscular Junction Diseases,Neuromuscular Diseases,Neuromuscular Diseases,Neuromuscular Diseases
Stephanie Ann Plamondon,https://profiles.ucalgary.ca/stephanie-ann-plamondon,music therapy in healthcare,music therapy in healthcare,Music Therapy | Music and movement therapy | Seen by music therapy service | Supervision of exercise therapy by healthcare professional,music therapy | therapy healthcare,MSH | SNOMEDCT_US,C0026868 | C0454420 | C0583732 | C4708515,yes,Music Therapy | Music and movement therapy | Seen by music therapy service | Supervision of exercise therapy by healthcare professional,Music Therapy,Music Therapy,Music Therapy
Stephanie Ann Plamondon,https://profiles.ucalgary.ca/stephanie-ann-plamondon,studying the practical implementation of music therapy,studying the practical implementation of music therapy,Nerve conduction study | Infertility study | Esophageal motility study | CDISC Implementation Guide | Countermeasure implementation progress,,MTH,C0200125 | C0200069 | C0203769 | C5399789 | C4738140,yes,Nerve conduction study | Infertility study | Esophageal motility study | CDISC Implementation Guide | Countermeasure implementation progress,studying the practical implementation of music therapy,Studying The Practical Implementation Of Music Therapy,
Stephanie Ann Plamondon,https://profiles.ucalgary.ca/stephanie-ann-plamondon,music medicine into clinical care,music medicine into clinical care,Music | Music Therapy | Rap Music | Music exercise,,MSH | SNOMEDCT_US,C0026867 | C0026868 | C0681258 | C0454051,yes,Music | Music Therapy | Rap Music | Music exercise,music medicine into clinical care,Music Medicine Into Clinical Care,
Stephanie Ann Plamondon,https://profiles.ucalgary.ca/stephanie-ann-plamondon,pain,pain,Pain | Chest Pain | Back Pain | Low Back Pain | Abdominal Pain,pain,MTH,C0030193 | C0008031 | C0004604 | C0024031 | C0000737,yes,Pain | Chest Pain | Back Pain | Low Back Pain | Abdominal Pain,Pain,Pain,Pain
Stephanie Borgland,https://profiles.ucalgary.ca/stephanie-borgland,borgland lab uses electrophysiology,borgland lab uses electrophysiology,Cardiac electrophysiology study | electrophysiology (procedure),,MTH,C5551547 | C1446476,yes,Cardiac electrophysiology study | electrophysiology (procedure),borgland lab uses electrophysiology,Borgland Lab Uses Electrophysiology,Borgland Lab Uses Electrophysiology
Stephanie Borgland,https://profiles.ucalgary.ca/stephanie-borgland,behavioral neuropharmacology,behavioral neuropharmacology,Behavioral tic | Behavioral Symptoms,,MTH,C0278076 | C0004941,yes,Behavioral tic | Behavioral Symptoms,behavioral neuropharmacology,Behavioral Neuropharmacology,Behavioral Neuropharmacology
Stephanie Borgland,https://profiles.ucalgary.ca/stephanie-borgland,drugs of abuse,drugs of abuse,Substance Abuse Detection,drugs of abuse | drugs abuse,MTH,C0038577,yes,Substance Abuse Detection,drugs of abuse,Drugs Of Abuse,Drugs Of Abuse
Stephanie Borgland,https://profiles.ucalgary.ca/stephanie-borgland,mental health,mental health,mental health | Mental health treatment,mental health,MTH | SNOMEDCT_US,C0025353 | C0184647,yes,mental health | Mental health treatment,mental health,Mental Health,Mental Health
Stephanie Borgland,https://profiles.ucalgary.ca/stephanie-borgland,mathison centre for mental health research,mathison centre for mental health research,Mental Depression | Mental disorders | Mental Retardation | Mental Orientation | Mental handicap,centre mental health,MTH,C0011570 | C0004936 | C0025362 | C0029266 | C1306341,yes,Mental Depression | Mental disorders | Mental Retardation | Mental Orientation | Mental handicap,mathison centre for mental health research,Mathison Centre For Mental Health Research,Mathison Centre For Mental Health Research
Stephanie Dotchin,https://profiles.ucalgary.ca/stephanie-dotchin,pain,pain,Pain | Chest Pain | Back Pain | Low Back Pain | Abdominal Pain,pain,MTH,C0030193 | C0008031 | C0004604 | C0024031 | C0000737,yes,Pain | Chest Pain | Back Pain | Low Back Pain | Abdominal Pain,Pain,Pain,Pain
Stephanie Dotchin,https://profiles.ucalgary.ca/stephanie-dotchin,vision related issues in the pediatric population,vision related issues in the pediatric population,Blurred vision | Low Vision | Vision Disorders | Vision Tests | Related (finding),,MTH,C0344232 | C0042798 | C0042790 | C0042793 | C0445223,yes,Blurred vision | Low Vision | Vision Disorders | Vision Tests | Related (finding),vision related issues in the pediatric population,Vision Related Issues In The Pediatric Population,
Stephanie Dotchin,https://profiles.ucalgary.ca/stephanie-dotchin,surgical outcomes for children,surgical outcomes for children,Operative Surgical Procedures | Surgical wound | Surgical Disarticulation | Nutrition outcomes | Expected outcomes,outcomes children,MTH,C0543467 | C0332803 | C0012615 | C0518896 | C2963499,yes,Operative Surgical Procedures | Surgical wound | Surgical Disarticulation | Nutrition outcomes | Expected outcomes,surgical outcomes for children,Surgical Outcomes For Children,Surgical Outcomes For Children
Stephanie Dotchin,https://profiles.ucalgary.ca/stephanie-dotchin,in rare diseases,in rare diseases,Rare Diseases,in rare diseases | rare diseases,MSH,C0678236,yes,Rare Diseases,Rare Diseases,Rare Diseases,Rare Diseases
Stephanie Dotchin,https://profiles.ucalgary.ca/stephanie-dotchin,clinical care,clinical care,Clinical Care Classification | Clinical care not needed | Under care of clinical physiologist | Under care of clinical immunologist,clinical care,MTH | SNOMEDCT_US,C3251798 | C5699939 | C0583376 | C0583373,yes,Clinical Care Classification | Clinical care not needed | Under care of clinical physiologist | Under care of clinical immunologist,Clinical Care Classification,Clinical Care,Clinical Care
Stephanie Dotchin,https://profiles.ucalgary.ca/stephanie-dotchin,family centered care,family centered care,Family psychotherapy | User-Centered Design | Person-Centered Psychotherapy | Person centered counseling,family centered care | family centered | centered care,MTH | MSH | SNOMEDCT_US,C0015618 | C5241307 | C4042893 | C2919345,yes,Family psychotherapy | User-Centered Design | Person-Centered Psychotherapy | Person centered counseling,family centered care,Family Centered Care,Family Centered Care
Stephanie Knaak,https://profiles.ucalgary.ca/stephanie-knaak,outcomes-based evaluation-based research,outcomes-based evaluation-based research,Is this evaluation based on a time when the child,based evaluation based,MTH,C5890042,yes,Is this evaluation based on a time when the child,Is this evaluation based on a time when the child,Evaluation Based,Evaluation Based
Stephanie Knaak,https://profiles.ucalgary.ca/stephanie-knaak,interventions for reducing mental illness,interventions for reducing mental illness,Communication interventions | Reducing diet | Reducing substances | Mental Depression | Mental disorders,interventions reducing,MTH,C1274143 | C0012167 | C0369919 | C0011570 | C0004936,yes,Communication interventions | Reducing diet | Reducing substances | Mental Depression | Mental disorders,interventions for reducing mental illness,Interventions For Reducing Mental Illness,
Stephanie Knaak,https://profiles.ucalgary.ca/stephanie-knaak,development of program implementation models for healthcare,development of program implementation models for healthcare,Countermeasure implementation progress | Pervasive Development Disorder | Psychosexual Development | Program | Programs - Publication Format,,MTH,C4738140 | C0524528 | C0033944 | C2728259 | C0376691,yes,Countermeasure implementation progress | Pervasive Development Disorder | Psychosexual Development | Program | Programs - Publication Format,development of program implementation models for healthcare,Development Of Program Implementation Models For Healthcare,
Stephanie Knaak,https://profiles.ucalgary.ca/stephanie-knaak,scale development,scale development,Denver development scale | Bayley scale of infant development,scale development,SNOMEDCT_US,C0451100 | C0451021,yes,Denver development scale | Bayley scale of infant development,Denver development scale,Development Scale,Development Scale
Stephanie Knaak,https://profiles.ucalgary.ca/stephanie-knaak,development of a theoretical framework for,development of a theoretical framework for,Pervasive Development Disorder | Psychosexual Development | Theoretical model | Theoretical Study | Covalent Organic Framework,,MTH | MSH,C0524528 | C0033944 | C0026350 | C0039778 | C4505074,yes,Pervasive Development Disorder | Psychosexual Development | Theoretical model | Theoretical Study | Covalent Organic Framework,development of a theoretical framework for,Development Of A Theoretical Framework,
Stephanie Knaak,https://profiles.ucalgary.ca/stephanie-knaak,living experience of mental health,living experience of mental health,Living | Living Alone | Living Wills | Experience | Experience (Practice),,MTH,C4520849 | C0439044 | C0023914 | C0596545 | C0237607,yes,Living | Living Alone | Living Wills | Experience | Experience (Practice),living experience of mental health,Living Experience Of Mental Health,
Stephanie Knaak,https://profiles.ucalgary.ca/stephanie-knaak,substance use-related structural stigma in healthcare environments,substance use-related structural stigma in healthcare environments,Finding related to substance use,substance use related,SNOMEDCT_US,C1443550,yes,Finding related to substance use,Finding related to substance use,Related To Substance Use,Related To Substance Use
Stephanie Knaak,https://profiles.ucalgary.ca/stephanie-knaak,healthcare environments,healthcare environments,Healthcare Proxy,healthcare environments,MTH,C2985545,yes,Healthcare Proxy,healthcare environments,Healthcare Environments,Healthcare Environments
Stephanie Knaak,https://profiles.ucalgary.ca/stephanie-knaak,particularly as it relates to direct service delivery,particularly as it relates to direct service delivery,Age related macular degeneration | AIDS related complex | Direct Cholecystoenterostomy | Direct immunofluorescence | Direct Ophthalmoscopy,,MTH,C0242383 | C0001857 | C0193544 | C0282648 | C1444581,yes,Age related macular degeneration | AIDS related complex | Direct Cholecystoenterostomy | Direct immunofluorescence | Direct Ophthalmoscopy,particularly as it relates to direct service delivery,Particularly As It Relates To Direct Service Delivery,
Stephanie Knaak,https://profiles.ucalgary.ca/stephanie-knaak,centre on workplace mental health,centre on workplace mental health,Mental Depression | Mental disorders | Mental Retardation | Mental Orientation | Mental handicap,,MTH,C0011570 | C0004936 | C0025362 | C0029266 | C1306341,yes,Mental Depression | Mental disorders | Mental Retardation | Mental Orientation | Mental handicap,centre on workplace mental health,Centre On Workplace Mental Health,
Stephanie Knaak,https://profiles.ucalgary.ca/stephanie-knaak,mental illness,mental illness,Mental disorders,mental illness,MTH,C0004936,yes,Mental disorders,mental illness,Mental Illness,Mental Illness
Stephanie Knaak,https://profiles.ucalgary.ca/stephanie-knaak,framing of public health messages,framing of public health messages,mental health,,MTH,C0025353,yes,mental health,framing of public health messages,Framing Of Public Health Messages,
Stephanie Knaak,https://profiles.ucalgary.ca/stephanie-knaak,major recent projects include: outcomes-based evaluation-based research,major recent projects include outcomes-based evaluation-based research,,,,,no,major recent projects include outcomes-based evaluation-based research,major recent projects include: outcomes-based evaluation-based research,Major Recent Projects Include Outcomes Based Evaluation Based Research,
Stephanie Knaak,https://profiles.ucalgary.ca/stephanie-knaak,workplace mental health,workplace mental health,mental health | Mental health treatment,mental health,MTH | SNOMEDCT_US,C0025353 | C0184647,yes,mental health | Mental health treatment,mental health,Mental Health,Mental Health
Stephanie Knaak,https://profiles.ucalgary.ca/stephanie-knaak,mental health,mental health,mental health | Mental health treatment,mental health,MTH | SNOMEDCT_US,C0025353 | C0184647,yes,mental health | Mental health treatment,mental health,Mental Health,Mental Health
Stephanie Knaak,https://profiles.ucalgary.ca/stephanie-knaak,maternal mental health,maternal mental health,mental health | Mental health treatment,mental health,MTH | SNOMEDCT_US,C0025353 | C0184647,yes,mental health | Mental health treatment,mental health,Mental Health,Mental Health
Stephanie VandenBerg,https://profiles.ucalgary.ca/stephanie-vandenberg,health systems,health systems,Health Systems Plans | Health Information Systems,health systems,MTH | MSH,C0018764 | C0679918,yes,Health Systems Plans | Health Information Systems,Health Systems Plans,Health Systems,Health Systems
Stephanie VandenBerg,https://profiles.ucalgary.ca/stephanie-vandenberg,epidemiology,epidemiology,,epidemiology,,,no,epidemiology,epidemiology,Epidemiology,Epidemiology
Stephen Michael McNeil,https://profiles.ucalgary.ca/stephen-michael-mcneil,stroke,stroke,Heat Stroke | Ischemic stroke | Hemorrhagic Stroke | Embolic Stroke,stroke,MTH | MSH,C0018843 | C0948008 | C5234922 | C0262469,yes,Heat Stroke | Ischemic stroke | Hemorrhagic Stroke | Embolic Stroke,Heat Stroke,Stroke,Stroke
Stephen West,https://profiles.ucalgary.ca/stephen-west,epidemiology,epidemiology,,epidemiology,,,no,epidemiology,epidemiology,Epidemiology,Epidemiology
Stephen West,https://profiles.ucalgary.ca/stephen-west,injury burden,injury burden,Traumatic injury | Pressure injury | Burn injury | Crushing injury | Caregiver Burden,,MTH,C3263723 | C4554531 | C0006434 | C0332679 | C0870252,yes,Traumatic injury | Pressure injury | Burn injury | Crushing injury | Caregiver Burden,injury burden,Injury Burden,Injury Burden
Stephen West,https://profiles.ucalgary.ca/stephen-west,journal of sports science,journal of sports science,Journal | Journal Article | Journal Impact Factor | Introductory Journal Article | Predatory Journals as Topic,sports science,MTH | MSH,C0162443 | C0282420 | C2350574 | C1956026 | C5544436,yes,Journal | Journal Article | Journal Impact Factor | Introductory Journal Article | Predatory Journals as Topic,journal of sports science,Journal Of Sports Science,Journal Of Sports Science
Stephen West,https://profiles.ucalgary.ca/stephen-west,submitted to international journal of sports science,submitted to international journal of sports science,submitted invoice | adjudicated as submitted | International travel | Journal | Journal Article,,MTH | MSH,C1555690 | C1555527 | C4554677 | C0162443 | C0282420,yes,submitted invoice | adjudicated as submitted | International travel | Journal | Journal Article,submitted to international journal of sports science,Submitted To International Journal Of Sports Science,
Stephen West,https://profiles.ucalgary.ca/stephen-west,877 injury events,877 injury events,Traumatic injury | Traumatic AND/OR non-traumatic injury | Pressure injury | Burn injury | Crushing injury,injury events,MTH,C3263723 | C3263722 | C4554531 | C0006434 | C0332679,yes,Traumatic injury | Traumatic AND/OR non-traumatic injury | Pressure injury | Burn injury | Crushing injury,877 injury events,877 Injury Events,877 Injury Events
Steven Casha,https://profiles.ucalgary.ca/steven-casha,pain,pain,Pain | Chest Pain | Back Pain | Low Back Pain | Abdominal Pain,pain,MTH,C0030193 | C0008031 | C0004604 | C0024031 | C0000737,yes,Pain | Chest Pain | Back Pain | Low Back Pain | Abdominal Pain,Pain,Pain,Pain
Steven Casha,https://profiles.ucalgary.ca/steven-casha,spine surgery,spine surgery,Spine surgery measures | Spine Tango Surgery 2017,spine surgery,MTH,C5444370 | C5444373,yes,Spine surgery measures | Spine Tango Surgery 2017,Spine surgery measures,Spine Surgery,Spine Surgery
Steven Peters,https://profiles.ucalgary.ca/steven-peters,stroke,stroke,Heat Stroke | Ischemic stroke | Hemorrhagic Stroke | Embolic Stroke,stroke,MTH | MSH,C0018843 | C0948008 | C5234922 | C0262469,yes,Heat Stroke | Ischemic stroke | Hemorrhagic Stroke | Embolic Stroke,Heat Stroke,Stroke,Stroke
Steven Peters,https://profiles.ucalgary.ca/steven-peters,biomarkers for differentiation of atherosclerotic,biomarkers for differentiation of atherosclerotic,"Cell Differentiation process | Differentiation Antigens | keratinocyte differentiation | Penetrating Atherosclerotic Ulcer | Biomarkers, Tumor",,MTH | MSH,C0007589 | C0003324 | C1159909 | C4049312 | C0041366,yes,"Cell Differentiation process | Differentiation Antigens | keratinocyte differentiation | Penetrating Atherosclerotic Ulcer | Biomarkers, Tumor",biomarkers for differentiation of atherosclerotic,Biomarkers For Differentiation Of Atherosclerotic,
Steven Peters,https://profiles.ucalgary.ca/steven-peters,genetic causes,genetic causes,Genetic Counseling | Genetic Carriers | Genetic screening method | Cause of Death,,MTH,C0017382 | C0007294 | C0679560 | C0007465,yes,Genetic Counseling | Genetic Carriers | Genetic screening method | Cause of Death,genetic causes,Genetic Causes,Genetic Causes
Steven Prescott,https://profiles.ucalgary.ca/steven-prescott,machine learning,machine learning,Machine Learning | Supervised Machine Learning | Unsupervised Machine Learning | Inductive Machine Learning | Representation Machine Learning,machine learning,MSH,C0376284 | C4042903 | C4042902 | C4046035 | C5940532,yes,Machine Learning | Supervised Machine Learning | Unsupervised Machine Learning | Inductive Machine Learning | Representation Machine Learning,Machine Learning,Machine Learning,Machine Learning
Steven Prescott,https://profiles.ucalgary.ca/steven-prescott,pain,pain,Pain | Chest Pain | Back Pain | Low Back Pain | Abdominal Pain,pain,MTH,C0030193 | C0008031 | C0004604 | C0024031 | C0000737,yes,Pain | Chest Pain | Back Pain | Low Back Pain | Abdominal Pain,Pain,Pain,Pain
Susan Annetta Graham,https://profiles.ucalgary.ca/susan-annetta-graham,cognitive development,cognitive development,Cognitive Development,cognitive development,MTH,C0679035,yes,Cognitive Development,Cognitive Development,Cognitive Development,Cognitive Development
Susan Annetta Graham,https://profiles.ucalgary.ca/susan-annetta-graham,child development,child development,Child development inventory | Motor development - child,child development,MTH | SNOMEDCT_US,C3484121 | C0554824,yes,Child development inventory | Motor development - child,Child development inventory,Child Development,Child Development
Susan Annetta Graham,https://profiles.ucalgary.ca/susan-annetta-graham,social-cognitive development,social-cognitive development,"COGNITIVE FUNCTION 1, SOCIAL | Cognitive Development | Social Cognitive Theory",social cognitive | cognitive development,MTH | MSH,C1848140 | C0679035 | C5392941,yes,"COGNITIVE FUNCTION 1, SOCIAL | Cognitive Development | Social Cognitive Theory",Cognitive Development,Cognitive Development,Cognitive Development
Svetlana Yanushkevich,https://profiles.ucalgary.ca/svetlana-yanushkevich,machine learning,machine learning,Machine Learning | Supervised Machine Learning | Unsupervised Machine Learning | Inductive Machine Learning | Representation Machine Learning,machine learning,MSH,C0376284 | C4042903 | C4042902 | C4046035 | C5940532,yes,Machine Learning | Supervised Machine Learning | Unsupervised Machine Learning | Inductive Machine Learning | Representation Machine Learning,Machine Learning,Machine Learning,Machine Learning
Svetlana Yanushkevich,https://profiles.ucalgary.ca/svetlana-yanushkevich,biometrics for healthcare,biometrics for healthcare,Biometry | Healthcare Proxy | Biometric Identification,,MTH | MSH,C0005544 | C2985545 | C2717871,yes,Biometry | Healthcare Proxy | Biometric Identification,biometrics for healthcare,Biometrics For Healthcare,Biometrics For Healthcare
Svetlana Yanushkevich,https://profiles.ucalgary.ca/svetlana-yanushkevich,medical image processing,medical image processing,Medical Image Processing | Medical Image | Image Processing | Digital Image Processing | Biomedical Image Processing,medical image processing | medical image | image processing,MSH | MTH,C5392917 | C1704254 | C0178706 | C5392915 | C5392916,yes,Medical Image Processing | Medical Image | Image Processing | Digital Image Processing | Biomedical Image Processing,Medical Image Processing,Medical Image Processing,Medical Image Processing
Svetlana Yanushkevich,https://profiles.ucalgary.ca/svetlana-yanushkevich,biomedical signal processing,biomedical signal processing,"Signal Processing, Digital | Platelet Signal Processing Defect | Signal Processing, Computer-Assisted | Method of signal processing | Bioelectrical signal processing application software",signal processing,MSH | SNOMEDCT_US,C0012251 | C1868199 | C0037082 | C0449373 | C3879962,yes,"Signal Processing, Digital | Platelet Signal Processing Defect | Signal Processing, Computer-Assisted | Method of signal processing | Bioelectrical signal processing application software","Signal Processing, Digital",Signal Processing Digital,Signal Processing Digital
Svetlana Yanushkevich,https://profiles.ucalgary.ca/svetlana-yanushkevich,wearables for biomedical applications,wearables for biomedical applications,Biomedical Cement | Biomedical Research | Mobile Applications,,MTH | MSH,C1704479 | C0005540 | C3658310,yes,Biomedical Cement | Biomedical Research | Mobile Applications,wearables for biomedical applications,Wearables For Biomedical Applications,Wearables For Biomedical Applications
Svetlana Yanushkevich,https://profiles.ucalgary.ca/svetlana-yanushkevich,"biometric technologiess, biomedical data analysis and decision support",biometric technologiess biomedical data analysis and decision support,Biometry | Biomedical Cement | Biometric Identification | Biomedical Research,,MTH | MSH,C0005544 | C1704479 | C2717871 | C0005540,yes,Biometry | Biomedical Cement | Biometric Identification | Biomedical Research,"biometric technologiess, biomedical data analysis and decision support",Biometric Technologiess Biomedical Data Analysis And Decision Support,
Svetlana Yanushkevich,https://profiles.ucalgary.ca/svetlana-yanushkevich,biomedical application,biomedical application,Biomedical Cement | Application procedure | Therapeutic heat application | Biomedical Research,,MTH | MSH,C1704479 | C0185125 | C0150611 | C0005540,yes,Biomedical Cement | Application procedure | Therapeutic heat application | Biomedical Research,biomedical application,Biomedical Application,Biomedical Application
Svetlana Yanushkevich,https://profiles.ucalgary.ca/svetlana-yanushkevich,biomedical data analysis,biomedical data analysis,Computer data analysis | Eye Movement Data Analysis,data analysis,MTH | MSH,C0677062 | C5392847,yes,Computer data analysis | Eye Movement Data Analysis,Computer data analysis,Data Analysis,Data Analysis
Tak Ho Chu,https://profiles.ucalgary.ca/tak-ho-chu,"peripheral nerve injury, schwann cell biology",peripheral nerve injury schwann cell biology,Peripheral Nerve Injuries | Peripheral nerve decompression injury | Injury of peripheral nerve plexus | Crush injury of peripheral nerve | Traction injury of peripheral nerve,peripheral nerve injury,MSH | SNOMEDCT_US,C0262593 | C0413275 | C0563475 | C0393876 | C0393875,yes,Peripheral Nerve Injuries | Peripheral nerve decompression injury | Injury of peripheral nerve plexus | Crush injury of peripheral nerve | Traction injury of peripheral nerve,Peripheral nerve decompression injury,Peripheral Nerve Injury,Peripheral Nerve Injury
Tak Ho Chu,https://profiles.ucalgary.ca/tak-ho-chu,peripheral nerve injury,peripheral nerve injury,Peripheral Nerve Injuries | Peripheral nerve decompression injury | Injury of peripheral nerve plexus | Crush injury of peripheral nerve | Traction injury of peripheral nerve,peripheral nerve injury | peripheral nerve | nerve injury,MSH | SNOMEDCT_US,C0262593 | C0413275 | C0563475 | C0393876 | C0393875,yes,Peripheral Nerve Injuries | Peripheral nerve decompression injury | Injury of peripheral nerve plexus | Crush injury of peripheral nerve | Traction injury of peripheral nerve,Peripheral nerve decompression injury,Peripheral Nerve Injury,Peripheral Nerve Injury
Tak Ho Chu,https://profiles.ucalgary.ca/tak-ho-chu,schwann cell biology,schwann cell biology,MYELINATING SCHWANN CELL ELEMENT,schwann cell | cell biology,MTH,C3537320,yes,MYELINATING SCHWANN CELL ELEMENT,MYELINATING SCHWANN CELL ELEMENT,Schwann CELL,Schwann CELL
Tak Ho Chu,https://profiles.ucalgary.ca/tak-ho-chu,glial cells in the peripheral nervous system,glial cells in the peripheral nervous system,Peripheral Nervous System Diseases | Nasal glial heterotopia | Peripheral Vascular Diseases | Peripheral edema,glial cells,MTH,C4721453 | C0266490 | C0085096 | C0085649,yes,Peripheral Nervous System Diseases | Nasal glial heterotopia | Peripheral Vascular Diseases | Peripheral edema,Peripheral Nervous System Diseases,Peripheral Nervous System,Peripheral Nervous System
Tak Ho Chu,https://profiles.ucalgary.ca/tak-ho-chu,support neuron survival,support neuron survival,Survival Motor Neuron Protein | Survival of Motor Neuron 2 Protein | Survival of Motor Neuron 1 Protein,neuron survival,MTH | MSH,C4283935 | C2350435 | C1571507,yes,Survival Motor Neuron Protein | Survival of Motor Neuron 2 Protein | Survival of Motor Neuron 1 Protein,Survival Motor Neuron Protein,Survival Neuron,Survival Neuron
Tak Ho Chu,https://profiles.ucalgary.ca/tak-ho-chu,porcine schwann cells,porcine schwann cells,"heparin, porcine | thyroid, porcine | MYELINATING SCHWANN CELL ELEMENT",schwann cells,MTH,C0770546 | C0770555 | C3537320,yes,"heparin, porcine | thyroid, porcine | MYELINATING SCHWANN CELL ELEMENT",MYELINATING SCHWANN CELL ELEMENT,Schwann CELL,Schwann CELL
Tak Ho Chu,https://profiles.ucalgary.ca/tak-ho-chu,nerve-derived schwann cells reveals many similarities,nerve-derived schwann cells reveals many similarities,,,,,no,nerve-derived schwann cells reveals many similarities,nerve-derived schwann cells reveals many similarities,Nerve Derived Schwann Cells Reveals Many Similarities,
Tak Ho Chu,https://profiles.ucalgary.ca/tak-ho-chu,subtle genomic,subtle genomic,,,,,no,subtle genomic,subtle genomic,Subtle Genomic,Subtle Genomic
Tamara Bodnar,https://profiles.ucalgary.ca/tamara-bodnar,key domains of interest include: the gut-brain-immune axis,key domains of interest include the gut-brain-immune axis,,,,,no,key domains of interest include the gut-brain-immune axis,key domains of interest include: the gut-brain-immune axis,Key Domains Of Interest Include The Gut Brain Immune Axis,
Tamara Bodnar,https://profiles.ucalgary.ca/tamara-bodnar,brain development,brain development,Brain Concussion | Brain Injuries | Brain Neoplasms | Brain Diseases | Pervasive Development Disorder,brain development,MTH,C0006107 | C0270611 | C0006118 | C0006111 | C0524528,yes,Brain Concussion | Brain Injuries | Brain Neoplasms | Brain Diseases | Pervasive Development Disorder,brain development,Brain Development,Brain Development
Tamara Bodnar,https://profiles.ucalgary.ca/tamara-bodnar,immune function,immune function,Disorder of immune function | Normal immune system function,immune function,MTH | SNOMEDCT_US,C1532237 | C5546715,yes,Disorder of immune function | Normal immune system function,Disorder of immune function,Immune Function,Immune Function
Tamara Bodnar,https://profiles.ucalgary.ca/tamara-bodnar,clinical populations to include social determinants of health,clinical populations to include social determinants of health,,,,,no,clinical populations to include social determinants of health,clinical populations to include social determinants of health,Clinical Populations To Include Social Determinants Of Health,
Tamara Bodnar,https://profiles.ucalgary.ca/tamara-bodnar,examining outcomes in early life,examining outcomes in early life,Ophthalmic examination and evaluation | Neurologic Examination | Manual pelvic examination (procedure) | Nutrition outcomes | Expected outcomes,,MTH,C0200149 | C0027853 | C0200045 | C0518896 | C2963499,yes,Ophthalmic examination and evaluation | Neurologic Examination | Manual pelvic examination (procedure) | Nutrition outcomes | Expected outcomes,examining outcomes in early life,Examining Outcomes In Early Life,
Tamara Bodnar,https://profiles.ucalgary.ca/tamara-bodnar,developmental origins of health and disease,developmental origins of health and disease,Male infertility of developmental origin,developmental origins of health and disease | developmental origins health | origins health disease | developmental origins,SNOMEDCT_US,C0403806,yes,Male infertility of developmental origin,Male infertility of developmental origin,Developmental Origin,Developmental Origin
Tamara Bodnar,https://profiles.ucalgary.ca/tamara-bodnar,developmental origins of health,developmental origins of health,Male infertility of developmental origin,developmental origins of health | developmental origins health | developmental origins | origins health,SNOMEDCT_US,C0403806,yes,Male infertility of developmental origin,Male infertility of developmental origin,Developmental Origin,Developmental Origin
Tamara Bodnar,https://profiles.ucalgary.ca/tamara-bodnar,disease broadly,disease broadly,Disease | Hypertensive disease | Hodgkin Disease | Parkinson Disease | Alzheimer's Disease,,MTH,C0012634 | C0020538 | C0019829 | C0030567 | C0002395,yes,Disease | Hypertensive disease | Hodgkin Disease | Parkinson Disease | Alzheimer's Disease,disease broadly,Disease Broadly,Disease Broadly
Tamara Pringsheim,https://profiles.ucalgary.ca/tamara-pringsheim,clinical practice guidelines,clinical practice guidelines,Clinical Practice Guideline | Good Clinical Practice | Published Practice Guidelines | Practice Guidelines as Topic,clinical practice guidelines | clinical practice | practice guidelines,MSH | MTH,C0282451 | C2986419 | C0936005 | C0162793,yes,Clinical Practice Guideline | Good Clinical Practice | Published Practice Guidelines | Practice Guidelines as Topic,Clinical Practice Guideline,Clinical Practice Guideline,Clinical Practice Guideline
Tamara Pringsheim,https://profiles.ucalgary.ca/tamara-pringsheim,movement disorders,movement disorders,"Movement Disorders | Extrapyramidal and movement disorders | Stereotypic Movement Disorder | Movement Disorders, Rhythmic Nocturnal",movement disorders,MTH | MSH,C0026650 | C0477355 | C0038273 | C0752298,yes,"Movement Disorders | Extrapyramidal and movement disorders | Stereotypic Movement Disorder | Movement Disorders, Rhythmic Nocturnal",Movement Disorders,Movement Disorders,Movement Disorders
Tamara Pringsheim,https://profiles.ucalgary.ca/tamara-pringsheim,chronic disease,chronic disease,Chronic disease | Chronic Obstructive Airway Disease | Chronic granulomatous disease | Chronic lung disease,chronic disease,MTH,C0008679 | C0024117 | C0018203 | C0746102,yes,Chronic disease | Chronic Obstructive Airway Disease | Chronic granulomatous disease | Chronic lung disease,Chronic disease,Chronic Disease,Chronic Disease
Tamara Pringsheim,https://profiles.ucalgary.ca/tamara-pringsheim,rational pharmacotherapy,rational pharmacotherapy,"Pharmacotherapy | antidepressant pharmacotherapy | Psychotherapy, Rational-Emotive | Rational emotive therapy | Conversation content rational",,MTH | MSH | SNOMEDCT_US,C0013216 | C2957654 | C0033973 | C0542311 | C0582170,yes,"Pharmacotherapy | antidepressant pharmacotherapy | Psychotherapy, Rational-Emotive | Rational emotive therapy | Conversation content rational",rational pharmacotherapy,Rational Pharmacotherapy,Rational Pharmacotherapy
Tamara Pringsheim,https://profiles.ucalgary.ca/tamara-pringsheim,evidence-based treatment for neurological,evidence-based treatment for neurological,Prophylactic treatment | radiation treatment delivery (treatment) | treatment user finding: (treatment) | Evidence Synthesis,evidence based,MTH | MSH,C0199176 | C2094475 | C2090922 | C6016641,yes,Prophylactic treatment | radiation treatment delivery (treatment) | treatment user finding: (treatment) | Evidence Synthesis,evidence-based treatment for neurological,Evidence Based Treatment For Neurological,
Tamara Pringsheim,https://profiles.ucalgary.ca/tamara-pringsheim,mental health disorders,mental health disorders,mental health | Mental health treatment | Mental disorders,mental health disorders | mental health | health disorders,MTH | SNOMEDCT_US,C0025353 | C0184647 | C0004936,yes,mental health | Mental health treatment | Mental disorders,mental health,Mental Health,Mental Health
Tamara Pringsheim,https://profiles.ucalgary.ca/tamara-pringsheim,neurology and mental health,neurology and mental health,mental health | Neurological mental status determination | Mental health treatment,neurology mental | mental health,MTH | SNOMEDCT_US,C0025353 | C0200080 | C0184647,yes,mental health | Neurological mental status determination | Mental health treatment,mental health,Mental Health,Mental Health
Tanya Mudry,https://profiles.ucalgary.ca/tanya-mudry,social recovery of critical care survivors,social recovery of critical care survivors,"Recovery certificate | Critical Pathways | Phobia, Social | Social Problems | Critical Illness",,MTH | MSH,C5890789 | C0282655 | C0031572 | C0037431 | C0010340,yes,"Recovery certificate | Critical Pathways | Phobia, Social | Social Problems | Critical Illness",social recovery of critical care survivors,Social Recovery Of Critical Care Survivors,
Tanya Mudry,https://profiles.ucalgary.ca/tanya-mudry,"caregivers, 3) investigating burnout",caregivers 3 investigating burnout,"Burnout, Caregiver | Gastrointestinal investigation | Investigational New Drugs | Burnout, Psychological | Burnout, Professional",,MSH | MTH,C4704714 | C0430681 | C0013230 | C1696945 | C0006433,yes,"Burnout, Caregiver | Gastrointestinal investigation | Investigational New Drugs | Burnout, Psychological | Burnout, Professional","Burnout, Caregiver",Burnout Caregiver,Burnout Caregiver
Tanya Mudry,https://profiles.ucalgary.ca/tanya-mudry,mental wellbeing,mental wellbeing,Mental Depression | Mental disorders | Mental Retardation | Mental Orientation | Mental handicap,,MTH,C0011570 | C0004936 | C0025362 | C0029266 | C1306341,yes,Mental Depression | Mental disorders | Mental Retardation | Mental Orientation | Mental handicap,mental wellbeing,Mental Wellbeing,Mental Wellbeing
Tanya Mudry,https://profiles.ucalgary.ca/tanya-mudry,addiction and addictive behaviours,addiction and addictive behaviours,Addictive Behavior | Opiate Addiction | Drug addict | Amphetamine Addiction,addiction and addictive behaviours | addiction addictive behaviours | addiction addictive | addictive behaviours,MTH | MSH,C0085281 | C0524662 | C0700285 | C0236804,yes,Addictive Behavior | Opiate Addiction | Drug addict | Amphetamine Addiction,addiction and addictive behaviours,Addiction And Addictive Behaviours,Addiction And Addictive Behaviours
Tanya Mudry,https://profiles.ucalgary.ca/tanya-mudry,collaborative practices in therapy,collaborative practices in therapy,Therapeutic procedure | Speech Therapy | Radiation therapy (procedure) | Rehabilitation therapy | Physical therapy,practices therapy,MTH,C0087111 | C0037831 | C1522449 | C0034991 | C0949766,yes,Therapeutic procedure | Speech Therapy | Radiation therapy (procedure) | Rehabilitation therapy | Physical therapy,collaborative practices in therapy,Collaborative Practices In Therapy,Collaborative Practices In Therapy
Tanya Mudry,https://profiles.ucalgary.ca/tanya-mudry,qualitative psychotherapy process research,qualitative psychotherapy process research,"Qualitative Research | Psychotherapy | Group Psychotherapy | Family psychotherapy | Psychotherapy, Multiple",,MSH | MTH,C0949415 | C0033968 | C0033971 | C0015618 | C0033972,yes,"Qualitative Research | Psychotherapy | Group Psychotherapy | Family psychotherapy | Psychotherapy, Multiple",Qualitative Research,Qualitative Research,Qualitative Research
Tanya Mudry,https://profiles.ucalgary.ca/tanya-mudry,social constructionist approaches to counselling,social constructionist approaches to counselling,"Nutritional approaches | Phobia, Social | Social Problems",,MTH | MSH,C1718142 | C0031572 | C0037431,yes,"Nutritional approaches | Phobia, Social | Social Problems",social constructionist approaches to counselling,Social Constructionist Approaches To Counselling,
Tanya Mudry,https://profiles.ucalgary.ca/tanya-mudry,social practice,social practice,"Phobia, Social | Social Problems | Feeding practice",,MSH | SNOMEDCT_US,C0031572 | C0037431 | C0567465,yes,"Phobia, Social | Social Problems | Feeding practice",social practice,Social Practice,Social Practice
Tanya Mudry,https://profiles.ucalgary.ca/tanya-mudry,family therapy,family therapy,Family support (regime/therapy) | Extended family therapy | Functional family therapy | Expressed emotion family therapy,family therapy,MTH | SNOMEDCT_US,C0150232 | C0204563 | C3839316 | C0582780,yes,Family support (regime/therapy) | Extended family therapy | Functional family therapy | Expressed emotion family therapy,Extended family therapy,Family Therapy,Family Therapy
Tanya Mudry,https://profiles.ucalgary.ca/tanya-mudry,social constructionist approaches to counselling and psychotherapy,social constructionist approaches to counselling and psychotherapy,"Nutritional approaches | Phobia, Social | Social Problems",,MTH | MSH,C1718142 | C0031572 | C0037431,yes,"Nutritional approaches | Phobia, Social | Social Problems",social constructionist approaches to counselling and psychotherapy,Social Constructionist Approaches To Counselling And Psychotherapy,
Tanya Mudry,https://profiles.ucalgary.ca/tanya-mudry,excessive behaviours,excessive behaviours,Excess behavior,excessive behaviours,SNOMEDCT_US,C0562444,yes,Excess behavior,excessive behaviours,Excessive Behaviours,Excessive Behaviours
Tanya Mudry,https://profiles.ucalgary.ca/tanya-mudry,youth mental health,youth mental health,mental health | Mental health treatment,mental health,MTH | SNOMEDCT_US,C0025353 | C0184647,yes,mental health | Mental health treatment,mental health,Mental Health,Mental Health
Theresa Green,https://profiles.ucalgary.ca/theresa-green,stroke,stroke,Heat Stroke | Ischemic stroke | Hemorrhagic Stroke | Embolic Stroke,stroke,MTH | MSH,C0018843 | C0948008 | C5234922 | C0262469,yes,Heat Stroke | Ischemic stroke | Hemorrhagic Stroke | Embolic Stroke,Heat Stroke,Stroke,Stroke
Theresa Green,https://profiles.ucalgary.ca/theresa-green,depression,depression,"Mental Depression | Depressive disorder | Reactive depression | Depression, Postpartum",depression,MTH | MSH,C0011570 | C0011581 | C0011579 | C0221074,yes,"Mental Depression | Depressive disorder | Reactive depression | Depression, Postpartum",Mental Depression,Depression,Depression
Theresa Green,https://profiles.ucalgary.ca/theresa-green,impact of neurological disease,impact of neurological disease,Enteroviral neurological disease | Fear of neurological disease,neurological disease,SNOMEDCT_US,C5567243 | C0848536,yes,Enteroviral neurological disease | Fear of neurological disease,Fear of neurological disease,Neurological Disease,Neurological Disease
Theresa Green,https://profiles.ucalgary.ca/theresa-green,caregiver outcomes,caregiver outcomes,Caregiver Burden | Nutrition outcomes | Expected outcomes | R-Outcomes | Elimination outcomes,caregiver outcomes,MTH,C0870252 | C0518896 | C2963499 | C5445044 | C0518891,yes,Caregiver Burden | Nutrition outcomes | Expected outcomes | R-Outcomes | Elimination outcomes,caregiver outcomes,Caregiver Outcomes,Caregiver Outcomes
Theresa Green,https://profiles.ucalgary.ca/theresa-green,rehabilitation nursing,rehabilitation nursing,Rehabilitation therapy | Vocational rehabilitation | Cardiac rehabilitation | Alcohol rehabilitation,rehabilitation nursing,MTH,C0034991 | C0034996 | C0700431 | C0204598,yes,Rehabilitation therapy | Vocational rehabilitation | Cardiac rehabilitation | Alcohol rehabilitation,rehabilitation nursing,Rehabilitation Nursing,Rehabilitation Nursing
Theresa Green,https://profiles.ucalgary.ca/theresa-green,clinical practice guidelines,clinical practice guidelines,Clinical Practice Guideline | Good Clinical Practice | Published Practice Guidelines | Practice Guidelines as Topic,clinical practice guidelines | clinical practice | practice guidelines,MSH | MTH,C0282451 | C2986419 | C0936005 | C0162793,yes,Clinical Practice Guideline | Good Clinical Practice | Published Practice Guidelines | Practice Guidelines as Topic,Clinical Practice Guideline,Clinical Practice Guideline,Clinical Practice Guideline
Theresa Green,https://profiles.ucalgary.ca/theresa-green,rehabilitation settings (stand-alone,rehabilitation settings stand-alone,Does stand alone | Rehabilitation therapy | Vocational rehabilitation | Cardiac rehabilitation | Alcohol rehabilitation,rehabilitation settings,SNOMEDCT_US | MTH,C0560204 | C0034991 | C0034996 | C0700431 | C0204598,yes,Does stand alone | Rehabilitation therapy | Vocational rehabilitation | Cardiac rehabilitation | Alcohol rehabilitation,Does stand alone,Stand Alone,Stand Alone
Theresa Green,https://profiles.ucalgary.ca/theresa-green,integrated service models),integrated service models,"Integrated Learning System | Integrated Neuromusculoskeletal Release | Counselling service | Models, Statistical | Models, Chemical",,MTH | MSH,C1512807 | C1704538 | C0542296 | C0026348 | C0026341,yes,"Integrated Learning System | Integrated Neuromusculoskeletal Release | Counselling service | Models, Statistical | Models, Chemical",integrated service models),Integrated Service Models,Integrated Service Models
Theresa Green,https://profiles.ucalgary.ca/theresa-green,post-acute transitional care (rehabilitation,post-acute transitional care rehabilitation,Transition from self-care to acute care | Transition from acute care to self-care | Transition from hospice to acute care | Transition from acute care to hospice | Transition from acute care to long-term care,acute transitional care,SNOMEDCT_US,C4047679 | C4047682 | C3266252 | C3266244 | C3266243,yes,Transition from self-care to acute care | Transition from acute care to self-care | Transition from hospice to acute care | Transition from acute care to hospice | Transition from acute care to long-term care,Transition from acute care to hospice,Transition From Acute Care,Transition From Acute Care
Thomas Erskine Feasby,https://profiles.ucalgary.ca/thomas-erskine-feasby,stroke,stroke,Heat Stroke | Ischemic stroke | Hemorrhagic Stroke | Embolic Stroke,stroke,MTH | MSH,C0018843 | C0948008 | C5234922 | C0262469,yes,Heat Stroke | Ischemic stroke | Hemorrhagic Stroke | Embolic Stroke,Heat Stroke,Stroke,Stroke
Thomas Raedler,https://profiles.ucalgary.ca/thomas-raedler,early psychosis,early psychosis,Psychosis in early childhood | Early intervention in psychosis HRGs,early psychosis,SNOMEDCT_US,C3531752 | C1271770,yes,Psychosis in early childhood | Early intervention in psychosis HRGs,Psychosis in early childhood,Psychosis In Early,Psychosis In Early
Thomas Raedler,https://profiles.ucalgary.ca/thomas-raedler,schizophrenia,schizophrenia,"Schizophrenia | Paranoid Schizophrenia | Schizophrenia, Disorganized | Schizophrenia, Catatonic | Residual schizophrenia",schizophrenia,MTH | MSH | SNOMEDCT_US,C0036341 | C0036349 | C0036347 | C0036344 | C0036351,yes,"Schizophrenia | Paranoid Schizophrenia | Schizophrenia, Disorganized | Schizophrenia, Catatonic | Residual schizophrenia",Schizophrenia,Schizophrenia,Schizophrenia
Thomas Raedler,https://profiles.ucalgary.ca/thomas-raedler,anxiety disorders,anxiety disorders,Anxiety Disorders | Generalized Anxiety Disorder | Anxiety disorders NEC in MedDRA,anxiety disorders,MTH,C0003469 | C0270549 | C0853381,yes,Anxiety Disorders | Generalized Anxiety Disorder | Anxiety disorders NEC in MedDRA,Anxiety Disorders,Anxiety Disorders,Anxiety Disorders
Thomas Raedler,https://profiles.ucalgary.ca/thomas-raedler,psychiatric research,psychiatric research,"Psychiatric symptom | research | Research Design | Fetishism, Psychiatric | Psychiatric Rehabilitation",psychiatric research,MTH | MSH,C0233401 | C0035168 | C0035171 | C0015957 | C0204512,yes,"Psychiatric symptom | research | Research Design | Fetishism, Psychiatric | Psychiatric Rehabilitation",psychiatric research,Psychiatric Research,Psychiatric Research
Thomas Raedler,https://profiles.ucalgary.ca/thomas-raedler,clinical psychiatry,clinical psychiatry,Clinical Trials,clinical psychiatry,MTH,C0008976,yes,Clinical Trials,clinical psychiatry,Clinical Psychiatry,Clinical Psychiatry
Timothy Shutt,https://profiles.ucalgary.ca/timothy-shutt,cell signaling,cell signaling,mesenchymal-epithelial cell signaling | mesodermal-endodermal cell signaling | endodermal-mesodermal cell signaling | epithelial-mesenchymal cell signaling,cell signaling,MTH,C2752865 | C2753529 | C2753531 | C2752912,yes,mesenchymal-epithelial cell signaling | mesodermal-endodermal cell signaling | endodermal-mesodermal cell signaling | epithelial-mesenchymal cell signaling,mesodermal-endodermal cell signaling,Cell Signaling,Cell Signaling
Timothy Shutt,https://profiles.ucalgary.ca/timothy-shutt,structure molecular biology,structure molecular biology,Molecular Structure | Molecular biology method | Molecular biology identification technique,structure molecular | molecular biology,MSH | SNOMEDCT_US,C0026383 | C0200924 | C0200925,yes,Molecular Structure | Molecular biology method | Molecular biology identification technique,Molecular Structure,Molecular Structure,Molecular Structure
Timothy Shutt,https://profiles.ucalgary.ca/timothy-shutt,molecular biology and disease,molecular biology and disease,Molecular biology method | Molecular biology identification technique,molecular biology,SNOMEDCT_US,C0200924 | C0200925,yes,Molecular biology method | Molecular biology identification technique,Molecular biology method,Molecular Biology,Molecular Biology
Tolulope Sajobi,https://profiles.ucalgary.ca/tolulope-sajobi,"biostatistics, patient-reported outcomes, clinical trials",biostatistics patient-reported outcomes clinical trials,Patient Reported Outcome | Patient reported outcomes with LASIK | OS Patient Reported Outcomes Metadata Table | GCT Patient Reported Outcomes Metadata Table | Patient Reported Outcome Stem,patient reported outcomes,MTH,C2987124 | C5552327 | C5552934 | C5447745 | C4553151,yes,Patient Reported Outcome | Patient reported outcomes with LASIK | OS Patient Reported Outcomes Metadata Table | GCT Patient Reported Outcomes Metadata Table | Patient Reported Outcome Stem,Patient Reported Outcome,Patient Reported Outcome,Patient Reported Outcome
Tolulope Sajobi,https://profiles.ucalgary.ca/tolulope-sajobi,patient-reported outcomes,patient-reported outcomes,Patient Reported Outcome | Patient reported outcomes with LASIK | OS Patient Reported Outcomes Metadata Table | GCT Patient Reported Outcomes Metadata Table | Patient Reported Outcome Stem,patient-reported outcomes | patient reported outcomes | patient reported | reported outcomes,MTH,C2987124 | C5552327 | C5552934 | C5447745 | C4553151,yes,Patient Reported Outcome | Patient reported outcomes with LASIK | OS Patient Reported Outcomes Metadata Table | GCT Patient Reported Outcomes Metadata Table | Patient Reported Outcome Stem,Patient Reported Outcome,Patient Reported Outcome,Patient Reported Outcome
Tolulope Sajobi,https://profiles.ucalgary.ca/tolulope-sajobi,clinical trials,clinical trials,"Clinical Trials | Clinical Trials, Monitoring | Clinical Trials Design | Clinical Trials, Phase II",clinical trials,MTH,C0008976 | C1516647 | C1516636 | C0282460,yes,"Clinical Trials | Clinical Trials, Monitoring | Clinical Trials Design | Clinical Trials, Phase II",Clinical Trials,Clinical Trials,Clinical Trials
Tolulope Sajobi,https://profiles.ucalgary.ca/tolulope-sajobi,cardiology,cardiology,,cardiology,,,no,cardiology,cardiology,Cardiology,Cardiology
Tolulope Sajobi,https://profiles.ucalgary.ca/tolulope-sajobi,epidemiology,epidemiology,,epidemiology,,,no,epidemiology,epidemiology,Epidemiology,Epidemiology
Tolulope Sajobi,https://profiles.ucalgary.ca/tolulope-sajobi,clinical practice guidelines,clinical practice guidelines,Clinical Practice Guideline | Good Clinical Practice | Published Practice Guidelines | Practice Guidelines as Topic,clinical practice guidelines | clinical practice | practice guidelines,MSH | MTH,C0282451 | C2986419 | C0936005 | C0162793,yes,Clinical Practice Guideline | Good Clinical Practice | Published Practice Guidelines | Practice Guidelines as Topic,Clinical Practice Guideline,Clinical Practice Guideline,Clinical Practice Guideline
Tolulope Sajobi,https://profiles.ucalgary.ca/tolulope-sajobi,clinical outcomes,clinical outcomes,Clinical Trials | Nutrition outcomes | Expected outcomes | R-Outcomes | Elimination outcomes,clinical outcomes,MTH,C0008976 | C0518896 | C2963499 | C5445044 | C0518891,yes,Clinical Trials | Nutrition outcomes | Expected outcomes | R-Outcomes | Elimination outcomes,clinical outcomes,Clinical Outcomes,Clinical Outcomes
Tolulope Sajobi,https://profiles.ucalgary.ca/tolulope-sajobi,machine learning,machine learning,Machine Learning | Supervised Machine Learning | Unsupervised Machine Learning | Inductive Machine Learning | Representation Machine Learning,machine learning,MSH,C0376284 | C4042903 | C4042902 | C4046035 | C5940532,yes,Machine Learning | Supervised Machine Learning | Unsupervised Machine Learning | Inductive Machine Learning | Representation Machine Learning,Machine Learning,Machine Learning,Machine Learning
Tolulope Sajobi,https://profiles.ucalgary.ca/tolulope-sajobi,stroke,stroke,Heat Stroke | Ischemic stroke | Hemorrhagic Stroke | Embolic Stroke,stroke,MTH | MSH,C0018843 | C0948008 | C5234922 | C0262469,yes,Heat Stroke | Ischemic stroke | Hemorrhagic Stroke | Embolic Stroke,Heat Stroke,Stroke,Stroke
Tolulope Sajobi,https://profiles.ucalgary.ca/tolulope-sajobi,data-driven machine-learning methods to efficiently cluster (i,data-driven machine-learning methods to efficiently cluster i,,,,,no,data-driven machine-learning methods to efficiently cluster i,data-driven machine-learning methods to efficiently cluster (i,Data Driven Machine Learning Methods To Efficiently Cluster I,
Tuan Trang,https://profiles.ucalgary.ca/tuan-trang,pain,pain,Pain | Chest Pain | Back Pain | Low Back Pain | Abdominal Pain,pain,MTH,C0030193 | C0008031 | C0004604 | C0024031 | C0000737,yes,Pain | Chest Pain | Back Pain | Low Back Pain | Abdominal Pain,Pain,Pain,Pain
Tuan Trang,https://profiles.ucalgary.ca/tuan-trang,discovering the fundamental molecules,discovering the fundamental molecules,Cell Adhesion Molecules | Intercellular Adhesion Molecules | Leukocyte Adhesion Molecules | Discover LC | Lyt molecules,,MTH | MSH,C0007578 | C0242565 | C0282400 | C4549227 | C0126519,yes,Cell Adhesion Molecules | Intercellular Adhesion Molecules | Leukocyte Adhesion Molecules | Discover LC | Lyt molecules,discovering the fundamental molecules,Discovering The Fundamental Molecules,Discovering The Fundamental Molecules
Tuan Trang,https://profiles.ucalgary.ca/tuan-trang,apparently similar disorders,apparently similar disorders,Deglutition Disorders | Migraine Disorders | Cerebrovascular Disorders | Personality Disorders | No injuries apparent,similar disorders,MTH | MSH | SNOMEDCT_US,C0011168 | C0149931 | C0007820 | C0031212 | C0557880,yes,Deglutition Disorders | Migraine Disorders | Cerebrovascular Disorders | Personality Disorders | No injuries apparent,apparently similar disorders,Apparently Similar Disorders,Apparently Similar Disorders
Tuan Trang,https://profiles.ucalgary.ca/tuan-trang,es on discovering the fundamental molecules,es on discovering the fundamental molecules,Cell Adhesion Molecules | Intercellular Adhesion Molecules | Leukocyte Adhesion Molecules | Discover LC | Lyt molecules,,MTH | MSH,C0007578 | C0242565 | C0282400 | C4549227 | C0126519,yes,Cell Adhesion Molecules | Intercellular Adhesion Molecules | Leukocyte Adhesion Molecules | Discover LC | Lyt molecules,es on discovering the fundamental molecules,Es On Discovering The Fundamental Molecules,
Tyler Cluff,https://profiles.ucalgary.ca/tyler-cluff,neuroscience - motor control,neuroscience - motor control,Neurological status: central motor control | Motor control test | Disorders of attention and motor control | Deficits in attention motor control and perception,motor control,SNOMEDCT_US | MTH,C0517961 | C4720933 | C0454623 | C0454625,yes,Neurological status: central motor control | Motor control test | Disorders of attention and motor control | Deficits in attention motor control and perception,Motor control test,Motor Control,Motor Control
Tyler Cluff,https://profiles.ucalgary.ca/tyler-cluff,control of voluntary movements,control of voluntary movements,Epistaxis control | Pain control | Involuntary Movements | Eye Movements | Voluntary nystagmus,voluntary movements,MTH | SNOMEDCT_US,C0188972 | C1304888 | C0427086 | C0015413 | C0339667,yes,Epistaxis control | Pain control | Involuntary Movements | Eye Movements | Voluntary nystagmus,control of voluntary movements,Control Of Voluntary Movements,Control Of Voluntary Movements
Tyler Cluff,https://profiles.ucalgary.ca/tyler-cluff,basic principles of sensory processing,basic principles of sensory processing,basic fuchsin | Basic information | Osteopathic Principles and Practice | Sensory Disorders | Sensory neuropathy,,MTH,C0073578 | C6024650 | C1704592 | C0152027 | C0151313,yes,basic fuchsin | Basic information | Osteopathic Principles and Practice | Sensory Disorders | Sensory neuropathy,basic principles of sensory processing,Basic Principles Of Sensory Processing,
Tyler Cluff,https://profiles.ucalgary.ca/tyler-cluff,functional magnetic resonance imaging,functional magnetic resonance imaging,Blood Oxygen Level Dependent Functional Magnetic Resonance Imaging | Magnetic Resonance Imaging | Multiparametric Magnetic Resonance Imaging | Diffusion Magnetic Resonance Imaging | MRI of brain with functional imaging,functional magnetic resonance imaging | functional magnetic resonance | magnetic resonance imaging | functional magnetic,MTH | SNOMEDCT_US,C1705491 | C0024485 | C3898221 | C1136216 | C0412677,yes,Blood Oxygen Level Dependent Functional Magnetic Resonance Imaging | Magnetic Resonance Imaging | Multiparametric Magnetic Resonance Imaging | Diffusion Magnetic Resonance Imaging | MRI of brain with functional imaging,Magnetic Resonance Imaging,Magnetic Resonance Imaging,Magnetic Resonance Imaging
Tyler Cluff,https://profiles.ucalgary.ca/tyler-cluff,how they impact motor learning,how they impact motor learning,Basic motor learning problem,impact motor | motor learning,SNOMEDCT_US,C0233843,yes,Basic motor learning problem,Basic motor learning problem,Basic Motor Learning,Basic Motor Learning
Valerie Taylor,https://profiles.ucalgary.ca/valerie-taylor,mood disorders,mood disorders,Mood Disorders | Psychotic Mood Disorders | Organic mood disorder | Bipolar Disorder,mood disorders,MSH | SNOMEDCT_US | MTH,C0525045 | C0086640 | C0029232 | C0005586,yes,Mood Disorders | Psychotic Mood Disorders | Organic mood disorder | Bipolar Disorder,Mood Disorders,Mood Disorders,Mood Disorders
Valerie Taylor,https://profiles.ucalgary.ca/valerie-taylor,functional magnetic resonance imaging,functional magnetic resonance imaging,Blood Oxygen Level Dependent Functional Magnetic Resonance Imaging | Magnetic Resonance Imaging | Multiparametric Magnetic Resonance Imaging | Diffusion Magnetic Resonance Imaging | MRI of brain with functional imaging,functional magnetic resonance imaging | functional magnetic resonance | magnetic resonance imaging | functional magnetic,MTH | SNOMEDCT_US,C1705491 | C0024485 | C3898221 | C1136216 | C0412677,yes,Blood Oxygen Level Dependent Functional Magnetic Resonance Imaging | Magnetic Resonance Imaging | Multiparametric Magnetic Resonance Imaging | Diffusion Magnetic Resonance Imaging | MRI of brain with functional imaging,Magnetic Resonance Imaging,Magnetic Resonance Imaging,Magnetic Resonance Imaging
Valerie Taylor,https://profiles.ucalgary.ca/valerie-taylor,depression,depression,"Mental Depression | Depressive disorder | Reactive depression | Depression, Postpartum",depression,MTH | MSH,C0011570 | C0011581 | C0011579 | C0221074,yes,"Mental Depression | Depressive disorder | Reactive depression | Depression, Postpartum",Mental Depression,Mental Depression,Mental Depression
Valerie Taylor,https://profiles.ucalgary.ca/valerie-taylor,cardiovascular disease) on mental illness,cardiovascular disease on mental illness,Cardiovascular Diseases | Cardiovascular disease+Pulmonary disease | FH: Cardiovascular disease | Cardiovascular renal disease,cardiovascular disease,MTH | SNOMEDCT_US,C0007222 | C4072686 | C0455404 | C0264656,yes,Cardiovascular Diseases | Cardiovascular disease+Pulmonary disease | FH: Cardiovascular disease | Cardiovascular renal disease,Cardiovascular Diseases,Cardiovascular Diseases,Cardiovascular Diseases
Valerie Taylor,https://profiles.ucalgary.ca/valerie-taylor,impact of mental illness of medical comorbity,impact of mental illness of medical comorbity,Wandering - impact | IMPACT gene | Mental Depression | Mental disorders | Mental Retardation,,MTH,C2707019 | C1825598 | C0011570 | C0004936 | C0025362,yes,Wandering - impact | IMPACT gene | Mental Depression | Mental disorders | Mental Retardation,impact of mental illness of medical comorbity,Impact Of Mental Illness Of Medical Comorbity,
Valerie Taylor,https://profiles.ucalgary.ca/valerie-taylor,chronic disease,chronic disease,Chronic disease | Chronic Obstructive Airway Disease | Chronic granulomatous disease | Chronic lung disease,chronic disease,MTH,C0008679 | C0024117 | C0018203 | C0746102,yes,Chronic disease | Chronic Obstructive Airway Disease | Chronic granulomatous disease | Chronic lung disease,Chronic disease,Chronic Disease,Chronic Disease
Veronica Bruno,https://profiles.ucalgary.ca/veronica-bruno,movement disorders,movement disorders,"Movement Disorders | Extrapyramidal and movement disorders | Stereotypic Movement Disorder | Movement Disorders, Rhythmic Nocturnal",movement disorders,MTH | MSH,C0026650 | C0477355 | C0038273 | C0752298,yes,"Movement Disorders | Extrapyramidal and movement disorders | Stereotypic Movement Disorder | Movement Disorders, Rhythmic Nocturnal",Movement Disorders,Movement Disorders,Movement Disorders
Veronica Bruno,https://profiles.ucalgary.ca/veronica-bruno,parkinson disease,parkinson disease,"Parkinson Disease | Parkinson Disease, Mitochondrial | Parkinson Disease 16 | Parkinson Disease, Postencephalitic",parkinson disease,MTH | MSH,C0030567 | C1838867 | C2751012 | C0030568,yes,"Parkinson Disease | Parkinson Disease, Mitochondrial | Parkinson Disease 16 | Parkinson Disease, Postencephalitic",Parkinson Disease,Parkinson Disease,Parkinson Disease
Veronica Bruno,https://profiles.ucalgary.ca/veronica-bruno,pain,pain,Pain | Chest Pain | Back Pain | Low Back Pain | Abdominal Pain,pain,MTH,C0030193 | C0008031 | C0004604 | C0024031 | C0000737,yes,Pain | Chest Pain | Back Pain | Low Back Pain | Abdominal Pain,Pain,Pain,Pain
Veronica Bruno,https://profiles.ucalgary.ca/veronica-bruno,epidemiology,epidemiology,,epidemiology,,,no,epidemiology,epidemiology,Epidemiology,Epidemiology
Victoria Burns,https://profiles.ucalgary.ca/victoria-burns,mental health and wellness,mental health and wellness,mental health | Mental health treatment,mental health | health wellness,MTH | SNOMEDCT_US,C0025353 | C0184647,yes,mental health | Mental health treatment,mental health,Mental Health,Mental Health
Victoria Burns,https://profiles.ucalgary.ca/victoria-burns,aging in place,aging in place,Premature aging syndrome | Cell Aging | Erythrocyte Aging | Disorientated in place,aging in place | aging place,MTH | MSH | SNOMEDCT_US,C0231341 | C5550967 | C0014768 | C0233409,yes,Premature aging syndrome | Cell Aging | Erythrocyte Aging | Disorientated in place,Disorientated in place,Place,Place
Victoria Burns,https://profiles.ucalgary.ca/victoria-burns,i am a registered social worker,i am a registered social worker,"Phobia, Social | Social Problems | Registered disabled",,MSH | SNOMEDCT_US,C0031572 | C0037431 | C0578858,yes,"Phobia, Social | Social Problems | Registered disabled",i am a registered social worker,I Am A Registered Social Worker,
Vikram Karnik,https://profiles.ucalgary.ca/vikram-karnik-0,movement disorders,movement disorders,"Movement Disorders | Extrapyramidal and movement disorders | Stereotypic Movement Disorder | Movement Disorders, Rhythmic Nocturnal",movement disorders,MTH | MSH,C0026650 | C0477355 | C0038273 | C0752298,yes,"Movement Disorders | Extrapyramidal and movement disorders | Stereotypic Movement Disorder | Movement Disorders, Rhythmic Nocturnal",Movement Disorders,Movement Disorders,Movement Disorders
Voon Wee Yong,https://profiles.ucalgary.ca/voon-wee-yong,cns regeneration,cns regeneration,Nerve Regeneration,,MTH,C0027756,yes,Nerve Regeneration,cns regeneration,Cns Regeneration,Cns Regeneration
Voon Wee Yong,https://profiles.ucalgary.ca/voon-wee-yong,ms and brain tumors,ms and brain tumors,"Brain Tumor, Primary",brain tumors,MTH,C0750974,yes,"Brain Tumor, Primary","Brain Tumor, Primary",Brain Tumor,Brain Tumor
Voon Wee Yong,https://profiles.ucalgary.ca/voon-wee-yong,brain tumors,brain tumors,"Brain Tumor, Primary | Brain Neoplasms | Brain Stem Neoplasms",brain tumors,MTH,C0750974 | C0006118 | C0677866,yes,"Brain Tumor, Primary | Brain Neoplasms | Brain Stem Neoplasms","Brain Tumor, Primary",Brain Tumor,Brain Tumor
Voon Wee Yong,https://profiles.ucalgary.ca/voon-wee-yong,neuroimmunology neuroprotection cns regeneration ms,neuroimmunology neuroprotection cns regeneration ms,Neuroprotection | Neuroprotective Agents | Nerve Regeneration,,MSH | MTH,C0598958 | C0242912 | C0027756,yes,Neuroprotection | Neuroprotective Agents | Nerve Regeneration,neuroimmunology neuroprotection cns regeneration ms,Neuroimmunology Neuroprotection Cns Regeneration Ms,
Voon Wee Yong,https://profiles.ucalgary.ca/voon-wee-yong,brain tumors summary of research dr,brain tumors summary of research dr,Brain Concussion | Brain Injuries | Brain Neoplasms | Brain Diseases | Neuroendocrine Tumors,,MTH,C0006107 | C0270611 | C0006118 | C0006111 | C0206754,yes,Brain Concussion | Brain Injuries | Brain Neoplasms | Brain Diseases | Neuroendocrine Tumors,brain tumors summary of research dr,Brain Tumors Summary Of Research Dr,
Werner John Becker,https://profiles.ucalgary.ca/werner-john-becker,migraine,migraine,Migraine Disorders | Common Migraine | Abdominal Migraine | Ophthalmoplegic Migraine | Hemiplegic migraine,migraine,MTH | MSH | SNOMEDCT_US,C0149931 | C0338480 | C0270858 | C0221058 | C0270862,yes,Migraine Disorders | Common Migraine | Abdominal Migraine | Ophthalmoplegic Migraine | Hemiplegic migraine,Migraine Disorders,Migraine,Migraine
Willem Wildering,https://profiles.ucalgary.ca/willem-wildering,neurotoxicology of aquatic pollutants,neurotoxicology of aquatic pollutants,Aquatic Therapy,,MSH,C5544506,yes,Aquatic Therapy,neurotoxicology of aquatic pollutants,Neurotoxicology Of Aquatic Pollutants,Neurotoxicology Of Aquatic Pollutants
Willem Wildering,https://profiles.ucalgary.ca/willem-wildering,molecular mechanisms of neuronal aging,molecular mechanisms of neuronal aging,Unknown Cellular or Molecular Mechanism | Molecular Mechanisms of Pharmacological Action,molecular mechanisms,MTH | MSH,C3537153 | C1258062,yes,Unknown Cellular or Molecular Mechanism | Molecular Mechanisms of Pharmacological Action,Molecular Mechanisms of Pharmacological Action,Molecular Mechanisms Of Pharmacological,Molecular Mechanisms Of Pharmacological
Willem Wildering,https://profiles.ucalgary.ca/willem-wildering,pain,pain,Pain | Chest Pain | Back Pain | Low Back Pain | Abdominal Pain,pain,MTH,C0030193 | C0008031 | C0004604 | C0024031 | C0000737,yes,Pain | Chest Pain | Back Pain | Low Back Pain | Abdominal Pain,Pain,Pain,Pain
William Alexander Fletcher,https://profiles.ucalgary.ca/william-alexander-fletcher,movement disorders,movement disorders,"Movement Disorders | Extrapyramidal and movement disorders | Stereotypic Movement Disorder | Movement Disorders, Rhythmic Nocturnal",movement disorders,MTH | MSH,C0026650 | C0477355 | C0038273 | C0752298,yes,"Movement Disorders | Extrapyramidal and movement disorders | Stereotypic Movement Disorder | Movement Disorders, Rhythmic Nocturnal",Movement Disorders,Movement Disorders,Movement Disorders
William Alexander Fletcher,https://profiles.ucalgary.ca/william-alexander-fletcher,comprising disorders of eye movement,comprising disorders of eye movement,Neurologic disorder of eye movements | Family history of eye movement disorder,disorders eye movement,SNOMEDCT_US,C1290846 | C3887088,yes,Neurologic disorder of eye movements | Family history of eye movement disorder,Neurologic disorder of eye movements,Neurologic Disorder Of Eye Movements,
Emeritus William Kenyon Stell,https://profiles.ucalgary.ca/william-kenyon-stell,cones with specific bipolar,cones with specific bipolar,"Bipolar Disorder | Depression, Bipolar | Bipolar Agents | Phobia, Specific | Bipolar diathermy",cones specific,MTH | MSH | SNOMEDCT_US,C0005586 | C0005587 | C1579429 | C0236801 | C0441520,yes,"Bipolar Disorder | Depression, Bipolar | Bipolar Agents | Phobia, Specific | Bipolar diathermy",cones with specific bipolar,Cones With Specific Bipolar,Cones With Specific Bipolar
Emeritus William Kenyon Stell,https://profiles.ucalgary.ca/william-kenyon-stell,horizontal cells for the first time,horizontal cells for the first time,"First Aid | First degree atrioventricular block | Horizontal Nystagmus | Diplopia, Horizontal | Horizontal eyebrow",horizontal cells,MTH | MSH | SNOMEDCT_US,C0016143 | C0085614 | C0271385 | C0751077 | C3277019,yes,"First Aid | First degree atrioventricular block | Horizontal Nystagmus | Diplopia, Horizontal | Horizontal eyebrow",horizontal cells for the first time,Horizontal Cells For The First Time,
Emeritus William Kenyon Stell,https://profiles.ucalgary.ca/william-kenyon-stell,produced new works on retinal neuropeptides,produced new works on retinal neuropeptides,Fictional Works | Collected Works | Retinal Detachment | retinaldehyde | Retinal Diseases,,MTH,C0887933 | C0600643 | C0035305 | C0035331 | C0035309,yes,Fictional Works | Collected Works | Retinal Detachment | retinaldehyde | Retinal Diseases,produced new works on retinal neuropeptides,Produced New Works On Retinal Neuropeptides,
Wilten Nicola,https://profiles.ucalgary.ca/wilten-nicola,computational neuroscience,computational neuroscience,Computational Modelling | Computational Technique,,MTH,C5544479 | C1516769,yes,Computational Modelling | Computational Technique,computational neuroscience,Computational Neuroscience,Computational Neuroscience
Wilten Nicola,https://profiles.ucalgary.ca/wilten-nicola,dementia,dementia,"Dementia | Presenile dementia | Senile dementia | Multi-infarct dementia | Dementia, Vascular",dementia,MTH | MSH,C0497327 | C0011265 | C0011268 | C0011263 | C0011269,yes,"Dementia | Presenile dementia | Senile dementia | Multi-infarct dementia | Dementia, Vascular",Dementia,Dementia,Dementia
Wilten Nicola,https://profiles.ucalgary.ca/wilten-nicola,epilepsy,epilepsy,"Epilepsy | Absence Epilepsy | Tonic-Clonic Epilepsy | Epilepsy, Complex Partial",epilepsy,MTH | MSH,C0014544 | C0014553 | C0014549 | C0085417,yes,"Epilepsy | Absence Epilepsy | Tonic-Clonic Epilepsy | Epilepsy, Complex Partial",Epilepsy,Epilepsy,Epilepsy
Yaoping Hu,https://profiles.ucalgary.ca/yaoping-hu,brain-machine interfaces,brain-machine interfaces,Brain Concussion | Brain Injuries | Brain Neoplasms | Brain Diseases | User-Computer Interface,brain-machine interfaces | brain machine interfaces | brain machine | machine interfaces,MTH,C0006107 | C0270611 | C0006118 | C0006111 | C0042117,yes,Brain Concussion | Brain Injuries | Brain Neoplasms | Brain Diseases | User-Computer Interface,brain-machine interfaces,Brain Machine Interfaces,Brain Machine Interfaces
Yeonjung Lee,https://profiles.ucalgary.ca/yeonjung-lee,social statuses,social statuses,"Unknown - CWE statuses | Phobia, Social | Social Problems | Administrative statuses | Problem statuses",,MTH | MSH | SNOMEDCT_US,C1556130 | C0031572 | C0037431 | C0585724 | C1273987,yes,"Unknown - CWE statuses | Phobia, Social | Social Problems | Administrative statuses | Problem statuses",social statuses,Social Statuses,Social Statuses
Yingxu Wang,https://profiles.ucalgary.ca/yingxu-wang,cognitive informatics,cognitive informatics,Cognitive Therapy | Cognitive functions | Mild cognitive disorder | Cognitive Dissonance | Cognitive Restructuring,,MTH | MSH,C0009244 | C0392335 | C1270972 | C0009242 | C0150173,yes,Cognitive Therapy | Cognitive functions | Mild cognitive disorder | Cognitive Dissonance | Cognitive Restructuring,cognitive informatics,Cognitive Informatics,Cognitive Informatics
Yingxu Wang,https://profiles.ucalgary.ca/yingxu-wang,cognitive robotics,cognitive robotics,Cognitive Therapy | Cognitive functions | Mild cognitive disorder | Cognitive Dissonance | Cognitive Restructuring,,MTH | MSH,C0009244 | C0392335 | C1270972 | C0009242 | C0150173,yes,Cognitive Therapy | Cognitive functions | Mild cognitive disorder | Cognitive Dissonance | Cognitive Restructuring,cognitive robotics,Cognitive Robotics,Cognitive Robotics
Yingxu Wang,https://profiles.ucalgary.ca/yingxu-wang,brain informatics,brain informatics,Brain Concussion | Brain Injuries | Brain Neoplasms | Brain Diseases,,MTH,C0006107 | C0270611 | C0006118 | C0006111,yes,Brain Concussion | Brain Injuries | Brain Neoplasms | Brain Diseases,brain informatics,Brain Informatics,Brain Informatics
Yingxu Wang,https://profiles.ucalgary.ca/yingxu-wang,machine learning,machine learning,Machine Learning | Supervised Machine Learning | Unsupervised Machine Learning | Reinforcement Machine Learning | Representation Machine Learning,machine learning,MSH,C0376284 | C4042903 | C4042902 | C5940531 | C5940532,yes,Machine Learning | Supervised Machine Learning | Unsupervised Machine Learning | Reinforcement Machine Learning | Representation Machine Learning,Machine Learning,Machine Learning,Machine Learning
Yingxu Wang,https://profiles.ucalgary.ca/yingxu-wang,brain science,brain science,Brain Concussion | Brain Injuries | Brain Neoplasms | Brain Diseases,,MTH,C0006107 | C0270611 | C0006118 | C0006111,yes,Brain Concussion | Brain Injuries | Brain Neoplasms | Brain Diseases,brain science,Brain Science,Brain Science
Yingxu Wang,https://profiles.ucalgary.ca/yingxu-wang,journal of cognitive informatics & natural intelligence (ijcini),journal of cognitive informatics natural intelligence ijcini,,,,,no,journal of cognitive informatics natural intelligence ijcini,journal of cognitive informatics & natural intelligence (ijcini),Journal Of Cognitive Informatics Natural Intelligence Ijcini,
Yingxu Wang,https://profiles.ucalgary.ca/yingxu-wang,international institute of cognitive informatics,international institute of cognitive informatics,International travel | Cognitive Therapy | Cognitive functions | Mild cognitive disorder | Cognitive Dissonance,,MTH | MSH,C4554677 | C0009244 | C0392335 | C1270972 | C0009242,yes,International travel | Cognitive Therapy | Cognitive functions | Mild cognitive disorder | Cognitive Dissonance,international institute of cognitive informatics,International Institute Of Cognitive Informatics,
Yunyan Zhang,https://profiles.ucalgary.ca/yunyan-zhang,machine learning,machine learning,Machine Learning | Supervised Machine Learning | Unsupervised Machine Learning | Reinforcement Machine Learning | Representation Machine Learning,machine learning,MSH,C0376284 | C4042903 | C4042902 | C5940531 | C5940532,yes,Machine Learning | Supervised Machine Learning | Unsupervised Machine Learning | Reinforcement Machine Learning | Representation Machine Learning,Machine Learning,Machine Learning,Machine Learning
Yunyan Zhang,https://profiles.ucalgary.ca/yunyan-zhang,management of health,management of health,Health management deficit | Health management finding,management of health | management health,SNOMEDCT_US,C0231345 | C1268744,yes,Health management deficit | Health management finding,Health management deficit,Health Management,Health Management
Yunyan Zhang,https://profiles.ucalgary.ca/yunyan-zhang,non-imaging data,non-imaging data,Dynamic non-imaging isotope study | Radionuclide non-imaging renal studies | Non-imaging thyroid uptake test | Non-imaging thyroid uptake of I123 | Non-imaging thyroid uptake of I131 | Prostate Imaging-Reporting and Data System | Lung Imaging Reporting and Data System | Thyroid Imaging Reporting and Data System,non imaging | imaging data,SNOMEDCT_US,C0412322 | C0412424 | C0412438 | C0412440 | C0412441 | C3897818 | C6008793 | C6010485,yes,Dynamic non-imaging isotope study | Radionuclide non-imaging renal studies | Non-imaging thyroid uptake test | Non-imaging thyroid uptake of I123 | Non-imaging thyroid uptake of I131 | Prostate Imaging-Reporting and Data System | Lung Imaging Reporting and Data System | Thyroid Imaging Reporting and Data System,Non-imaging thyroid uptake test,Non Imaging,Non Imaging
Yunyan Zhang,https://profiles.ucalgary.ca/yunyan-zhang,based primarily on clinically available information,based primarily on clinically available information,Dystrophies primarily involving the retinal pigment epithelium | Cerebral degeneration presenting primarily with dementia | Clinically isolated syndrome | Clinically relevant isoenzyme,,MTH | SNOMEDCT_US,C0154865 | C0349723 | C2921627 | C1442929,yes,Dystrophies primarily involving the retinal pigment epithelium | Cerebral degeneration presenting primarily with dementia | Clinically isolated syndrome | Clinically relevant isoenzyme,based primarily on clinically available information,Based Primarily On Clinically Available Information,
Yves Starreveld,https://profiles.ucalgary.ca/yves-starreveld,epilepsy,epilepsy,"Epilepsy | Absence Epilepsy | Tonic-Clonic Epilepsy | Epilepsy, Complex Partial",epilepsy,MTH | MSH,C0014544 | C0014553 | C0014549 | C0085417,yes,"Epilepsy | Absence Epilepsy | Tonic-Clonic Epilepsy | Epilepsy, Complex Partial",Epilepsy,Epilepsy,Epilepsy
Yves Starreveld,https://profiles.ucalgary.ca/yves-starreveld,movement disorders,movement disorders,"Movement Disorders | Extrapyramidal and movement disorders | Stereotypic Movement Disorder | Movement Disorders, Rhythmic Nocturnal",movement disorders,MTH | MSH,C0026650 | C0477355 | C0038273 | C0752298,yes,"Movement Disorders | Extrapyramidal and movement disorders | Stereotypic Movement Disorder | Movement Disorders, Rhythmic Nocturnal",Movement Disorders,Movement Disorders,Movement Disorders
Zahinoor Ismail,https://profiles.ucalgary.ca/zahinoor-ismail,alzheimer disease,alzheimer disease,Alzheimer's Disease | ALZHEIMER DISEASE 2 | ALZHEIMER DISEASE 4 | Alzheimer Disease 9,alzheimer disease,MTH,C0002395 | C1863051 | C1847200 | C1837149,yes,Alzheimer's Disease | ALZHEIMER DISEASE 2 | ALZHEIMER DISEASE 4 | Alzheimer Disease 9,Alzheimer's Disease,Alzheimer Disease,Alzheimer Disease
Zahinoor Ismail,https://profiles.ucalgary.ca/zahinoor-ismail,neuroimaging,neuroimaging,Neuroimaging | Functional Neuroimaging,neuroimaging,MTH | MSH,C0679575 | C3178877,yes,Neuroimaging | Functional Neuroimaging,Neuroimaging,Neuroimaging,Neuroimaging
Zahinoor Ismail,https://profiles.ucalgary.ca/zahinoor-ismail,epidemiology,epidemiology,,epidemiology,,,no,epidemiology,epidemiology,Epidemiology,Epidemiology
Zahra Clayborne,https://profiles.ucalgary.ca/zahra-clayborne,adolescent development,adolescent development,Adolescent Development | Impairment of adolescent development | Adolescent behavior alteration,adolescent development,MSH | SNOMEDCT_US,C0870101 | C2364156 | C1171153,yes,Adolescent Development | Impairment of adolescent development | Adolescent behavior alteration,Adolescent Development,Adolescent Development,Adolescent Development
Zahra Clayborne,https://profiles.ucalgary.ca/zahra-clayborne,women's health,women s health,mental health,s health,MTH,C0025353,yes,mental health,women's health,Women S Health,Women S Health
Zahra Clayborne,https://profiles.ucalgary.ca/zahra-clayborne,epidemiology,epidemiology,,epidemiology,,,no,epidemiology,epidemiology,Epidemiology,Epidemiology
Zahra Clayborne,https://profiles.ucalgary.ca/zahra-clayborne,mental health,mental health,mental health | Mental health treatment,mental health,MTH | SNOMEDCT_US,C0025353 | C0184647,yes,mental health | Mental health treatment,mental health,Mental Health,Mental Health
Zahra Clayborne,https://profiles.ucalgary.ca/zahra-clayborne,development of mental health,development of mental health,Mentally late developer | mental health | Mental health treatment,development mental | mental health,MTH | SNOMEDCT_US,C0853194 | C0025353 | C0184647,yes,Mentally late developer | mental health | Mental health treatment,mental health,Mental Health,Mental Health
Zahra Clayborne,https://profiles.ucalgary.ca/zahra-clayborne,population mental health,population mental health,mental health | Mental health treatment,mental health,MTH | SNOMEDCT_US,C0025353 | C0184647,yes,mental health | Mental health treatment,mental health,Mental Health,Mental Health
Zahra Clayborne,https://profiles.ucalgary.ca/zahra-clayborne,mental health outcomes throughout the life course,mental health outcomes throughout the life course,mental health,mental health outcomes,MTH,C0025353,yes,mental health,mental health,Mental Health,Mental Health
Zahra Goodarzi,https://profiles.ucalgary.ca/zahra-goodarzi,dementia,dementia,"Dementia | Presenile dementia | Senile dementia | Multi-infarct dementia | Dementia, Vascular",dementia,MTH | MSH,C0497327 | C0011265 | C0011268 | C0011263 | C0011269,yes,"Dementia | Presenile dementia | Senile dementia | Multi-infarct dementia | Dementia, Vascular",Dementia,Dementia,Dementia
Zahra Goodarzi,https://profiles.ucalgary.ca/zahra-goodarzi,parkinson disease,parkinson disease,"Parkinson Disease | Parkinson Disease, Mitochondrial | Parkinson Disease 16 | Parkinson Disease, Postencephalitic",parkinson disease,MTH | MSH,C0030567 | C1838867 | C2751012 | C0030568,yes,"Parkinson Disease | Parkinson Disease, Mitochondrial | Parkinson Disease 16 | Parkinson Disease, Postencephalitic",Parkinson Disease,Parkinson Disease,Parkinson Disease
Zahra Goodarzi,https://profiles.ucalgary.ca/zahra-goodarzi,mood disorders,mood disorders,Mood Disorders | Psychotic Mood Disorders | Organic mood disorder | Bipolar Disorder,mood disorders,MSH | SNOMEDCT_US | MTH,C0525045 | C0086640 | C0029232 | C0005586,yes,Mood Disorders | Psychotic Mood Disorders | Organic mood disorder | Bipolar Disorder,Mood Disorders,Mood Disorders,Mood Disorders
Zahra Goodarzi,https://profiles.ucalgary.ca/zahra-goodarzi,health services research,health services research,Health Services Research | Health Services Accessibility,health services research | health services | services research,MTH,C0018757 | C0018748,yes,Health Services Research | Health Services Accessibility,Health Services Research,Health Services Research,Health Services Research
Zahra Goodarzi,https://profiles.ucalgary.ca/zahra-goodarzi,mental illness,mental illness,Mental disorders,mental illness,MTH,C0004936,yes,Mental disorders,mental illness,Mental Illness,Mental Illness
Zahra Goodarzi,https://profiles.ucalgary.ca/zahra-goodarzi,neuropsychiatric symptoms in older adults,neuropsychiatric symptoms in older adults,Neurologic Symptoms | Older adult care | Neuropsychiatric Inventory Questionnaire | SPONGIFORM ENCEPHALOPATHY WITH NEUROPSYCHIATRIC FEATURES | Symptoms,neuropsychiatric symptoms,MSH | SNOMEDCT_US | MTH,C0235031 | C1171208 | C3539727 | C1847650 | C1457887,yes,Neurologic Symptoms | Older adult care | Neuropsychiatric Inventory Questionnaire | SPONGIFORM ENCEPHALOPATHY WITH NEUROPSYCHIATRIC FEATURES | Symptoms,Older adult care,Older Adult,Older Adult
Zahra Goodarzi,https://profiles.ucalgary.ca/zahra-goodarzi,those with neurodegenerative disorder,those with neurodegenerative disorder,Neurodegenerative Disorders | Fatal post-viral neurodegenerative disorder,neurodegenerative disorder,MTH | SNOMEDCT_US,C0524851 | C4751597,yes,Neurodegenerative Disorders | Fatal post-viral neurodegenerative disorder,Neurodegenerative Disorders,Neurodegenerative Disorders,Neurodegenerative Disorders
Zelma Kiss,https://profiles.ucalgary.ca/zelma-kiss,mental health,mental health,mental health | Mental health treatment,mental health,MTH | SNOMEDCT_US,C0025353 | C0184647,yes,mental health | Mental health treatment,mental health,Mental Health,Mental Health
Zelma Kiss,https://profiles.ucalgary.ca/zelma-kiss,movement disorders,movement disorders,"Movement Disorders | Extrapyramidal and movement disorders | Stereotypic Movement Disorder | Movement Disorders, Rhythmic Nocturnal",movement disorders,MTH | MSH,C0026650 | C0477355 | C0038273 | C0752298,yes,"Movement Disorders | Extrapyramidal and movement disorders | Stereotypic Movement Disorder | Movement Disorders, Rhythmic Nocturnal",Movement Disorders,Movement Disorders,Movement Disorders
Zelma Kiss,https://profiles.ucalgary.ca/zelma-kiss,pain,pain,Pain | Chest Pain | Back Pain | Low Back Pain | Abdominal Pain,pain,MTH,C0030193 | C0008031 | C0004604 | C0024031 | C0000737,yes,Pain | Chest Pain | Back Pain | Low Back Pain | Abdominal Pain,Pain,Pain,Pain
Zelma Kiss,https://profiles.ucalgary.ca/zelma-kiss,optical imaging,optical imaging,Diffuse Optical Imaging | tomographic optical breast imaging | Optical Frequency Domain Imaging | Optical Imaging,optical imaging,MTH | MSH,C3899379 | C4724159 | C6024277 | C3494219,yes,Diffuse Optical Imaging | tomographic optical breast imaging | Optical Frequency Domain Imaging | Optical Imaging,Optical Imaging,Optical Imaging,Optical Imaging
Zelma Kiss,https://profiles.ucalgary.ca/zelma-kiss,biomedical imaging,biomedical imaging,Biomedical Image Processing,biomedical imaging,MSH,C5392916,yes,Biomedical Image Processing,biomedical imaging,Biomedical Imaging,Biomedical Imaging
Zelma Kiss,https://profiles.ucalgary.ca/zelma-kiss,biomedical engineering,biomedical engineering,Biomedical Cement | Biomedical Research | Tissue Engineering,biomedical engineering,MTH | MSH,C1704479 | C0005540 | C0596171,yes,Biomedical Cement | Biomedical Research | Tissue Engineering,biomedical engineering,Biomedical Engineering,Biomedical Engineering
Zelma Kiss,https://profiles.ucalgary.ca/zelma-kiss,depression,depression,"Mental Depression | Depressive disorder | Reactive depression | Depression, Postpartum",depression,MTH | MSH,C0011570 | C0011581 | C0011579 | C0221074,yes,"Mental Depression | Depressive disorder | Reactive depression | Depression, Postpartum",Mental Depression,Mental Depression,Mental Depression
Zelma Kiss,https://profiles.ucalgary.ca/zelma-kiss,parkinson disease,parkinson disease,"Parkinson Disease | Parkinson Disease, Mitochondrial | Parkinson Disease 16 | Parkinson Disease, Postencephalitic",parkinson disease,MTH | MSH,C0030567 | C1838867 | C2751012 | C0030568,yes,"Parkinson Disease | Parkinson Disease, Mitochondrial | Parkinson Disease 16 | Parkinson Disease, Postencephalitic",Parkinson Disease,Parkinson Disease,Parkinson Disease
Zelma Kiss,https://profiles.ucalgary.ca/zelma-kiss,mechanisms of action of deep brain stimulation (dbs),mechanisms of action of deep brain stimulation dbs,Deep Brain Stimulation,deep brain stimulation,MTH,C0394162,yes,Deep Brain Stimulation,Deep Brain Stimulation,Deep Brain Stimulation,Deep Brain Stimulation
