member_id,link_group,platform,label,identifier,url,relationship_type,source_url,verification_status,display_order
mem_010c48c43f,research_profile,UCalgary,UCalgary Profile,,https://profiles.ucalgary.ca/pamela-roach,Official institutional profile,https://profiles.ucalgary.ca/pamela-roach,official_source,10
mem_010c48c43f,research_profile,Google Scholar,Google Scholar Profile,,https://scholar.google.ca/citations?user=LmWRKKkAAAAJ&hl=en,Scholarly profile,https://profiles.ucalgary.ca/pamela-roach,source_declared,20
mem_010c48c43f,research_profile,ResearchGate,ResearchGate Profile,,https://www.researchgate.net/profile/Pamela-Roach,Scholarly profile,https://profiles.ucalgary.ca/pamela-roach,source_declared,40
mem_010c48c43f,research_profile,Scopus,Scopus Author Profile,24504218500,https://www.scopus.com/authid/detail.uri?authorId=24504218500,Scholarly identifier,https://profiles.ucalgary.ca/pamela-roach,matched_scopus_id,50
mem_01f8882e68,research_profile,UCalgary,UCalgary Profile,,https://profiles.ucalgary.ca/julia-kirkham,Official institutional profile,https://profiles.ucalgary.ca/julia-kirkham,official_source,10
mem_01f8882e68,research_profile,ORCID,ORCID Profile,0000-0002-9963-7073,https://orcid.org/0000-0002-9963-7073,Scholarly identifier,https://profiles.ucalgary.ca/julia-kirkham,source_declared,30
mem_01f8882e68,research_profile,Scopus,Scopus Author Profile,56604767900,https://www.scopus.com/authid/detail.uri?authorId=56604767900,Scholarly identifier,https://profiles.ucalgary.ca/julia-kirkham,matched_scopus_id,50
mem_023bd77aa2,research_profile,UCalgary,UCalgary Profile,,https://profiles.ucalgary.ca/daniel-pang,Official institutional profile,https://profiles.ucalgary.ca/daniel-pang,official_source,10
mem_023bd77aa2,research_profile,ResearchGate,ResearchGate Profile,,https://www.researchgate.net/profile/Daniel_Pang,Scholarly profile,https://profiles.ucalgary.ca/daniel-pang,source_declared,40
mem_023bd77aa2,research_profile,Scopus,Scopus Author Profile,12242062700,https://www.scopus.com/authid/detail.uri?authorId=12242062700,Scholarly identifier,https://profiles.ucalgary.ca/daniel-pang,matched_scopus_id,50
mem_023bd77aa2,research_profile,PubMed,PubMed Author Search,,https://www.ncbi.nlm.nih.gov/pubmed/?term=pang+ds+%5Bau%5D,Publication index,https://profiles.ucalgary.ca/daniel-pang,source_declared,60
mem_023bd77aa2,research_ecosystem,Research Lab,Pang Lab,,https://panglab.wordpress.com,Research lab,https://profiles.ucalgary.ca/daniel-pang,source_declared,100
mem_02e49536b8,research_profile,UCalgary,UCalgary Profile,,https://profiles.ucalgary.ca/janice-eva-arlee-braun,Official institutional profile,https://profiles.ucalgary.ca/janice-eva-arlee-braun,official_source,10
mem_02e49536b8,research_profile,Scopus,Scopus Author Profile,57203734777,https://www.scopus.com/authid/detail.uri?authorId=57203734777,Scholarly identifier,https://profiles.ucalgary.ca/janice-eva-arlee-braun,matched_scopus_id,50
mem_02e49536b8,research_ecosystem,Research Lab,Lab site,,https://cumming.ucalgary.ca/labs/molecular-chaperones,Research lab,https://profiles.ucalgary.ca/janice-eva-arlee-braun,source_declared,100
mem_03c6777c7f,research_profile,UCalgary,UCalgary Profile,,https://cumming.ucalgary.ca/departments/bmb/profiles/dr-wayne-sr-chen,Official institutional profile,https://cumming.ucalgary.ca/departments/bmb/profiles/dr-wayne-sr-chen,official_source,10
mem_05362065f8,research_profile,UCalgary,UCalgary Profile,,https://profiles.ucalgary.ca/kristin-von-ranson,Official institutional profile,https://profiles.ucalgary.ca/kristin-von-ranson,official_source,10
mem_05362065f8,research_profile,Google Scholar,Google Scholar Profile,,https://scholar.google.ca/citations?hl=en&user=OieakZ4AAAAJ,Scholarly profile,https://profiles.ucalgary.ca/kristin-von-ranson,source_declared,20
mem_05362065f8,research_profile,ORCID,ORCID Profile,0000-0001-6023-7948,https://orcid.org/0000-0001-6023-7948,Scholarly identifier,https://profiles.ucalgary.ca/kristin-von-ranson,source_declared,30
mem_05362065f8,research_profile,ResearchGate,ResearchGate Profile,,https://www.researchgate.net/profile/Kristin_von_Ranson,Scholarly profile,https://profiles.ucalgary.ca/kristin-von-ranson,source_declared,40
mem_05362065f8,research_profile,Scopus,Scopus Author Profile,9240615500,https://www.scopus.com/authid/detail.uri?authorId=9240615500,Scholarly identifier,https://profiles.ucalgary.ca/kristin-von-ranson,matched_scopus_id,50
mem_05362065f8,research_ecosystem,Research Lab,Eating Behaviours Lab,,https://psyc.ucalgary.ca/eatinglab/,Research lab,https://profiles.ucalgary.ca/kristin-von-ranson,source_declared,100
mem_057ed15a6a,research_profile,UCalgary,UCalgary Profile,,https://profiles.ucalgary.ca/thomas-raedler,Official institutional profile,https://profiles.ucalgary.ca/thomas-raedler,official_source,10
mem_057ed15a6a,research_profile,Scopus,Scopus Author Profile,6602356091,https://www.scopus.com/authid/detail.uri?authorId=6602356091,Scholarly identifier,https://profiles.ucalgary.ca/thomas-raedler,matched_scopus_id,50
mem_05a8774842,research_profile,UCalgary,UCalgary Profile,,https://profiles.ucalgary.ca/jacqueline-smith-0,Official institutional profile,https://profiles.ucalgary.ca/jacqueline-smith-0,official_source,10
mem_05a8774842,research_profile,ORCID,ORCID Profile,0000-0003-1567-7391,https://orcid.org/0000-0003-1567-7391,Scholarly identifier,https://profiles.ucalgary.ca/jacqueline-smith-0,source_declared,30
mem_05a8774842,research_profile,Scopus,Scopus Author Profile,56426657800,https://www.scopus.com/authid/detail.uri?authorId=56426657800,Scholarly identifier,https://profiles.ucalgary.ca/jacqueline-smith-0,matched_scopus_id,50
mem_068c3d4ab0,research_profile,UCalgary,UCalgary Profile,,https://profiles.ucalgary.ca/yaoping-hu,Official institutional profile,https://profiles.ucalgary.ca/yaoping-hu,official_source,10
mem_068c3d4ab0,research_profile,Scopus,Scopus Author Profile,57201840458,https://www.scopus.com/authid/detail.uri?authorId=57201840458,Scholarly identifier,https://profiles.ucalgary.ca/yaoping-hu,matched_scopus_id,50
mem_068c3d4ab0,research_ecosystem,Website,Personal website,,https://ucalgary.ca/people/yaoping-hu/home,Associated website,https://profiles.ucalgary.ca/yaoping-hu,source_declared,100
mem_068c3d4ab0,research_ecosystem,Website,Personal website,,https://ucalgary.ca/people/yaoping-hu/publications,Associated website,https://profiles.ucalgary.ca/yaoping-hu,source_declared,100
mem_06b710915b,research_profile,UCalgary,UCalgary Profile,,https://profiles.ucalgary.ca/elizabeth-condliffe,Official institutional profile,https://profiles.ucalgary.ca/elizabeth-condliffe,official_source,10
mem_06b710915b,research_profile,Google Scholar,Google Scholar Profile,,https://scholar.google.ca/citations?user=3Iumqm8AAAAJ&hl=en&oi=ao,Scholarly profile,https://profiles.ucalgary.ca/elizabeth-condliffe,source_declared,20
mem_06b710915b,research_profile,Scopus,Scopus Author Profile,8530467100,https://www.scopus.com/authid/detail.uri?authorId=8530467100,Scholarly identifier,https://profiles.ucalgary.ca/elizabeth-condliffe,matched_scopus_id,50
mem_06b710915b,research_ecosystem,Research Network,RESTORE Network,,https://cumming.ucalgary.ca/research/restore/RESTORE_Network,Research network,https://profiles.ucalgary.ca/elizabeth-condliffe,source_declared,100
mem_077e050839,research_profile,UCalgary,UCalgary Profile,,https://profiles.ucalgary.ca/stephanie-vandenberg,Official institutional profile,https://profiles.ucalgary.ca/stephanie-vandenberg,official_source,10
mem_077e050839,research_profile,Google Scholar,Google Scholar Profile,,https://scholar.google.com/citations?user=plhUIM0AAAAJ&hl=en,Scholarly profile,https://profiles.ucalgary.ca/stephanie-vandenberg,source_declared,20
mem_085f530390,research_profile,UCalgary,UCalgary Profile,,https://profiles.ucalgary.ca/jaideep-bains,Official institutional profile,https://profiles.ucalgary.ca/jaideep-bains,official_source,10
mem_085f530390,research_profile,Scopus,Scopus Author Profile,35548678500,https://www.scopus.com/authid/detail.uri?authorId=35548678500,Scholarly identifier,https://profiles.ucalgary.ca/jaideep-bains,matched_scopus_id,50
mem_085f530390,research_ecosystem,Website,Website,,https://stressynomics.com/,Associated website,https://profiles.ucalgary.ca/jaideep-bains,source_declared,100
mem_087ae95126,research_profile,UCalgary,UCalgary Profile,,https://profiles.ucalgary.ca/derya-sargin,Official institutional profile,https://profiles.ucalgary.ca/derya-sargin,official_source,10
mem_087ae95126,research_profile,Scopus,Scopus Author Profile,23061767800,https://www.scopus.com/authid/detail.uri?authorId=23061767800,Scholarly identifier,https://profiles.ucalgary.ca/derya-sargin,matched_scopus_id,50
mem_087ae95126,research_profile,PubMed,PubMed Author Search,,https://www.ncbi.nlm.nih.gov/pubmed?term=Sargin%2C%20Derya%5BAuthor%5D,Publication index,https://profiles.ucalgary.ca/derya-sargin,source_declared,60
mem_087ae95126,research_ecosystem,Research Lab,Lab website,,https://sarginlab.com/,Research lab,https://profiles.ucalgary.ca/derya-sargin,source_declared,100
mem_092b07aeb6,research_profile,UCalgary,UCalgary Profile,,https://profiles.ucalgary.ca/lian-willetts,Official institutional profile,https://profiles.ucalgary.ca/lian-willetts,official_source,10
mem_092b07aeb6,research_profile,PubMed,PubMed Author Search,,https://pubmed.ncbi.nlm.nih.gov/?term=lian+willetts,Publication index,https://profiles.ucalgary.ca/lian-willetts,source_declared,60
mem_0aa82264fe,research_profile,UCalgary,UCalgary Profile,,https://profiles.ucalgary.ca/araba-chintoh,Official institutional profile,https://profiles.ucalgary.ca/araba-chintoh,official_source,10
mem_0aa82264fe,research_profile,Scopus,Scopus Author Profile,6507103731,https://www.scopus.com/authid/detail.uri?authorId=6507103731,Scholarly identifier,https://profiles.ucalgary.ca/araba-chintoh,matched_scopus_id,50
mem_0b284f6c80,research_profile,UCalgary,UCalgary Profile,,https://profiles.ucalgary.ca/robert-james-sevick,Official institutional profile,https://profiles.ucalgary.ca/robert-james-sevick,official_source,10
mem_0b284f6c80,research_profile,Scopus,Scopus Author Profile,7003835459,https://www.scopus.com/authid/detail.uri?authorId=7003835459,Scholarly identifier,https://profiles.ucalgary.ca/robert-james-sevick,matched_scopus_id,50
mem_0b284f6c80,research_ecosystem,Website,Department of Radiology website,,https://cumming.ucalgary.ca/departments/radiology,Associated website,https://profiles.ucalgary.ca/robert-james-sevick,source_declared,100
mem_0ba27398f2,research_profile,UCalgary,UCalgary Profile,,https://profiles.ucalgary.ca/richelle-mychasiuk,Official institutional profile,https://profiles.ucalgary.ca/richelle-mychasiuk,official_source,10
mem_0ba27398f2,research_profile,Scopus,Scopus Author Profile,25947635100,https://www.scopus.com/authid/detail.uri?authorId=25947635100,Scholarly identifier,https://profiles.ucalgary.ca/richelle-mychasiuk,matched_scopus_id,50
mem_0ba27398f2,research_ecosystem,Website,Website,,https://research.monash.edu/en/persons/richelle-mychasiuk,Associated website,https://profiles.ucalgary.ca/richelle-mychasiuk,source_declared,100
mem_0ba6f2386f,research_profile,UCalgary,UCalgary Profile,,https://profiles.ucalgary.ca/brian-brooks,Official institutional profile,https://profiles.ucalgary.ca/brian-brooks,official_source,10
mem_0ba6f2386f,research_profile,Scopus,Scopus Author Profile,9277129000,https://www.scopus.com/authid/detail.uri?authorId=9277129000,Scholarly identifier,https://profiles.ucalgary.ca/brian-brooks,matched_scopus_id,50
mem_0bae7d82da,research_profile,UCalgary,UCalgary Profile,,https://profiles.ucalgary.ca/jeffrey-biernaskie,Official institutional profile,https://profiles.ucalgary.ca/jeffrey-biernaskie,official_source,10
mem_0bae7d82da,research_profile,Google Scholar,Google Scholar Profile,,https://scholar.google.com/citations?user=LtruRVkAAAAJ&hl=en&oi=ao,Scholarly profile,https://profiles.ucalgary.ca/jeffrey-biernaskie,source_declared,20
mem_0bae7d82da,research_profile,Scopus,Scopus Author Profile,6603131361,https://www.scopus.com/authid/detail.uri?authorId=6603131361,Scholarly identifier,https://profiles.ucalgary.ca/jeffrey-biernaskie,matched_scopus_id,50
mem_0bae7d82da,research_profile,PubMed,PubMed Author Search,,https://pubmed.ncbi.nlm.nih.gov/?term=biernaskie+NOT+Biernaskie%2CJM&sort=date,Publication index,https://profiles.ucalgary.ca/jeffrey-biernaskie,source_declared,60
mem_0bae7d82da,research_profile,PubMed,PubMed Author Search,,https://pubmed.ncbi.nlm.nih.gov/?term=biernaskie-j+not+jm&sort=date,Publication index,https://profiles.ucalgary.ca/jeffrey-biernaskie,source_declared,60
mem_0bae7d82da,research_ecosystem,Research Lab,Biernaskie Laboratory Website,,https://vet.ucalgary.ca/labs/biernaskie/home,Research lab,https://profiles.ucalgary.ca/jeffrey-biernaskie,source_declared,100
mem_0be3586361,research_profile,UCalgary,UCalgary Profile,,https://profiles.ucalgary.ca/gerald-giesbrecht,Official institutional profile,https://profiles.ucalgary.ca/gerald-giesbrecht,official_source,10
mem_0be3586361,research_profile,Google Scholar,Google Scholar Profile,,https://scholar.google.ca/citations?user=BKpnk5kAAAAJ&hl=en,Scholarly profile,https://profiles.ucalgary.ca/gerald-giesbrecht,source_declared,20
mem_0be3586361,research_profile,ResearchGate,ResearchGate Profile,,https://www.researchgate.net/profile/Gerald-Giesbrecht,Scholarly profile,https://profiles.ucalgary.ca/gerald-giesbrecht,source_declared,40
mem_0be3586361,research_profile,Scopus,Scopus Author Profile,57202566714,https://www.scopus.com/authid/detail.uri?authorId=57202566714,Scholarly identifier,https://profiles.ucalgary.ca/gerald-giesbrecht,matched_scopus_id,50
mem_0be3586361,research_profile,PubMed,PubMed Author Search,,https://pubmed.ncbi.nlm.nih.gov/?term=Giesbrecht+GF%5BAuthor%5D&sort=,Publication index,https://profiles.ucalgary.ca/gerald-giesbrecht,source_declared,60
mem_0be3586361,research_ecosystem,Research Lab,Developmental Psychobiology Lab,,https://ucalgary.ca/devpsychlab/,Research lab,https://profiles.ucalgary.ca/gerald-giesbrecht,source_declared,100
mem_0dc9704372,research_profile,UCalgary,UCalgary Profile,,https://profiles.ucalgary.ca/emily-wang-0,Official institutional profile,https://profiles.ucalgary.ca/emily-wang-0,official_source,10
mem_0dc9704372,research_profile,Scopus,Scopus Author Profile,57201690366,https://www.scopus.com/authid/detail.uri?authorId=57201690366,Scholarly identifier,https://profiles.ucalgary.ca/emily-wang-0,matched_scopus_id,50
mem_0f24dba938,research_profile,UCalgary,UCalgary Profile,,https://profiles.ucalgary.ca/melanie-noel,Official institutional profile,https://profiles.ucalgary.ca/melanie-noel,official_source,10
mem_0f24dba938,research_profile,Scopus,Scopus Author Profile,26536400600,https://www.scopus.com/authid/detail.uri?authorId=26536400600,Scholarly identifier,https://profiles.ucalgary.ca/melanie-noel,matched_scopus_id,50
mem_0f24dba938,research_ecosystem,Research Lab,Lab Website,,https://www.peakresearchlab.com,Research lab,https://profiles.ucalgary.ca/melanie-noel,source_declared,100
mem_0f73a389b6,research_profile,UCalgary,UCalgary Profile,,https://profiles.ucalgary.ca/andrew-demchuk,Official institutional profile,https://profiles.ucalgary.ca/andrew-demchuk,official_source,10
mem_0f73a389b6,research_profile,Scopus,Scopus Author Profile,7006058585,https://www.scopus.com/authid/detail.uri?authorId=7006058585,Scholarly identifier,https://profiles.ucalgary.ca/andrew-demchuk,matched_scopus_id,50
mem_0f73a389b6,research_ecosystem,Website,Website,,https://www.escapetrial.org/,Associated website,https://profiles.ucalgary.ca/andrew-demchuk,source_declared,100
mem_0f847603bd,research_profile,UCalgary,UCalgary Profile,,https://profiles.ucalgary.ca/patrick-whelan,Official institutional profile,https://profiles.ucalgary.ca/patrick-whelan,official_source,10
mem_0f847603bd,research_profile,Google Scholar,Google Scholar Profile,,https://scholar.google.com/citations?user=0p4Ozx4AAAAJ&hl=en&authuser=1,Scholarly profile,https://profiles.ucalgary.ca/patrick-whelan,source_declared,20
mem_0f847603bd,research_profile,Scopus,Scopus Author Profile,35518985600,https://www.scopus.com/authid/detail.uri?authorId=35518985600,Scholarly identifier,https://profiles.ucalgary.ca/patrick-whelan,matched_scopus_id,50
mem_0f847603bd,research_ecosystem,Research Lab,Lab,,https://vet.ucalgary.ca/labs/whelan/home,Research lab,https://profiles.ucalgary.ca/patrick-whelan,source_declared,100
mem_105244bf73,research_profile,UCalgary,UCalgary Profile,,https://profiles.ucalgary.ca/john-duncan-mclennan,Official institutional profile,https://profiles.ucalgary.ca/john-duncan-mclennan,official_source,10
mem_105244bf73,research_profile,Google Scholar,Google Scholar Profile,,https://scholar.google.com/citations?hl=en&user=dyAXKbgAAAAJ,Scholarly profile,https://profiles.ucalgary.ca/john-duncan-mclennan,source_declared,20
mem_105244bf73,research_profile,Scopus,Scopus Author Profile,7006025134,https://www.scopus.com/authid/detail.uri?authorId=7006025134,Scholarly identifier,https://profiles.ucalgary.ca/john-duncan-mclennan,matched_scopus_id,50
mem_105244bf73,research_profile,PubMed,PubMed Author Search,,https://pubmed.ncbi.nlm.nih.gov/?cmd=Search&term=John%20McLennan,Publication index,https://profiles.ucalgary.ca/john-duncan-mclennan,source_declared,60
mem_11c6e6d0a9,research_profile,UCalgary,UCalgary Profile,,https://profiles.ucalgary.ca/douglas-william-zochodne,Official institutional profile,https://profiles.ucalgary.ca/douglas-william-zochodne,official_source,10
mem_126415dca2,research_profile,UCalgary,UCalgary Profile,,https://profiles.ucalgary.ca/bradley-gordon-goodyear,Official institutional profile,https://profiles.ucalgary.ca/bradley-gordon-goodyear,official_source,10
mem_126415dca2,research_profile,Scopus,Scopus Author Profile,6603591435,https://www.scopus.com/authid/detail.uri?authorId=6603591435,Scholarly identifier,https://profiles.ucalgary.ca/bradley-gordon-goodyear,matched_scopus_id,50
mem_126415dca2,research_ecosystem,Website,Website,,https://www.mrcentre.ca/,Associated website,https://profiles.ucalgary.ca/bradley-gordon-goodyear,source_declared,100
mem_126bc39f5f,research_profile,UCalgary,UCalgary Profile,,https://profiles.ucalgary.ca/andreas-wissmann,Official institutional profile,https://profiles.ucalgary.ca/andreas-wissmann,official_source,10
mem_126bc39f5f,research_profile,Scopus,Scopus Author Profile,6602825115,https://www.scopus.com/authid/detail.uri?authorId=6602825115,Scholarly identifier,https://profiles.ucalgary.ca/andreas-wissmann,matched_scopus_id,50
mem_126bc39f5f,research_ecosystem,Website,Company website,,https://fuelbiomed.com/,Associated website,https://profiles.ucalgary.ca/andreas-wissmann,source_declared,100
mem_12cfcd78b8,research_profile,UCalgary,UCalgary Profile,,https://profiles.ucalgary.ca/chantel-debert,Official institutional profile,https://profiles.ucalgary.ca/chantel-debert,official_source,10
mem_12cfcd78b8,research_profile,Google Scholar,Google Scholar Profile,,https://scholar.google.com/citations?user=-HXXh0YAAAAJ&hl=en,Scholarly profile,https://profiles.ucalgary.ca/chantel-debert,source_declared,20
mem_12cfcd78b8,research_profile,Scopus,Scopus Author Profile,6506511421,https://www.scopus.com/authid/detail.uri?authorId=6506511421,Scholarly identifier,https://profiles.ucalgary.ca/chantel-debert,matched_scopus_id,50
mem_12cfcd78b8,research_profile,PubMed,PubMed Author Search,,https://pubmed.ncbi.nlm.nih.gov/?term=Debert+C&sort=date,Publication index,https://profiles.ucalgary.ca/chantel-debert,source_declared,60
mem_12cfcd78b8,research_ecosystem,Research Lab,Brain Neurorehabilitation laboratory,,https://cumming.ucalgary.ca/lab/bnr/home,Research lab,https://profiles.ucalgary.ca/chantel-debert,source_declared,100
mem_1365f1b099,research_profile,UCalgary,UCalgary Profile,,https://profiles.ucalgary.ca/william-davenport,Official institutional profile,https://profiles.ucalgary.ca/william-davenport,official_source,10
mem_14c5161155,research_profile,UCalgary,UCalgary Profile,,https://profiles.ucalgary.ca/wilten-nicola,Official institutional profile,https://profiles.ucalgary.ca/wilten-nicola,official_source,10
mem_14c5161155,research_profile,Scopus,Scopus Author Profile,54409314100,https://www.scopus.com/authid/detail.uri?authorId=54409314100,Scholarly identifier,https://profiles.ucalgary.ca/wilten-nicola,matched_scopus_id,50
mem_14f73a10d6,research_profile,UCalgary,UCalgary Profile,,https://www.ucalgary.ca/integrated-concussion-research-program/amanda-black,Official institutional profile,https://www.ucalgary.ca/integrated-concussion-research-program/amanda-black,official_source,10
mem_14f73a10d6,research_profile,Scopus,Scopus Author Profile,56822997800,https://www.scopus.com/authid/detail.uri?authorId=56822997800,Scholarly identifier,https://www.ucalgary.ca/integrated-concussion-research-program/amanda-black,matched_scopus_id,50
mem_1715d89fe0,research_profile,UCalgary,UCalgary Profile,,https://profiles.ucalgary.ca/mohammed-almekhlafi,Official institutional profile,https://profiles.ucalgary.ca/mohammed-almekhlafi,official_source,10
mem_1715d89fe0,research_profile,ResearchGate,ResearchGate Profile,,https://www.researchgate.net/profile/Mohammed_Almekhlafi,Scholarly profile,https://profiles.ucalgary.ca/mohammed-almekhlafi,source_declared,40
mem_1715d89fe0,research_profile,Scopus,Scopus Author Profile,20336972000,https://www.scopus.com/authid/detail.uri?authorId=20336972000,Scholarly identifier,https://profiles.ucalgary.ca/mohammed-almekhlafi,matched_scopus_id,50
mem_1a2035eb16,research_profile,UCalgary,UCalgary Profile,,https://profiles.ucalgary.ca/karl-klein,Official institutional profile,https://profiles.ucalgary.ca/karl-klein,official_source,10
mem_1a2035eb16,research_profile,ORCID,ORCID Profile,0000-0002-6654-1665,https://orcid.org/0000-0002-6654-1665,Scholarly identifier,https://profiles.ucalgary.ca/karl-klein,source_declared,30
mem_1a2035eb16,research_profile,Scopus,Scopus Author Profile,8045010800,https://www.scopus.com/authid/detail.uri?authorId=8045010800,Scholarly identifier,https://profiles.ucalgary.ca/karl-klein,matched_scopus_id,50
mem_1a2035eb16,research_profile,PubMed,PubMed Author Search,,https://pubmed.ncbi.nlm.nih.gov/?term=karl+martin+klein&sort=date&size=200,Publication index,https://profiles.ucalgary.ca/karl-klein,source_declared,60
mem_1a2035eb16,research_ecosystem,Research Institute,Alberta Children's Hospital Research Institute,,https://research4kids.ucalgary.ca/,Research institute,https://profiles.ucalgary.ca/karl-klein,source_declared,100
mem_1a8581bdce,research_profile,UCalgary,UCalgary Profile,,https://profiles.ucalgary.ca/jiami-guo,Official institutional profile,https://profiles.ucalgary.ca/jiami-guo,official_source,10
mem_1a8581bdce,research_profile,Google Scholar,Google Scholar Profile,,https://scholar.google.ca/citations?view_op=list_works&hl=en&user=Ojk1QIUAAAAJ,Scholarly profile,https://profiles.ucalgary.ca/jiami-guo,source_declared,20
mem_1a8581bdce,research_profile,Google Scholar,Google Scholar Profile,,https://scholar.google.ca/citations?hl=en&user=Ojk1QIUAAAAJ&view_op=list_works&sortby=pubdate,Scholarly profile,https://profiles.ucalgary.ca/jiami-guo,source_declared,20
mem_1ae867ffe5,research_profile,UCalgary,UCalgary Profile,,https://profiles.ucalgary.ca/brittany-martin,Official institutional profile,https://profiles.ucalgary.ca/brittany-martin,official_source,10
mem_1ae867ffe5,research_profile,Scopus,Scopus Author Profile,55453140100,https://www.scopus.com/authid/detail.uri?authorId=55453140100,Scholarly identifier,https://profiles.ucalgary.ca/brittany-martin,matched_scopus_id,50
mem_1d2325ddda,research_profile,UCalgary,UCalgary Profile,,https://profiles.ucalgary.ca/christopher-white,Official institutional profile,https://profiles.ucalgary.ca/christopher-white,official_source,10
mem_1d2325ddda,research_profile,Scopus,Scopus Author Profile,55628532146,https://www.scopus.com/authid/detail.uri?authorId=55628532146,Scholarly identifier,https://profiles.ucalgary.ca/christopher-white,matched_scopus_id,50
mem_1da9136136,research_profile,UCalgary,UCalgary Profile,,https://profiles.ucalgary.ca/oury-monchi,Official institutional profile,https://profiles.ucalgary.ca/oury-monchi,official_source,10
mem_1da9136136,research_profile,Scopus,Scopus Author Profile,6507045792,https://www.scopus.com/authid/detail.uri?authorId=6507045792,Scholarly identifier,https://profiles.ucalgary.ca/oury-monchi,matched_scopus_id,50
mem_1da9136136,research_ecosystem,Research Lab,PCAN Lab,,https://www.pcanlab.ca/,Research lab,https://profiles.ucalgary.ca/oury-monchi,source_declared,100
mem_21015a8f8f,research_profile,UCalgary,UCalgary Profile,,https://profiles.ucalgary.ca/jong-rho,Official institutional profile,https://profiles.ucalgary.ca/jong-rho,official_source,10
mem_21acc57639,research_profile,UCalgary,UCalgary Profile,,https://profiles.ucalgary.ca/nancy-patricia-diane-brager,Official institutional profile,https://profiles.ucalgary.ca/nancy-patricia-diane-brager,official_source,10
mem_21acc57639,research_profile,Scopus,Scopus Author Profile,7801565010,https://www.scopus.com/authid/detail.uri?authorId=7801565010,Scholarly identifier,https://profiles.ucalgary.ca/nancy-patricia-diane-brager,matched_scopus_id,50
mem_21e7f187f5,research_profile,UCalgary,UCalgary Profile,,https://profiles.ucalgary.ca/jeffrey-joseph-0,Official institutional profile,https://profiles.ucalgary.ca/jeffrey-joseph-0,official_source,10
mem_21e7f187f5,research_profile,Scopus,Scopus Author Profile,57220987716,https://www.scopus.com/authid/detail.uri?authorId=57220987716,Scholarly identifier,https://profiles.ucalgary.ca/jeffrey-joseph-0,matched_scopus_id,50
mem_22a4e04503,research_ecosystem,Research Lab,P.A.I.N.S Lab,,https://www.painslab.ca/,Research lab,https://painslab.ca/publications/,source_declared_verified,10
mem_22a4e04503,research_profile,UCalgary,UCalgary Profile,,https://profiles.ucalgary.ca/jillian-miller,Official institutional profile,https://profiles.ucalgary.ca/jillian-miller,official_source,10
mem_22a4e04503,research_ecosystem,Research Lab,Lab Website,,https://painslab.ca,Research lab,https://profiles.ucalgary.ca/jillian-miller,source_declared,100
mem_22a4e04503,research_ecosystem,Research Lab,Lab Website,,https://painslab.ca/publications/,Research lab,https://profiles.ucalgary.ca/jillian-miller,source_declared,100
mem_233f37a4ef,research_profile,UCalgary,UCalgary Profile,,https://profiles.ucalgary.ca/ashley-harris,Official institutional profile,https://profiles.ucalgary.ca/ashley-harris,official_source,10
mem_233f37a4ef,research_profile,Google Scholar,Google Scholar Profile,,https://scholar.google.ca/citations?user=_J2cHNgAAAAJ&hl=en&oi=ao,Scholarly profile,https://profiles.ucalgary.ca/ashley-harris,source_declared,20
mem_233f37a4ef,research_profile,Scopus,Scopus Author Profile,7404039960,https://www.scopus.com/authid/detail.uri?authorId=7404039960,Scholarly identifier,https://profiles.ucalgary.ca/ashley-harris,matched_scopus_id,50
mem_233f37a4ef,research_ecosystem,Research Lab,Laboratory website,,https://cumming.ucalgary.ca/labs/harris-imaging/home,Research lab,https://profiles.ucalgary.ca/ashley-harris,source_declared,100
mem_2434ffebd2,research_profile,UCalgary,UCalgary Profile,,https://profiles.ucalgary.ca/kirsten-bobawsky,Official institutional profile,https://profiles.ucalgary.ca/kirsten-bobawsky,official_source,10
mem_2434ffebd2,research_profile,Google Scholar,Google Scholar Profile,,https://scholar.google.com/citations?user=py3czMwAAAAJ,Scholarly profile,https://profiles.ucalgary.ca/kirsten-bobawsky,source_declared,20
mem_2434ffebd2,research_profile,Scopus,Scopus Author Profile,36674960900,https://www.scopus.com/authid/detail.uri?authorId=36674960900,Scholarly identifier,https://profiles.ucalgary.ca/kirsten-bobawsky,matched_scopus_id,50
mem_2434ffebd2,research_profile,PubMed,PubMed Author Search,,https://pubmed.ncbi.nlm.nih.gov/?term=fiest+k&sort=date,Publication index,https://profiles.ucalgary.ca/kirsten-bobawsky,source_declared,60
mem_2434ffebd2,research_ecosystem,Research Institute,O'Brien Institute of Public Health,,https://obrieniph.ucalgary.ca/,Research institute,https://profiles.ucalgary.ca/kirsten-bobawsky,source_declared,100
mem_2434ffebd2,research_ecosystem,Research Institute,The Hotchkiss Brain Institute,,https://hbi.ucalgary.ca/profiles/dr-kirsten-fiest,Research institute,https://profiles.ucalgary.ca/kirsten-bobawsky,source_declared,100
mem_2561dcafb5,research_profile,UCalgary,UCalgary Profile,,https://profiles.ucalgary.ca/darren-derksen,Official institutional profile,https://profiles.ucalgary.ca/darren-derksen,official_source,10
mem_2561dcafb5,research_profile,Google Scholar,Google Scholar Profile,,https://scholar.google.com/citations?user=47KrPD0AAAAJ&hl=en,Scholarly profile,https://profiles.ucalgary.ca/darren-derksen,source_declared,20
mem_2561dcafb5,research_profile,Scopus,Scopus Author Profile,7005722963,https://www.scopus.com/authid/detail.uri?authorId=7005722963,Scholarly identifier,https://profiles.ucalgary.ca/darren-derksen,matched_scopus_id,50
mem_2561dcafb5,research_profile,PubMed,PubMed Author Search,,https://www.ncbi.nlm.nih.gov/pubmed?term=%28Derksen%20DJ%29%20AND%20chemistry,Publication index,https://profiles.ucalgary.ca/darren-derksen,source_declared,60
mem_2561dcafb5,research_ecosystem,Research Group,Derksen Research Group,,https://www.derksenresearchgroup.com/,Research group,https://profiles.ucalgary.ca/darren-derksen,source_declared,100
mem_27ca2caae0,research_profile,UCalgary,UCalgary Profile,,https://profiles.ucalgary.ca/mark-colijn,Official institutional profile,https://profiles.ucalgary.ca/mark-colijn,official_source,10
mem_27ca2caae0,research_profile,Scopus,Scopus Author Profile,36522536500,https://www.scopus.com/authid/detail.uri?authorId=36522536500,Scholarly identifier,https://profiles.ucalgary.ca/mark-colijn,matched_scopus_id,50
mem_27ca2caae0,research_profile,PubMed,PubMed Author Search,,https://pubmed.ncbi.nlm.nih.gov/?term=Colijn+m&sort=date&size=100,Publication index,https://profiles.ucalgary.ca/mark-colijn,source_declared,60
mem_28292f693f,research_profile,UCalgary,UCalgary Profile,,https://profiles.ucalgary.ca/melanie-rock,Official institutional profile,https://profiles.ucalgary.ca/melanie-rock,official_source,10
mem_28292f693f,research_profile,Google Scholar,Google Scholar Profile,,https://scholar.google.ca/citations?user=fzcE4ScAAAAJ&hl=en,Scholarly profile,https://profiles.ucalgary.ca/melanie-rock,source_declared,20
mem_28292f693f,research_profile,Scopus,Scopus Author Profile,8944311000,https://www.scopus.com/authid/detail.uri?authorId=8944311000,Scholarly identifier,https://profiles.ucalgary.ca/melanie-rock,matched_scopus_id,50
mem_285408d323,research_profile,UCalgary,UCalgary Profile,,https://profiles.ucalgary.ca/leah-mayo,Official institutional profile,https://profiles.ucalgary.ca/leah-mayo,official_source,10
mem_285408d323,research_profile,Google Scholar,Google Scholar Profile,,https://scholar.google.com/citations?user=gMbgjvMAAAAJ&hl=en,Scholarly profile,https://profiles.ucalgary.ca/leah-mayo,source_declared,20
mem_285408d323,research_profile,Scopus,Scopus Author Profile,37034418400,https://www.scopus.com/authid/detail.uri?authorId=37034418400,Scholarly identifier,https://profiles.ucalgary.ca/leah-mayo,matched_scopus_id,50
mem_28a1b9d70f,research_profile,UCalgary,UCalgary Profile,,https://profiles.ucalgary.ca/clare-gallagher,Official institutional profile,https://profiles.ucalgary.ca/clare-gallagher,official_source,10
mem_28a1b9d70f,research_profile,Scopus,Scopus Author Profile,7103117128,https://www.scopus.com/authid/detail.uri?authorId=7103117128,Scholarly identifier,https://profiles.ucalgary.ca/clare-gallagher,matched_scopus_id,50
mem_29212b7883,research_profile,UCalgary,UCalgary Profile,,https://profiles.ucalgary.ca/alim-mitha,Official institutional profile,https://profiles.ucalgary.ca/alim-mitha,official_source,10
mem_29212b7883,research_profile,Scopus,Scopus Author Profile,7003849790,https://www.scopus.com/authid/detail.uri?authorId=7003849790,Scholarly identifier,https://profiles.ucalgary.ca/alim-mitha,matched_scopus_id,50
mem_2a3fddd6a7,research_profile,UCalgary,UCalgary Profile,,https://profiles.ucalgary.ca/jean-kit-wah-mah-0,Official institutional profile,https://profiles.ucalgary.ca/jean-kit-wah-mah-0,official_source,10
mem_2a3fddd6a7,research_profile,Scopus,Scopus Author Profile,57221282473,https://www.scopus.com/authid/detail.uri?authorId=57221282473,Scholarly identifier,https://profiles.ucalgary.ca/jean-kit-wah-mah-0,matched_scopus_id,50
mem_2b62d32b15,research_profile,UCalgary,UCalgary Profile,,https://profiles.ucalgary.ca/george-francis,Official institutional profile,https://profiles.ucalgary.ca/george-francis,official_source,10
mem_2b62d32b15,research_profile,Scopus,Scopus Author Profile,35313308100,https://www.scopus.com/authid/detail.uri?authorId=35313308100,Scholarly identifier,https://profiles.ucalgary.ca/george-francis,matched_scopus_id,50
mem_2b973efd83,research_profile,UCalgary,UCalgary Profile,,https://profiles.ucalgary.ca/richard-dyck,Official institutional profile,https://profiles.ucalgary.ca/richard-dyck,official_source,10
mem_2b973efd83,research_profile,Google Scholar,Google Scholar Profile,,https://scholar.google.ca/citations?hl=en&view_op=list_works&gmla=AJsN-F4RZwyyeoZ0glcL5_JzTbhnLAmt0WxnR3VkCEGCq6H8fA9z_0JyxBEF6QVPDNiZOvqPL50BjX_tI08uK3SEOzlokZXMqQ&user=AeFmM58AAAAJ,Scholarly profile,https://profiles.ucalgary.ca/richard-dyck,source_declared,20
mem_2b973efd83,research_profile,Scopus,Scopus Author Profile,7006312250,https://www.scopus.com/authid/detail.uri?authorId=7006312250,Scholarly identifier,https://profiles.ucalgary.ca/richard-dyck,matched_scopus_id,50
mem_2b973efd83,research_profile,PubMed,PubMed Author Search,,https://www.ncbi.nlm.nih.gov/pubmed?cmd=DetailsSearch&term=Richard+H+Dyck&save_search=true,Publication index,https://profiles.ucalgary.ca/richard-dyck,source_declared,60
mem_2b973efd83,research_profile,PubMed,PubMed Author Search,,https://pubmed.ncbi.nlm.nih.gov/?term=Dyck+Richard+OR+Dyck+RH+NOT+van+Dyck&sort=pubdate&size=200,Publication index,https://profiles.ucalgary.ca/richard-dyck,source_declared,60
mem_2bd0db628a,research_profile,UCalgary,UCalgary Profile,,https://profiles.ucalgary.ca/kathleen-chaput,Official institutional profile,https://profiles.ucalgary.ca/kathleen-chaput,official_source,10
mem_2bd0db628a,research_profile,Scopus,Scopus Author Profile,36522421100,https://www.scopus.com/authid/detail.uri?authorId=36522421100,Scholarly identifier,https://profiles.ucalgary.ca/kathleen-chaput,matched_scopus_id,50
mem_2cc369c2c7,research_profile,UCalgary,UCalgary Profile,,https://profiles.ucalgary.ca/julia-hews-girard,Official institutional profile,https://profiles.ucalgary.ca/julia-hews-girard,official_source,10
mem_2fc1b1d132,research_profile,UCalgary,UCalgary Profile,,https://profiles.ucalgary.ca/chester-ho,Official institutional profile,https://profiles.ucalgary.ca/chester-ho,official_source,10
mem_2fc1b1d132,research_profile,Scopus,Scopus Author Profile,58194258100,https://www.scopus.com/authid/detail.uri?authorId=58194258100,Scholarly identifier,https://profiles.ucalgary.ca/chester-ho,matched_scopus_id,50
mem_3146e74c2b,research_profile,UCalgary,UCalgary Profile,,https://profiles.ucalgary.ca/paolo-federico,Official institutional profile,https://profiles.ucalgary.ca/paolo-federico,official_source,10
mem_3146e74c2b,research_profile,Scopus,Scopus Author Profile,7006431791,https://www.scopus.com/authid/detail.uri?authorId=7006431791,Scholarly identifier,https://profiles.ucalgary.ca/paolo-federico,matched_scopus_id,50
mem_3146e74c2b,research_ecosystem,Website,Website,,https://cumming.ucalgary.ca/labs/federico-epilepsy-neuroimaging/federico-lab,Associated website,https://profiles.ucalgary.ca/paolo-federico,source_declared,100
mem_32d283f76b,research_profile,UCalgary,UCalgary Profile,,https://profiles.ucalgary.ca/jos-jan-eggermont,Official institutional profile,https://profiles.ucalgary.ca/jos-jan-eggermont,official_source,10
mem_32d283f76b,research_profile,Google Scholar,Google Scholar Profile,,https://scholar.google.ca/citations?user=eggermontjj,Scholarly profile,https://profiles.ucalgary.ca/jos-jan-eggermont,source_declared,20
mem_32edff8f29,research_profile,UCalgary,UCalgary Profile,,https://profiles.ucalgary.ca/diwakar-krishnamurthy,Official institutional profile,https://profiles.ucalgary.ca/diwakar-krishnamurthy,official_source,10
mem_32edff8f29,research_profile,Google Scholar,Google Scholar Profile,,https://scholar.google.ca/citations?user=fCELwX0AAAAJ&hl=en,Scholarly profile,https://profiles.ucalgary.ca/diwakar-krishnamurthy,source_declared,20
mem_32edff8f29,research_ecosystem,Website,Academic website,,https://etherealresearch.ca,Associated website,https://profiles.ucalgary.ca/diwakar-krishnamurthy,source_declared,100
mem_32fb421d6b,research_profile,UCalgary,UCalgary Profile,,https://profiles.ucalgary.ca/samuel-pichardo,Official institutional profile,https://profiles.ucalgary.ca/samuel-pichardo,official_source,10
mem_32fb421d6b,research_profile,Scopus,Scopus Author Profile,7801638785,https://www.scopus.com/authid/detail.uri?authorId=7801638785,Scholarly identifier,https://profiles.ucalgary.ca/samuel-pichardo,matched_scopus_id,50
mem_32fb421d6b,research_ecosystem,Website,Website,,https://www.proteus-mrighifu.net/,Associated website,https://profiles.ucalgary.ca/samuel-pichardo,source_declared,100
mem_338f9f338e,research_profile,UCalgary,UCalgary Profile,,https://profiles.ucalgary.ca/kara-murias,Official institutional profile,https://profiles.ucalgary.ca/kara-murias,official_source,10
mem_338f9f338e,research_profile,Google Scholar,Google Scholar Profile,,https://scholar.google.com/citations?hl=en&view_op=list_works&authuser=1&gmla=AJsN-F5RSNF7WVv96DEIGYLlAYeqGF5C7UEy5tZF8kwZQePZ0-ZLLCPy8_oI6Rre52mPVlmHN48DZIM566hMDHJFjBaN9WhiuQ&user=QSJMMpUAAAAJ,Scholarly profile,https://profiles.ucalgary.ca/kara-murias,source_declared,20
mem_338f9f338e,research_profile,Scopus,Scopus Author Profile,56099926500,https://www.scopus.com/authid/detail.uri?authorId=56099926500,Scholarly identifier,https://profiles.ucalgary.ca/kara-murias,matched_scopus_id,50
mem_338f9f338e,research_ecosystem,Website,Child Development Research website,,https://www.childdevelopmentresearch.ca/,Associated website,https://profiles.ucalgary.ca/kara-murias,source_declared,100
mem_33d5559424,research_profile,UCalgary,UCalgary Profile,,https://profiles.ucalgary.ca/tamara-bodnar,Official institutional profile,https://profiles.ucalgary.ca/tamara-bodnar,official_source,10
mem_33d5559424,research_profile,Google Scholar,Google Scholar Profile,,https://scholar.google.ca/citations?hl=en&user=VhnHYgMAAAAJ&view_op=list_works&sortby=pubdate,Scholarly profile,https://profiles.ucalgary.ca/tamara-bodnar,source_declared,20
mem_33d5559424,research_profile,Scopus,Scopus Author Profile,55808264300,https://www.scopus.com/authid/detail.uri?authorId=55808264300,Scholarly identifier,https://profiles.ucalgary.ca/tamara-bodnar,matched_scopus_id,50
mem_3453676d84,research_profile,UCalgary,UCalgary Profile,,https://profiles.ucalgary.ca/hedwich-kuipers,Official institutional profile,https://profiles.ucalgary.ca/hedwich-kuipers,official_source,10
mem_3453676d84,research_profile,Google Scholar,Google Scholar Profile,,https://scholar.google.com/citations?hl=en&user=hA9er_cAAAAJ&view_op=list_works&sortby=pubdate,Scholarly profile,https://profiles.ucalgary.ca/hedwich-kuipers,source_declared,20
mem_3453676d84,research_profile,Scopus,Scopus Author Profile,7004477519,https://www.scopus.com/authid/detail.uri?authorId=7004477519,Scholarly identifier,https://profiles.ucalgary.ca/hedwich-kuipers,matched_scopus_id,50
mem_35a08188c0,research_profile,UCalgary,UCalgary Profile,,https://profiles.ucalgary.ca/sarah-mcfarlane,Official institutional profile,https://profiles.ucalgary.ca/sarah-mcfarlane,official_source,10
mem_35a08188c0,research_profile,Scopus,Scopus Author Profile,7005877771,https://www.scopus.com/authid/detail.uri?authorId=7005877771,Scholarly identifier,https://profiles.ucalgary.ca/sarah-mcfarlane,matched_scopus_id,50
mem_35a08188c0,research_profile,PubMed,PubMed Author Search,,https://pubmed.ncbi.nlm.nih.gov/?term=McFarlane+S+calgary&sort=date,Publication index,https://profiles.ucalgary.ca/sarah-mcfarlane,source_declared,60
mem_35a08188c0,research_ecosystem,Research Lab,Lab site,,https://www.ucalgary.ca/people/sarah-mcfarlane,Research lab,https://profiles.ucalgary.ca/sarah-mcfarlane,source_declared,100
mem_36447b4ebf,research_profile,UCalgary,UCalgary Profile,,https://profiles.ucalgary.ca/joern-davidsen,Official institutional profile,https://profiles.ucalgary.ca/joern-davidsen,official_source,10
mem_36447b4ebf,research_profile,Google Scholar,Google Scholar Profile,,https://scholar.google.ca/citations?user=aTS197oAAAAJ&hl=en,Scholarly profile,https://scholar.google.ca/citations?user=aTS197oAAAAJ&hl=en,source_declared,20
mem_36447b4ebf,research_ecosystem,Research Group,Jörn Davidsen’s Research Group,,https://www.ucalgary.ca/davidsen/publications,Research group,https://www.ucalgary.ca/davidsen/publications,source_declared_verified,40
mem_36447b4ebf,research_profile,ResearchGate,ResearchGate Profile,,https://www.researchgate.net/profile/Joern-Davidsen,Scholarly profile,https://www.researchgate.net/profile/Joern-Davidsen,source_declared,40
mem_36447b4ebf,research_profile,Scopus,Scopus Author Profile,22940276600,https://www.scopus.com/authid/detail.uri?authorId=22940276600,Scholarly identifier,,matched_scopus_id,50
mem_37b64942a2,research_profile,UCalgary,UCalgary Profile,,https://profiles.ucalgary.ca/jun-yan,Official institutional profile,https://profiles.ucalgary.ca/jun-yan,official_source,10
mem_37b64942a2,research_profile,Google Scholar,Google Scholar Profile,,https://scholar.google.ca/citations?user=yHGsyOAAAAAJ&hl=en,Scholarly profile,https://profiles.ucalgary.ca/jun-yan,source_declared,20
mem_37b64942a2,research_profile,Scopus,Scopus Author Profile,55578679500,https://www.scopus.com/authid/detail.uri?authorId=55578679500,Scholarly identifier,https://profiles.ucalgary.ca/jun-yan,matched_scopus_id,50
mem_37b64942a2,research_ecosystem,Research Lab,Lab website,,https://people.ucalgary.ca/~juyan/,Research lab,https://profiles.ucalgary.ca/jun-yan,source_declared,100
mem_37dd23d078,research_profile,UCalgary,UCalgary Profile,,https://profiles.ucalgary.ca/jessalyn-holodinsky,Official institutional profile,https://profiles.ucalgary.ca/jessalyn-holodinsky,official_source,10
mem_37dd23d078,research_profile,Google Scholar,Google Scholar Profile,,https://scholar.google.ca/citations?user=2bgLYxkAAAAJ&hl=en,Scholarly profile,https://profiles.ucalgary.ca/jessalyn-holodinsky,source_declared,20
mem_37dd23d078,research_profile,Scopus,Scopus Author Profile,55923660800,https://www.scopus.com/authid/detail.uri?authorId=55923660800,Scholarly identifier,https://profiles.ucalgary.ca/jessalyn-holodinsky,matched_scopus_id,50
mem_3873666ecc,research_profile,UCalgary,UCalgary Profile,,https://profiles.ucalgary.ca/theresa-green,Official institutional profile,https://profiles.ucalgary.ca/theresa-green,official_source,10
mem_3873666ecc,research_profile,Google Scholar,Google Scholar Profile,,https://scholar.google.com.au/citations?view_op=list_works&hl=en&hl=en&user=wR3xrv4AAAAJ&sortby=pubdate,Scholarly profile,https://profiles.ucalgary.ca/theresa-green,source_declared,20
mem_3873666ecc,research_profile,Scopus,Scopus Author Profile,55876667900,https://www.scopus.com/authid/detail.uri?authorId=55876667900,Scholarly identifier,https://profiles.ucalgary.ca/theresa-green,matched_scopus_id,50
mem_38b1f148ac,research_profile,UCalgary,UCalgary Profile,,https://profiles.ucalgary.ca/rochelle-bonnie-babins-wagner,Official institutional profile,https://profiles.ucalgary.ca/rochelle-bonnie-babins-wagner,official_source,10
mem_38fab37327,research_profile,UCalgary,UCalgary Profile,,https://profiles.ucalgary.ca/tolulope-sajobi,Official institutional profile,https://profiles.ucalgary.ca/tolulope-sajobi,official_source,10
mem_38fab37327,research_profile,Google Scholar,Google Scholar Profile,,https://scholar.google.ca/citations?user=z-mv60UAAAAJ,Scholarly profile,https://profiles.ucalgary.ca/tolulope-sajobi,source_declared,20
mem_38fab37327,research_profile,Scopus,Scopus Author Profile,37031989300,https://www.scopus.com/authid/detail.uri?authorId=37031989300,Scholarly identifier,https://profiles.ucalgary.ca/tolulope-sajobi,matched_scopus_id,50
mem_38fab37327,research_profile,PubMed,PubMed Author Search,,https://pubmed.ncbi.nlm.nih.gov/?term=sajobi&sort=date&size=200,Publication index,https://profiles.ucalgary.ca/tolulope-sajobi,source_declared,60
mem_38fab37327,research_ecosystem,Research Lab,Person-centered Methods Lab,,https://www.ucalgary.ca/research/person-centered-methods-lab/home,Research lab,https://profiles.ucalgary.ca/tolulope-sajobi,source_declared,100
mem_39a386491c,research_profile,UCalgary,UCalgary Profile,,https://profiles.ucalgary.ca/patricia-ebert,Official institutional profile,https://profiles.ucalgary.ca/patricia-ebert,official_source,10
mem_39fb2e4858,research_profile,UCalgary,UCalgary Profile,,https://profiles.ucalgary.ca/svetlana-yanushkevich,Official institutional profile,https://profiles.ucalgary.ca/svetlana-yanushkevich,official_source,10
mem_39fb2e4858,research_profile,Google Scholar,Google Scholar Profile,,https://scholar.google.ca/citations?user=97hBTsgAAAAJ&hl=en,Scholarly profile,https://profiles.ucalgary.ca/svetlana-yanushkevich,source_declared,20
mem_39fb2e4858,research_profile,ORCID,ORCID Profile,0000-0003-4794-9849,https://orcid.org/0000-0003-4794-9849,Scholarly identifier,https://profiles.ucalgary.ca/svetlana-yanushkevich,source_declared,30
mem_39fb2e4858,research_profile,ResearchGate,ResearchGate Profile,,https://www.researchgate.net/profile/Svetlana-Yanushkevich,Scholarly profile,https://profiles.ucalgary.ca/svetlana-yanushkevich,source_declared,40
mem_39fb2e4858,research_profile,Scopus,Scopus Author Profile,6701583388,https://www.scopus.com/authid/detail.uri?authorId=6701583388,Scholarly identifier,https://profiles.ucalgary.ca/svetlana-yanushkevich,matched_scopus_id,50
mem_39fb2e4858,research_ecosystem,Research Lab,Research Lab,,https://researchdirectory.ucalgary.ca/biometric-technologies,Research lab,https://profiles.ucalgary.ca/svetlana-yanushkevich,source_declared,100
mem_3a1d20823e,research_profile,UCalgary,UCalgary Profile,,https://profiles.ucalgary.ca/richa-pandey,Official institutional profile,https://profiles.ucalgary.ca/richa-pandey,official_source,10
mem_3a1d20823e,research_profile,Google Scholar,Google Scholar Profile,,https://scholar.google.com/citations?hl=en&user=pQv0WAYAAAAJ&view_op=list_works&sortby=pubdate,Scholarly profile,https://profiles.ucalgary.ca/richa-pandey,source_declared,20
mem_3a1d20823e,research_profile,Scopus,Scopus Author Profile,56808696500,https://www.scopus.com/authid/detail.uri?authorId=56808696500,Scholarly identifier,https://profiles.ucalgary.ca/richa-pandey,matched_scopus_id,50
mem_3a71da2ce4,research_profile,UCalgary,UCalgary Profile,,https://profiles.ucalgary.ca/karolina-sundin,Official institutional profile,https://profiles.ucalgary.ca/karolina-sundin,official_source,10
mem_3a71da2ce4,research_profile,Google Scholar,Google Scholar Profile,,https://scholar.google.com/citations?user=ZX8CmREAAAAJ&hl=en,Scholarly profile,https://profiles.ucalgary.ca/karolina-sundin,source_declared,20
mem_3a71da2ce4,research_profile,PubMed,PubMed Author Search,,https://pubmed.ncbi.nlm.nih.gov/?sort=date&term=Skibicka+KP&cauthor_id=37891191,Publication index,https://profiles.ucalgary.ca/karolina-sundin,source_declared,60
mem_3a936b52e4,research_profile,UCalgary,UCalgary Profile,,https://profiles.ucalgary.ca/oluwabukola-salami,Official institutional profile,https://profiles.ucalgary.ca/oluwabukola-salami,official_source,10
mem_3a936b52e4,research_profile,Google Scholar,Google Scholar Profile,,https://scholar.google.ca/citations?user=-59o30AAAAAJ&hl=en,Scholarly profile,https://profiles.ucalgary.ca/oluwabukola-salami,source_declared,20
mem_3a936b52e4,research_profile,Scopus,Scopus Author Profile,56769598100,https://www.scopus.com/authid/detail.uri?authorId=56769598100,Scholarly identifier,https://profiles.ucalgary.ca/oluwabukola-salami,matched_scopus_id,50
mem_3a936b52e4,research_ecosystem,Research Network,African Child and Youth Migration Network,,https://acymn.com/about-us/,Research network,https://profiles.ucalgary.ca/oluwabukola-salami,source_declared,100
mem_3cc315d4d3,research_profile,UCalgary,UCalgary Profile,,https://profiles.ucalgary.ca/gerald-zamponi,Official institutional profile,https://profiles.ucalgary.ca/gerald-zamponi,official_source,10
mem_3cc315d4d3,research_profile,Scopus,Scopus Author Profile,7005595578,https://www.scopus.com/authid/detail.uri?authorId=7005595578,Scholarly identifier,https://profiles.ucalgary.ca/gerald-zamponi,matched_scopus_id,50
mem_3cc315d4d3,research_profile,PubMed,PubMed Author Search,,https://www.ncbi.nlm.nih.gov/pubmed/?term=zamponi+g,Publication index,https://profiles.ucalgary.ca/gerald-zamponi,source_declared,60
mem_3d16baf56d,research_profile,UCalgary,UCalgary Profile,,https://profiles.ucalgary.ca/perri-tutelman,Official institutional profile,https://profiles.ucalgary.ca/perri-tutelman,official_source,10
mem_3d16baf56d,research_profile,Google Scholar,Google Scholar Profile,,https://scholar.google.com/citations?user=eJBbTkYAAAAJ&hl=en,Scholarly profile,https://profiles.ucalgary.ca/perri-tutelman,source_declared,20
mem_3d16baf56d,research_profile,PubMed,PubMed Author Search,,https://pubmed.ncbi.nlm.nih.gov/?term=perri+tutelman&sort=date&otool=icaucallib,Publication index,https://profiles.ucalgary.ca/perri-tutelman,source_declared,60
mem_3d17c87dc2,research_profile,UCalgary,UCalgary Profile,,https://profiles.ucalgary.ca/michael-patrick-walsh,Official institutional profile,https://profiles.ucalgary.ca/michael-patrick-walsh,official_source,10
mem_3d341c6e6a,research_profile,UCalgary,UCalgary Profile,,https://profiles.ucalgary.ca/jane-shearer,Official institutional profile,https://profiles.ucalgary.ca/jane-shearer,official_source,10
mem_3d341c6e6a,research_profile,Scopus,Scopus Author Profile,7102907165,https://www.scopus.com/authid/detail.uri?authorId=7102907165,Scholarly identifier,https://profiles.ucalgary.ca/jane-shearer,matched_scopus_id,50
mem_3d341c6e6a,research_profile,PubMed,PubMed Author Search,,https://pubmed.ncbi.nlm.nih.gov/?term=%28Shearer%2C+J%5BAuthor%5D%29+AND+%28Calgary%5BAffiliation%5D%29&sort=date,Publication index,https://profiles.ucalgary.ca/jane-shearer,source_declared,60
mem_3d341c6e6a,research_ecosystem,Website,Website,,https://grad.ucalgary.ca/future-students/supervisor/jane-shearer,Associated website,https://profiles.ucalgary.ca/jane-shearer,source_declared,100
mem_3dd7b96dcd,research_profile,UCalgary,UCalgary Profile,,https://profiles.ucalgary.ca/carol-schuurmans,Official institutional profile,https://profiles.ucalgary.ca/carol-schuurmans,official_source,10
mem_3dd7b96dcd,research_profile,Scopus,Scopus Author Profile,6603809891,https://www.scopus.com/authid/detail.uri?authorId=6603809891,Scholarly identifier,https://profiles.ucalgary.ca/carol-schuurmans,matched_scopus_id,50
mem_3e0e98847e,research_profile,UCalgary,UCalgary Profile,,https://profiles.ucalgary.ca/david-nicholas,Official institutional profile,https://profiles.ucalgary.ca/david-nicholas,official_source,10
mem_3e0e98847e,research_profile,Scopus,Scopus Author Profile,56516264300,https://www.scopus.com/authid/detail.uri?authorId=56516264300,Scholarly identifier,https://profiles.ucalgary.ca/david-nicholas,matched_scopus_id,50
mem_3e0ef14a60,research_profile,UCalgary,UCalgary Profile,,https://profiles.ucalgary.ca/angelique-jenney,Official institutional profile,https://profiles.ucalgary.ca/angelique-jenney,official_source,10
mem_3e0ef14a60,research_profile,Google Scholar,Google Scholar Profile,,https://scholar.google.ca/citations?user=MMDMTpMAAAAJ&hl=en,Scholarly profile,https://profiles.ucalgary.ca/angelique-jenney,source_declared,20
mem_3e0ef14a60,research_profile,ORCID,ORCID Profile,0000-0001-5792-3138,https://orcid.org/0000-0001-5792-3138,Scholarly identifier,https://profiles.ucalgary.ca/angelique-jenney,source_declared,30
mem_3e0ef14a60,research_profile,Scopus,Scopus Author Profile,22950558400,https://www.scopus.com/authid/detail.uri?authorId=22950558400,Scholarly identifier,https://profiles.ucalgary.ca/angelique-jenney,matched_scopus_id,50
mem_3e0ef14a60,research_ecosystem,Website,Wood's Homes Research Chair Website,,https://www.woodshomes.ca/research-chair/,Associated website,https://profiles.ucalgary.ca/angelique-jenney,source_declared,100
mem_3ed07ce6c8,research_profile,UCalgary,UCalgary Profile,,https://profiles.ucalgary.ca/g-bruce-pike,Official institutional profile,https://profiles.ucalgary.ca/g-bruce-pike,official_source,10
mem_3f1cca7ee5,research_profile,UCalgary,UCalgary Profile,,https://profiles.ucalgary.ca/daniel-mcgrath,Official institutional profile,https://profiles.ucalgary.ca/daniel-mcgrath,official_source,10
mem_3f1cca7ee5,research_profile,Scopus,Scopus Author Profile,35503690100,https://www.scopus.com/authid/detail.uri?authorId=35503690100,Scholarly identifier,https://profiles.ucalgary.ca/daniel-mcgrath,matched_scopus_id,50
mem_3f62008a1f,research_profile,UCalgary,UCalgary Profile,,https://profiles.ucalgary.ca/jennifer-thannhauser,Official institutional profile,https://profiles.ucalgary.ca/jennifer-thannhauser,official_source,10
mem_3f62008a1f,research_profile,ORCID,ORCID Profile,0000-0002-8059-9855,https://orcid.org/0000-0002-8059-9855,Scholarly identifier,https://profiles.ucalgary.ca/jennifer-thannhauser,source_declared,30
mem_3f62008a1f,research_profile,Scopus,Scopus Author Profile,24465846800,https://www.scopus.com/authid/detail.uri?authorId=24465846800,Scholarly identifier,https://profiles.ucalgary.ca/jennifer-thannhauser,matched_scopus_id,50
mem_3faa6c8292,research_profile,UCalgary,UCalgary Profile,,https://profiles.ucalgary.ca/kartikeya-murari,Official institutional profile,https://profiles.ucalgary.ca/kartikeya-murari,official_source,10
mem_3faa6c8292,research_profile,Google Scholar,Google Scholar Profile,,https://scholar.google.ca/citations?hl=en&user=uLNAcCQAAAAJ,Scholarly profile,https://profiles.ucalgary.ca/kartikeya-murari,source_declared,20
mem_3faa6c8292,research_profile,Scopus,Scopus Author Profile,57206150215,https://www.scopus.com/authid/detail.uri?authorId=57206150215,Scholarly identifier,https://profiles.ucalgary.ca/kartikeya-murari,matched_scopus_id,50
mem_4029403411,research_profile,UCalgary,UCalgary Profile,,https://profiles.ucalgary.ca/roberto-sotero-diaz,Official institutional profile,https://profiles.ucalgary.ca/roberto-sotero-diaz,official_source,10
mem_4029403411,research_profile,Scopus,Scopus Author Profile,15846936500,https://www.scopus.com/authid/detail.uri?authorId=15846936500,Scholarly identifier,https://profiles.ucalgary.ca/roberto-sotero-diaz,matched_scopus_id,50
mem_4031282ea1,research_profile,UCalgary,UCalgary Profile,,https://profiles.ucalgary.ca/jeffrey-frank-dunn,Official institutional profile,https://profiles.ucalgary.ca/jeffrey-frank-dunn,official_source,10
mem_4031282ea1,research_profile,Scopus,Scopus Author Profile,7403290105,https://www.scopus.com/authid/detail.uri?authorId=7403290105,Scholarly identifier,https://profiles.ucalgary.ca/jeffrey-frank-dunn,matched_scopus_id,50
mem_4031282ea1,research_ecosystem,Research Lab,Dunn Lab,,https://www.ucalgary.ca/dunnimaging/,Research lab,https://profiles.ucalgary.ca/jeffrey-frank-dunn,source_declared,100
mem_405555556d,research_profile,UCalgary,UCalgary Profile,,https://profiles.ucalgary.ca/carolyn-emery,Official institutional profile,https://profiles.ucalgary.ca/carolyn-emery,official_source,10
mem_405555556d,research_profile,Scopus,Scopus Author Profile,34769706400,https://www.scopus.com/authid/detail.uri?authorId=34769706400,Scholarly identifier,https://profiles.ucalgary.ca/carolyn-emery,matched_scopus_id,50
mem_405555556d,research_ecosystem,Research Centre,Sport Injury Prevention Research Centre,,https://www.ucalgary.ca/sport-injury-prevention-research-centre,Research centre,https://profiles.ucalgary.ca/carolyn-emery,source_declared,100
mem_40840edc6a,research_profile,UCalgary,UCalgary Profile,,https://profiles.ucalgary.ca/jean-margaret-addington,Official institutional profile,https://profiles.ucalgary.ca/jean-margaret-addington,official_source,10
mem_40840edc6a,research_profile,Scopus,Scopus Author Profile,7005403607,https://www.scopus.com/authid/detail.uri?authorId=7005403607,Scholarly identifier,https://profiles.ucalgary.ca/jean-margaret-addington,matched_scopus_id,50
mem_40840edc6a,research_profile,PubMed,PubMed Author Search,,https://pubmed.ncbi.nlm.nih.gov/?term=Addington+J&sort=date,Publication index,https://profiles.ucalgary.ca/jean-margaret-addington,source_declared,60
mem_40840edc6a,research_ecosystem,Research Centre,Mathison Centre for Mental Health & Education (website),,https://hbi.ucalgary.ca/mathison,Research centre,https://profiles.ucalgary.ca/jean-margaret-addington,source_declared,100
mem_40840edc6a,research_ecosystem,Website,Website,,https://jeanaddington.com/,Associated website,https://profiles.ucalgary.ca/jean-margaret-addington,source_declared,100
mem_414b7b0e40,research_profile,UCalgary,UCalgary Profile,,https://profiles.ucalgary.ca/kelly-dean-schwartz,Official institutional profile,https://profiles.ucalgary.ca/kelly-dean-schwartz,official_source,10
mem_414b7b0e40,research_profile,Google Scholar,Google Scholar Profile,,https://scholar.google.com/citations?user=4andLl0AAAAJ&hl=en,Scholarly profile,https://profiles.ucalgary.ca/kelly-dean-schwartz,source_declared,20
mem_414b7b0e40,research_profile,ORCID,ORCID Profile,0000-0002-9884-7634,https://orcid.org/0000-0002-9884-7634,Scholarly identifier,https://profiles.ucalgary.ca/kelly-dean-schwartz,source_declared,30
mem_414b7b0e40,research_profile,Scopus,Scopus Author Profile,7201734909,https://www.scopus.com/authid/detail.uri?authorId=7201734909,Scholarly identifier,https://profiles.ucalgary.ca/kelly-dean-schwartz,matched_scopus_id,50
mem_418a89fdc0,research_profile,UCalgary,UCalgary Profile,,https://profiles.ucalgary.ca/andrew-braun,Official institutional profile,https://profiles.ucalgary.ca/andrew-braun,official_source,10
mem_418a89fdc0,research_profile,Scopus,Scopus Author Profile,7201571180,https://www.scopus.com/authid/detail.uri?authorId=7201571180,Scholarly identifier,https://profiles.ucalgary.ca/andrew-braun,matched_scopus_id,50
mem_418b15747e,research_profile,UCalgary,UCalgary Profile,,https://profiles.ucalgary.ca/sean-dukelow,Official institutional profile,https://profiles.ucalgary.ca/sean-dukelow,official_source,10
mem_418b15747e,research_profile,Scopus,Scopus Author Profile,6603580325,https://www.scopus.com/authid/detail.uri?authorId=6603580325,Scholarly identifier,https://profiles.ucalgary.ca/sean-dukelow,matched_scopus_id,50
mem_418b15747e,research_ecosystem,Research Lab,Lab website,,https://cumming.ucalgary.ca/labs/neuro-robot/researchmain,Research lab,https://profiles.ucalgary.ca/sean-dukelow,source_declared,100
mem_41979986b6,research_profile,UCalgary,UCalgary Profile,,https://profiles.ucalgary.ca/andrew-kim,Official institutional profile,https://profiles.ucalgary.ca/andrew-kim,official_source,10
mem_41979986b6,research_profile,Google Scholar,Google Scholar Profile,,https://scholar.google.com/citations?user=FYtWeAcAAAAJ&hl=en&oi=sra,Scholarly profile,https://profiles.ucalgary.ca/andrew-kim,source_declared,20
mem_41979986b6,research_profile,ResearchGate,ResearchGate Profile,,https://www.researchgate.net/profile/Hyoun-S-andrew-Kim?ev=hdr_xprf&_tp=eyJjb250ZXh0Ijp7InBhZ2UiOiJfZGlyZWN0In19,Scholarly profile,https://profiles.ucalgary.ca/andrew-kim,source_declared,40
mem_434a4ec74e,research_profile,UCalgary,UCalgary Profile,,https://profiles.ucalgary.ca/cristian-zeni,Official institutional profile,https://profiles.ucalgary.ca/cristian-zeni,official_source,10
mem_4393bff7a6,research_profile,UCalgary,UCalgary Profile,,https://profiles.ucalgary.ca/meghan-mcdonough,Official institutional profile,https://profiles.ucalgary.ca/meghan-mcdonough,official_source,10
mem_4393bff7a6,research_profile,Google Scholar,Google Scholar Profile,,https://scholar.google.com/citations?user=52piLJQAAAAJ&hl=en,Scholarly profile,https://profiles.ucalgary.ca/meghan-mcdonough,source_declared,20
mem_4393bff7a6,research_profile,Scopus,Scopus Author Profile,7007178081,https://www.scopus.com/authid/detail.uri?authorId=7007178081,Scholarly identifier,https://profiles.ucalgary.ca/meghan-mcdonough,matched_scopus_id,50
mem_4393bff7a6,research_ecosystem,Website,Faculty Website,,https://kinesiology.ucalgary.ca/research/faculty-members/meghan-mcdonough,Associated website,https://profiles.ucalgary.ca/meghan-mcdonough,source_declared,100
mem_4393bff7a6,research_ecosystem,Research Lab,Relationships and Exercise Lab,,https://kinesiology.ucalgary.ca/relationships-and-exercise-lab/home-0,Research lab,https://profiles.ucalgary.ca/meghan-mcdonough,source_declared,100
mem_4435cc366f,research_profile,UCalgary,UCalgary Profile,,https://profiles.ucalgary.ca/zahra-goodarzi,Official institutional profile,https://profiles.ucalgary.ca/zahra-goodarzi,official_source,10
mem_4435cc366f,research_profile,Google Scholar,Google Scholar Profile,,https://scholar.google.ca/citations?view_op=list_mandates&oi=pnf&hl=en&user=8JVPyEwAAAAJ&tzom=360,Scholarly profile,https://profiles.ucalgary.ca/zahra-goodarzi,source_declared,20
mem_4435cc366f,research_profile,Scopus,Scopus Author Profile,57191675226,https://www.scopus.com/authid/detail.uri?authorId=57191675226,Scholarly identifier,https://profiles.ucalgary.ca/zahra-goodarzi,matched_scopus_id,50
mem_44def62df0,research_profile,UCalgary,UCalgary Profile,,https://profiles.ucalgary.ca/zahinoor-ismail,Official institutional profile,https://profiles.ucalgary.ca/zahinoor-ismail,official_source,10
mem_44def62df0,research_profile,Google Scholar,Google Scholar Profile,,https://scholar.google.ca/citations?hl=en&user=JY4ozrwAAAAJ&view_op=list_works&sortby=pubdate,Scholarly profile,https://profiles.ucalgary.ca/zahinoor-ismail,source_declared,20
mem_44def62df0,research_profile,Scopus,Scopus Author Profile,24278492300,https://www.scopus.com/authid/detail.uri?authorId=24278492300,Scholarly identifier,https://profiles.ucalgary.ca/zahinoor-ismail,matched_scopus_id,50
mem_4517ebed1e,research_profile,UCalgary,UCalgary Profile,,https://profiles.ucalgary.ca/garnette-roy-sutherland,Official institutional profile,https://profiles.ucalgary.ca/garnette-roy-sutherland,official_source,10
mem_4517ebed1e,research_profile,Scopus,Scopus Author Profile,7201598824,https://www.scopus.com/authid/detail.uri?authorId=7201598824,Scholarly identifier,https://profiles.ucalgary.ca/garnette-roy-sutherland,matched_scopus_id,50
mem_4517ebed1e,research_profile,PubMed,PubMed Author Search,,https://pubmed.ncbi.nlm.nih.gov/?term=Sutherland%20GR,Publication index,https://profiles.ucalgary.ca/garnette-roy-sutherland,source_declared,60
mem_4517ebed1e,research_profile,PubMed,PubMed Author Search,,https://www.ncbi.nlm.nih.gov/pubmed/?term=Sutherland%20GR,Publication index,https://profiles.ucalgary.ca/garnette-roy-sutherland,source_declared,60
mem_4598061484,research_profile,UCalgary,UCalgary Profile,,https://profiles.ucalgary.ca/serge-mrkobrada,Official institutional profile,https://profiles.ucalgary.ca/serge-mrkobrada,official_source,10
mem_4598061484,research_profile,Scopus,Scopus Author Profile,14323326400,https://www.scopus.com/authid/detail.uri?authorId=14323326400,Scholarly identifier,https://profiles.ucalgary.ca/serge-mrkobrada,matched_scopus_id,50
mem_460c3f47d4,research_profile,UCalgary,UCalgary Profile,,https://profiles.ucalgary.ca/georgina-dimitropoulos,Official institutional profile,https://profiles.ucalgary.ca/georgina-dimitropoulos,official_source,10
mem_460c3f47d4,research_profile,ResearchGate,ResearchGate Profile,,https://www.researchgate.net/profile/Gina_Dimitropoulos,Scholarly profile,https://profiles.ucalgary.ca/georgina-dimitropoulos,source_declared,40
mem_460c3f47d4,research_profile,Scopus,Scopus Author Profile,15727444000,https://www.scopus.com/authid/detail.uri?authorId=15727444000,Scholarly identifier,https://profiles.ucalgary.ca/georgina-dimitropoulos,matched_scopus_id,50
mem_473d2f19dd,research_profile,UCalgary,UCalgary Profile,,https://profiles.ucalgary.ca/nathalie-jette,Official institutional profile,https://profiles.ucalgary.ca/nathalie-jette,official_source,10
mem_473d2f19dd,research_profile,Scopus,Scopus Author Profile,15725565100,https://www.scopus.com/authid/detail.uri?authorId=15725565100,Scholarly identifier,https://profiles.ucalgary.ca/nathalie-jette,matched_scopus_id,50
mem_473d2f19dd,research_profile,PubMed,PubMed Author Search,,https://pubmed.ncbi.nlm.nih.gov/?term=jette+n&sort=pubdate,Publication index,https://profiles.ucalgary.ca/nathalie-jette,source_declared,60
mem_4bb4b4c5df,research_profile,UCalgary,UCalgary Profile,,https://profiles.ucalgary.ca/zahra-clayborne,Official institutional profile,https://profiles.ucalgary.ca/zahra-clayborne,official_source,10
mem_4bb4b4c5df,research_profile,Google Scholar,Google Scholar Profile,,https://scholar.google.ca/citations?user=nOI3llAAAAAJ&hl=en,Scholarly profile,https://profiles.ucalgary.ca/zahra-clayborne,source_declared,20
mem_4bb4b4c5df,research_ecosystem,Research Lab,Lab site,,https://fairlab.ca,Research lab,https://profiles.ucalgary.ca/zahra-clayborne,source_declared,100
mem_4d14f5ed5f,research_profile,UCalgary,UCalgary Profile,,https://profiles.ucalgary.ca/angela-haffenden,Official institutional profile,https://profiles.ucalgary.ca/angela-haffenden,official_source,10
mem_4d14f5ed5f,research_profile,Scopus,Scopus Author Profile,6603272701,https://www.scopus.com/authid/detail.uri?authorId=6603272701,Scholarly identifier,https://profiles.ucalgary.ca/angela-haffenden,matched_scopus_id,50
mem_4ee060e99b,research_profile,UCalgary,UCalgary Profile,,https://profiles.ucalgary.ca/gloria-roldan-urgoiti,Official institutional profile,https://profiles.ucalgary.ca/gloria-roldan-urgoiti,official_source,10
mem_4f3849e54e,research_profile,UCalgary,UCalgary Profile,,https://profiles.ucalgary.ca/william-crawford-cole,Official institutional profile,https://profiles.ucalgary.ca/william-crawford-cole,official_source,10
mem_4f3849e54e,research_profile,Scopus,Scopus Author Profile,7201518777,https://www.scopus.com/authid/detail.uri?authorId=7201518777,Scholarly identifier,https://profiles.ucalgary.ca/william-crawford-cole,matched_scopus_id,50
mem_4f4215a32e,research_profile,UCalgary,UCalgary Profile,,https://profiles.ucalgary.ca/sayeh-bayat,Official institutional profile,https://profiles.ucalgary.ca/sayeh-bayat,official_source,10
mem_4f4215a32e,research_profile,Google Scholar,Google Scholar Profile,,https://scholar.google.ca/citations?user=0Xxst2gAAAAJ&hl=en,Scholarly profile,https://profiles.ucalgary.ca/sayeh-bayat,source_declared,20
mem_4f4215a32e,research_profile,Scopus,Scopus Author Profile,57212409007,https://www.scopus.com/authid/detail.uri?authorId=57212409007,Scholarly identifier,https://profiles.ucalgary.ca/sayeh-bayat,matched_scopus_id,50
mem_4f4215a32e,research_ecosystem,Research Lab,Lab LinkedIn,,https://www.linkedin.com/company/healthy-city-lab/,Research lab,https://profiles.ucalgary.ca/sayeh-bayat,source_declared,100
mem_4f4215a32e,research_ecosystem,Research Lab,Lab site,,https://www.healthycitylab.ca/,Research lab,https://profiles.ucalgary.ca/sayeh-bayat,source_declared,100
mem_4fab7d2841,research_profile,UCalgary,UCalgary Profile,,https://profiles.ucalgary.ca/antoine-dufour,Official institutional profile,https://profiles.ucalgary.ca/antoine-dufour,official_source,10
mem_4fab7d2841,research_profile,Scopus,Scopus Author Profile,25421482900,https://www.scopus.com/authid/detail.uri?authorId=25421482900,Scholarly identifier,https://profiles.ucalgary.ca/antoine-dufour,matched_scopus_id,50
mem_4fc16fbe9a,research_profile,UCalgary,UCalgary Profile,,https://profiles.ucalgary.ca/danijela-piskulic,Official institutional profile,https://profiles.ucalgary.ca/danijela-piskulic,official_source,10
mem_4fc16fbe9a,research_profile,Google Scholar,Google Scholar Profile,,https://scholar.google.ca/citations?hl=en&user=TO42X5oAAAAJ&view_op=list_works&sortby=pubdate,Scholarly profile,https://profiles.ucalgary.ca/danijela-piskulic,source_declared,20
mem_4fc16fbe9a,research_profile,Scopus,Scopus Author Profile,16033384100,https://www.scopus.com/authid/detail.uri?authorId=16033384100,Scholarly identifier,https://profiles.ucalgary.ca/danijela-piskulic,matched_scopus_id,50
mem_4fc16fbe9a,research_ecosystem,Website,BMHRC Website,,https://brainandmentalhealthclinics.ca/,Associated website,https://profiles.ucalgary.ca/danijela-piskulic,source_declared,100
mem_4fcca18975,research_profile,UCalgary,UCalgary Profile,,https://profiles.ucalgary.ca/frank-macmaster,Official institutional profile,https://profiles.ucalgary.ca/frank-macmaster,official_source,10
mem_4fcca18975,research_profile,Scopus,Scopus Author Profile,6603192997,https://www.scopus.com/authid/detail.uri?authorId=6603192997,Scholarly identifier,https://profiles.ucalgary.ca/frank-macmaster,matched_scopus_id,50
mem_4fcca18975,research_profile,PubMed,PubMed Author Search,,https://www.ncbi.nlm.nih.gov/pubmed?cmd=Search&term=Frank+MacMaster,Publication index,https://profiles.ucalgary.ca/frank-macmaster,source_declared,60
mem_50e629396d,research_profile,UCalgary,UCalgary Profile,,https://profiles.ucalgary.ca/eric-chan,Official institutional profile,https://profiles.ucalgary.ca/eric-chan,official_source,10
mem_50e629396d,research_profile,Scopus,Scopus Author Profile,57191449776,https://www.scopus.com/authid/detail.uri?authorId=57191449776,Scholarly identifier,https://profiles.ucalgary.ca/eric-chan,matched_scopus_id,50
mem_514df516d2,research_profile,UCalgary,UCalgary Profile,,https://profiles.ucalgary.ca/h-artee-luchman,Official institutional profile,https://profiles.ucalgary.ca/h-artee-luchman,official_source,10
mem_514df516d2,research_profile,ResearchGate,ResearchGate Profile,,https://www.researchgate.net/profile/Hema-Luchman,Scholarly profile,https://profiles.ucalgary.ca/h-artee-luchman,source_declared,40
mem_514df516d2,research_profile,PubMed,PubMed Author Search,,https://pubmed.ncbi.nlm.nih.gov/?term=Luchman+&sort=date,Publication index,https://profiles.ucalgary.ca/h-artee-luchman,source_declared,60
mem_51d0744557,research_profile,UCalgary,UCalgary Profile,,https://profiles.ucalgary.ca/aravind-ganesh,Official institutional profile,https://profiles.ucalgary.ca/aravind-ganesh,official_source,10
mem_51d0744557,research_profile,Scopus,Scopus Author Profile,55582651000,https://www.scopus.com/authid/detail.uri?authorId=55582651000,Scholarly identifier,https://profiles.ucalgary.ca/aravind-ganesh,matched_scopus_id,50
mem_529c362d70,research_profile,UCalgary,UCalgary Profile,,https://profiles.ucalgary.ca/abdullah-al-maruf,Official institutional profile,https://profiles.ucalgary.ca/abdullah-al-maruf,official_source,10
mem_529c362d70,research_profile,Google Scholar,Google Scholar Profile,,https://scholar.google.com/citations?user=XUnmKGwAAAAJ,Scholarly profile,https://profiles.ucalgary.ca/abdullah-al-maruf,source_declared,20
mem_5357e9a762,research_profile,UCalgary,UCalgary Profile,,https://profiles.ucalgary.ca/eloise-carr,Official institutional profile,https://profiles.ucalgary.ca/eloise-carr,official_source,10
mem_5357e9a762,research_profile,Scopus,Scopus Author Profile,7102204492,https://www.scopus.com/authid/detail.uri?authorId=7102204492,Scholarly identifier,https://profiles.ucalgary.ca/eloise-carr,matched_scopus_id,50
mem_53686b30d5,research_profile,UCalgary,UCalgary Profile,,https://profiles.ucalgary.ca/pierre-levan,Official institutional profile,https://profiles.ucalgary.ca/pierre-levan,official_source,10
mem_53686b30d5,research_profile,Google Scholar,Google Scholar Profile,,https://scholar.google.com/citations?user=tv4klGQAAAAJ&hl=en,Scholarly profile,https://profiles.ucalgary.ca/pierre-levan,source_declared,20
mem_53686b30d5,research_profile,Scopus,Scopus Author Profile,14619477700,https://www.scopus.com/authid/detail.uri?authorId=14619477700,Scholarly identifier,https://profiles.ucalgary.ca/pierre-levan,matched_scopus_id,50
mem_53bdbb7000,research_profile,UCalgary,UCalgary Profile,,https://profiles.ucalgary.ca/scott-ryan,Official institutional profile,https://profiles.ucalgary.ca/scott-ryan,official_source,10
mem_53bdbb7000,research_profile,Scopus,Scopus Author Profile,36841105100,https://www.scopus.com/authid/detail.uri?authorId=36841105100,Scholarly identifier,https://profiles.ucalgary.ca/scott-ryan,matched_scopus_id,50
mem_53bdbb7000,research_ecosystem,Research Lab,Lab Site,,https://neurobiology.ca,Research lab,https://profiles.ucalgary.ca/scott-ryan,source_declared,100
mem_53c25f2cf7,research_profile,UCalgary,UCalgary Profile,,https://profiles.ucalgary.ca/fiona-costello,Official institutional profile,https://profiles.ucalgary.ca/fiona-costello,official_source,10
mem_53c25f2cf7,research_profile,Google Scholar,Google Scholar Profile,,https://scholar.google.ca/citations?user=h1k6nvYAAAAJ&hl=en,Scholarly profile,https://profiles.ucalgary.ca/fiona-costello,source_declared,20
mem_53c25f2cf7,research_profile,Scopus,Scopus Author Profile,7003884162,https://www.scopus.com/authid/detail.uri?authorId=7003884162,Scholarly identifier,https://profiles.ucalgary.ca/fiona-costello,matched_scopus_id,50
mem_53c25f2cf7,research_profile,PubMed,PubMed Author Search,,https://pubmed.ncbi.nlm.nih.gov/?term=fional+costello,Publication index,https://profiles.ucalgary.ca/fiona-costello,source_declared,60
mem_53d8f553c6,research_profile,UCalgary,UCalgary Profile,,https://profiles.ucalgary.ca/ronda-lun,Official institutional profile,https://profiles.ucalgary.ca/ronda-lun,official_source,10
mem_53d8f553c6,research_profile,PubMed,PubMed Author Search,,https://pubmed.ncbi.nlm.nih.gov/?term=Lun+R&cauthor_id=34870698,Publication index,https://profiles.ucalgary.ca/ronda-lun,source_declared,60
mem_53e60fab63,research_profile,UCalgary,UCalgary Profile,,https://profiles.ucalgary.ca/katayoun-alikhani,Official institutional profile,https://profiles.ucalgary.ca/katayoun-alikhani,official_source,10
mem_53e60fab63,research_profile,Scopus,Scopus Author Profile,37008291400,https://www.scopus.com/authid/detail.uri?authorId=37008291400,Scholarly identifier,https://profiles.ucalgary.ca/katayoun-alikhani,matched_scopus_id,50
mem_53e913a810,research_profile,UCalgary,UCalgary Profile,,https://profiles.ucalgary.ca/robin-yates,Official institutional profile,https://profiles.ucalgary.ca/robin-yates,official_source,10
mem_53e913a810,research_profile,Scopus,Scopus Author Profile,8882929700,https://www.scopus.com/authid/detail.uri?authorId=8882929700,Scholarly identifier,https://profiles.ucalgary.ca/robin-yates,matched_scopus_id,50
mem_53e913a810,research_ecosystem,Research Lab,https://wpsites.ucalgary.ca/yates-lab/,,https://wpsites.ucalgary.ca/yates-lab/,Research lab,https://profiles.ucalgary.ca/robin-yates,source_declared,100
mem_544d7ede34,research_profile,UCalgary,UCalgary Profile,,https://profiles.ucalgary.ca/ryan-peters,Official institutional profile,https://profiles.ucalgary.ca/ryan-peters,official_source,10
mem_544d7ede34,research_profile,Scopus,Scopus Author Profile,56797355700,https://www.scopus.com/authid/detail.uri?authorId=56797355700,Scholarly identifier,https://profiles.ucalgary.ca/ryan-peters,matched_scopus_id,50
mem_5484cb96e1,research_profile,UCalgary,UCalgary Profile,,https://profiles.ucalgary.ca/arvi-rauk,Official institutional profile,https://profiles.ucalgary.ca/arvi-rauk,official_source,10
mem_5484cb96e1,research_profile,Scopus,Scopus Author Profile,7006136716,https://www.scopus.com/authid/detail.uri?authorId=7006136716,Scholarly identifier,https://profiles.ucalgary.ca/arvi-rauk,matched_scopus_id,50
mem_5484cb96e1,research_ecosystem,Website,Website,,https://ucalgary.ca/chemistry-alzheimers/home,Associated website,https://profiles.ucalgary.ca/arvi-rauk,source_declared,100
mem_5559bbda00,research_profile,UCalgary,UCalgary Profile,,https://profiles.ucalgary.ca/abdul-rahman,Official institutional profile,https://profiles.ucalgary.ca/abdul-rahman,official_source,10
mem_5559bbda00,research_profile,Scopus,Scopus Author Profile,7402940428,https://www.scopus.com/authid/detail.uri?authorId=7402940428,Scholarly identifier,https://profiles.ucalgary.ca/abdul-rahman,matched_scopus_id,50
mem_57d1619bfe,research_profile,UCalgary,UCalgary Profile,,https://profiles.ucalgary.ca/nicole-racine-0,Official institutional profile,https://profiles.ucalgary.ca/nicole-racine-0,official_source,10
mem_57d1619bfe,research_profile,Scopus,Scopus Author Profile,26431598300,https://www.scopus.com/authid/detail.uri?authorId=26431598300,Scholarly identifier,https://profiles.ucalgary.ca/nicole-racine-0,matched_scopus_id,50
mem_57d1619bfe,research_ecosystem,Website,Website,,https://www.drnicoleracine.com/,Associated website,https://profiles.ucalgary.ca/nicole-racine-0,source_declared,100
mem_581f118e90,research_profile,UCalgary,UCalgary Profile,,https://profiles.ucalgary.ca/mariana-pinheiro-bento,Official institutional profile,https://profiles.ucalgary.ca/mariana-pinheiro-bento,official_source,10
mem_581f118e90,research_profile,Google Scholar,Google Scholar Profile,,https://scholar.google.com/citations?user=3DxVbpcAAAAJ&hl=en,Scholarly profile,https://profiles.ucalgary.ca/mariana-pinheiro-bento,source_declared,20
mem_581f118e90,research_profile,Scopus,Scopus Author Profile,36489087800,https://www.scopus.com/authid/detail.uri?authorId=36489087800,Scholarly identifier,https://profiles.ucalgary.ca/mariana-pinheiro-bento,matched_scopus_id,50
mem_58625c2ce5,research_profile,UCalgary,UCalgary Profile,,https://profiles.ucalgary.ca/julia-jacobs-levan,Official institutional profile,https://profiles.ucalgary.ca/julia-jacobs-levan,official_source,10
mem_58625c2ce5,research_profile,Google Scholar,Google Scholar Profile,,https://scholar.google.ca/citations?user=cL0nunYAAAAJ&hl=en&oi=ao,Scholarly profile,https://profiles.ucalgary.ca/julia-jacobs-levan,source_declared,20
mem_587dff4153,research_profile,UCalgary,UCalgary Profile,,https://profiles.ucalgary.ca/sarah-maceachern,Official institutional profile,https://profiles.ucalgary.ca/sarah-maceachern,official_source,10
mem_587dff4153,research_profile,Google Scholar,Google Scholar Profile,,https://scholar.google.ca/citations?user=Mbv8YzQAAAAJ&hl=en,Scholarly profile,https://profiles.ucalgary.ca/sarah-maceachern,source_declared,20
mem_587dff4153,research_profile,Scopus,Scopus Author Profile,43561394900,https://www.scopus.com/authid/detail.uri?authorId=43561394900,Scholarly identifier,https://profiles.ucalgary.ca/sarah-maceachern,matched_scopus_id,50
mem_587dff4153,research_ecosystem,Research Lab,Lab Website,,https://pn-lab.ca,Research lab,https://profiles.ucalgary.ca/sarah-maceachern,source_declared,100
mem_599092b85f,research_profile,UCalgary,UCalgary Profile,,https://profiles.ucalgary.ca/kelly-larkin-kaiser,Official institutional profile,https://profiles.ucalgary.ca/kelly-larkin-kaiser,official_source,10
mem_599092b85f,research_profile,Scopus,Scopus Author Profile,55959036800,https://www.scopus.com/authid/detail.uri?authorId=55959036800,Scholarly identifier,https://profiles.ucalgary.ca/kelly-larkin-kaiser,matched_scopus_id,50
mem_599092b85f,research_profile,PubMed,PubMed Author Search,,https://pubmed.ncbi.nlm.nih.gov/?term=Kelly%20A.%20Larkin-Kaiser,Publication index,https://profiles.ucalgary.ca/kelly-larkin-kaiser,source_declared,60
mem_599092b85f,research_ecosystem,Research Network,RESTORE Network Team,,https://cumming.ucalgary.ca/research/restore/home/our-team,Research network,https://profiles.ucalgary.ca/kelly-larkin-kaiser,source_declared,100
mem_5df4c5aac6,research_profile,UCalgary,UCalgary Profile,,https://profiles.ucalgary.ca/kirstie-lithgow,Official institutional profile,https://profiles.ucalgary.ca/kirstie-lithgow,official_source,10
mem_5e831960ba,research_profile,UCalgary,UCalgary Profile,,https://profiles.ucalgary.ca/corey-flynn,Official institutional profile,https://profiles.ucalgary.ca/corey-flynn,official_source,10
mem_5e831960ba,research_profile,Scopus,Scopus Author Profile,14065949900,https://www.scopus.com/authid/detail.uri?authorId=14065949900,Scholarly identifier,https://profiles.ucalgary.ca/corey-flynn,matched_scopus_id,50
mem_5e831960ba,research_ecosystem,Website,Website,,https://www.bio.ucalgary.ca/contact/faculty/flynn.html,Associated website,https://profiles.ucalgary.ca/corey-flynn,source_declared,100
mem_5e8669ce5b,research_profile,UCalgary,UCalgary Profile,,https://profiles.ucalgary.ca/penny-pexman,Official institutional profile,https://profiles.ucalgary.ca/penny-pexman,official_source,10
mem_5e8669ce5b,research_profile,Google Scholar,Google Scholar Profile,,https://scholar.google.com/citations?user=DSMaMWMAAAAJ&hl=en&oi=ao,Scholarly profile,https://profiles.ucalgary.ca/penny-pexman,source_declared,20
mem_5e8669ce5b,research_profile,Scopus,Scopus Author Profile,6603723438,https://www.scopus.com/authid/detail.uri?authorId=6603723438,Scholarly identifier,https://profiles.ucalgary.ca/penny-pexman,matched_scopus_id,50
mem_5e8669ce5b,research_ecosystem,Research Lab,Language Processing Lab,,https://ucalgary.ca/labs/language-processing/language-processing,Research lab,https://profiles.ucalgary.ca/penny-pexman,source_declared,100
mem_5f0bb4bf6e,research_profile,UCalgary,UCalgary Profile,,https://profiles.ucalgary.ca/valerie-taylor,Official institutional profile,https://profiles.ucalgary.ca/valerie-taylor,official_source,10
mem_5f0bb4bf6e,research_profile,Scopus,Scopus Author Profile,14066893100,https://www.scopus.com/authid/detail.uri?authorId=14066893100,Scholarly identifier,https://profiles.ucalgary.ca/valerie-taylor,matched_scopus_id,50
mem_5f0bb4bf6e,research_ecosystem,Research Lab,Lab website,,https://www.vtaylorlab.ca/,Research lab,https://profiles.ucalgary.ca/valerie-taylor,source_declared,100
mem_5f5dfc3246,research_profile,UCalgary,UCalgary Profile,,https://profiles.ucalgary.ca/adel-gabriel,Official institutional profile,https://profiles.ucalgary.ca/adel-gabriel,official_source,10
mem_5f5dfc3246,research_profile,Scopus,Scopus Author Profile,8226366000,https://www.scopus.com/authid/detail.uri?authorId=8226366000,Scholarly identifier,https://profiles.ucalgary.ca/adel-gabriel,matched_scopus_id,50
mem_5f8c42fffa,research_profile,UCalgary,UCalgary Profile,,https://profiles.ucalgary.ca/catherine-lebel,Official institutional profile,https://profiles.ucalgary.ca/catherine-lebel,official_source,10
mem_5f8c42fffa,research_profile,Scopus,Scopus Author Profile,36896932900,https://www.scopus.com/authid/detail.uri?authorId=36896932900,Scholarly identifier,https://profiles.ucalgary.ca/catherine-lebel,matched_scopus_id,50
mem_5f8c42fffa,research_profile,PubMed,PubMed Author Search,,https://www.ncbi.nlm.nih.gov/pubmed/?term=(Lebel+C%5BAuthor%5D)+AND+(%22university+of+alberta%22%5BAffiliation%5D+or+%22los+angeles%22%5BAffiliation%5D+OR+%22university+of+calgary%22),Publication index,https://profiles.ucalgary.ca/catherine-lebel,source_declared,60
mem_5f8c42fffa,research_ecosystem,Research Lab,Developmental Neuroimaging Lab,,https://www.developmentalneuroimaginglab.ca/,Research lab,https://profiles.ucalgary.ca/catherine-lebel,source_declared,100
mem_5fb66a15c5,research_profile,UCalgary,UCalgary Profile,,https://profiles.ucalgary.ca/melinda-jane-davis,Official institutional profile,https://profiles.ucalgary.ca/melinda-jane-davis,official_source,10
mem_5fb66a15c5,research_profile,Scopus,Scopus Author Profile,15047869100,https://www.scopus.com/authid/detail.uri?authorId=15047869100,Scholarly identifier,https://profiles.ucalgary.ca/melinda-jane-davis,matched_scopus_id,50
mem_601dd6a6ac,research_profile,UCalgary,UCalgary Profile,,https://profiles.ucalgary.ca/bin-hu,Official institutional profile,https://profiles.ucalgary.ca/bin-hu,official_source,10
mem_601dd6a6ac,research_profile,Scopus,Scopus Author Profile,7402045068,https://www.scopus.com/authid/detail.uri?authorId=7402045068,Scholarly identifier,https://profiles.ucalgary.ca/bin-hu,matched_scopus_id,50
mem_601dd6a6ac,research_profile,PubMed,PubMed Author Search,,https://www.ncbi.nlm.nih.gov/pubmed?cmd=DetailsSearch&term=(%22university+of+calgary%22%5BAffiliation%5D+OR+%22alberta+Children%27s+hospital%22%5BAffiliation%5D)+AND+(bin+hu)&log$=activity,Publication index,https://profiles.ucalgary.ca/bin-hu,source_declared,60
mem_60ca7c3bc6,research_profile,UCalgary,UCalgary Profile,,https://profiles.ucalgary.ca/roger-thompson,Official institutional profile,https://profiles.ucalgary.ca/roger-thompson,official_source,10
mem_60ca7c3bc6,research_profile,Google Scholar,Google Scholar Profile,,https://scholar.google.com/citations?hl=en&user=sd2FoLgAAAAJ,Scholarly profile,https://profiles.ucalgary.ca/roger-thompson,source_declared,20
mem_60ca7c3bc6,research_profile,Scopus,Scopus Author Profile,7406368612,https://www.scopus.com/authid/detail.uri?authorId=7406368612,Scholarly identifier,https://profiles.ucalgary.ca/roger-thompson,matched_scopus_id,50
mem_60ca7c3bc6,research_ecosystem,Research Lab,Lab site,,https://www.pannexinexus.com,Research lab,https://profiles.ucalgary.ca/roger-thompson,source_declared,100
mem_613baceb13,research_profile,UCalgary,UCalgary Profile,,https://profiles.ucalgary.ca/lawrence-korngut,Official institutional profile,https://profiles.ucalgary.ca/lawrence-korngut,official_source,10
mem_613baceb13,research_profile,Scopus,Scopus Author Profile,6506115185,https://www.scopus.com/authid/detail.uri?authorId=6506115185,Scholarly identifier,https://profiles.ucalgary.ca/lawrence-korngut,matched_scopus_id,50
mem_61578b7504,research_profile,UCalgary,UCalgary Profile,,https://profiles.ucalgary.ca/susan-annetta-graham,Official institutional profile,https://profiles.ucalgary.ca/susan-annetta-graham,official_source,10
mem_61578b7504,research_profile,Google Scholar,Google Scholar Profile,,https://scholar.google.ca/citations?user=EA024GwAAAAJ&hl=en&oi=ao,Scholarly profile,https://profiles.ucalgary.ca/susan-annetta-graham,source_declared,20
mem_61578b7504,research_profile,Scopus,Scopus Author Profile,34770353900,https://www.scopus.com/authid/detail.uri?authorId=34770353900,Scholarly identifier,https://profiles.ucalgary.ca/susan-annetta-graham,matched_scopus_id,50
mem_61578b7504,research_profile,PubMed,PubMed Author Search,,https://www.ncbi.nlm.nih.gov/pubmed?cmd=DetailsSearch&term=susan+a+graham&log$=activity,Publication index,https://profiles.ucalgary.ca/susan-annetta-graham,source_declared,60
mem_61578b7504,research_ecosystem,Research Group,ChILD Research Group,,https://www.ucalgary.ca/child-infant-learning-development/home-0,Research group,https://profiles.ucalgary.ca/susan-annetta-graham,source_declared,100
mem_61578b7504,research_ecosystem,Research Lab,Language and Cognitive Development Lab,,https://ucalgary.ca/labs/language-cognitive-development,Research lab,https://profiles.ucalgary.ca/susan-annetta-graham,source_declared,100
mem_61578b7504,research_ecosystem,Research Centre,Owerko Centre,,https://cumming.ucalgary.ca/owerko/,Research centre,https://profiles.ucalgary.ca/susan-annetta-graham,source_declared,100
mem_61c2300e70,research_profile,UCalgary,UCalgary Profile,,https://profiles.ucalgary.ca/andreas-kramer,Official institutional profile,https://profiles.ucalgary.ca/andreas-kramer,official_source,10
mem_61c2300e70,research_profile,Scopus,Scopus Author Profile,23492276000,https://www.scopus.com/authid/detail.uri?authorId=23492276000,Scholarly identifier,https://profiles.ucalgary.ca/andreas-kramer,matched_scopus_id,50
mem_61c2300e70,research_profile,PubMed,PubMed Author Search,,https://pubmed.ncbi.nlm.nih.gov/?term=Kramer+Andreas&sort=date,Publication index,https://profiles.ucalgary.ca/andreas-kramer,source_declared,60
mem_622613bf11,research_profile,UCalgary,UCalgary Profile,,https://profiles.ucalgary.ca/signe-bray,Official institutional profile,https://profiles.ucalgary.ca/signe-bray,official_source,10
mem_622613bf11,research_profile,Scopus,Scopus Author Profile,16201997100,https://www.scopus.com/authid/detail.uri?authorId=16201997100,Scholarly identifier,https://profiles.ucalgary.ca/signe-bray,matched_scopus_id,50
mem_622613bf11,research_profile,PubMed,PubMed Author Search,,https://www.ncbi.nlm.nih.gov/pubmed?cmd=Search&term=Bray+Signe,Publication index,https://profiles.ucalgary.ca/signe-bray,source_declared,60
mem_622613bf11,research_ecosystem,Research Lab,Bray Neuroimaging Lab,,https://brayneuroimaginglab.ca/,Research lab,https://profiles.ucalgary.ca/signe-bray,source_declared,100
mem_638c45e04a,research_profile,UCalgary,UCalgary Profile,,https://profiles.ucalgary.ca/fady-girgis,Official institutional profile,https://profiles.ucalgary.ca/fady-girgis,official_source,10
mem_638c45e04a,research_profile,Scopus,Scopus Author Profile,37079128000,https://www.scopus.com/authid/detail.uri?authorId=37079128000,Scholarly identifier,https://profiles.ucalgary.ca/fady-girgis,matched_scopus_id,50
mem_638c45e04a,research_profile,PubMed,PubMed Author Search,,https://pubmed.ncbi.nlm.nih.gov/?term=Girgis%2C+Fady%5BAuthor%5D&sort=date&sort_order=desc,Publication index,https://profiles.ucalgary.ca/fady-girgis,source_declared,60
mem_65229f6177,research_profile,UCalgary,UCalgary Profile,,https://profiles.ucalgary.ca/sheri-madigan,Official institutional profile,https://profiles.ucalgary.ca/sheri-madigan,official_source,10
mem_65229f6177,research_profile,Google Scholar,Google Scholar Profile,,https://scholar.google.ca/citations?hl=en&user=j0n0wyAAAAAJ&view_op=list_works&sortby=pubdate,Scholarly profile,https://profiles.ucalgary.ca/sheri-madigan,source_declared,20
mem_65229f6177,research_profile,Scopus,Scopus Author Profile,7004362362,https://www.scopus.com/authid/detail.uri?authorId=7004362362,Scholarly identifier,https://profiles.ucalgary.ca/sheri-madigan,matched_scopus_id,50
mem_65229f6177,research_profile,PubMed,PubMed Author Search,,https://www.ncbi.nlm.nih.gov/pubmed?cmd=Search&term=Madigan+Sheri,Publication index,https://profiles.ucalgary.ca/sheri-madigan,source_declared,60
mem_65229f6177,research_profile,PubMed,PubMed Author Search,,https://pubmed.ncbi.nlm.nih.gov/?term=sheri+madigan&sort=date&sort_order=desc,Publication index,https://profiles.ucalgary.ca/sheri-madigan,source_declared,60
mem_65229f6177,research_ecosystem,Research Lab,Lab website,,https://www.madiganlab.org,Research lab,https://profiles.ucalgary.ca/sheri-madigan,source_declared,100
mem_656468a699,research_profile,UCalgary,UCalgary Profile,,https://profiles.ucalgary.ca/jackson-cone,Official institutional profile,https://profiles.ucalgary.ca/jackson-cone,official_source,10
mem_656468a699,research_profile,Google Scholar,Google Scholar Profile,,https://scholar.google.com/citations?user=8aq_SMwAAAAJ&hl=en,Scholarly profile,https://profiles.ucalgary.ca/jackson-cone,source_declared,20
mem_656468a699,research_profile,Scopus,Scopus Author Profile,25654669900,https://www.scopus.com/authid/detail.uri?authorId=25654669900,Scholarly identifier,https://profiles.ucalgary.ca/jackson-cone,matched_scopus_id,50
mem_656468a699,research_ecosystem,Research Lab,Lab Website,,https://conelab.ca,Research lab,https://profiles.ucalgary.ca/jackson-cone,source_declared,100
mem_667f73be93,research_profile,UCalgary,UCalgary Profile,,https://profiles.ucalgary.ca/kevin-douglas-busche,Official institutional profile,https://profiles.ucalgary.ca/kevin-douglas-busche,official_source,10
mem_667f73be93,research_profile,Scopus,Scopus Author Profile,8142439400,https://www.scopus.com/authid/detail.uri?authorId=8142439400,Scholarly identifier,https://profiles.ucalgary.ca/kevin-douglas-busche,matched_scopus_id,50
mem_67336e1dbb,research_profile,UCalgary,UCalgary Profile,,https://profiles.ucalgary.ca/alex-lohman,Official institutional profile,https://profiles.ucalgary.ca/alex-lohman,official_source,10
mem_67336e1dbb,research_profile,Scopus,Scopus Author Profile,37114422000,https://www.scopus.com/authid/detail.uri?authorId=37114422000,Scholarly identifier,https://profiles.ucalgary.ca/alex-lohman,matched_scopus_id,50
mem_67336e1dbb,research_profile,PubMed,PubMed Author Search,,https://www.ncbi.nlm.nih.gov/pubmed/?term=Lohman+AW,Publication index,https://profiles.ucalgary.ca/alex-lohman,source_declared,60
mem_67336e1dbb,research_ecosystem,Website,HBI website,,https://hbi.ucalgary.ca/profiles/dr-alexander-lohman,Associated website,https://profiles.ucalgary.ca/alex-lohman,source_declared,100
mem_6734c9213c,research_profile,UCalgary,UCalgary Profile,,https://profiles.ucalgary.ca/stephanie-dotchin,Official institutional profile,https://profiles.ucalgary.ca/stephanie-dotchin,official_source,10
mem_6734c9213c,research_profile,PubMed,PubMed Author Search,,https://pubmed.ncbi.nlm.nih.gov/?term=stephanie%20Dotchin,Publication index,https://profiles.ucalgary.ca/stephanie-dotchin,source_declared,60
mem_67b2999f43,research_profile,UCalgary,UCalgary Profile,,https://profiles.ucalgary.ca/michael-christopher-antle,Official institutional profile,https://profiles.ucalgary.ca/michael-christopher-antle,official_source,10
mem_67b2999f43,research_profile,Google Scholar,Google Scholar Profile,,https://scholar.google.ca/citations?hl=en&pli=1&user=tn5li5UAAAAJ,Scholarly profile,https://profiles.ucalgary.ca/michael-christopher-antle,source_declared,20
mem_67b2999f43,research_profile,Scopus,Scopus Author Profile,6603371089,https://www.scopus.com/authid/detail.uri?authorId=6603371089,Scholarly identifier,https://profiles.ucalgary.ca/michael-christopher-antle,matched_scopus_id,50
mem_684e36a1b2,research_profile,UCalgary,UCalgary Profile,,https://profiles.ucalgary.ca/steven-casha,Official institutional profile,https://profiles.ucalgary.ca/steven-casha,official_source,10
mem_684e36a1b2,research_profile,Scopus,Scopus Author Profile,6508391513,https://www.scopus.com/authid/detail.uri?authorId=6508391513,Scholarly identifier,https://profiles.ucalgary.ca/steven-casha,matched_scopus_id,50
mem_6a59c524fe,research_profile,UCalgary,UCalgary Profile,,https://profiles.ucalgary.ca/william-alexander-fletcher,Official institutional profile,https://profiles.ucalgary.ca/william-alexander-fletcher,official_source,10
mem_6a681336c2,research_profile,UCalgary,UCalgary Profile,,https://profiles.ucalgary.ca/donald-emile-addington,Official institutional profile,https://profiles.ucalgary.ca/donald-emile-addington,official_source,10
mem_6a681336c2,research_profile,Scopus,Scopus Author Profile,7005885143,https://www.scopus.com/authid/detail.uri?authorId=7005885143,Scholarly identifier,https://profiles.ucalgary.ca/donald-emile-addington,matched_scopus_id,50
mem_6a681336c2,research_profile,PubMed,PubMed Author Search,,https://pubmed.ncbi.nlm.nih.gov/?term=Addington+D,Publication index,https://profiles.ucalgary.ca/donald-emile-addington,source_declared,60
mem_6a980d0db4,research_profile,UCalgary,UCalgary Profile,,https://profiles.ucalgary.ca/rebecca-charbonneau,Official institutional profile,https://profiles.ucalgary.ca/rebecca-charbonneau,official_source,10
mem_6a980d0db4,research_profile,Scopus,Scopus Author Profile,57192980759,https://www.scopus.com/authid/detail.uri?authorId=57192980759,Scholarly identifier,https://profiles.ucalgary.ca/rebecca-charbonneau,matched_scopus_id,50
mem_6abb226805,research_profile,UCalgary,UCalgary Profile,,https://profiles.ucalgary.ca/jayna-holroyd-leduc,Official institutional profile,https://profiles.ucalgary.ca/jayna-holroyd-leduc,official_source,10
mem_6abb226805,research_profile,Scopus,Scopus Author Profile,6603151204,https://www.scopus.com/authid/detail.uri?authorId=6603151204,Scholarly identifier,https://profiles.ucalgary.ca/jayna-holroyd-leduc,matched_scopus_id,50
mem_6afc7989eb,research_profile,UCalgary,UCalgary Profile,,https://profiles.ucalgary.ca/audrey-ann-deneault,Official institutional profile,https://profiles.ucalgary.ca/audrey-ann-deneault,official_source,10
mem_6afc7989eb,research_profile,Scopus,Scopus Author Profile,57192177279,https://www.scopus.com/authid/detail.uri?authorId=57192177279,Scholarly identifier,https://profiles.ucalgary.ca/audrey-ann-deneault,matched_scopus_id,50
mem_6afc7989eb,research_ecosystem,Research Lab,Lab Website,,https://www.laboratoirerise.com/,Research lab,https://profiles.ucalgary.ca/audrey-ann-deneault,source_declared,100
mem_6b37eba80f,research_profile,UCalgary,UCalgary Profile,,https://profiles.ucalgary.ca/julia-kam,Official institutional profile,https://profiles.ucalgary.ca/julia-kam,official_source,10
mem_6b37eba80f,research_profile,Google Scholar,Google Scholar Profile,,https://scholar.google.com/citations?hl=en&user=JRiQoFgAAAAJ&view_op=list_works&sortby=pubdate,Scholarly profile,https://profiles.ucalgary.ca/julia-kam,source_declared,20
mem_6b37eba80f,research_profile,Scopus,Scopus Author Profile,36675244900,https://www.scopus.com/authid/detail.uri?authorId=36675244900,Scholarly identifier,https://profiles.ucalgary.ca/julia-kam,matched_scopus_id,50
mem_6b37eba80f,research_ecosystem,Research Lab,Internal Attention Lab,,https://www.internalattentionlab.ca/,Research lab,https://profiles.ucalgary.ca/julia-kam,source_declared,100
mem_6bb59a60cb,research_profile,UCalgary,UCalgary Profile,,https://profiles.ucalgary.ca/yves-starreveld,Official institutional profile,https://profiles.ucalgary.ca/yves-starreveld,official_source,10
mem_6bb59a60cb,research_profile,Scopus,Scopus Author Profile,6603318955,https://www.scopus.com/authid/detail.uri?authorId=6603318955,Scholarly identifier,https://profiles.ucalgary.ca/yves-starreveld,matched_scopus_id,50
mem_6bf0d57aba,research_profile,UCalgary,UCalgary Profile,,https://profiles.ucalgary.ca/jodie-burton,Official institutional profile,https://profiles.ucalgary.ca/jodie-burton,official_source,10
mem_6bf0d57aba,research_profile,Scopus,Scopus Author Profile,7403202577,https://www.scopus.com/authid/detail.uri?authorId=7403202577,Scholarly identifier,https://profiles.ucalgary.ca/jodie-burton,matched_scopus_id,50
mem_6c0f4891e4,research_profile,UCalgary,UCalgary Profile,,https://profiles.ucalgary.ca/kimberley-smaniotto-holmes,Official institutional profile,https://profiles.ucalgary.ca/kimberley-smaniotto-holmes,official_source,10
mem_6c0f4891e4,research_profile,ResearchGate,ResearchGate Profile,,https://www.researchgate.net/profile/Kimberley-Holmes,Scholarly profile,https://profiles.ucalgary.ca/kimberley-smaniotto-holmes,source_declared,40
mem_6d56bbe087,research_profile,UCalgary,UCalgary Profile,,https://profiles.ucalgary.ca/jonathan-lytton,Official institutional profile,https://profiles.ucalgary.ca/jonathan-lytton,official_source,10
mem_6d56bbe087,research_profile,Scopus,Scopus Author Profile,7006579200,https://www.scopus.com/authid/detail.uri?authorId=7006579200,Scholarly identifier,https://profiles.ucalgary.ca/jonathan-lytton,matched_scopus_id,50
mem_6d98d2c6bc,research_profile,UCalgary,UCalgary Profile,,https://profiles.ucalgary.ca/sheldon-roth,Official institutional profile,https://profiles.ucalgary.ca/sheldon-roth,official_source,10
mem_6da65fe265,research_profile,UCalgary,UCalgary Profile,,https://profiles.ucalgary.ca/boguslaw-tomanek,Official institutional profile,https://profiles.ucalgary.ca/boguslaw-tomanek,official_source,10
mem_6da65fe265,research_profile,Scopus,Scopus Author Profile,55865936500,https://www.scopus.com/authid/detail.uri?authorId=55865936500,Scholarly identifier,https://profiles.ucalgary.ca/boguslaw-tomanek,matched_scopus_id,50
mem_6dce23a68b,research_profile,UCalgary,UCalgary Profile,,https://profiles.ucalgary.ca/brandy-callahan,Official institutional profile,https://profiles.ucalgary.ca/brandy-callahan,official_source,10
mem_6dce23a68b,research_profile,Scopus,Scopus Author Profile,23033057400,https://www.scopus.com/authid/detail.uri?authorId=23033057400,Scholarly identifier,https://profiles.ucalgary.ca/brandy-callahan,matched_scopus_id,50
mem_6dce23a68b,research_profile,PubMed,PubMed Author Search,,https://pubmed.ncbi.nlm.nih.gov/?term=callahan%2C+brandy%5BAuthor%5D&sort=date,Publication index,https://profiles.ucalgary.ca/brandy-callahan,source_declared,60
mem_6dce23a68b,research_ecosystem,Website,Website,,https://www.neurocogdisorderslab.com/,Associated website,https://profiles.ucalgary.ca/brandy-callahan,source_declared,100
mem_6e27953757,research_profile,UCalgary,UCalgary Profile,,https://profiles.ucalgary.ca/katherine-bright,Official institutional profile,https://profiles.ucalgary.ca/katherine-bright,official_source,10
mem_6e27953757,research_profile,Scopus,Scopus Author Profile,57195310236,https://www.scopus.com/authid/detail.uri?authorId=57195310236,Scholarly identifier,https://profiles.ucalgary.ca/katherine-bright,matched_scopus_id,50
mem_6f76ca3c25,research_profile,UCalgary,UCalgary Profile,,https://profiles.ucalgary.ca/monty-ghosh,Official institutional profile,https://profiles.ucalgary.ca/monty-ghosh,official_source,10
mem_6f76ca3c25,research_profile,Google Scholar,Google Scholar Profile,,https://scholar.google.ca/citations?user=5JMSpy0AAAAJ&hl=en,Scholarly profile,https://profiles.ucalgary.ca/monty-ghosh,source_declared,20
mem_6f76ca3c25,research_profile,Scopus,Scopus Author Profile,57212175575,https://www.scopus.com/authid/detail.uri?authorId=57212175575,Scholarly identifier,https://profiles.ucalgary.ca/monty-ghosh,matched_scopus_id,50
mem_6fad50104e,research_profile,UCalgary,UCalgary Profile,,https://profiles.ucalgary.ca/william-kenyon-stell,Official institutional profile,https://profiles.ucalgary.ca/william-kenyon-stell,official_source,10
mem_6fad50104e,research_profile,Scopus,Scopus Author Profile,7006196524,https://www.scopus.com/authid/detail.uri?authorId=7006196524,Scholarly identifier,https://profiles.ucalgary.ca/william-kenyon-stell,matched_scopus_id,50
mem_707257fb34,research_profile,UCalgary,UCalgary Profile,,https://profiles.ucalgary.ca/jenny-godley,Official institutional profile,https://profiles.ucalgary.ca/jenny-godley,official_source,10
mem_707257fb34,research_profile,Scopus,Scopus Author Profile,25653973800,https://www.scopus.com/authid/detail.uri?authorId=25653973800,Scholarly identifier,https://profiles.ucalgary.ca/jenny-godley,matched_scopus_id,50
mem_732e519cbb,research_profile,UCalgary,UCalgary Profile,,https://profiles.ucalgary.ca/yunyan-zhang,Official institutional profile,https://profiles.ucalgary.ca/yunyan-zhang,official_source,10
mem_732e519cbb,research_profile,Scopus,Scopus Author Profile,15043385100,https://www.scopus.com/authid/detail.uri?authorId=15043385100,Scholarly identifier,https://profiles.ucalgary.ca/yunyan-zhang,matched_scopus_id,50
mem_7467cd8626,research_profile,UCalgary,UCalgary Profile,,https://profiles.ucalgary.ca/lori-montgomery,Official institutional profile,https://profiles.ucalgary.ca/lori-montgomery,official_source,10
mem_7467cd8626,research_profile,Scopus,Scopus Author Profile,57132298400,https://www.scopus.com/authid/detail.uri?authorId=57132298400,Scholarly identifier,https://profiles.ucalgary.ca/lori-montgomery,matched_scopus_id,50
mem_74bc2844fc,research_profile,UCalgary,UCalgary Profile,,https://profiles.ucalgary.ca/jonathan-smirl,Official institutional profile,https://profiles.ucalgary.ca/jonathan-smirl,official_source,10
mem_74bc2844fc,research_profile,Google Scholar,Google Scholar Profile,,https://scholar.google.com/citations?user=fgxJMVEAAAAJ&hl=en&oi=sra,Scholarly profile,https://profiles.ucalgary.ca/jonathan-smirl,source_declared,20
mem_74bc2844fc,research_profile,Scopus,Scopus Author Profile,36961315300,https://www.scopus.com/authid/detail.uri?authorId=36961315300,Scholarly identifier,https://profiles.ucalgary.ca/jonathan-smirl,matched_scopus_id,50
mem_74bc2844fc,research_profile,PubMed,PubMed Author Search,,https://www.ncbi.nlm.nih.gov/pubmed/?term=smirl+j,Publication index,https://profiles.ucalgary.ca/jonathan-smirl,source_declared,60
mem_74bc2844fc,research_profile,PubMed,PubMed Author Search,,https://pubmed.ncbi.nlm.nih.gov/?term=Smirl+J,Publication index,https://profiles.ucalgary.ca/jonathan-smirl,source_declared,60
mem_74c0a59289,research_profile,UCalgary,UCalgary Profile,,https://profiles.ucalgary.ca/yingxu-wang,Official institutional profile,https://profiles.ucalgary.ca/yingxu-wang,official_source,10
mem_74c0a59289,research_profile,Scopus,Scopus Author Profile,7601492153,https://www.scopus.com/authid/detail.uri?authorId=7601492153,Scholarly identifier,https://profiles.ucalgary.ca/yingxu-wang,matched_scopus_id,50
mem_74c0a59289,research_ecosystem,Website,Website,,https://www.i2cicc.org/,Associated website,https://profiles.ucalgary.ca/yingxu-wang,source_declared,100
mem_750ab2b996,research_profile,UCalgary,UCalgary Profile,,https://profiles.ucalgary.ca/quan-long,Official institutional profile,https://profiles.ucalgary.ca/quan-long,official_source,10
mem_750ab2b996,research_profile,Google Scholar,Google Scholar Profile,,https://scholar.google.com/citations?hl=en&user=o1BYTL4AAAAJ,Scholarly profile,https://profiles.ucalgary.ca/quan-long,source_declared,20
mem_750ab2b996,research_profile,Scopus,Scopus Author Profile,55573791400,https://www.scopus.com/authid/detail.uri?authorId=55573791400,Scholarly identifier,https://profiles.ucalgary.ca/quan-long,matched_scopus_id,50
mem_750ab2b996,research_profile,PubMed,PubMed Author Search,,https://pubmed.ncbi.nlm.nih.gov/?term=Quan+Long+Calgary&sort=pubdate&size=50,Publication index,https://profiles.ucalgary.ca/quan-long,source_declared,60
mem_75b070759e,research_profile,UCalgary,UCalgary Profile,,https://profiles.ucalgary.ca/christoph-simon,Official institutional profile,https://profiles.ucalgary.ca/christoph-simon,official_source,10
mem_75b070759e,research_profile,Scopus,Scopus Author Profile,57211931231,https://www.scopus.com/authid/detail.uri?authorId=57211931231,Scholarly identifier,https://profiles.ucalgary.ca/christoph-simon,matched_scopus_id,50
mem_75b070759e,research_ecosystem,Website,Please visit the IQST.ca website,,https://iqst.ca/people/peoplepage.php?id=225,Associated website,https://profiles.ucalgary.ca/christoph-simon,source_declared,100
mem_75b070759e,research_ecosystem,Website,Website,,https://www.iqst.ca/people/peoplepage.php?id=225,Associated website,https://profiles.ucalgary.ca/christoph-simon,source_declared,100
mem_76e8d167a4,research_profile,UCalgary,UCalgary Profile,,https://profiles.ucalgary.ca/anne-duffy,Official institutional profile,https://profiles.ucalgary.ca/anne-duffy,official_source,10
mem_7775deb1e5,research_profile,UCalgary,UCalgary Profile,,https://profiles.ucalgary.ca/shawn-currie,Official institutional profile,https://profiles.ucalgary.ca/shawn-currie,official_source,10
mem_7775deb1e5,research_profile,Scopus,Scopus Author Profile,7006094225,https://www.scopus.com/authid/detail.uri?authorId=7006094225,Scholarly identifier,https://profiles.ucalgary.ca/shawn-currie,matched_scopus_id,50
mem_7892ba722a,research_profile,UCalgary,UCalgary Profile,,https://profiles.ucalgary.ca/bonnie-kaplan,Official institutional profile,https://profiles.ucalgary.ca/bonnie-kaplan,official_source,10
mem_7892ba722a,research_profile,PubMed,PubMed Author Search,,https://www.ncbi.nlm.nih.gov/pubmed/?term=%22Kaplan+BJ%22+%5BAUTHOR%5D+AND+(Calgary),Publication index,https://profiles.ucalgary.ca/bonnie-kaplan,source_declared,60
mem_7892ba722a,research_ecosystem,Website,Website,,https://www.bonniejkaplan.com/,Associated website,https://profiles.ucalgary.ca/bonnie-kaplan,source_declared,100
mem_78b75777c4,research_profile,UCalgary,UCalgary Profile,,https://profiles.ucalgary.ca/christopher-kirton,Official institutional profile,https://profiles.ucalgary.ca/christopher-kirton,official_source,10
mem_78b75777c4,research_profile,Google Scholar,Google Scholar Profile,,https://scholar.google.com/citations?user=9pw8FNkAAAAJ&hl=en&oi=ao,Scholarly profile,https://profiles.ucalgary.ca/christopher-kirton,source_declared,20
mem_78b75777c4,research_profile,PubMed,PubMed Author Search,,https://pubmed.ncbi.nlm.nih.gov/?term=kirton+a&sort=date,Publication index,https://profiles.ucalgary.ca/christopher-kirton,source_declared,60
mem_79f23a1fd5,research_profile,UCalgary,UCalgary Profile,,https://profiles.ucalgary.ca/ranita-manocha,Official institutional profile,https://profiles.ucalgary.ca/ranita-manocha,official_source,10
mem_79f23a1fd5,research_profile,Scopus,Scopus Author Profile,16310047000,https://www.scopus.com/authid/detail.uri?authorId=16310047000,Scholarly identifier,https://profiles.ucalgary.ca/ranita-manocha,matched_scopus_id,50
mem_79f23a1fd5,research_profile,PubMed,PubMed Author Search,,https://pubmed.ncbi.nlm.nih.gov/?term=ranita+manocha,Publication index,https://profiles.ucalgary.ca/ranita-manocha,source_declared,60
mem_79f23a1fd5,research_ecosystem,Research Lab,Better Mobility Lab Instagram,,https://www.instagram.com/bettermobilitylab/,Research lab,https://profiles.ucalgary.ca/ranita-manocha,source_declared,100
mem_79f23a1fd5,research_ecosystem,Research Lab,Better Mobility Lab Twitter,,https://twitter.com/mobilitybetter,Research lab,https://profiles.ucalgary.ca/ranita-manocha,source_declared,100
mem_79f23a1fd5,research_ecosystem,Research Lab,Better Mobility Lab Website,,https://cumming.ucalgary.ca/labs/better-mobility,Research lab,https://profiles.ucalgary.ca/ranita-manocha,source_declared,100
mem_79f23a1fd5,research_ecosystem,Research Lab,Better Mobility Lab YouTube Channel,,https://www.youtube.com/@BetterMobilityLab,Research lab,https://profiles.ucalgary.ca/ranita-manocha,source_declared,100
mem_7a1797f182,research_profile,UCalgary,UCalgary Profile,,https://profiles.ucalgary.ca/bryan-yipp,Official institutional profile,https://profiles.ucalgary.ca/bryan-yipp,official_source,10
mem_7a1797f182,research_profile,Google Scholar,Google Scholar Profile,,https://scholar.google.ca/citations?user=-y-yqgoAAAAJ&hl=en,Scholarly profile,https://profiles.ucalgary.ca/bryan-yipp,source_declared,20
mem_7a1797f182,research_profile,PubMed,PubMed Author Search,,https://pubmed.ncbi.nlm.nih.gov/?term=Yipp+BG&sort=date,Publication index,https://profiles.ucalgary.ca/bryan-yipp,source_declared,60
mem_7a1797f182,research_ecosystem,Research Lab,lab website,,https://www.yipplab.com/,Research lab,https://profiles.ucalgary.ca/bryan-yipp,source_declared,100
mem_7a99d9b527,research_profile,UCalgary,UCalgary Profile,,https://cumming.ucalgary.ca/departments/physiology-pharmacology/morley-hollenberg,Official institutional profile,https://cumming.ucalgary.ca/departments/physiology-pharmacology/morley-hollenberg,official_source,10
mem_7a99d9b527,research_profile,PubMed,PubMed Author Search,,https://www.ncbi.nlm.nih.gov/sites/entrez?db=pubmed&cmd=DetailsSearch&term=(Hollenberg+MD[Author]),Publication index,https://cumming.ucalgary.ca/departments/physiology-pharmacology/morley-hollenberg,source_declared,60
mem_7be3b79e71,research_profile,UCalgary,UCalgary Profile,,https://profiles.ucalgary.ca/laura-curiel,Official institutional profile,https://profiles.ucalgary.ca/laura-curiel,official_source,10
mem_7be3b79e71,research_profile,Scopus,Scopus Author Profile,6602806690,https://www.scopus.com/authid/detail.uri?authorId=6602806690,Scholarly identifier,https://profiles.ucalgary.ca/laura-curiel,matched_scopus_id,50
mem_7be3b79e71,research_ecosystem,Research Lab,Dr. Laura Curiel Lab,,https://www.ustlab.ca/,Research lab,https://profiles.ucalgary.ca/laura-curiel,source_declared,100
mem_7d3968111f,research_profile,UCalgary,UCalgary Profile,,https://profiles.ucalgary.ca/jodie-roberts,Official institutional profile,https://profiles.ucalgary.ca/jodie-roberts,official_source,10
mem_7d3968111f,research_profile,Google Scholar,Google Scholar Profile,,https://scholar.google.com/citations?user=DadyMJcAAAAJ&hl=en,Scholarly profile,https://profiles.ucalgary.ca/jodie-roberts,source_declared,20
mem_81c06ea20f,research_profile,UCalgary,UCalgary Profile,,https://profiles.ucalgary.ca/richard-bernard-hawkes,Official institutional profile,https://profiles.ucalgary.ca/richard-bernard-hawkes,official_source,10
mem_81c06ea20f,research_profile,Scopus,Scopus Author Profile,7102868438,https://www.scopus.com/authid/detail.uri?authorId=7102868438,Scholarly identifier,https://profiles.ucalgary.ca/richard-bernard-hawkes,matched_scopus_id,50
mem_81c06ea20f,research_profile,PubMed,PubMed Author Search,,https://www.ncbi.nlm.nih.gov/pubmed?cmd=DetailsSearch&term=richard+hawkes&save_search=true,Publication index,https://profiles.ucalgary.ca/richard-bernard-hawkes,source_declared,60
mem_82005c4912,research_profile,UCalgary,UCalgary Profile,,https://profiles.ucalgary.ca/grant-robert-gordon,Official institutional profile,https://profiles.ucalgary.ca/grant-robert-gordon,official_source,10
mem_82005c4912,research_profile,Google Scholar,Google Scholar Profile,,https://scholar.google.com/citations?user=UxtwQr8AAAAJ&hl=en,Scholarly profile,https://profiles.ucalgary.ca/grant-robert-gordon,source_declared,20
mem_82005c4912,research_profile,Scopus,Scopus Author Profile,7202472279,https://www.scopus.com/authid/detail.uri?authorId=7202472279,Scholarly identifier,https://profiles.ucalgary.ca/grant-robert-gordon,matched_scopus_id,50
mem_830cb17f4e,research_profile,UCalgary,UCalgary Profile,,https://profiles.ucalgary.ca/guillaume-millet,Official institutional profile,https://profiles.ucalgary.ca/guillaume-millet,official_source,10
mem_830cb17f4e,research_profile,Scopus,Scopus Author Profile,7006255382,https://www.scopus.com/authid/detail.uri?authorId=7006255382,Scholarly identifier,https://profiles.ucalgary.ca/guillaume-millet,matched_scopus_id,50
mem_830cb17f4e,research_profile,PubMed,PubMed Author Search,,https://www.ncbi.nlm.nih.gov/pubmed/?term=Millet+GY,Publication index,https://profiles.ucalgary.ca/guillaume-millet,source_declared,60
mem_830cb17f4e,research_ecosystem,Research Lab,Neuromuscular Fatigue Lab,,https://www.ucalgary.ca/nmfl/,Research lab,https://profiles.ucalgary.ca/guillaume-millet,source_declared,100
mem_834ac572c9,research_profile,UCalgary,UCalgary Profile,,https://profiles.ucalgary.ca/steven-peters,Official institutional profile,https://profiles.ucalgary.ca/steven-peters,official_source,10
mem_834ac572c9,research_profile,Scopus,Scopus Author Profile,57194272197,https://www.scopus.com/authid/detail.uri?authorId=57194272197,Scholarly identifier,https://profiles.ucalgary.ca/steven-peters,matched_scopus_id,50
mem_83852004c1,research_profile,UCalgary,UCalgary Profile,,https://profiles.ucalgary.ca/shelagh-coutts,Official institutional profile,https://profiles.ucalgary.ca/shelagh-coutts,official_source,10
mem_83852004c1,research_profile,Scopus,Scopus Author Profile,35510420900,https://www.scopus.com/authid/detail.uri?authorId=35510420900,Scholarly identifier,https://profiles.ucalgary.ca/shelagh-coutts,matched_scopus_id,50
mem_8466f664c9,research_profile,UCalgary,UCalgary Profile,,https://profiles.ucalgary.ca/guang-yang-0,Official institutional profile,https://profiles.ucalgary.ca/guang-yang-0,official_source,10
mem_8466f664c9,research_profile,Scopus,Scopus Author Profile,56975659000,https://www.scopus.com/authid/detail.uri?authorId=56975659000,Scholarly identifier,https://profiles.ucalgary.ca/guang-yang-0,matched_scopus_id,50
mem_84f207cee7,research_profile,UCalgary,UCalgary Profile,,https://profiles.ucalgary.ca/richard-frayne,Official institutional profile,https://profiles.ucalgary.ca/richard-frayne,official_source,10
mem_84f207cee7,research_profile,Google Scholar,Google Scholar Profile,,https://scholar.google.ca/citations?hl=en&user=DsopmdYAAAAJ&view_op=list_works&authuser=1&sortby=pubdate,Scholarly profile,https://profiles.ucalgary.ca/richard-frayne,source_declared,20
mem_84f207cee7,research_profile,ORCID,ORCID Profile,0000-0003-0358-1210,https://orcid.org/0000-0003-0358-1210,Scholarly identifier,https://profiles.ucalgary.ca/richard-frayne,source_declared,30
mem_84f207cee7,research_profile,Scopus,Scopus Author Profile,7005003487,https://www.scopus.com/authid/detail.uri?authorId=7005003487,Scholarly identifier,https://profiles.ucalgary.ca/richard-frayne,matched_scopus_id,50
mem_84f207cee7,research_profile,PubMed,PubMed Author Search,,https://pubmed.ncbi.nlm.nih.gov/?term=Frayne%2C%20R%20NOT%20Frayne%2CRJ&sort=date,Publication index,https://profiles.ucalgary.ca/richard-frayne,source_declared,60
mem_84f207cee7,research_ecosystem,Research Institute,Hotchkiss Brain Institute website,,https://www.ucalgary.ca/hbi,Research institute,https://profiles.ucalgary.ca/richard-frayne,source_declared,100
mem_84f207cee7,research_ecosystem,Research Lab,Laboratory website,,https://www.ucalgary.ca/vil/,Research lab,https://profiles.ucalgary.ca/richard-frayne,source_declared,100
mem_84f207cee7,research_ecosystem,Research Centre,Seaman Family Centre website,,https://mrcentre.ca,Research centre,https://profiles.ucalgary.ca/richard-frayne,source_declared,100
mem_86be4543f1,research_profile,UCalgary,UCalgary Profile,,https://profiles.ucalgary.ca/michael-adrian-colicos,Official institutional profile,https://profiles.ucalgary.ca/michael-adrian-colicos,official_source,10
mem_86be4543f1,research_profile,Scopus,Scopus Author Profile,6603493761,https://www.scopus.com/authid/detail.uri?authorId=6603493761,Scholarly identifier,https://profiles.ucalgary.ca/michael-adrian-colicos,matched_scopus_id,50
mem_86be4543f1,research_profile,PubMed,PubMed Author Search,,https://www.ncbi.nlm.nih.gov/pubmed?term=michael%20colicos,Publication index,https://profiles.ucalgary.ca/michael-adrian-colicos,source_declared,60
mem_8777c1db23,research_profile,UCalgary,UCalgary Profile,,https://profiles.ucalgary.ca/tanya-mudry,Official institutional profile,https://profiles.ucalgary.ca/tanya-mudry,official_source,10
mem_8777c1db23,research_profile,Google Scholar,Google Scholar Profile,,https://scholar.google.com/citations?user=DcoA2z8AAAAJ&hl=en,Scholarly profile,https://profiles.ucalgary.ca/tanya-mudry,source_declared,20
mem_8777c1db23,research_profile,ResearchGate,ResearchGate Profile,,https://www.researchgate.net/profile/Tanya-Mudry,Scholarly profile,https://profiles.ucalgary.ca/tanya-mudry,source_declared,40
mem_8777c1db23,research_profile,Scopus,Scopus Author Profile,6507459781,https://www.scopus.com/authid/detail.uri?authorId=6507459781,Scholarly identifier,https://profiles.ucalgary.ca/tanya-mudry,matched_scopus_id,50
mem_88d32b9f14,research_profile,UCalgary,UCalgary Profile,,https://profiles.ucalgary.ca/steven-prescott,Official institutional profile,https://profiles.ucalgary.ca/steven-prescott,official_source,10
mem_88d32b9f14,research_ecosystem,Research Lab,lab site,,https://prescottlab.ca,Research lab,https://profiles.ucalgary.ca/steven-prescott,source_declared,100
mem_8a450c06b9,research_profile,UCalgary,UCalgary Profile,,https://profiles.ucalgary.ca/sarah-furtado,Official institutional profile,https://profiles.ucalgary.ca/sarah-furtado,official_source,10
mem_8a450c06b9,research_profile,Scopus,Scopus Author Profile,7003804621,https://www.scopus.com/authid/detail.uri?authorId=7003804621,Scholarly identifier,https://profiles.ucalgary.ca/sarah-furtado,matched_scopus_id,50
mem_8b49df0680,research_profile,UCalgary,UCalgary Profile,,https://profiles.ucalgary.ca/voon-wee-yong,Official institutional profile,https://profiles.ucalgary.ca/voon-wee-yong,official_source,10
mem_8b49df0680,research_ecosystem,Research Lab,Yong Lab,,https://live-cumming.ucalgary.ca/labs/reparative-neuroinflammation/home,Research lab,https://profiles.ucalgary.ca/voon-wee-yong,source_declared,100
mem_8bfbd806c9,research_profile,UCalgary,UCalgary Profile,,https://profiles.ucalgary.ca/amanda-tyndall,Official institutional profile,https://profiles.ucalgary.ca/amanda-tyndall,official_source,10
mem_8bfbd806c9,research_profile,Scopus,Scopus Author Profile,36461922300,https://www.scopus.com/authid/detail.uri?authorId=36461922300,Scholarly identifier,https://profiles.ucalgary.ca/amanda-tyndall,matched_scopus_id,50
mem_8bfbd806c9,research_profile,PubMed,PubMed Author Search,,https://pubmed.ncbi.nlm.nih.gov/?term=amanda%20v%20tyndall&sort=date&ac=yes,Publication index,https://profiles.ucalgary.ca/amanda-tyndall,source_declared,60
mem_8c725171a4,research_profile,UCalgary,UCalgary Profile,,https://profiles.ucalgary.ca/gail-diane-kopp,Official institutional profile,https://profiles.ucalgary.ca/gail-diane-kopp,official_source,10
mem_8c725171a4,research_profile,Scopus,Scopus Author Profile,55183562900,https://www.scopus.com/authid/detail.uri?authorId=55183562900,Scholarly identifier,https://profiles.ucalgary.ca/gail-diane-kopp,matched_scopus_id,50
mem_8cb7ffa789,research_profile,UCalgary,UCalgary Profile,,https://profiles.ucalgary.ca/carlos-camara-lemarroy,Official institutional profile,https://profiles.ucalgary.ca/carlos-camara-lemarroy,official_source,10
mem_8cb7ffa789,research_profile,Scopus,Scopus Author Profile,25930248200,https://www.scopus.com/authid/detail.uri?authorId=25930248200,Scholarly identifier,https://profiles.ucalgary.ca/carlos-camara-lemarroy,matched_scopus_id,50
mem_8d1d2f6903,research_profile,UCalgary,UCalgary Profile,,https://profiles.ucalgary.ca/omid-kiamanesh,Official institutional profile,https://profiles.ucalgary.ca/omid-kiamanesh,official_source,10
mem_8e0084f520,research_profile,UCalgary,UCalgary Profile,,https://profiles.ucalgary.ca/jennifer-chan,Official institutional profile,https://profiles.ucalgary.ca/jennifer-chan,official_source,10
mem_8e0084f520,research_profile,Scopus,Scopus Author Profile,56506102500,https://www.scopus.com/authid/detail.uri?authorId=56506102500,Scholarly identifier,https://profiles.ucalgary.ca/jennifer-chan,matched_scopus_id,50
mem_8e0084f520,research_profile,PubMed,PubMed Author Search,,https://pubmed.ncbi.nlm.nih.gov/?term=Chan%20JA%5BAuthor%5D%20AND%20Calgary%5BAffiliation%5D,Publication index,https://profiles.ucalgary.ca/jennifer-chan,source_declared,60
mem_90269b0602,research_profile,UCalgary,UCalgary Profile,,https://profiles.ucalgary.ca/keith-alexander-sharkey,Official institutional profile,https://profiles.ucalgary.ca/keith-alexander-sharkey,official_source,10
mem_90269b0602,research_profile,Google Scholar,Google Scholar Profile,,https://scholar.google.com/citations?user=5kFjd7oAAAAJ&hl=en,Scholarly profile,https://profiles.ucalgary.ca/keith-alexander-sharkey,source_declared,20
mem_90269b0602,research_profile,ORCID,ORCID Profile,0000-0001-9560-1711,https://orcid.org/0000-0001-9560-1711,Scholarly identifier,https://profiles.ucalgary.ca/keith-alexander-sharkey,source_declared,30
mem_90269b0602,research_profile,Scopus,Scopus Author Profile,35515028700,https://www.scopus.com/authid/detail.uri?authorId=35515028700,Scholarly identifier,https://profiles.ucalgary.ca/keith-alexander-sharkey,matched_scopus_id,50
mem_90269b0602,research_ecosystem,Research Lab,Lab website,,https://cumming.ucalgary.ca/labs/sharkey,Research lab,https://profiles.ucalgary.ca/keith-alexander-sharkey,source_declared,100
mem_902f442140,research_profile,UCalgary,UCalgary Profile,,https://profiles.ucalgary.ca/morris-scantlebury,Official institutional profile,https://profiles.ucalgary.ca/morris-scantlebury,official_source,10
mem_902f442140,research_profile,Scopus,Scopus Author Profile,6603917333,https://www.scopus.com/authid/detail.uri?authorId=6603917333,Scholarly identifier,https://profiles.ucalgary.ca/morris-scantlebury,matched_scopus_id,50
mem_902f442140,research_profile,PubMed,PubMed Author Search,,https://pubmed.ncbi.nlm.nih.gov/?term=morris+scantlebury&sort=date,Publication index,https://profiles.ucalgary.ca/morris-scantlebury,source_declared,60
mem_902f442140,research_ecosystem,Website,Website,,https://www.scantleburylab.com/,Associated website,https://profiles.ucalgary.ca/morris-scantlebury,source_declared,100
mem_90ed7fe13a,research_profile,UCalgary,UCalgary Profile,,https://profiles.ucalgary.ca/philip-barber,Official institutional profile,https://profiles.ucalgary.ca/philip-barber,official_source,10
mem_90ed7fe13a,research_profile,Google Scholar,Google Scholar Profile,,https://scholar.google.ca/citations?hl=en&user=t1KUy6oAAAAJ&view_op=list_works&gmla=AJsN-F6B8mwk9blMsRKT-EGphh7_p90x7xVZojQPxYftUYIrMR3ovvAOcNqeoWR5b6hgf6dHwbnoW_komYz76IXvrMhqy_2JHMt6HCV7HYxsentjbnnXiY8,Scholarly profile,https://profiles.ucalgary.ca/philip-barber,source_declared,20
mem_90ed7fe13a,research_profile,Scopus,Scopus Author Profile,56491435200,https://www.scopus.com/authid/detail.uri?authorId=56491435200,Scholarly identifier,https://profiles.ucalgary.ca/philip-barber,matched_scopus_id,50
mem_92099adba8,research_profile,UCalgary,UCalgary Profile,,https://profiles.ucalgary.ca/javier-orlandi,Official institutional profile,https://profiles.ucalgary.ca/javier-orlandi,official_source,10
mem_92099adba8,research_profile,Google Scholar,Google Scholar Profile,,https://scholar.google.ca/citations?user=Zfdn9FkAAAAJ&hl=en,Scholarly profile,https://profiles.ucalgary.ca/javier-orlandi,source_declared,20
mem_92099adba8,research_profile,ORCID,ORCID Profile,0000-0001-5683-1717,https://orcid.org/0000-0001-5683-1717,Scholarly identifier,https://profiles.ucalgary.ca/javier-orlandi,source_declared,30
mem_92099adba8,research_profile,Scopus,Scopus Author Profile,26659171200,https://www.scopus.com/authid/detail.uri?authorId=26659171200,Scholarly identifier,https://profiles.ucalgary.ca/javier-orlandi,matched_scopus_id,50
mem_9211234ed6,research_profile,UCalgary,UCalgary Profile,,https://profiles.ucalgary.ca/kenneth-lukowiak,Official institutional profile,https://profiles.ucalgary.ca/kenneth-lukowiak,official_source,10
mem_9211234ed6,research_profile,Scopus,Scopus Author Profile,7005303115,https://www.scopus.com/authid/detail.uri?authorId=7005303115,Scholarly identifier,https://profiles.ucalgary.ca/kenneth-lukowiak,matched_scopus_id,50
mem_92c2e98ac3,research_profile,UCalgary,UCalgary Profile,,https://profiles.ucalgary.ca/candice-poon,Official institutional profile,https://profiles.ucalgary.ca/candice-poon,official_source,10
mem_92c2e98ac3,research_profile,Scopus,Scopus Author Profile,57158740200,https://www.scopus.com/authid/detail.uri?authorId=57158740200,Scholarly identifier,https://profiles.ucalgary.ca/candice-poon,matched_scopus_id,50
mem_92c2e98ac3,research_ecosystem,Research Lab,Poon Laboratory Website,,https://ccpoonlab.com/,Research lab,https://profiles.ucalgary.ca/candice-poon,source_declared,100
mem_92df5b400e,research_profile,UCalgary,UCalgary Profile,,https://profiles.ucalgary.ca/guillermo-delgado-garcia,Official institutional profile,https://profiles.ucalgary.ca/guillermo-delgado-garcia,official_source,10
mem_92df5b400e,research_profile,Google Scholar,Google Scholar Profile,,https://scholar.google.com/citations?user=ShWuQiQAAAAJ&hl,Scholarly profile,https://profiles.ucalgary.ca/guillermo-delgado-garcia,source_declared,20
mem_92df5b400e,research_profile,ResearchGate,ResearchGate Profile,,https://www.researchgate.net/profile/Guillermo-Delgado-Garcia,Scholarly profile,https://profiles.ucalgary.ca/guillermo-delgado-garcia,source_declared,40
mem_92fd45a247,research_profile,UCalgary,UCalgary Profile,,https://profiles.ucalgary.ca/colin-dalton,Official institutional profile,https://profiles.ucalgary.ca/colin-dalton,official_source,10
mem_92fd45a247,research_profile,Google Scholar,Google Scholar Profile,,https://scholar.google.ca/citations?user=AMd_qwwAAAAJ,Scholarly profile,https://profiles.ucalgary.ca/colin-dalton,source_declared,20
mem_92fd45a247,research_profile,ORCID,ORCID Profile,0000-0001-7855-2727,https://orcid.org/0000-0001-7855-2727,Scholarly identifier,https://profiles.ucalgary.ca/colin-dalton,source_declared,30
mem_92fd45a247,research_profile,Scopus,Scopus Author Profile,7101873471,https://www.scopus.com/authid/detail.uri?authorId=7101873471,Scholarly identifier,https://profiles.ucalgary.ca/colin-dalton,matched_scopus_id,50
mem_9351de2a6f,research_profile,UCalgary,UCalgary Profile,,https://profiles.ucalgary.ca/daniel-kopala-sibley,Official institutional profile,https://profiles.ucalgary.ca/daniel-kopala-sibley,official_source,10
mem_9351de2a6f,research_profile,Google Scholar,Google Scholar Profile,,https://scholar.google.ca/citations?user=52N7y9MAAAAJ&hl=en,Scholarly profile,https://profiles.ucalgary.ca/daniel-kopala-sibley,source_declared,20
mem_9351de2a6f,research_profile,ResearchGate,ResearchGate Profile,,https://www.researchgate.net/profile/Daniel_Kopala-Sibley,Scholarly profile,https://profiles.ucalgary.ca/daniel-kopala-sibley,source_declared,40
mem_9351de2a6f,research_profile,Scopus,Scopus Author Profile,35324932200,https://www.scopus.com/authid/detail.uri?authorId=35324932200,Scholarly identifier,https://profiles.ucalgary.ca/daniel-kopala-sibley,matched_scopus_id,50
mem_935d12576d,research_profile,UCalgary,UCalgary Profile,,https://profiles.ucalgary.ca/samuel-weiss,Official institutional profile,https://profiles.ucalgary.ca/samuel-weiss,official_source,10
mem_935d12576d,research_profile,Scopus,Scopus Author Profile,35427055700,https://www.scopus.com/authid/detail.uri?authorId=35427055700,Scholarly identifier,https://profiles.ucalgary.ca/samuel-weiss,matched_scopus_id,50
mem_935d12576d,research_profile,PubMed,PubMed Author Search,,https://pubmed.ncbi.nlm.nih.gov/?term=samuel%20weiss,Publication index,https://profiles.ucalgary.ca/samuel-weiss,source_declared,60
mem_945a42f165,research_profile,UCalgary,UCalgary Profile,,https://profiles.ucalgary.ca/andrew-gabriel-mckay-bulloch,Official institutional profile,https://profiles.ucalgary.ca/andrew-gabriel-mckay-bulloch,official_source,10
mem_945a42f165,research_profile,Scopus,Scopus Author Profile,7005805443,https://www.scopus.com/authid/detail.uri?authorId=7005805443,Scholarly identifier,https://profiles.ucalgary.ca/andrew-gabriel-mckay-bulloch,matched_scopus_id,50
mem_9461efbef5,research_profile,UCalgary,UCalgary Profile,,https://profiles.ucalgary.ca/alan-mcluckie,Official institutional profile,https://profiles.ucalgary.ca/alan-mcluckie,official_source,10
mem_9461efbef5,research_profile,Scopus,Scopus Author Profile,19337566000,https://www.scopus.com/authid/detail.uri?authorId=19337566000,Scholarly identifier,https://profiles.ucalgary.ca/alan-mcluckie,matched_scopus_id,50
mem_94fbe54aaf,research_profile,UCalgary,UCalgary Profile,,https://profiles.ucalgary.ca/maryam-faiz,Official institutional profile,https://profiles.ucalgary.ca/maryam-faiz,official_source,10
mem_94fbe54aaf,research_ecosystem,Research Lab,Lab site,,https://www.faiz-lab.com,Research lab,https://profiles.ucalgary.ca/maryam-faiz,source_declared,100
mem_95295c7522,research_profile,UCalgary,UCalgary Profile,,https://profiles.ucalgary.ca/marcus-koch,Official institutional profile,https://profiles.ucalgary.ca/marcus-koch,official_source,10
mem_95295c7522,research_profile,Scopus,Scopus Author Profile,8977781800,https://www.scopus.com/authid/detail.uri?authorId=8977781800,Scholarly identifier,https://profiles.ucalgary.ca/marcus-koch,matched_scopus_id,50
mem_953f193ead,research_profile,UCalgary,UCalgary Profile,,https://profiles.ucalgary.ca/naweed-imam-syed,Official institutional profile,https://profiles.ucalgary.ca/naweed-imam-syed,official_source,10
mem_953f193ead,research_profile,Scopus,Scopus Author Profile,35496932200,https://www.scopus.com/authid/detail.uri?authorId=35496932200,Scholarly identifier,https://profiles.ucalgary.ca/naweed-imam-syed,matched_scopus_id,50
mem_953f193ead,research_profile,PubMed,PubMed Author Search,,https://www.ncbi.nlm.nih.gov/pubmed?term=Syed%20NI%5BAuthor%5D%20AND%20Calgary%5Bad%5D&cmd=DetailsSearch,Publication index,https://profiles.ucalgary.ca/naweed-imam-syed,source_declared,60
mem_95cc419952,research_profile,UCalgary,UCalgary Profile,,https://profiles.ucalgary.ca/deinera-exner-cortens,Official institutional profile,https://profiles.ucalgary.ca/deinera-exner-cortens,official_source,10
mem_95cc419952,research_profile,Google Scholar,Google Scholar Profile,,https://scholar.google.ca/citations?user=VcuXvl0AAAAJ&hl=en,Scholarly profile,https://profiles.ucalgary.ca/deinera-exner-cortens,source_declared,20
mem_95cc419952,research_profile,Google Scholar,Google Scholar Profile,,https://scholar.google.com/citations?user=VcuXvl0AAAAJ&hl=en,Scholarly profile,https://profiles.ucalgary.ca/deinera-exner-cortens,source_declared,20
mem_95cc419952,research_profile,Scopus,Scopus Author Profile,55568608800,https://www.scopus.com/authid/detail.uri?authorId=55568608800,Scholarly identifier,https://profiles.ucalgary.ca/deinera-exner-cortens,matched_scopus_id,50
mem_980064fac2,research_profile,UCalgary,UCalgary Profile,,https://profiles.ucalgary.ca/stefanie-hassel,Official institutional profile,https://profiles.ucalgary.ca/stefanie-hassel,official_source,10
mem_980064fac2,research_profile,Scopus,Scopus Author Profile,33367641500,https://www.scopus.com/authid/detail.uri?authorId=33367641500,Scholarly identifier,https://profiles.ucalgary.ca/stefanie-hassel,matched_scopus_id,50
mem_980064fac2,research_profile,PubMed,PubMed Author Search,,https://pubmed.ncbi.nlm.nih.gov/?term=Stefanie%20Hassel&sort=date,Publication index,https://profiles.ucalgary.ca/stefanie-hassel,source_declared,60
mem_98015aef5e,research_profile,UCalgary,UCalgary Profile,,https://profiles.ucalgary.ca/pedro-santamaria,Official institutional profile,https://profiles.ucalgary.ca/pedro-santamaria,official_source,10
mem_98015aef5e,research_profile,Scopus,Scopus Author Profile,7005892879,https://www.scopus.com/authid/detail.uri?authorId=7005892879,Scholarly identifier,https://profiles.ucalgary.ca/pedro-santamaria,matched_scopus_id,50
mem_98307ce526,research_profile,UCalgary,UCalgary Profile,,https://profiles.ucalgary.ca/gabrielle-wilcox,Official institutional profile,https://profiles.ucalgary.ca/gabrielle-wilcox,official_source,10
mem_98307ce526,research_profile,Google Scholar,Google Scholar Profile,,https://scholar.google.com/citations?user=3zuoMCAAAAAJ&hl=en,Scholarly profile,https://profiles.ucalgary.ca/gabrielle-wilcox,source_declared,20
mem_98307ce526,research_profile,ResearchGate,ResearchGate Profile,,https://www.researchgate.net/profile/Gabrielle_Wilcox,Scholarly profile,https://profiles.ucalgary.ca/gabrielle-wilcox,source_declared,40
mem_98307ce526,research_profile,ResearchGate,ResearchGate Profile,,https://www.researchgate.net/profile/Gabrielle-Wilcox-2,Scholarly profile,https://profiles.ucalgary.ca/gabrielle-wilcox,source_declared,40
mem_98307ce526,research_profile,Scopus,Scopus Author Profile,55577139900,https://www.scopus.com/authid/detail.uri?authorId=55577139900,Scholarly identifier,https://profiles.ucalgary.ca/gabrielle-wilcox,matched_scopus_id,50
mem_99694aed87,research_profile,UCalgary,UCalgary Profile,,https://profiles.ucalgary.ca/willem-wildering,Official institutional profile,https://profiles.ucalgary.ca/willem-wildering,official_source,10
mem_999cbbb01a,research_profile,UCalgary,UCalgary Profile,,https://profiles.ucalgary.ca/david-patterson-archer,Official institutional profile,https://profiles.ucalgary.ca/david-patterson-archer,official_source,10
mem_999cbbb01a,research_profile,Scopus,Scopus Author Profile,7202187727,https://www.scopus.com/authid/detail.uri?authorId=7202187727,Scholarly identifier,https://profiles.ucalgary.ca/david-patterson-archer,matched_scopus_id,50
mem_9a7286569d,research_profile,UCalgary,UCalgary Profile,,https://profiles.ucalgary.ca/rodney-li-pi-shan,Official institutional profile,https://profiles.ucalgary.ca/rodney-li-pi-shan,official_source,10
mem_9a7286569d,research_profile,Scopus,Scopus Author Profile,6507985596,https://www.scopus.com/authid/detail.uri?authorId=6507985596,Scholarly identifier,https://profiles.ucalgary.ca/rodney-li-pi-shan,matched_scopus_id,50
mem_9afdacf59c,research_profile,UCalgary,UCalgary Profile,,https://profiles.ucalgary.ca/scott-burton-patten,Official institutional profile,https://profiles.ucalgary.ca/scott-burton-patten,official_source,10
mem_9afdacf59c,research_profile,Google Scholar,Google Scholar Profile,,https://scholar.google.ca/citations?hl=en&user=LLAet2EAAAAJ&view_op=list_works&sortby=pubdate,Scholarly profile,https://profiles.ucalgary.ca/scott-burton-patten,source_declared,20
mem_9afdacf59c,research_profile,Scopus,Scopus Author Profile,57201492915,https://www.scopus.com/authid/detail.uri?authorId=57201492915,Scholarly identifier,https://profiles.ucalgary.ca/scott-burton-patten,matched_scopus_id,50
mem_9b324ec216,research_profile,UCalgary,UCalgary Profile,,https://profiles.ucalgary.ca/rebecca-saah,Official institutional profile,https://profiles.ucalgary.ca/rebecca-saah,official_source,10
mem_9b324ec216,research_ecosystem,Website,cannabis research website,,https://cannabisharmreduction.ca,Associated website,https://profiles.ucalgary.ca/rebecca-saah,source_declared,100
mem_9b324ec216,research_ecosystem,Website,harm reduction research website,,https://www.see-beyond.ca,Associated website,https://profiles.ucalgary.ca/rebecca-saah,source_declared,100
mem_9c853bf265,research_profile,UCalgary,UCalgary Profile,,https://profiles.ucalgary.ca/lara-leijser,Official institutional profile,https://profiles.ucalgary.ca/lara-leijser,official_source,10
mem_9c853bf265,research_profile,Scopus,Scopus Author Profile,8091837500,https://www.scopus.com/authid/detail.uri?authorId=8091837500,Scholarly identifier,https://profiles.ucalgary.ca/lara-leijser,matched_scopus_id,50
mem_9c853bf265,research_profile,PubMed,PubMed Author Search,,https://www.ncbi.nlm.nih.gov/pubmed/?term=Leijser+L,Publication index,https://profiles.ucalgary.ca/lara-leijser,source_declared,60
mem_9caecf64a4,research_profile,UCalgary,UCalgary Profile,,https://profiles.ucalgary.ca/adrianna-giuffre,Official institutional profile,https://profiles.ucalgary.ca/adrianna-giuffre,official_source,10
mem_9d290c25df,research_profile,UCalgary,UCalgary Profile,,https://profiles.ucalgary.ca/michael-esser,Official institutional profile,https://profiles.ucalgary.ca/michael-esser,official_source,10
mem_9d290c25df,research_profile,Scopus,Scopus Author Profile,7005625329,https://www.scopus.com/authid/detail.uri?authorId=7005625329,Scholarly identifier,https://profiles.ucalgary.ca/michael-esser,matched_scopus_id,50
mem_9d290c25df,research_profile,PubMed,PubMed Author Search,,https://pubmed.ncbi.nlm.nih.gov/?term=Esser+MJ&sort=date,Publication index,https://profiles.ucalgary.ca/michael-esser,source_declared,60
mem_9d7393c642,research_profile,UCalgary,UCalgary Profile,,https://profiles.ucalgary.ca/julie-kromm,Official institutional profile,https://profiles.ucalgary.ca/julie-kromm,official_source,10
mem_9d7393c642,research_profile,Scopus,Scopus Author Profile,56208740600,https://www.scopus.com/authid/detail.uri?authorId=56208740600,Scholarly identifier,https://profiles.ucalgary.ca/julie-kromm,matched_scopus_id,50
mem_9d7393c642,research_profile,PubMed,PubMed Author Search,,https://pubmed.ncbi.nlm.nih.gov/?term=Kromm+J&sort=date,Publication index,https://profiles.ucalgary.ca/julie-kromm,source_declared,60
mem_9e9c87242a,research_profile,UCalgary,UCalgary Profile,,https://profiles.ucalgary.ca/bijoy-menon,Official institutional profile,https://profiles.ucalgary.ca/bijoy-menon,official_source,10
mem_9e9c87242a,research_profile,Google Scholar,Google Scholar Profile,,https://scholar.google.ca/citations?user=0n70JkUAAAAJ&hl=en,Scholarly profile,https://profiles.ucalgary.ca/bijoy-menon,source_declared,20
mem_9e9c87242a,research_profile,ResearchGate,ResearchGate Profile,,https://www.researchgate.net/profile/Bijoy-Menon,Scholarly profile,https://profiles.ucalgary.ca/bijoy-menon,source_declared,40
mem_9e9c87242a,research_profile,Scopus,Scopus Author Profile,35170495700,https://www.scopus.com/authid/detail.uri?authorId=35170495700,Scholarly identifier,https://profiles.ucalgary.ca/bijoy-menon,matched_scopus_id,50
mem_9f51021d60,research_profile,UCalgary,UCalgary Profile,,https://profiles.ucalgary.ca/adriana-zardini-buzatto,Official institutional profile,https://profiles.ucalgary.ca/adriana-zardini-buzatto,official_source,10
mem_9f51021d60,research_profile,Google Scholar,Google Scholar Profile,,https://scholar.google.ca/citations?hl=en&user=if89VXEAAAAJ&view_op=list_works&sortby=pubdate,Scholarly profile,https://profiles.ucalgary.ca/adriana-zardini-buzatto,source_declared,20
mem_9f51021d60,research_profile,Scopus,Scopus Author Profile,55796288900,https://www.scopus.com/authid/detail.uri?authorId=55796288900,Scholarly identifier,https://profiles.ucalgary.ca/adriana-zardini-buzatto,matched_scopus_id,50
mem_9f51021d60,research_ecosystem,Research Group,Research group,,https://www.buzattoresearchgroup.com/,Research group,https://profiles.ucalgary.ca/adriana-zardini-buzatto,source_declared,100
mem_a04b5207a5,research_profile,UCalgary,UCalgary Profile,,https://profiles.ucalgary.ca/emma-towlson,Official institutional profile,https://profiles.ucalgary.ca/emma-towlson,official_source,10
mem_a04b5207a5,research_profile,Google Scholar,Google Scholar Profile,,https://scholar.google.com/citations?user=r2e-UboAAAAJ&hl=en,Scholarly profile,https://profiles.ucalgary.ca/emma-towlson,source_declared,20
mem_a04b5207a5,research_profile,Scopus,Scopus Author Profile,55646457600,https://www.scopus.com/authid/detail.uri?authorId=55646457600,Scholarly identifier,https://profiles.ucalgary.ca/emma-towlson,matched_scopus_id,50
mem_a04b5207a5,research_ecosystem,Website,Website,,https://emmatowlson.github.io/,Associated website,https://profiles.ucalgary.ca/emma-towlson,source_declared,100
mem_a055827ead,research_profile,UCalgary,UCalgary Profile,,https://profiles.ucalgary.ca/michael-hill,Official institutional profile,https://profiles.ucalgary.ca/michael-hill,official_source,10
mem_a055827ead,research_profile,Scopus,Scopus Author Profile,57026858200,https://www.scopus.com/authid/detail.uri?authorId=57026858200,Scholarly identifier,https://profiles.ucalgary.ca/michael-hill,matched_scopus_id,50
mem_a0bb31cffa,research_profile,UCalgary,UCalgary Profile,,https://profiles.ucalgary.ca/frank-stahnisch,Official institutional profile,https://profiles.ucalgary.ca/frank-stahnisch,official_source,10
mem_a0bb31cffa,research_profile,Google Scholar,Google Scholar Profile,,https://scholar.google.com/citations?user=09eAIv8AAAAJ&hl=en,Scholarly profile,https://scholar.google.com/citations?user=09eAIv8AAAAJ&hl=en,source_declared,20
mem_a0bb31cffa,research_profile,ORCID,ORCID Profile,0000-0002-8335-5389,https://orcid.org/0000-0002-8335-5389,Scholarly identifier,https://orcid.org/0000-0002-8335-5389,user_provided_verified,30
mem_a0bb31cffa,research_profile,ResearchGate,ResearchGate Profile,,https://www.researchgate.net/profile/Frank-Stahnisch,Scholarly profile,https://www.researchgate.net/profile/Frank-Stahnisch,source_declared,40
mem_a0bb31cffa,research_profile,Scopus,Scopus Author Profile,23104152800,https://www.scopus.com/authid/detail.uri?authorId=23104152800,Scholarly identifier,,matched_scopus_id,50
mem_a0bb31cffa,research_profile,PubMed,PubMed Author Search,,https://pubmed.ncbi.nlm.nih.gov/?term=stahnisch&sort=date,Publication index,https://profiles.ucalgary.ca/frank-stahnisch,source_declared,60
mem_a0bb31cffa,research_profile,Academia.edu,Academia.edu Profile,,https://ucalgary.academia.edu/FrankStahnisch,Scholarly profile,https://ucalgary.academia.edu/FrankStahnisch,source_declared_verified,70
mem_a0bb31cffa,research_ecosystem,Research Lab,C-STEMS-Lab,,https://www.ucalgary.ca/labs/centre-science-technology-environment-medicine-studies,Research lab,https://profiles.ucalgary.ca/frank-stahnisch,source_declared,100
mem_a1ecc4eb97,research_profile,UCalgary,UCalgary Profile,,https://profiles.ucalgary.ca/micheil-innes,Official institutional profile,https://profiles.ucalgary.ca/micheil-innes,official_source,10
mem_a1ecc4eb97,research_profile,Google Scholar,Google Scholar Profile,,https://scholar.google.ca/citations?user=5kyzzj0AAAAJ&hl=en,Scholarly profile,https://profiles.ucalgary.ca/micheil-innes,source_declared,20
mem_a1ecc4eb97,research_profile,Scopus,Scopus Author Profile,7402532474,https://www.scopus.com/authid/detail.uri?authorId=7402532474,Scholarly identifier,https://profiles.ucalgary.ca/micheil-innes,matched_scopus_id,50
mem_a27c0b453b,research_profile,UCalgary,UCalgary Profile,,https://profiles.ucalgary.ca/ning-cheng,Official institutional profile,https://profiles.ucalgary.ca/ning-cheng,official_source,10
mem_a27c0b453b,research_profile,Google Scholar,Google Scholar Profile,,https://scholar.google.ca/citations?user=pqyB93IAAAAJ&hl=en,Scholarly profile,https://profiles.ucalgary.ca/ning-cheng,source_declared,20
mem_a27c0b453b,research_profile,Scopus,Scopus Author Profile,35980903700,https://www.scopus.com/authid/detail.uri?authorId=35980903700,Scholarly identifier,https://profiles.ucalgary.ca/ning-cheng,matched_scopus_id,50
mem_a27c0b453b,research_ecosystem,Research Lab,Lab Website,,https://vet.ucalgary.ca/labs/cheng/home,Research lab,https://profiles.ucalgary.ca/ning-cheng,source_declared,100
mem_a2b493336b,research_profile,UCalgary,UCalgary Profile,,https://profiles.ucalgary.ca/keith-yeates,Official institutional profile,https://profiles.ucalgary.ca/keith-yeates,official_source,10
mem_a2b493336b,research_profile,Scopus,Scopus Author Profile,7006362990,https://www.scopus.com/authid/detail.uri?authorId=7006362990,Scholarly identifier,https://profiles.ucalgary.ca/keith-yeates,matched_scopus_id,50
mem_a2b493336b,research_profile,PubMed,PubMed Author Search,,https://www.ncbi.nlm.nih.gov/pubmed/?term=Yeates+KO%20,Publication index,https://profiles.ucalgary.ca/keith-yeates,source_declared,60
mem_a2b493336b,research_profile,PubMed,PubMed Author Search,,https://pubmed.ncbi.nlm.nih.gov/?term=yeates+ko,Publication index,https://profiles.ucalgary.ca/keith-yeates,source_declared,60
mem_a3c1370499,research_profile,UCalgary,UCalgary Profile,,https://profiles.ucalgary.ca/kathryn-schneider,Official institutional profile,https://profiles.ucalgary.ca/kathryn-schneider,official_source,10
mem_a3c1370499,research_profile,Scopus,Scopus Author Profile,35732329100,https://www.scopus.com/authid/detail.uri?authorId=35732329100,Scholarly identifier,https://profiles.ucalgary.ca/kathryn-schneider,matched_scopus_id,50
mem_a3c1370499,research_profile,PubMed,PubMed Author Search,,https://www.ncbi.nlm.nih.gov/pubmed/?term=Schneider%2C+Kathryn,Publication index,https://profiles.ucalgary.ca/kathryn-schneider,source_declared,60
mem_a4737deb7f,research_profile,UCalgary,UCalgary Profile,,https://profiles.ucalgary.ca/colleen-maxwell,Official institutional profile,https://profiles.ucalgary.ca/colleen-maxwell,official_source,10
mem_a4737deb7f,research_profile,Scopus,Scopus Author Profile,7103043052,https://www.scopus.com/authid/detail.uri?authorId=7103043052,Scholarly identifier,https://profiles.ucalgary.ca/colleen-maxwell,matched_scopus_id,50
mem_a4dc36ebf7,research_profile,UCalgary,UCalgary Profile,,https://profiles.ucalgary.ca/tuan-trang,Official institutional profile,https://profiles.ucalgary.ca/tuan-trang,official_source,10
mem_a4dc36ebf7,research_profile,Scopus,Scopus Author Profile,6602681449,https://www.scopus.com/authid/detail.uri?authorId=6602681449,Scholarly identifier,https://profiles.ucalgary.ca/tuan-trang,matched_scopus_id,50
mem_a4dc36ebf7,research_profile,PubMed,PubMed Author Search,,https://www.ncbi.nlm.nih.gov/pubmed/?term=trang+t%5Bau%5D+canada,Publication index,https://profiles.ucalgary.ca/tuan-trang,source_declared,60
mem_a4dc36ebf7,research_ecosystem,Research Lab,Trang Lab,,https://www.painandpoppies.com,Research lab,https://profiles.ucalgary.ca/tuan-trang,source_declared,100
mem_a5c016ebe3,research_profile,UCalgary,UCalgary Profile,,https://profiles.ucalgary.ca/gerald-pfeffer,Official institutional profile,https://profiles.ucalgary.ca/gerald-pfeffer,official_source,10
mem_a5c016ebe3,research_profile,Scopus,Scopus Author Profile,8585552900,https://www.scopus.com/authid/detail.uri?authorId=8585552900,Scholarly identifier,https://profiles.ucalgary.ca/gerald-pfeffer,matched_scopus_id,50
mem_a5c016ebe3,research_profile,PubMed,PubMed Author Search,,https://www.ncbi.nlm.nih.gov/pubmed/?term=gerald+pfeffer,Publication index,https://profiles.ucalgary.ca/gerald-pfeffer,source_declared,60
mem_a68812ef9c,research_profile,UCalgary,UCalgary Profile,,https://profiles.ucalgary.ca/leticia-radin-pereira,Official institutional profile,https://profiles.ucalgary.ca/leticia-radin-pereira,official_source,10
mem_a68812ef9c,research_profile,Google Scholar,Google Scholar Profile,,https://scholar.google.com/citations?user=5AarDtUAAAAJ,Scholarly profile,https://profiles.ucalgary.ca/leticia-radin-pereira,source_declared,20
mem_a80c7bc771,research_profile,UCalgary,UCalgary Profile,,https://profiles.ucalgary.ca/brian-herbert-bland,Official institutional profile,https://profiles.ucalgary.ca/brian-herbert-bland,official_source,10
mem_aa5f0f5195,research_profile,UCalgary,UCalgary Profile,,https://profiles.ucalgary.ca/lenora-brown,Official institutional profile,https://profiles.ucalgary.ca/lenora-brown,official_source,10
mem_aa5f0f5195,research_profile,Scopus,Scopus Author Profile,34975107700,https://www.scopus.com/authid/detail.uri?authorId=34975107700,Scholarly identifier,https://profiles.ucalgary.ca/lenora-brown,matched_scopus_id,50
mem_aa8dee36aa,research_profile,UCalgary,UCalgary Profile,,https://profiles.ucalgary.ca/mary-dunbar,Official institutional profile,https://profiles.ucalgary.ca/mary-dunbar,official_source,10
mem_aa8dee36aa,research_profile,Google Scholar,Google Scholar Profile,,https://scholar.google.com/citations?user=wVdlki4AAAAJ&hl=en,Scholarly profile,https://profiles.ucalgary.ca/mary-dunbar,source_declared,20
mem_aa8dee36aa,research_profile,Scopus,Scopus Author Profile,25631812200,https://www.scopus.com/authid/detail.uri?authorId=25631812200,Scholarly identifier,https://profiles.ucalgary.ca/mary-dunbar,matched_scopus_id,50
mem_aab2d35ab1,research_profile,UCalgary,UCalgary Profile,,https://profiles.ucalgary.ca/scott-jarvis,Official institutional profile,https://profiles.ucalgary.ca/scott-jarvis,official_source,10
mem_aab2d35ab1,research_profile,Scopus,Scopus Author Profile,7101989235,https://www.scopus.com/authid/detail.uri?authorId=7101989235,Scholarly identifier,https://profiles.ucalgary.ca/scott-jarvis,matched_scopus_id,50
mem_ab3c7cd459,research_profile,UCalgary,UCalgary Profile,,https://profiles.ucalgary.ca/alexander-mcgirr,Official institutional profile,https://profiles.ucalgary.ca/alexander-mcgirr,official_source,10
mem_ab3c7cd459,research_profile,Google Scholar,Google Scholar Profile,,https://scholar.google.ca/citations?user=f1BTB90AAAAJ&hl=en,Scholarly profile,https://profiles.ucalgary.ca/alexander-mcgirr,source_declared,20
mem_ab3c7cd459,research_profile,Scopus,Scopus Author Profile,6507103033,https://www.scopus.com/authid/detail.uri?authorId=6507103033,Scholarly identifier,https://profiles.ucalgary.ca/alexander-mcgirr,matched_scopus_id,50
mem_ab3c7cd459,research_ecosystem,Research Lab,McGirr Lab Website,,https://mcgirrlab.com,Research lab,https://profiles.ucalgary.ca/alexander-mcgirr,source_declared,100
mem_ab971ed904,research_profile,UCalgary,UCalgary Profile,,https://profiles.ucalgary.ca/rajiv-midha,Official institutional profile,https://profiles.ucalgary.ca/rajiv-midha,official_source,10
mem_ab971ed904,research_profile,Scopus,Scopus Author Profile,7006425233,https://www.scopus.com/authid/detail.uri?authorId=7006425233,Scholarly identifier,https://profiles.ucalgary.ca/rajiv-midha,matched_scopus_id,50
mem_ae209aa8cc,research_profile,UCalgary,UCalgary Profile,,https://profiles.ucalgary.ca/timothy-shutt,Official institutional profile,https://profiles.ucalgary.ca/timothy-shutt,official_source,10
mem_ae209aa8cc,research_profile,Google Scholar,Google Scholar Profile,,https://scholar.google.ca/citations?user=eSq6kSIAAAAJ&hl=en&oi=ao,Scholarly profile,https://profiles.ucalgary.ca/timothy-shutt,source_declared,20
mem_ae209aa8cc,research_profile,ORCID,ORCID Profile,0000-0001-5299-2943,https://orcid.org/0000-0001-5299-2943,Scholarly identifier,https://profiles.ucalgary.ca/timothy-shutt,source_declared,30
mem_ae209aa8cc,research_profile,PubMed,PubMed Author Search,,https://www.ncbi.nlm.nih.gov/pubmed/?term=((Shutt)+AND+(Mitochondrial+OR+L7a)),Publication index,https://profiles.ucalgary.ca/timothy-shutt,source_declared,60
mem_ae209aa8cc,research_profile,PubMed,PubMed Author Search,,https://pubmed.ncbi.nlm.nih.gov/?term=Shutt+Timothy,Publication index,https://profiles.ucalgary.ca/timothy-shutt,source_declared,60
mem_af812170e5,research_profile,UCalgary,UCalgary Profile,,https://profiles.ucalgary.ca/janet-de-groot,Official institutional profile,https://profiles.ucalgary.ca/janet-de-groot,official_source,10
mem_af812170e5,research_profile,Scopus,Scopus Author Profile,7101717929,https://www.scopus.com/authid/detail.uri?authorId=7101717929,Scholarly identifier,https://profiles.ucalgary.ca/janet-de-groot,matched_scopus_id,50
mem_afba364ee4,research_profile,UCalgary,UCalgary Profile,,https://profiles.ucalgary.ca/yeonjung-lee,Official institutional profile,https://profiles.ucalgary.ca/yeonjung-lee,official_source,10
mem_afba364ee4,research_profile,Google Scholar,Google Scholar Profile,,https://scholar.google.ca/citations?user=xotl7dgAAAAJ&hl=en,Scholarly profile,https://profiles.ucalgary.ca/yeonjung-lee,source_declared,20
mem_afba364ee4,research_profile,ResearchGate,ResearchGate Profile,,https://www.researchgate.net/profile/Yeonjung-Lee,Scholarly profile,https://profiles.ucalgary.ca/yeonjung-lee,source_declared,40
mem_afba364ee4,research_profile,Scopus,Scopus Author Profile,37026346500,https://www.scopus.com/authid/detail.uri?authorId=37026346500,Scholarly identifier,https://profiles.ucalgary.ca/yeonjung-lee,matched_scopus_id,50
mem_afba364ee4,research_ecosystem,Website,Faculty website,,https://socialwork.ucalgary.ca/yeonjung-lee,Associated website,https://profiles.ucalgary.ca/yeonjung-lee,source_declared,100
mem_b03440b234,research_profile,UCalgary,UCalgary Profile,,https://profiles.ucalgary.ca/mohammad-hajiazim,Official institutional profile,https://profiles.ucalgary.ca/mohammad-hajiazim,official_source,10
mem_b07951c366,research_profile,UCalgary,UCalgary Profile,,https://profiles.ucalgary.ca/farhad-maleki,Official institutional profile,https://profiles.ucalgary.ca/farhad-maleki,official_source,10
mem_b07951c366,research_profile,Scopus,Scopus Author Profile,57190584699,https://www.scopus.com/authid/detail.uri?authorId=57190584699,Scholarly identifier,https://profiles.ucalgary.ca/farhad-maleki,matched_scopus_id,50
mem_b18bf71309,research_profile,UCalgary,UCalgary Profile,,https://profiles.ucalgary.ca/darren-laree-clark,Official institutional profile,https://profiles.ucalgary.ca/darren-laree-clark,official_source,10
mem_b1e13c5609,research_profile,UCalgary,UCalgary Profile,,https://profiles.ucalgary.ca/luanne-marie-metz,Official institutional profile,https://profiles.ucalgary.ca/luanne-marie-metz,official_source,10
mem_b1e13c5609,research_profile,Scopus,Scopus Author Profile,55106841500,https://www.scopus.com/authid/detail.uri?authorId=55106841500,Scholarly identifier,https://profiles.ucalgary.ca/luanne-marie-metz,matched_scopus_id,50
mem_b49402b919,research_profile,UCalgary,UCalgary Profile,,https://profiles.ucalgary.ca/joanne-park,Official institutional profile,https://profiles.ucalgary.ca/joanne-park,official_source,10
mem_b49402b919,research_ecosystem,Research Lab,Lab site,,https://www.parklab.ca,Research lab,https://profiles.ucalgary.ca/joanne-park,source_declared,100
mem_b4cf5563b0,research_profile,UCalgary,UCalgary Profile,,https://profiles.ucalgary.ca/colin-josephson,Official institutional profile,https://profiles.ucalgary.ca/colin-josephson,official_source,10
mem_b4cf5563b0,research_profile,Scopus,Scopus Author Profile,24169029000,https://www.scopus.com/authid/detail.uri?authorId=24169029000,Scholarly identifier,https://profiles.ucalgary.ca/colin-josephson,matched_scopus_id,50
mem_b5df8f2ae8,research_profile,UCalgary,UCalgary Profile,,https://profiles.ucalgary.ca/david-carson-hodgins,Official institutional profile,https://profiles.ucalgary.ca/david-carson-hodgins,official_source,10
mem_b5df8f2ae8,research_profile,ResearchGate,ResearchGate Profile,,https://www.researchgate.net/profile/David-Hodgins-2,Scholarly profile,https://profiles.ucalgary.ca/david-carson-hodgins,source_declared,40
mem_b5df8f2ae8,research_profile,Scopus,Scopus Author Profile,7006685175,https://www.scopus.com/authid/detail.uri?authorId=7006685175,Scholarly identifier,https://profiles.ucalgary.ca/david-carson-hodgins,matched_scopus_id,50
mem_b5df8f2ae8,research_ecosystem,Research Lab,Addictive Behaviours Lab,,https://ucalgary.ca/labs/addictive-behaviours/addictive-behaviours,Research lab,https://profiles.ucalgary.ca/david-carson-hodgins,source_declared,100
mem_b71fb09d51,research_profile,UCalgary,UCalgary Profile,,https://profiles.ucalgary.ca/helen-carlson,Official institutional profile,https://profiles.ucalgary.ca/helen-carlson,official_source,10
mem_b71fb09d51,research_profile,Google Scholar,Google Scholar Profile,,https://scholar.google.com/citations?hl=en&user=9hPfrbkAAAAJ,Scholarly profile,https://profiles.ucalgary.ca/helen-carlson,source_declared,20
mem_b71fb09d51,research_profile,Scopus,Scopus Author Profile,57211929425,https://www.scopus.com/authid/detail.uri?authorId=57211929425,Scholarly identifier,https://profiles.ucalgary.ca/helen-carlson,matched_scopus_id,50
mem_b71fb09d51,research_profile,PubMed,PubMed Author Search,,https://pubmed.ncbi.nlm.nih.gov/?term=Carlson+HL&cauthor_id=34127850,Publication index,https://profiles.ucalgary.ca/helen-carlson,source_declared,60
mem_b738ee42b4,research_profile,UCalgary,UCalgary Profile,,https://profiles.ucalgary.ca/stephen-west,Official institutional profile,https://profiles.ucalgary.ca/stephen-west,official_source,10
mem_b738ee42b4,research_profile,Google Scholar,Google Scholar Profile,,https://scholar.google.com/citations?user=PnXwrF8AAAAJ&hl=en&oi=ao,Scholarly profile,https://profiles.ucalgary.ca/stephen-west,source_declared,20
mem_b85b93eb26,research_profile,UCalgary,UCalgary Profile,,https://profiles.ucalgary.ca/aleksandra-mineyko,Official institutional profile,https://profiles.ucalgary.ca/aleksandra-mineyko,official_source,10
mem_b85b93eb26,research_profile,Scopus,Scopus Author Profile,23985584800,https://www.scopus.com/authid/detail.uri?authorId=23985584800,Scholarly identifier,https://profiles.ucalgary.ca/aleksandra-mineyko,matched_scopus_id,50
mem_b85b93eb26,research_profile,PubMed,PubMed Author Search,,https://www.ncbi.nlm.nih.gov/pubmed/?term=Mineyko+A,Publication index,https://profiles.ucalgary.ca/aleksandra-mineyko,source_declared,60
mem_b8b5362a3f,research_profile,UCalgary,UCalgary Profile,,https://profiles.ucalgary.ca/samuel-wiebe,Official institutional profile,https://profiles.ucalgary.ca/samuel-wiebe,official_source,10
mem_b8b5362a3f,research_profile,Google Scholar,Google Scholar Profile,,https://scholar.google.ca/citations?user=XcTTCg0AAAAJ&hl=en,Scholarly profile,https://profiles.ucalgary.ca/samuel-wiebe,source_declared,20
mem_bae50027da,research_profile,UCalgary,UCalgary Profile,,https://profiles.ucalgary.ca/gary-michael-klein,Official institutional profile,https://profiles.ucalgary.ca/gary-michael-klein,official_source,10
mem_bae50027da,research_profile,Scopus,Scopus Author Profile,27267638800,https://www.scopus.com/authid/detail.uri?authorId=27267638800,Scholarly identifier,https://profiles.ucalgary.ca/gary-michael-klein,matched_scopus_id,50
mem_bb45f29b7a,research_profile,UCalgary,UCalgary Profile,,https://profiles.ucalgary.ca/geoffrey-messier,Official institutional profile,https://profiles.ucalgary.ca/geoffrey-messier,official_source,10
mem_bb45f29b7a,research_profile,Scopus,Scopus Author Profile,6602267251,https://www.scopus.com/authid/detail.uri?authorId=6602267251,Scholarly identifier,https://profiles.ucalgary.ca/geoffrey-messier,matched_scopus_id,50
mem_bb4df08b42,research_profile,UCalgary,UCalgary Profile,,https://profiles.ucalgary.ca/david-neil-crockford,Official institutional profile,https://profiles.ucalgary.ca/david-neil-crockford,official_source,10
mem_bb4df08b42,research_profile,Scopus,Scopus Author Profile,6602660475,https://www.scopus.com/authid/detail.uri?authorId=6602660475,Scholarly identifier,https://profiles.ucalgary.ca/david-neil-crockford,matched_scopus_id,50
mem_bb77b86a3f,research_profile,UCalgary,UCalgary Profile,,https://profiles.ucalgary.ca/kenton-hecker,Official institutional profile,https://profiles.ucalgary.ca/kenton-hecker,official_source,10
mem_bb77b86a3f,research_profile,Google Scholar,Google Scholar Profile,,https://scholar.google.ca/citations?user=KeMI6tMAAAAJ&hl=en,Scholarly profile,https://profiles.ucalgary.ca/kenton-hecker,source_declared,20
mem_bb77b86a3f,research_profile,Scopus,Scopus Author Profile,24465044800,https://www.scopus.com/authid/detail.uri?authorId=24465044800,Scholarly identifier,https://profiles.ucalgary.ca/kenton-hecker,matched_scopus_id,50
mem_bb77b86a3f,research_profile,PubMed,PubMed Author Search,,https://pubmed.ncbi.nlm.nih.gov/?term=kent+hecker&sort=pubdate,Publication index,https://profiles.ucalgary.ca/kenton-hecker,source_declared,60
mem_bb77b86a3f,research_ecosystem,Research Lab,The Health Education Neuroassessment Laboratory (THENaL),,https://www.thenal.ca/,Research lab,https://profiles.ucalgary.ca/kenton-hecker,source_declared,100
mem_bc444455ee,research_profile,UCalgary,UCalgary Profile,,https://profiles.ucalgary.ca/deborah-kurrasch,Official institutional profile,https://profiles.ucalgary.ca/deborah-kurrasch,official_source,10
mem_bc444455ee,research_profile,Scopus,Scopus Author Profile,6508115563,https://www.scopus.com/authid/detail.uri?authorId=6508115563,Scholarly identifier,https://profiles.ucalgary.ca/deborah-kurrasch,matched_scopus_id,50
mem_bc444455ee,research_profile,PubMed,PubMed Author Search,,https://www.ncbi.nlm.nih.gov/sites/entrez?db=pubmed&cmd=DetailsSearch&term=(Kurrasch-Orbaugh%5BAuthor%5D)+OR+(deborah+kurrasch)&log$=activity,Publication index,https://profiles.ucalgary.ca/deborah-kurrasch,source_declared,60
mem_bc444455ee,research_ecosystem,Research Lab,Lab Website,,https://cumming.ucalgary.ca/labs/developing-brains,Research lab,https://profiles.ucalgary.ca/deborah-kurrasch,source_declared,100
mem_bd049b4c73,research_profile,UCalgary,UCalgary Profile,,https://profiles.ucalgary.ca/eric-smith,Official institutional profile,https://profiles.ucalgary.ca/eric-smith,official_source,10
mem_bd049b4c73,research_profile,Google Scholar,Google Scholar Profile,,https://scholar.google.ca/citations?hl=en&user=2JFi3BoAAAAJ,Scholarly profile,https://profiles.ucalgary.ca/eric-smith,source_declared,20
mem_bd049b4c73,research_profile,Scopus,Scopus Author Profile,35555948100,https://www.scopus.com/authid/detail.uri?authorId=35555948100,Scholarly identifier,https://profiles.ucalgary.ca/eric-smith,matched_scopus_id,50
mem_bd2c4a5235,research_profile,UCalgary,UCalgary Profile,,https://profiles.ucalgary.ca/aaron-gruber,Official institutional profile,https://profiles.ucalgary.ca/aaron-gruber,official_source,10
mem_bd2c4a5235,research_profile,Google Scholar,Google Scholar Profile,,https://scholar.google.ca/citations?hl=en&user=n8Wcc5kAAAAJ&view_op=list_works&gmla=AGd7smFqVGpGF9zfp6fegSOUTgJlCF47t5o6mdy2U0NhGLw-ZlZcn9gPldutmrKhEotPjOdMeGKW2oKBCcgxpS1C,Scholarly profile,https://profiles.ucalgary.ca/aaron-gruber,source_declared,20
mem_bd2c4a5235,research_profile,Scopus,Scopus Author Profile,8768790000,https://www.scopus.com/authid/detail.uri?authorId=8768790000,Scholarly identifier,https://profiles.ucalgary.ca/aaron-gruber,matched_scopus_id,50
mem_bd39b96aae,research_profile,UCalgary,UCalgary Profile,,https://profiles.ucalgary.ca/daniel-okoro,Official institutional profile,https://profiles.ucalgary.ca/daniel-okoro,official_source,10
mem_bd39b96aae,research_profile,Scopus,Scopus Author Profile,16638942000,https://www.scopus.com/authid/detail.uri?authorId=16638942000,Scholarly identifier,https://profiles.ucalgary.ca/daniel-okoro,matched_scopus_id,50
mem_bd40fc0757,research_profile,UCalgary,UCalgary Profile,,https://profiles.ucalgary.ca/johnathan-canton,Official institutional profile,https://profiles.ucalgary.ca/johnathan-canton,official_source,10
mem_bd40fc0757,research_profile,Google Scholar,Google Scholar Profile,,https://scholar.google.ca/citations?user=-okTHvcAAAAJ&hl=en&oi=ao,Scholarly profile,https://profiles.ucalgary.ca/johnathan-canton,source_declared,20
mem_bd40fc0757,research_profile,Scopus,Scopus Author Profile,56354962900,https://www.scopus.com/authid/detail.uri?authorId=56354962900,Scholarly identifier,https://profiles.ucalgary.ca/johnathan-canton,matched_scopus_id,50
mem_bdcc331ca3,research_profile,UCalgary,UCalgary Profile,,https://profiles.ucalgary.ca/richard-stewart-longman,Official institutional profile,https://profiles.ucalgary.ca/richard-stewart-longman,official_source,10
mem_bdcc331ca3,research_profile,Google Scholar,Google Scholar Profile,,https://scholar.google.ca/citations?user=pZXg80UAAAAJ&hl=en,Scholarly profile,https://profiles.ucalgary.ca/richard-stewart-longman,source_declared,20
mem_c05467d02f,research_profile,UCalgary,UCalgary Profile,,https://profiles.ucalgary.ca/davide-martino,Official institutional profile,https://profiles.ucalgary.ca/davide-martino,official_source,10
mem_c05467d02f,research_profile,Google Scholar,Google Scholar Profile,,https://scholar.google.ca/citations?user=D_vNTFEAAAAJ&hl=en,Scholarly profile,https://profiles.ucalgary.ca/davide-martino,source_declared,20
mem_c05467d02f,research_profile,Scopus,Scopus Author Profile,7003948139,https://www.scopus.com/authid/detail.uri?authorId=7003948139,Scholarly identifier,https://profiles.ucalgary.ca/davide-martino,matched_scopus_id,50
mem_c162955191,research_profile,UCalgary,UCalgary Profile,,https://profiles.ucalgary.ca/richard-james-alfred-wilson,Official institutional profile,https://profiles.ucalgary.ca/richard-james-alfred-wilson,official_source,10
mem_c162955191,research_profile,Scopus,Scopus Author Profile,57199296547,https://www.scopus.com/authid/detail.uri?authorId=57199296547,Scholarly identifier,https://profiles.ucalgary.ca/richard-james-alfred-wilson,matched_scopus_id,50
mem_c162955191,research_profile,PubMed,PubMed Author Search,,https://pubmed.ncbi.nlm.nih.gov/?term=%28%28wilson+rj+calgary%29+OR+%28wilson+rj+leech%29+or+%28wilson+rj+glasgow%29%29&sort=date,Publication index,https://profiles.ucalgary.ca/richard-james-alfred-wilson,source_declared,60
mem_c2e555277c,research_profile,UCalgary,UCalgary Profile,,https://profiles.ucalgary.ca/harry-peery,Official institutional profile,https://profiles.ucalgary.ca/harry-peery,official_source,10
mem_c2e555277c,research_profile,Scopus,Scopus Author Profile,14058704000,https://www.scopus.com/authid/detail.uri?authorId=14058704000,Scholarly identifier,https://profiles.ucalgary.ca/harry-peery,matched_scopus_id,50
mem_c2f73113e5,research_profile,UCalgary,UCalgary Profile,,https://profiles.ucalgary.ca/christopher-sears,Official institutional profile,https://profiles.ucalgary.ca/christopher-sears,official_source,10
mem_c2f73113e5,research_profile,Google Scholar,Google Scholar Profile,,https://scholar.google.com/citations?hl=en&user=VakHkncAAAAJ&view_op=list_works&sortby=pubdate,Scholarly profile,https://profiles.ucalgary.ca/christopher-sears,source_declared,20
mem_c2f73113e5,research_profile,ORCID,ORCID Profile,0000-0003-4036-0265,https://orcid.org/0000-0003-4036-0265,Scholarly identifier,https://profiles.ucalgary.ca/christopher-sears,source_declared,30
mem_c2f73113e5,research_profile,ResearchGate,ResearchGate Profile,,https://www.researchgate.net/profile/Christopher-Sears-3,Scholarly profile,https://profiles.ucalgary.ca/christopher-sears,source_declared,40
mem_c2f73113e5,research_profile,Scopus,Scopus Author Profile,7005428510,https://www.scopus.com/authid/detail.uri?authorId=7005428510,Scholarly identifier,https://profiles.ucalgary.ca/christopher-sears,matched_scopus_id,50
mem_c2f73113e5,research_ecosystem,Research Lab,Cognition and Emotion Lab,,https://sites.google.com/view/cognition-emotion-lab/home,Research lab,https://profiles.ucalgary.ca/christopher-sears,source_declared,100
mem_c3e463f320,research_profile,UCalgary,UCalgary Profile,,https://profiles.ucalgary.ca/john-gregory-cairncross,Official institutional profile,https://profiles.ucalgary.ca/john-gregory-cairncross,official_source,10
mem_c3e463f320,research_profile,PubMed,PubMed Author Search,,https://pubmed.ncbi.nlm.nih.gov/?term=Cairncross%20JG,Publication index,https://profiles.ucalgary.ca/john-gregory-cairncross,source_declared,60
mem_c41824b375,research_profile,UCalgary,UCalgary Profile,,https://profiles.ucalgary.ca/tamara-pringsheim,Official institutional profile,https://profiles.ucalgary.ca/tamara-pringsheim,official_source,10
mem_c41824b375,research_profile,Google Scholar,Google Scholar Profile,,https://scholar.google.ca/citations?hl=en&user=J7Oev5AAAAAJ&view_op=list_works&gmla=AJsN-F7Qw2YFroFpDvu7cgDZbPkOj8gV8MI2k6RUX6qLCLkprtIhElwlIi7r0c86e6FRzDSvASjdzuefMA1H3r1UXXhhMq-8gLBdRpgJH5LqZ3SgtoAINas,Scholarly profile,https://profiles.ucalgary.ca/tamara-pringsheim,source_declared,20
mem_c41824b375,research_profile,Scopus,Scopus Author Profile,6602398621,https://www.scopus.com/authid/detail.uri?authorId=6602398621,Scholarly identifier,https://profiles.ucalgary.ca/tamara-pringsheim,matched_scopus_id,50
mem_c41824b375,research_profile,PubMed,PubMed Author Search,,https://www.ncbi.nlm.nih.gov/pubmed?cmd=DetailsSearch&term=((pringsheim+t))+OR+((tamara+pringsheim))&log$=activity,Publication index,https://profiles.ucalgary.ca/tamara-pringsheim,source_declared,60
mem_c41824b375,research_profile,PubMed,PubMed Author Search,,https://pubmed.ncbi.nlm.nih.gov/?term=Pringsheim+T&sort=date,Publication index,https://profiles.ucalgary.ca/tamara-pringsheim,source_declared,60
mem_c41824b375,research_ecosystem,Research Network,Tourette OCD Alberta Network,,https://cumming.ucalgary.ca/resource/tourette-ocd/home,Research network,https://profiles.ucalgary.ca/tamara-pringsheim,source_declared,100
mem_c4a9f6ea6f,research_profile,UCalgary,UCalgary Profile,,https://profiles.ucalgary.ca/giuseppe-iaria,Official institutional profile,https://profiles.ucalgary.ca/giuseppe-iaria,official_source,10
mem_c4a9f6ea6f,research_ecosystem,Research Lab,NeuroLab,,https://www.neurolab.ca/,Research lab,https://www.neurolab.ca/publications,source_declared_verified,20
mem_c4a9f6ea6f,research_profile,Scopus,Scopus Author Profile,6701562105,https://www.scopus.com/authid/detail.uri?authorId=6701562105,Scholarly identifier,,matched_scopus_id,50
mem_c4a9f6ea6f,research_profile,PubMed,PubMed Author Search,,https://www.ncbi.nlm.nih.gov/pubmed?term=giuseppe%20iaria,Publication index,https://profiles.ucalgary.ca/giuseppe-iaria,source_declared,60
mem_c4a9f6ea6f,research_ecosystem,Research Network,Canadian Space Health Research Network,,https://www.canadianspacehealth.ca,Research network,https://profiles.ucalgary.ca/giuseppe-iaria,source_declared,100
mem_c513c5ffa8,research_profile,UCalgary,UCalgary Profile,,https://profiles.ucalgary.ca/katherine-wynne-edwards,Official institutional profile,https://profiles.ucalgary.ca/katherine-wynne-edwards,official_source,10
mem_c513c5ffa8,research_profile,Scopus,Scopus Author Profile,7003593381,https://www.scopus.com/authid/detail.uri?authorId=7003593381,Scholarly identifier,https://profiles.ucalgary.ca/katherine-wynne-edwards,matched_scopus_id,50
mem_c57a8f39f9,research_profile,UCalgary,UCalgary Profile,,https://profiles.ucalgary.ca/aaron-phillips,Official institutional profile,https://profiles.ucalgary.ca/aaron-phillips,official_source,10
mem_c57a8f39f9,research_profile,Scopus,Scopus Author Profile,41461658100,https://www.scopus.com/authid/detail.uri?authorId=41461658100,Scholarly identifier,https://profiles.ucalgary.ca/aaron-phillips,matched_scopus_id,50
mem_c57a8f39f9,research_ecosystem,Research Lab,Lab website,,https://cumming.ucalgary.ca/labs/phillips/home,Research lab,https://profiles.ucalgary.ca/aaron-phillips,source_declared,100
mem_c57e3b3922,research_profile,UCalgary,UCalgary Profile,,https://profiles.ucalgary.ca/vikram-karnik-0,Official institutional profile,https://profiles.ucalgary.ca/vikram-karnik-0,official_source,10
mem_c6249ccf21,research_profile,UCalgary,UCalgary Profile,,https://profiles.ucalgary.ca/sarah-morrow,Official institutional profile,https://profiles.ucalgary.ca/sarah-morrow,official_source,10
mem_c6249ccf21,research_profile,Scopus,Scopus Author Profile,16310083500,https://www.scopus.com/authid/detail.uri?authorId=16310083500,Scholarly identifier,https://profiles.ucalgary.ca/sarah-morrow,matched_scopus_id,50
mem_c6655391af,research_profile,UCalgary,UCalgary Profile,,https://profiles.ucalgary.ca/nils-torben-bech-hansen,Official institutional profile,https://profiles.ucalgary.ca/nils-torben-bech-hansen,official_source,10
mem_c6655391af,research_profile,PubMed,PubMed Author Search,,https://www.ncbi.nlm.nih.gov/pubmed?cmd=DetailsSearch&term=n+torben+bech+hansen&log$=activity,Publication index,https://profiles.ucalgary.ca/nils-torben-bech-hansen,source_declared,60
mem_c6790bf1f8,research_profile,UCalgary,UCalgary Profile,,https://profiles.ucalgary.ca/cindy-barha,Official institutional profile,https://profiles.ucalgary.ca/cindy-barha,official_source,10
mem_c6790bf1f8,research_profile,Google Scholar,Google Scholar Profile,,https://scholar.google.ca/citations?user=MseVJZEAAAAJ&hl=en,Scholarly profile,https://profiles.ucalgary.ca/cindy-barha,source_declared,20
mem_c6790bf1f8,research_profile,Scopus,Scopus Author Profile,22978272300,https://www.scopus.com/authid/detail.uri?authorId=22978272300,Scholarly identifier,https://profiles.ucalgary.ca/cindy-barha,matched_scopus_id,50
mem_c6790bf1f8,research_profile,PubMed,PubMed Author Search,,https://pubmed.ncbi.nlm.nih.gov/?term=barha%20c&sort=date,Publication index,https://profiles.ucalgary.ca/cindy-barha,source_declared,60
mem_c6790bf1f8,research_ecosystem,Research Lab,Lab site,,https://kinesiology.ucalgary.ca/labs/brain-health,Research lab,https://profiles.ucalgary.ca/cindy-barha,source_declared,100
mem_c695f19acd,research_profile,UCalgary,UCalgary Profile,,https://profiles.ucalgary.ca/nils-daniel-forkert,Official institutional profile,https://profiles.ucalgary.ca/nils-daniel-forkert,official_source,10
mem_c695f19acd,research_profile,Google Scholar,Google Scholar Profile,,https://scholar.google.ca/citations?user=ld1C8zUAAAAJ&hl=en,Scholarly profile,https://profiles.ucalgary.ca/nils-daniel-forkert,source_declared,20
mem_c695f19acd,research_profile,Scopus,Scopus Author Profile,16549854100,https://www.scopus.com/authid/detail.uri?authorId=16549854100,Scholarly identifier,https://profiles.ucalgary.ca/nils-daniel-forkert,matched_scopus_id,50
mem_c695f19acd,research_profile,PubMed,PubMed Author Search,,https://www.ncbi.nlm.nih.gov/pubmed/?term=forkert+n,Publication index,https://profiles.ucalgary.ca/nils-daniel-forkert,source_declared,60
mem_c695f19acd,research_ecosystem,Research Lab,MIP Lab,,https://www.ucalgary.ca/miplab/,Research lab,https://profiles.ucalgary.ca/nils-daniel-forkert,source_declared,100
mem_c7a27b785f,research_profile,UCalgary,UCalgary Profile,,https://profiles.ucalgary.ca/matthias-wilms,Official institutional profile,https://profiles.ucalgary.ca/matthias-wilms,official_source,10
mem_c8e755d8b2,research_profile,UCalgary,UCalgary Profile,,https://profiles.ucalgary.ca/kamala-devi-patel,Official institutional profile,https://profiles.ucalgary.ca/kamala-devi-patel,official_source,10
mem_c8e755d8b2,research_profile,Scopus,Scopus Author Profile,7402235522,https://www.scopus.com/authid/detail.uri?authorId=7402235522,Scholarly identifier,https://profiles.ucalgary.ca/kamala-devi-patel,matched_scopus_id,50
mem_c8e755d8b2,research_ecosystem,Website,Website,,https://www.ucalgary.ca/~kpatel,Associated website,https://profiles.ucalgary.ca/kamala-devi-patel,source_declared,100
mem_c921b46f9f,research_profile,UCalgary,UCalgary Profile,,https://profiles.ucalgary.ca/stephanie-knaak,Official institutional profile,https://profiles.ucalgary.ca/stephanie-knaak,official_source,10
mem_c921b46f9f,research_profile,Scopus,Scopus Author Profile,8704136100,https://www.scopus.com/authid/detail.uri?authorId=8704136100,Scholarly identifier,https://profiles.ucalgary.ca/stephanie-knaak,matched_scopus_id,50
mem_c921b46f9f,research_ecosystem,Website,website,,https://www.stephanieknaak.ca,Associated website,https://profiles.ucalgary.ca/stephanie-knaak,source_declared,100
mem_c98befafc2,research_profile,UCalgary,UCalgary Profile,,https://profiles.ucalgary.ca/david-lindenbach,Official institutional profile,https://profiles.ucalgary.ca/david-lindenbach,official_source,10
mem_c98befafc2,research_profile,Google Scholar,Google Scholar Profile,,https://scholar.google.com/citations?user=_fPa1W4AAAAJ&hl=en,Scholarly profile,https://profiles.ucalgary.ca/david-lindenbach,source_declared,20
mem_c98befafc2,research_profile,ResearchGate,ResearchGate Profile,,https://www.researchgate.net/profile/David-Lindenbach,Scholarly profile,https://profiles.ucalgary.ca/david-lindenbach,source_declared,40
mem_c98befafc2,research_profile,Scopus,Scopus Author Profile,37665341100,https://www.scopus.com/authid/detail.uri?authorId=37665341100,Scholarly identifier,https://profiles.ucalgary.ca/david-lindenbach,matched_scopus_id,50
mem_c98befafc2,research_ecosystem,Website,Personal website,,https://davidlindenbach.com/,Associated website,https://profiles.ucalgary.ca/david-lindenbach,source_declared,100
mem_c9bf668779,research_profile,UCalgary,UCalgary Profile,,https://profiles.ucalgary.ca/werner-john-becker,Official institutional profile,https://profiles.ucalgary.ca/werner-john-becker,official_source,10
mem_c9fd274cf3,research_profile,UCalgary,UCalgary Profile,,https://profiles.ucalgary.ca/dawn-kingston,Official institutional profile,https://profiles.ucalgary.ca/dawn-kingston,official_source,10
mem_c9fd274cf3,research_profile,Google Scholar,Google Scholar Profile,,https://scholar.google.com/citations?hl=en&user=Shs1diYAAAAJ,Scholarly profile,https://profiles.ucalgary.ca/dawn-kingston,source_declared,20
mem_c9fd274cf3,research_profile,Scopus,Scopus Author Profile,18835921700,https://www.scopus.com/authid/detail.uri?authorId=18835921700,Scholarly identifier,https://profiles.ucalgary.ca/dawn-kingston,matched_scopus_id,50
mem_cb50148558,research_profile,UCalgary,UCalgary Profile,,https://profiles.ucalgary.ca/farnaz-amoozegar,Official institutional profile,https://profiles.ucalgary.ca/farnaz-amoozegar,official_source,10
mem_cb50148558,research_profile,Scopus,Scopus Author Profile,55604689800,https://www.scopus.com/authid/detail.uri?authorId=55604689800,Scholarly identifier,https://profiles.ucalgary.ca/farnaz-amoozegar,matched_scopus_id,50
mem_cb50148558,research_profile,PubMed,PubMed Author Search,,https://pubmed.ncbi.nlm.nih.gov/?term=Amoozegar%2C%20Farnaz,Publication index,https://profiles.ucalgary.ca/farnaz-amoozegar,source_declared,60
mem_cc41b0bf3b,research_profile,UCalgary,UCalgary Profile,,https://profiles.ucalgary.ca/sabine-gilch,Official institutional profile,https://profiles.ucalgary.ca/sabine-gilch,official_source,10
mem_cc41b0bf3b,research_profile,Scopus,Scopus Author Profile,6602750910,https://www.scopus.com/authid/detail.uri?authorId=6602750910,Scholarly identifier,https://profiles.ucalgary.ca/sabine-gilch,matched_scopus_id,50
mem_cc41b0bf3b,research_profile,PubMed,PubMed Author Search,,https://pubmed.ncbi.nlm.nih.gov/?term=gilch+s&sort=date,Publication index,https://profiles.ucalgary.ca/sabine-gilch,source_declared,60
mem_cc41b0bf3b,research_ecosystem,Research Lab,Lab Website,,https://ucalgary.ca/gilchlab,Research lab,https://profiles.ucalgary.ca/sabine-gilch,source_declared,100
mem_cc41b0bf3b,research_ecosystem,Website,Website,,https://vet.ucalgary.ca/profiles/sabine-gilch,Associated website,https://profiles.ucalgary.ca/sabine-gilch,source_declared,100
mem_cc81cc83d0,research_profile,UCalgary,UCalgary Profile,,https://profiles.ucalgary.ca/paul-schnetkamp,Official institutional profile,https://profiles.ucalgary.ca/paul-schnetkamp,official_source,10
mem_cc81cc83d0,research_profile,Scopus,Scopus Author Profile,7004932145,https://www.scopus.com/authid/detail.uri?authorId=7004932145,Scholarly identifier,https://profiles.ucalgary.ca/paul-schnetkamp,matched_scopus_id,50
mem_cc81cc83d0,research_ecosystem,Website,Website,,https://cumming.ucalgary.ca/departments/physiology-pharmacology/paul-schnetkamp,Associated website,https://profiles.ucalgary.ca/paul-schnetkamp,source_declared,100
mem_ccd6df0b53,research_profile,UCalgary,UCalgary Profile,,https://profiles.ucalgary.ca/gordon-campbell-teskey,Official institutional profile,https://profiles.ucalgary.ca/gordon-campbell-teskey,official_source,10
mem_ccd6df0b53,research_profile,Google Scholar,Google Scholar Profile,,https://scholar.google.com.au/citations?user=NxrLyJ8AAAAJ&hl=en,Scholarly profile,https://profiles.ucalgary.ca/gordon-campbell-teskey,source_declared,20
mem_ccd6df0b53,research_ecosystem,Research Lab,Dr. G Campbell Teskey's Neural Plasticity Laboratory,,https://psyc.ucalgary.ca/BN/NP-Lab/,Research lab,https://profiles.ucalgary.ca/gordon-campbell-teskey,source_declared,100
mem_ccdb9fb0c5,research_profile,UCalgary,UCalgary Profile,,https://profiles.ucalgary.ca/andrea-protzner,Official institutional profile,https://profiles.ucalgary.ca/andrea-protzner,official_source,10
mem_ccdb9fb0c5,research_profile,Scopus,Scopus Author Profile,6507488862,https://www.scopus.com/authid/detail.uri?authorId=6507488862,Scholarly identifier,https://profiles.ucalgary.ca/andrea-protzner,matched_scopus_id,50
mem_ccdb9fb0c5,research_ecosystem,Research Lab,Brain Dynamics Lab,,https://www.braindynamics.ca,Research lab,https://profiles.ucalgary.ca/andrea-protzner,source_declared,100
mem_cce204cb8c,research_profile,UCalgary,UCalgary Profile,,https://profiles.ucalgary.ca/nicole-letourneau,Official institutional profile,https://profiles.ucalgary.ca/nicole-letourneau,official_source,10
mem_cce204cb8c,research_profile,Google Scholar,Google Scholar Profile,,https://scholar.google.com/citations?hl=en&user=0JelkzYAAAAJ&view_op=list_works&sortby=title,Scholarly profile,https://profiles.ucalgary.ca/nicole-letourneau,source_declared,20
mem_cce204cb8c,research_profile,Scopus,Scopus Author Profile,6603611095,https://www.scopus.com/authid/detail.uri?authorId=6603611095,Scholarly identifier,https://profiles.ucalgary.ca/nicole-letourneau,matched_scopus_id,50
mem_cce204cb8c,research_profile,PubMed,PubMed Author Search,,https://pubmed.ncbi.nlm.nih.gov/?term=nicole+letourneau,Publication index,https://profiles.ucalgary.ca/nicole-letourneau,source_declared,60
mem_cce204cb8c,research_ecosystem,Website,APrON website,,https://apronstudy.ca/,Associated website,https://profiles.ucalgary.ca/nicole-letourneau,source_declared,100
mem_cce204cb8c,research_ecosystem,Website,ATTACH website,,https://attach.teachable.com/,Associated website,https://profiles.ucalgary.ca/nicole-letourneau,source_declared,100
mem_cce204cb8c,research_ecosystem,Website,AVA CIHR Health Research Training Platform website,,https://avatraining.ca/,Associated website,https://profiles.ucalgary.ca/nicole-letourneau,source_declared,100
mem_cd038775a0,research_profile,UCalgary,UCalgary Profile,,https://profiles.ucalgary.ca/simon-spanswick,Official institutional profile,https://profiles.ucalgary.ca/simon-spanswick,official_source,10
mem_cd038775a0,research_profile,Scopus,Scopus Author Profile,15052343100,https://www.scopus.com/authid/detail.uri?authorId=15052343100,Scholarly identifier,https://profiles.ucalgary.ca/simon-spanswick,matched_scopus_id,50
mem_cd4b5d2ba6,research_profile,UCalgary,UCalgary Profile,,https://profiles.ucalgary.ca/johanna-ospel,Official institutional profile,https://profiles.ucalgary.ca/johanna-ospel,official_source,10
mem_cd4b5d2ba6,research_profile,Google Scholar,Google Scholar Profile,,https://scholar.google.com/citations?user=7IK-5qYAAAAJ&hl=en,Scholarly profile,https://profiles.ucalgary.ca/johanna-ospel,source_declared,20
mem_cde9968348,research_profile,UCalgary,UCalgary Profile,,https://profiles.ucalgary.ca/erica-makarenko,Official institutional profile,https://profiles.ucalgary.ca/erica-makarenko,official_source,10
mem_cde9968348,research_profile,Google Scholar,Google Scholar Profile,,https://scholar.google.ca/citations?user=0wDb8CAAAAAJ&hl=en,Scholarly profile,https://profiles.ucalgary.ca/erica-makarenko,source_declared,20
mem_cde9968348,research_profile,Scopus,Scopus Author Profile,57220924531,https://www.scopus.com/authid/detail.uri?authorId=57220924531,Scholarly identifier,https://profiles.ucalgary.ca/erica-makarenko,matched_scopus_id,50
mem_cdf4fbee8b,research_profile,UCalgary,UCalgary Profile,,https://profiles.ucalgary.ca/andrew-szeto,Official institutional profile,https://profiles.ucalgary.ca/andrew-szeto,official_source,10
mem_cdf4fbee8b,research_profile,Scopus,Scopus Author Profile,7006625081,https://www.scopus.com/authid/detail.uri?authorId=7006625081,Scholarly identifier,https://profiles.ucalgary.ca/andrew-szeto,matched_scopus_id,50
mem_cf320cc4b6,research_profile,UCalgary,UCalgary Profile,,https://profiles.ucalgary.ca/cynthia-beck,Official institutional profile,https://profiles.ucalgary.ca/cynthia-beck,official_source,10
mem_cf320cc4b6,research_profile,Scopus,Scopus Author Profile,7402419162,https://www.scopus.com/authid/detail.uri?authorId=7402419162,Scholarly identifier,https://profiles.ucalgary.ca/cynthia-beck,matched_scopus_id,50
mem_cf878ce2e9,research_profile,UCalgary,UCalgary Profile,,https://profiles.ucalgary.ca/raymond-turner,Official institutional profile,https://profiles.ucalgary.ca/raymond-turner,official_source,10
mem_cf878ce2e9,research_profile,Google Scholar,Google Scholar Profile,,https://scholar.google.ca/citations?hl=en&user=Zt0QlJoAAAAJ,Scholarly profile,https://profiles.ucalgary.ca/raymond-turner,source_declared,20
mem_cf878ce2e9,research_profile,Scopus,Scopus Author Profile,55390680000,https://www.scopus.com/authid/detail.uri?authorId=55390680000,Scholarly identifier,https://profiles.ucalgary.ca/raymond-turner,matched_scopus_id,50
mem_d21327a3f5,research_profile,UCalgary,UCalgary Profile,,https://profiles.ucalgary.ca/chad-bousman,Official institutional profile,https://profiles.ucalgary.ca/chad-bousman,official_source,10
mem_d21327a3f5,research_profile,Google Scholar,Google Scholar Profile,,https://scholar.google.ca/citations?user=7t3IWRwAAAAJ&hl=en&oi=ao,Scholarly profile,https://profiles.ucalgary.ca/chad-bousman,source_declared,20
mem_d21327a3f5,research_profile,Google Scholar,Google Scholar Profile,,https://scholar.google.ca/citations?user=7t3IWRwAAAAJ&hl=en,Scholarly profile,https://profiles.ucalgary.ca/chad-bousman,source_declared,20
mem_d21327a3f5,research_profile,Scopus,Scopus Author Profile,8527415100,https://www.scopus.com/authid/detail.uri?authorId=8527415100,Scholarly identifier,https://profiles.ucalgary.ca/chad-bousman,matched_scopus_id,50
mem_d21327a3f5,research_ecosystem,Research Lab,Psychiatric Pharmacogenetics Lab,,https://www.psychpgxlab.com/,Research lab,https://profiles.ucalgary.ca/chad-bousman,source_declared,100
mem_d2301d7aac,research_profile,UCalgary,UCalgary Profile,,https://profiles.ucalgary.ca/amy-warren,Official institutional profile,https://profiles.ucalgary.ca/amy-warren,official_source,10
mem_d2301d7aac,research_profile,Scopus,Scopus Author Profile,7201588811,https://www.scopus.com/authid/detail.uri?authorId=7201588811,Scholarly identifier,https://profiles.ucalgary.ca/amy-warren,matched_scopus_id,50
mem_d3afbe9061,research_profile,UCalgary,UCalgary Profile,,https://profiles.ucalgary.ca/novarun-deb,Official institutional profile,https://profiles.ucalgary.ca/novarun-deb,official_source,10
mem_d3afbe9061,research_profile,Google Scholar,Google Scholar Profile,,https://scholar.google.com/citations?user=VwkAoigAAAAJ&hl=en,Scholarly profile,https://profiles.ucalgary.ca/novarun-deb,source_declared,20
mem_d3cc4c7671,research_profile,UCalgary,UCalgary Profile,,https://profiles.ucalgary.ca/gabriela-gilmour,Official institutional profile,https://profiles.ucalgary.ca/gabriela-gilmour,official_source,10
mem_d3cc4c7671,research_profile,Scopus,Scopus Author Profile,57210659506,https://www.scopus.com/authid/detail.uri?authorId=57210659506,Scholarly identifier,https://profiles.ucalgary.ca/gabriela-gilmour,matched_scopus_id,50
mem_d46afd103a,research_profile,UCalgary,UCalgary Profile,,https://cumming.ucalgary.ca/node/18463,Official institutional profile,https://cumming.ucalgary.ca/node/18463,official_source,10
mem_d46afd103a,research_profile,Google Scholar,Google Scholar Profile,,https://scholar.google.com/citations?user=ZQmFgf0AAAAJ&hl=en,Scholarly profile,https://cumming.ucalgary.ca/node/18463,source_declared,20
mem_d4ec51610b,research_profile,UCalgary,UCalgary Profile,,https://profiles.ucalgary.ca/ami-tint,Official institutional profile,https://profiles.ucalgary.ca/ami-tint,official_source,10
mem_d4ec51610b,research_profile,Google Scholar,Google Scholar Profile,,https://scholar.google.ca/citations?user=NH_yhQsAAAAJ&hl=en&oi=ao,Scholarly profile,https://profiles.ucalgary.ca/ami-tint,source_declared,20
mem_d4ec51610b,research_ecosystem,Research Lab,Wonder Lab,,https://www.wonder-lab.ca/,Research lab,https://profiles.ucalgary.ca/ami-tint,source_declared,100
mem_d4fd16a2fe,research_profile,UCalgary,UCalgary Profile,,https://profiles.ucalgary.ca/stephen-michael-mcneil,Official institutional profile,https://profiles.ucalgary.ca/stephen-michael-mcneil,official_source,10
mem_d4fd16a2fe,research_profile,Scopus,Scopus Author Profile,8710296200,https://www.scopus.com/authid/detail.uri?authorId=8710296200,Scholarly identifier,https://profiles.ucalgary.ca/stephen-michael-mcneil,matched_scopus_id,50
mem_d5a7323094,research_profile,UCalgary,UCalgary Profile,,https://profiles.ucalgary.ca/matthew-macdonald,Official institutional profile,https://profiles.ucalgary.ca/matthew-macdonald,official_source,10
mem_d5a7323094,research_profile,Google Scholar,Google Scholar Profile,,https://scholar.google.ca/citations?user=3ipTl3cAAAAJ&hl=en,Scholarly profile,https://profiles.ucalgary.ca/matthew-macdonald,source_declared,20
mem_d5a7323094,research_profile,ORCID,ORCID Profile,0000-0001-5421-3536,https://orcid.org/0000-0001-5421-3536,Scholarly identifier,https://profiles.ucalgary.ca/matthew-macdonald,source_declared,30
mem_d5a7323094,research_profile,ResearchGate,ResearchGate Profile,,https://www.researchgate.net/profile/M_Ethan_Macdonald,Scholarly profile,https://profiles.ucalgary.ca/matthew-macdonald,source_declared,40
mem_d5a7323094,research_ecosystem,Website,Brain Image Team (BIT) Website,,https://www.brainimageteam.com,Associated website,https://profiles.ucalgary.ca/matthew-macdonald,source_declared,100
mem_d5a7323094,research_ecosystem,Website,Personal Website,,https://ethanmacdonald.ca/,Associated website,https://profiles.ucalgary.ca/matthew-macdonald,source_declared,100
mem_d5f9a5e6ba,research_profile,UCalgary,UCalgary Profile,,https://profiles.ucalgary.ca/keith-stephen-dobson,Official institutional profile,https://profiles.ucalgary.ca/keith-stephen-dobson,official_source,10
mem_d5f9a5e6ba,research_profile,Scopus,Scopus Author Profile,35614323800,https://www.scopus.com/authid/detail.uri?authorId=35614323800,Scholarly identifier,https://profiles.ucalgary.ca/keith-stephen-dobson,matched_scopus_id,50
mem_d63e7deb2d,research_profile,UCalgary,UCalgary Profile,,https://profiles.ucalgary.ca/veronica-bruno,Official institutional profile,https://profiles.ucalgary.ca/veronica-bruno,official_source,10
mem_d63e7deb2d,research_profile,Google Scholar,Google Scholar Profile,,https://scholar.google.ca/citations?hl=en&user=8dXUomgAAAAJ&view_op=list_works&sortby=pubdate,Scholarly profile,https://profiles.ucalgary.ca/veronica-bruno,source_declared,20
mem_d63e7deb2d,research_profile,Scopus,Scopus Author Profile,24400522100,https://www.scopus.com/authid/detail.uri?authorId=24400522100,Scholarly identifier,https://profiles.ucalgary.ca/veronica-bruno,matched_scopus_id,50
mem_d63e7deb2d,research_ecosystem,Website,Advanced Care Team website,,https://hbi.ucalgary.ca/act-parkinsons/about/about-act-pd,Associated website,https://profiles.ucalgary.ca/veronica-bruno,source_declared,100
mem_d670519f7b,research_profile,UCalgary,UCalgary Profile,,https://profiles.ucalgary.ca/david-hogan,Official institutional profile,https://profiles.ucalgary.ca/david-hogan,official_source,10
mem_d670519f7b,research_profile,Scopus,Scopus Author Profile,7102613026,https://www.scopus.com/authid/detail.uri?authorId=7102613026,Scholarly identifier,https://profiles.ucalgary.ca/david-hogan,matched_scopus_id,50
mem_d71eba52b6,research_profile,UCalgary,UCalgary Profile,,https://profiles.ucalgary.ca/marc-poulin,Official institutional profile,https://profiles.ucalgary.ca/marc-poulin,official_source,10
mem_d71eba52b6,research_profile,Scopus,Scopus Author Profile,7005416204,https://www.scopus.com/authid/detail.uri?authorId=7005416204,Scholarly identifier,https://profiles.ucalgary.ca/marc-poulin,matched_scopus_id,50
mem_d71eba52b6,research_profile,PubMed,PubMed Author Search,,https://pubmed.ncbi.nlm.nih.gov/?term=Poulin%20MJ[Author]%20AND%20Calgary[ad]&cmd=DetailsSearch,Publication index,https://profiles.ucalgary.ca/marc-poulin,source_declared,60
mem_d71eba52b6,research_ecosystem,Research Lab,Clinical & Translational Exercise Physiology Laboratory,,https://cumming.ucalgary.ca/labs/ctep/ctep,Research lab,https://profiles.ucalgary.ca/marc-poulin,source_declared,100
mem_d71eba52b6,research_ecosystem,Research Lab,Laboratory of Human Cerebrovascular Physiology,,https://cumming.ucalgary.ca/labs/human-cerebrovascular-phys,Research lab,https://profiles.ucalgary.ca/marc-poulin,source_declared,100
mem_d724fe83a8,research_profile,UCalgary,UCalgary Profile,,https://cumming.ucalgary.ca/departments/medical-genetics/Oksana-Suchowersky,Official institutional profile,https://cumming.ucalgary.ca/departments/medical-genetics/Oksana-Suchowersky,official_source,10
mem_d724fe83a8,research_profile,Scopus,Scopus Author Profile,55392615800,https://www.scopus.com/authid/detail.uri?authorId=55392615800,Scholarly identifier,https://cumming.ucalgary.ca/departments/medical-genetics/Oksana-Suchowersky,matched_scopus_id,50
mem_d731bc35cc,research_profile,UCalgary,UCalgary Profile,,https://profiles.ucalgary.ca/tak-ho-chu,Official institutional profile,https://profiles.ucalgary.ca/tak-ho-chu,official_source,10
mem_d731bc35cc,research_profile,Scopus,Scopus Author Profile,14023966500,https://www.scopus.com/authid/detail.uri?authorId=14023966500,Scholarly identifier,https://profiles.ucalgary.ca/tak-ho-chu,matched_scopus_id,50
mem_d994767332,research_profile,UCalgary,UCalgary Profile,,https://profiles.ucalgary.ca/mayank-goyal,Official institutional profile,https://profiles.ucalgary.ca/mayank-goyal,official_source,10
mem_d994767332,research_profile,Scopus,Scopus Author Profile,34770191900,https://www.scopus.com/authid/detail.uri?authorId=34770191900,Scholarly identifier,https://profiles.ucalgary.ca/mayank-goyal,matched_scopus_id,50
mem_da080c48f2,research_profile,UCalgary,UCalgary Profile,,https://profiles.ucalgary.ca/stephanie-ann-plamondon,Official institutional profile,https://profiles.ucalgary.ca/stephanie-ann-plamondon,official_source,10
mem_da080c48f2,research_profile,ResearchGate,ResearchGate Profile,,https://www.researchgate.net/profile/Stephanie-Plamondon-2,Scholarly profile,https://profiles.ucalgary.ca/stephanie-ann-plamondon,source_declared,40
mem_da080c48f2,research_profile,Scopus,Scopus Author Profile,57219898842,https://www.scopus.com/authid/detail.uri?authorId=57219898842,Scholarly identifier,https://profiles.ucalgary.ca/stephanie-ann-plamondon,matched_scopus_id,50
mem_db7a5c0e29,research_profile,UCalgary,UCalgary Profile,,https://profiles.ucalgary.ca/david-cadotte,Official institutional profile,https://profiles.ucalgary.ca/david-cadotte,official_source,10
mem_db7a5c0e29,research_profile,Scopus,Scopus Author Profile,8704987300,https://www.scopus.com/authid/detail.uri?authorId=8704987300,Scholarly identifier,https://profiles.ucalgary.ca/david-cadotte,matched_scopus_id,50
mem_db95c2910e,research_profile,UCalgary,UCalgary Profile,,https://profiles.ucalgary.ca/amir-sanati-nezhad,Official institutional profile,https://profiles.ucalgary.ca/amir-sanati-nezhad,official_source,10
mem_db95c2910e,research_profile,Scopus,Scopus Author Profile,36698203400,https://www.scopus.com/authid/detail.uri?authorId=36698203400,Scholarly identifier,https://profiles.ucalgary.ca/amir-sanati-nezhad,matched_scopus_id,50
mem_db95c2910e,research_profile,PubMed,PubMed Author Search,,https://www.ncbi.nlm.nih.gov/pubmed/?term=amir+sanati+nezhad,Publication index,https://profiles.ucalgary.ca/amir-sanati-nezhad,source_declared,60
mem_db95c2910e,research_ecosystem,Research Lab,BioMEMS and Bioinspired Microfluidic Laboratory,,https://researchdirectory.ucalgary.ca/bioinspired-microfluidics/homepage,Research lab,https://profiles.ucalgary.ca/amir-sanati-nezhad,source_declared,100
mem_dd9d2855a1,research_profile,UCalgary,UCalgary Profile,,https://profiles.ucalgary.ca/roberto-souza,Official institutional profile,https://profiles.ucalgary.ca/roberto-souza,official_source,10
mem_dd9d2855a1,research_profile,Google Scholar,Google Scholar Profile,,https://scholar.google.com/citations?user=G2V4oBIAAAAJ&hl=en,Scholarly profile,https://profiles.ucalgary.ca/roberto-souza,source_declared,20
mem_dd9d2855a1,research_profile,Scopus,Scopus Author Profile,55259204800,https://www.scopus.com/authid/detail.uri?authorId=55259204800,Scholarly identifier,https://profiles.ucalgary.ca/roberto-souza,matched_scopus_id,50
mem_dd9d2855a1,research_ecosystem,Research Lab,(AI)^2 Lab,,https://www.ai2lab.ca/,Research lab,https://profiles.ucalgary.ca/roberto-souza,source_declared,100
mem_dd9d2855a1,research_ecosystem,Website,Website,,https://schulich.ucalgary.ca/contacts/roberto-souza,Associated website,https://profiles.ucalgary.ca/roberto-souza,source_declared,100
mem_de66826bad,research_profile,UCalgary,UCalgary Profile,,https://profiles.ucalgary.ca/carly-mcmorris,Official institutional profile,https://profiles.ucalgary.ca/carly-mcmorris,official_source,10
mem_de66826bad,research_profile,Scopus,Scopus Author Profile,25928611900,https://www.scopus.com/authid/detail.uri?authorId=25928611900,Scholarly identifier,https://profiles.ucalgary.ca/carly-mcmorris,matched_scopus_id,50
mem_de66826bad,research_profile,PubMed,PubMed Author Search,,https://www.ncbi.nlm.nih.gov/pubmed/?term=McMorris%20CA%5BAuthor%5D&cauthor=true&cauthor_uid=26612886,Publication index,https://profiles.ucalgary.ca/carly-mcmorris,source_declared,60
mem_de66826bad,research_ecosystem,Research Lab,The Enhance Lab,,https://www.enhancekidshealth.com/,Research lab,https://profiles.ucalgary.ca/carly-mcmorris,source_declared,100
mem_df3ac5151d,research_profile,UCalgary,UCalgary Profile,,https://profiles.ucalgary.ca/camila-aquino,Official institutional profile,https://profiles.ucalgary.ca/camila-aquino,official_source,10
mem_df3ac5151d,research_profile,Google Scholar,Google Scholar Profile,,https://scholar.google.com/citations?hl=en&user=lELiW7YAAAAJ&view_op=list_works,Scholarly profile,https://profiles.ucalgary.ca/camila-aquino,source_declared,20
mem_df3ac5151d,research_profile,Scopus,Scopus Author Profile,36877889900,https://www.scopus.com/authid/detail.uri?authorId=36877889900,Scholarly identifier,https://profiles.ucalgary.ca/camila-aquino,matched_scopus_id,50
mem_dfec7f0e37,research_profile,UCalgary,UCalgary Profile,,https://profiles.ucalgary.ca/zelma-kiss,Official institutional profile,https://profiles.ucalgary.ca/zelma-kiss,official_source,10
mem_dfec7f0e37,research_profile,Scopus,Scopus Author Profile,7101636876,https://www.scopus.com/authid/detail.uri?authorId=7101636876,Scholarly identifier,https://profiles.ucalgary.ca/zelma-kiss,matched_scopus_id,50
mem_dfec7f0e37,research_ecosystem,Website,Website,,https://people.ucalgary.ca/~zkiss/,Associated website,https://profiles.ucalgary.ca/zelma-kiss,source_declared,100
mem_e11e633737,research_profile,UCalgary,UCalgary Profile,,https://profiles.ucalgary.ca/robert-tanguay,Official institutional profile,https://profiles.ucalgary.ca/robert-tanguay,official_source,10
mem_e11e633737,research_profile,Scopus,Scopus Author Profile,58835338900,https://www.scopus.com/authid/detail.uri?authorId=58835338900,Scholarly identifier,https://profiles.ucalgary.ca/robert-tanguay,matched_scopus_id,50
mem_e17264f3a7,research_profile,UCalgary,UCalgary Profile,,https://profiles.ucalgary.ca/johanna-waegemakers-schiff,Official institutional profile,https://profiles.ucalgary.ca/johanna-waegemakers-schiff,official_source,10
mem_e1cb907885,research_profile,UCalgary,UCalgary Profile,,https://profiles.ucalgary.ca/iliana-ortega,Official institutional profile,https://profiles.ucalgary.ca/iliana-ortega,official_source,10
mem_e203a7a335,research_profile,UCalgary,UCalgary Profile,,https://profiles.ucalgary.ca/kathryn-birnie,Official institutional profile,https://profiles.ucalgary.ca/kathryn-birnie,official_source,10
mem_e203a7a335,research_profile,Google Scholar,Google Scholar Profile,,https://scholar.google.ca/citations?user=bgk559sAAAAJ&hl=en,Scholarly profile,https://profiles.ucalgary.ca/kathryn-birnie,source_declared,20
mem_e203a7a335,research_ecosystem,Research Lab,Partnering For Pain lab website,,https://www.partneringforpain.com,Research lab,https://profiles.ucalgary.ca/kathryn-birnie,source_declared,100
mem_e29ecf6f48,research_profile,UCalgary,UCalgary Profile,,https://profiles.ucalgary.ca/victoria-burns,Official institutional profile,https://profiles.ucalgary.ca/victoria-burns,official_source,10
mem_e29ecf6f48,research_profile,Scopus,Scopus Author Profile,55445807400,https://www.scopus.com/authid/detail.uri?authorId=55445807400,Scholarly identifier,https://profiles.ucalgary.ca/victoria-burns,matched_scopus_id,50
mem_e29ecf6f48,research_ecosystem,Research Lab,Recovering in Place Lab: Community-Based Approaches to Addiction-Recovery,,https://www.recoveringinplace.ca/,Research lab,https://profiles.ucalgary.ca/victoria-burns,source_declared,100
mem_e29ecf6f48,research_ecosystem,Website,Recovery on Campus Website,,https://www.recoveryoncampusalberta.ca/,Associated website,https://profiles.ucalgary.ca/victoria-burns,source_declared,100
mem_e29ecf6f48,research_ecosystem,Website,UCalgary Recovery Community Website,,https://www.ucalgary.ca/safer-substance-use/ucrc,Associated website,https://profiles.ucalgary.ca/victoria-burns,source_declared,100
mem_e3c0beb5a0,research_profile,UCalgary,UCalgary Profile,,https://profiles.ucalgary.ca/robert-stephen-sainsbury,Official institutional profile,https://profiles.ucalgary.ca/robert-stephen-sainsbury,official_source,10
mem_e3c0beb5a0,research_profile,Scopus,Scopus Author Profile,7006509346,https://www.scopus.com/authid/detail.uri?authorId=7006509346,Scholarly identifier,https://profiles.ucalgary.ca/robert-stephen-sainsbury,matched_scopus_id,50
mem_e48b8f0a4b,research_profile,UCalgary,UCalgary Profile,,https://profiles.ucalgary.ca/paul-arnold,Official institutional profile,https://profiles.ucalgary.ca/paul-arnold,official_source,10
mem_e48b8f0a4b,research_profile,Scopus,Scopus Author Profile,55583853800,https://www.scopus.com/authid/detail.uri?authorId=55583853800,Scholarly identifier,https://profiles.ucalgary.ca/paul-arnold,matched_scopus_id,50
mem_e48b8f0a4b,research_profile,PubMed,PubMed Author Search,,https://pubmed.ncbi.nlm.nih.gov/?term=Arnold+PD&filter=datesearch.y_1,Publication index,https://profiles.ucalgary.ca/paul-arnold,source_declared,60
mem_e4ccd8bf83,research_profile,UCalgary,UCalgary Profile,,https://profiles.ucalgary.ca/quentin-jerome-pittman,Official institutional profile,https://profiles.ucalgary.ca/quentin-jerome-pittman,official_source,10
mem_e4ccd8bf83,research_profile,Scopus,Scopus Author Profile,7006754832,https://www.scopus.com/authid/detail.uri?authorId=7006754832,Scholarly identifier,https://profiles.ucalgary.ca/quentin-jerome-pittman,matched_scopus_id,50
mem_e4ccd8bf83,research_profile,PubMed,PubMed Author Search,,https://pubmed.ncbi.nlm.nih.gov/?term=Pittman+Q&sort=date,Publication index,https://profiles.ucalgary.ca/quentin-jerome-pittman,source_declared,60
mem_e5d438a73d,research_profile,UCalgary,UCalgary Profile,,https://profiles.ucalgary.ca/robert-john-french,Official institutional profile,https://profiles.ucalgary.ca/robert-john-french,official_source,10
mem_e5d438a73d,research_profile,Scopus,Scopus Author Profile,7202789440,https://www.scopus.com/authid/detail.uri?authorId=7202789440,Scholarly identifier,https://profiles.ucalgary.ca/robert-john-french,matched_scopus_id,50
mem_e5fb693498,research_profile,UCalgary,UCalgary Profile,,https://profiles.ucalgary.ca/mark-giles-hamilton,Official institutional profile,https://profiles.ucalgary.ca/mark-giles-hamilton,official_source,10
mem_e5fb693498,research_profile,Scopus,Scopus Author Profile,57203042993,https://www.scopus.com/authid/detail.uri?authorId=57203042993,Scholarly identifier,https://profiles.ucalgary.ca/mark-giles-hamilton,matched_scopus_id,50
mem_e6ae3b7b4c,research_profile,UCalgary,UCalgary Profile,,https://profiles.ucalgary.ca/chunlong-mu,Official institutional profile,https://profiles.ucalgary.ca/chunlong-mu,official_source,10
mem_e6ae3b7b4c,research_profile,Google Scholar,Google Scholar Profile,,https://scholar.google.ca/citations?user=E7NKA94AAAAJ&hl=en&oi=ao,Scholarly profile,https://profiles.ucalgary.ca/chunlong-mu,source_declared,20
mem_e7440b475b,research_profile,UCalgary,UCalgary Profile,,https://profiles.ucalgary.ca/beverly-lynn-adams,Official institutional profile,https://profiles.ucalgary.ca/beverly-lynn-adams,official_source,10
mem_e7440b475b,research_profile,Scopus,Scopus Author Profile,7202518842,https://www.scopus.com/authid/detail.uri?authorId=7202518842,Scholarly identifier,https://profiles.ucalgary.ca/beverly-lynn-adams,matched_scopus_id,50
mem_e7c4e90dd1,research_profile,UCalgary,UCalgary Profile,,https://profiles.ucalgary.ca/dallas-seitz,Official institutional profile,https://profiles.ucalgary.ca/dallas-seitz,official_source,10
mem_e7c4e90dd1,research_profile,Scopus,Scopus Author Profile,12143339200,https://www.scopus.com/authid/detail.uri?authorId=12143339200,Scholarly identifier,https://profiles.ucalgary.ca/dallas-seitz,matched_scopus_id,50
mem_e7c4e90dd1,research_profile,PubMed,PubMed Author Search,,https://pubmed.ncbi.nlm.nih.gov/?term=%22Seitz%20DP%22%20OR%20%22Seitz%20Dallas%22&sort=date&ac=yes,Publication index,https://profiles.ucalgary.ca/dallas-seitz,source_declared,60
mem_e7de00f126,research_profile,UCalgary,UCalgary Profile,,https://profiles.ucalgary.ca/anne-patricia-flynn,Official institutional profile,https://profiles.ucalgary.ca/anne-patricia-flynn,official_source,10
mem_e7de00f126,research_profile,Scopus,Scopus Author Profile,56851197000,https://www.scopus.com/authid/detail.uri?authorId=56851197000,Scholarly identifier,https://profiles.ucalgary.ca/anne-patricia-flynn,matched_scopus_id,50
mem_e8addbab25,research_profile,UCalgary,UCalgary Profile,,https://profiles.ucalgary.ca/john-wong,Official institutional profile,https://profiles.ucalgary.ca/john-wong,official_source,10
mem_e8addbab25,research_profile,Scopus,Scopus Author Profile,57126648400,https://www.scopus.com/authid/detail.uri?authorId=57126648400,Scholarly identifier,https://profiles.ucalgary.ca/john-wong,matched_scopus_id,50
mem_e92a3a57cf,research_profile,UCalgary,UCalgary Profile,,https://profiles.ucalgary.ca/minh-dang-nguyen,Official institutional profile,https://profiles.ucalgary.ca/minh-dang-nguyen,official_source,10
mem_e92a3a57cf,research_profile,Scopus,Scopus Author Profile,8714266900,https://www.scopus.com/authid/detail.uri?authorId=8714266900,Scholarly identifier,https://profiles.ucalgary.ca/minh-dang-nguyen,matched_scopus_id,50
mem_e92a3a57cf,research_profile,PubMed,PubMed Author Search,,https://www.ncbi.nlm.nih.gov/pubmed?term=minh%20dang%20nguyen,Publication index,https://profiles.ucalgary.ca/minh-dang-nguyen,source_declared,60
mem_e92a3a57cf,research_ecosystem,Research Lab,Lab website,,https://www.cytoskeletonexus.com,Research lab,https://profiles.ucalgary.ca/minh-dang-nguyen,source_declared,100
mem_e99045f0a4,research_profile,UCalgary,UCalgary Profile,,https://profiles.ucalgary.ca/claudia-gomes-da-rocha,Official institutional profile,https://profiles.ucalgary.ca/claudia-gomes-da-rocha,official_source,10
mem_e99045f0a4,research_profile,Google Scholar,Google Scholar Profile,,https://scholar.google.ca/citations?hl=en&user=8HZkOo8AAAAJ,Scholarly profile,https://profiles.ucalgary.ca/claudia-gomes-da-rocha,source_declared,20
mem_e99045f0a4,research_profile,Scopus,Scopus Author Profile,55203577700,https://www.scopus.com/authid/detail.uri?authorId=55203577700,Scholarly identifier,https://profiles.ucalgary.ca/claudia-gomes-da-rocha,matched_scopus_id,50
mem_e9c9ab7840,research_profile,UCalgary,UCalgary Profile,,https://profiles.ucalgary.ca/katherine-rittenbach,Official institutional profile,https://profiles.ucalgary.ca/katherine-rittenbach,official_source,10
mem_eb52ac9c29,research_profile,UCalgary,UCalgary Profile,,https://profiles.ucalgary.ca/chathura-kumaragamage,Official institutional profile,https://profiles.ucalgary.ca/chathura-kumaragamage,official_source,10
mem_eb52ac9c29,research_profile,PubMed,PubMed Author Search,,https://pubmed.ncbi.nlm.nih.gov/?term=chathura%20kumaragamage&sort=date&ac=yes,Publication index,https://profiles.ucalgary.ca/chathura-kumaragamage,source_declared,60
mem_eba13da887,research_profile,UCalgary,UCalgary Profile,,https://profiles.ucalgary.ca/serena-orr,Official institutional profile,https://profiles.ucalgary.ca/serena-orr,official_source,10
mem_eba13da887,research_profile,Google Scholar,Google Scholar Profile,,https://scholar.google.ca/citations?user=F_fCjC8AAAAJ&hl=en,Scholarly profile,https://profiles.ucalgary.ca/serena-orr,source_declared,20
mem_eba13da887,research_profile,Scopus,Scopus Author Profile,56062907700,https://www.scopus.com/authid/detail.uri?authorId=56062907700,Scholarly identifier,https://profiles.ucalgary.ca/serena-orr,matched_scopus_id,50
mem_eba13da887,research_ecosystem,Research Lab,Dr. Orr's Pediatric Headache Research Lab (PeHRL),,https://www.pehrl.ca,Research lab,https://profiles.ucalgary.ca/serena-orr,source_declared,100
mem_ecc4765dd3,research_profile,UCalgary,UCalgary Profile,,https://profiles.ucalgary.ca/mohammed-kalathil,Official institutional profile,https://profiles.ucalgary.ca/mohammed-kalathil,official_source,10
mem_ecc4765dd3,research_profile,ResearchGate,ResearchGate Profile,,https://www.researchgate.net/profile/Mohammed-Shakeel,Scholarly profile,https://profiles.ucalgary.ca/mohammed-kalathil,source_declared,40
mem_ecc4765dd3,research_profile,Scopus,Scopus Author Profile,57208567350,https://www.scopus.com/authid/detail.uri?authorId=57208567350,Scholarly identifier,https://profiles.ucalgary.ca/mohammed-kalathil,matched_scopus_id,50
mem_ee14a139dc,research_profile,UCalgary,UCalgary Profile,,https://profiles.ucalgary.ca/rajamannar-ramasubbu,Official institutional profile,https://profiles.ucalgary.ca/rajamannar-ramasubbu,official_source,10
mem_ee14a139dc,research_profile,PubMed,PubMed Author Search,,https://pubmed.ncbi.nlm.nih.gov/?term=Ramasubbu+R,Publication index,https://profiles.ucalgary.ca/rajamannar-ramasubbu,source_declared,60
mem_ee6b1c7368,research_profile,UCalgary,UCalgary Profile,,https://profiles.ucalgary.ca/deborah-maryanne-dewey,Official institutional profile,https://profiles.ucalgary.ca/deborah-maryanne-dewey,official_source,10
mem_ee6b1c7368,research_profile,Google Scholar,Google Scholar Profile,,https://scholar.google.ca/citations?user=ScpwgQYAAAAJ&hl=en,Scholarly profile,https://profiles.ucalgary.ca/deborah-maryanne-dewey,source_declared,20
mem_ee6b1c7368,research_profile,Scopus,Scopus Author Profile,7006236207,https://www.scopus.com/authid/detail.uri?authorId=7006236207,Scholarly identifier,https://profiles.ucalgary.ca/deborah-maryanne-dewey,matched_scopus_id,50
mem_ee6b1c7368,research_profile,PubMed,PubMed Author Search,,https://www.ncbi.nlm.nih.gov/sites/entrez?cmd=Search&db=pubmed&term=Deborah%20Dewey,Publication index,https://profiles.ucalgary.ca/deborah-maryanne-dewey,source_declared,60
mem_ee6b1c7368,research_profile,PubMed,PubMed Author Search,,https://pubmed.ncbi.nlm.nih.gov/?term=Dewey+Deborah,Publication index,https://profiles.ucalgary.ca/deborah-maryanne-dewey,source_declared,60
mem_f082dc6264,research_profile,UCalgary,UCalgary Profile,,https://profiles.ucalgary.ca/rita-henderson,Official institutional profile,https://profiles.ucalgary.ca/rita-henderson,official_source,10
mem_f082dc6264,research_profile,ResearchGate,ResearchGate Profile,,https://www.researchgate.net/profile/Rita_Henderson2,Scholarly profile,https://profiles.ucalgary.ca/rita-henderson,source_declared,40
mem_f082dc6264,research_profile,Scopus,Scopus Author Profile,56042211900,https://www.scopus.com/authid/detail.uri?authorId=56042211900,Scholarly identifier,https://profiles.ucalgary.ca/rita-henderson,matched_scopus_id,50
mem_f204657bcb,research_profile,UCalgary,UCalgary Profile,,https://profiles.ucalgary.ca/eli-kinney-lang,Official institutional profile,https://profiles.ucalgary.ca/eli-kinney-lang,official_source,10
mem_f204657bcb,research_profile,Google Scholar,Google Scholar Profile,,https://scholar.google.ca/citations?user=jaCCwRUAAAAJ&hl=en&oi=ao,Scholarly profile,https://profiles.ucalgary.ca/eli-kinney-lang,source_declared,20
mem_f2a4c01421,research_profile,UCalgary,UCalgary Profile,,https://profiles.ucalgary.ca/patrick-joseph-hanly,Official institutional profile,https://profiles.ucalgary.ca/patrick-joseph-hanly,official_source,10
mem_f2a4c01421,research_profile,Scopus,Scopus Author Profile,7004111613,https://www.scopus.com/authid/detail.uri?authorId=7004111613,Scholarly identifier,https://profiles.ucalgary.ca/patrick-joseph-hanly,matched_scopus_id,50
mem_f36bd582f4,research_profile,UCalgary,UCalgary Profile,,https://profiles.ucalgary.ca/qingrun-zhang,Official institutional profile,https://profiles.ucalgary.ca/qingrun-zhang,official_source,10
mem_f36bd582f4,research_profile,PubMed,PubMed Author Search,,https://www.ncbi.nlm.nih.gov/pubmed/?term=Zhang%2C%20Qingrun%5BFull%20Author%20Name%5D%20OR%20Zhang%2C%20Qingrun%5BFull%20Investigator%20Name%5D&cmd=DetailsSearch,Publication index,https://profiles.ucalgary.ca/qingrun-zhang,source_declared,60
mem_f4ed9da557,research_profile,UCalgary,UCalgary Profile,,https://profiles.ucalgary.ca/tyler-cluff,Official institutional profile,https://profiles.ucalgary.ca/tyler-cluff,official_source,10
mem_f4ed9da557,research_profile,Scopus,Scopus Author Profile,26967470600,https://www.scopus.com/authid/detail.uri?authorId=26967470600,Scholarly identifier,https://profiles.ucalgary.ca/tyler-cluff,matched_scopus_id,50
mem_f68a60fd9c,research_profile,UCalgary,UCalgary Profile,,https://profiles.ucalgary.ca/christophe-altier,Official institutional profile,https://profiles.ucalgary.ca/christophe-altier,official_source,10
mem_f68a60fd9c,research_profile,Google Scholar,Google Scholar Profile,,https://scholar.google.com/citations?user=dpaGPX0AAAAJ&hl=en,Scholarly profile,https://profiles.ucalgary.ca/christophe-altier,source_declared,20
mem_f68a60fd9c,research_profile,Scopus,Scopus Author Profile,6603697246,https://www.scopus.com/authid/detail.uri?authorId=6603697246,Scholarly identifier,https://profiles.ucalgary.ca/christophe-altier,matched_scopus_id,50
mem_f68a60fd9c,research_profile,PubMed,PubMed Author Search,,https://www.ncbi.nlm.nih.gov/pubmed/?term=Christophe+Altier,Publication index,https://profiles.ucalgary.ca/christophe-altier,source_declared,60
mem_f68a60fd9c,research_ecosystem,Website,IRN website,,https://ucalgary.ca/irn,Associated website,https://profiles.ucalgary.ca/christophe-altier,source_declared,100
mem_f731c39857,research_profile,UCalgary,UCalgary Profile,,https://profiles.ucalgary.ca/ana-nikolic,Official institutional profile,https://profiles.ucalgary.ca/ana-nikolic,official_source,10
mem_f736a5948e,research_profile,UCalgary,UCalgary Profile,,https://profiles.ucalgary.ca/hermann-schaetzl,Official institutional profile,https://profiles.ucalgary.ca/hermann-schaetzl,official_source,10
mem_f736a5948e,research_profile,Google Scholar,Google Scholar Profile,,https://scholar.google.ca/citations?user=fYQsw2QAAAAJ&hl=en,Scholarly profile,https://profiles.ucalgary.ca/hermann-schaetzl,source_declared,20
mem_f736a5948e,research_profile,Scopus,Scopus Author Profile,7004486352,https://www.scopus.com/authid/detail.uri?authorId=7004486352,Scholarly identifier,https://profiles.ucalgary.ca/hermann-schaetzl,matched_scopus_id,50
mem_f736a5948e,research_profile,PubMed,PubMed Author Search,,https://pubmed.ncbi.nlm.nih.gov/?term=schatzl+h&sort=date,Publication index,https://profiles.ucalgary.ca/hermann-schaetzl,source_declared,60
mem_f736a5948e,research_ecosystem,Research Group,Schaetzl Prion and Immunology Research Group,,https://vet.ucalgary.ca/labs/schatzl-prion-lab/home,Research group,https://profiles.ucalgary.ca/hermann-schaetzl,source_declared,100
mem_f7f8d26dcb,research_profile,UCalgary,UCalgary Profile,,https://profiles.ucalgary.ca/jonathan-epp,Official institutional profile,https://profiles.ucalgary.ca/jonathan-epp,official_source,10
mem_f7f8d26dcb,research_profile,Google Scholar,Google Scholar Profile,,https://scholar.google.ca/citations?user=RZuLyCUAAAAJ&hl=en,Scholarly profile,https://profiles.ucalgary.ca/jonathan-epp,source_declared,20
mem_f7f8d26dcb,research_profile,Scopus,Scopus Author Profile,16028484700,https://www.scopus.com/authid/detail.uri?authorId=16028484700,Scholarly identifier,https://profiles.ucalgary.ca/jonathan-epp,matched_scopus_id,50
mem_f7f8d26dcb,research_profile,PubMed,PubMed Author Search,,https://pubmed.ncbi.nlm.nih.gov/?term=Epp+Jonathan&sort=relevance,Publication index,https://profiles.ucalgary.ca/jonathan-epp,source_declared,60
mem_f7f8d26dcb,research_ecosystem,Research Lab,Lab site,,https://www.epplab.com,Research lab,https://profiles.ucalgary.ca/jonathan-epp,source_declared,100
mem_f80aadfb52,research_profile,UCalgary,UCalgary Profile,,https://profiles.ucalgary.ca/david-park,Official institutional profile,https://profiles.ucalgary.ca/david-park,official_source,10
mem_f80aadfb52,research_profile,ORCID,ORCID Profile,0000-0002-4490-3784,https://orcid.org/0000-0002-4490-3784,Scholarly identifier,https://profiles.ucalgary.ca/david-park,source_declared,30
mem_f80aadfb52,research_profile,Scopus,Scopus Author Profile,7403245679,https://www.scopus.com/authid/detail.uri?authorId=7403245679,Scholarly identifier,https://profiles.ucalgary.ca/david-park,matched_scopus_id,50
mem_f80d6c1f22,research_profile,UCalgary,UCalgary Profile,,https://profiles.ucalgary.ca/thomas-erskine-feasby,Official institutional profile,https://profiles.ucalgary.ca/thomas-erskine-feasby,official_source,10
mem_f84b6f39c0,research_profile,UCalgary,UCalgary Profile,,https://profiles.ucalgary.ca/sandy-berzins,Official institutional profile,https://profiles.ucalgary.ca/sandy-berzins,official_source,10
mem_f84b6f39c0,research_profile,Scopus,Scopus Author Profile,18533296100,https://www.scopus.com/authid/detail.uri?authorId=18533296100,Scholarly identifier,https://profiles.ucalgary.ca/sandy-berzins,matched_scopus_id,50
mem_f84e71bbc5,research_profile,UCalgary,UCalgary Profile,,https://profiles.ucalgary.ca/peter-stys,Official institutional profile,https://profiles.ucalgary.ca/peter-stys,official_source,10
mem_f84e71bbc5,research_profile,Scopus,Scopus Author Profile,7006731196,https://www.scopus.com/authid/detail.uri?authorId=7006731196,Scholarly identifier,https://profiles.ucalgary.ca/peter-stys,matched_scopus_id,50
mem_f8e008892b,research_profile,UCalgary,UCalgary Profile,,https://profiles.ucalgary.ca/matthew-hill,Official institutional profile,https://profiles.ucalgary.ca/matthew-hill,official_source,10
mem_f8e008892b,research_profile,Google Scholar,Google Scholar Profile,,https://scholar.google.ca/citations?user=Q494JnAAAAAJ&hl=en&oi=ao,Scholarly profile,https://profiles.ucalgary.ca/matthew-hill,source_declared,20
mem_f8e008892b,research_profile,Scopus,Scopus Author Profile,7404447458,https://www.scopus.com/authid/detail.uri?authorId=7404447458,Scholarly identifier,https://profiles.ucalgary.ca/matthew-hill,matched_scopus_id,50
mem_f8e008892b,research_ecosystem,Research Lab,lab website,,https://www.hill-lab.ca,Research lab,https://profiles.ucalgary.ca/matthew-hill,source_declared,100
mem_fb9b9dd954,research_profile,UCalgary,UCalgary Profile,,https://profiles.ucalgary.ca/stephanie-borgland,Official institutional profile,https://profiles.ucalgary.ca/stephanie-borgland,official_source,10
mem_fb9b9dd954,research_profile,Scopus,Scopus Author Profile,6602785694,https://www.scopus.com/authid/detail.uri?authorId=6602785694,Scholarly identifier,https://profiles.ucalgary.ca/stephanie-borgland,matched_scopus_id,50
mem_fb9b9dd954,research_profile,PubMed,PubMed Author Search,,https://www.ncbi.nlm.nih.gov/pubmed/?term=Borgland+s,Publication index,https://profiles.ucalgary.ca/stephanie-borgland,source_declared,60
mem_fb9b9dd954,research_profile,PubMed,PubMed Author Search,,https://pubmed.ncbi.nlm.nih.gov/?term=Borgland+s,Publication index,https://profiles.ucalgary.ca/stephanie-borgland,source_declared,60
mem_fb9b9dd954,research_ecosystem,Research Lab,Lab website,,https://www.borglandlab.com,Research lab,https://profiles.ucalgary.ca/stephanie-borgland,source_declared,100
mem_fb9f77988d,research_profile,UCalgary,UCalgary Profile,,https://profiles.ucalgary.ca/paul-kubes,Official institutional profile,https://profiles.ucalgary.ca/paul-kubes,official_source,10
mem_fb9f77988d,research_profile,Scopus,Scopus Author Profile,7103272204,https://www.scopus.com/authid/detail.uri?authorId=7103272204,Scholarly identifier,https://profiles.ucalgary.ca/paul-kubes,matched_scopus_id,50
mem_fb9f77988d,research_ecosystem,Website,Website,,https://www.ucalgary.ca/paulkubeslab/,Associated website,https://profiles.ucalgary.ca/paul-kubes,source_declared,100
mem_fc7a9521ff,research_profile,UCalgary,UCalgary Profile,,https://profiles.ucalgary.ca/haixu-wang,Official institutional profile,https://profiles.ucalgary.ca/haixu-wang,official_source,10
mem_fc7a9521ff,research_profile,Scopus,Scopus Author Profile,56590132700,https://www.scopus.com/authid/detail.uri?authorId=56590132700,Scholarly identifier,https://profiles.ucalgary.ca/haixu-wang,matched_scopus_id,50
mem_fc7a9521ff,research_ecosystem,Website,Website,,https://www.haixu-alex.me/,Associated website,https://profiles.ucalgary.ca/haixu-wang,source_declared,100
mem_fc88669608,research_profile,UCalgary,UCalgary Profile,,https://profiles.ucalgary.ca/ali-golestani,Official institutional profile,https://profiles.ucalgary.ca/ali-golestani,official_source,10
mem_fc88669608,research_profile,Scopus,Scopus Author Profile,8342931500,https://www.scopus.com/authid/detail.uri?authorId=8342931500,Scholarly identifier,https://profiles.ucalgary.ca/ali-golestani,matched_scopus_id,50
mem_fc8bf2f9b6,research_profile,UCalgary,UCalgary Profile,,https://profiles.ucalgary.ca/manuel-hulliger,Official institutional profile,https://profiles.ucalgary.ca/manuel-hulliger,official_source,10
mem_fe45b26c09,research_profile,UCalgary,UCalgary Profile,,https://profiles.ucalgary.ca/jennifer-jackson,Official institutional profile,https://profiles.ucalgary.ca/jennifer-jackson,official_source,10
mem_fe45b26c09,research_profile,Google Scholar,Google Scholar Profile,,https://scholar.google.co.uk/citations?hl=en&pli=1&user=2cyZ7-sAAAAJ,Scholarly profile,https://profiles.ucalgary.ca/jennifer-jackson,source_declared,20
mem_fe45b26c09,research_profile,Google Scholar,Google Scholar Profile,,https://scholar.google.co.uk/citations?hl=en&user=2cyZ7-sAAAAJ,Scholarly profile,https://profiles.ucalgary.ca/jennifer-jackson,source_declared,20
mem_fe45b26c09,research_profile,ORCID,ORCID Profile,0000-0001-9401-761X,https://orcid.org/0000-0001-9401-761X,Scholarly identifier,https://profiles.ucalgary.ca/jennifer-jackson,source_declared,30
mem_fe45b26c09,research_profile,Scopus,Scopus Author Profile,55863540400,https://www.scopus.com/authid/detail.uri?authorId=55863540400,Scholarly identifier,https://profiles.ucalgary.ca/jennifer-jackson,matched_scopus_id,50
mem_fe45b26c09,research_ecosystem,Website,Website,,https://jenniferjacksonrn.org/,Associated website,https://profiles.ucalgary.ca/jennifer-jackson,source_declared,100
mem_fe67f51d1b,research_profile,UCalgary,UCalgary Profile,,https://profiles.ucalgary.ca/justyna-sarna,Official institutional profile,https://profiles.ucalgary.ca/justyna-sarna,official_source,10
mem_fe67f51d1b,research_profile,Scopus,Scopus Author Profile,6603330118,https://www.scopus.com/authid/detail.uri?authorId=6603330118,Scholarly identifier,https://profiles.ucalgary.ca/justyna-sarna,matched_scopus_id,50
mem_feaca2a8a0,research_profile,UCalgary,UCalgary Profile,,https://profiles.ucalgary.ca/alvin-joselin,Official institutional profile,https://profiles.ucalgary.ca/alvin-joselin,official_source,10
mem_feaca2a8a0,research_profile,Google Scholar,Google Scholar Profile,,https://scholar.google.ca/citations?hl=en&user=cyLK2lQAAAAJ,Scholarly profile,https://profiles.ucalgary.ca/alvin-joselin,source_declared,20
mem_feaca2a8a0,research_profile,ORCID,ORCID Profile,0000-0002-9010-0421,https://orcid.org/0000-0002-9010-0421,Scholarly identifier,https://profiles.ucalgary.ca/alvin-joselin,source_declared,30
mem_feaca2a8a0,research_profile,Scopus,Scopus Author Profile,14008575400,https://www.scopus.com/authid/detail.uri?authorId=14008575400,Scholarly identifier,https://profiles.ucalgary.ca/alvin-joselin,matched_scopus_id,50
mem_feaca2a8a0,research_profile,PubMed,PubMed Author Search,,https://pubmed.ncbi.nlm.nih.gov/?term=joselin%2C+A&sort=date&size=200,Publication index,https://profiles.ucalgary.ca/alvin-joselin,source_declared,60
mem_ff28df9a18,research_profile,UCalgary,UCalgary Profile,,https://profiles.ucalgary.ca/shalina-ousman,Official institutional profile,https://profiles.ucalgary.ca/shalina-ousman,official_source,10
mem_ff28df9a18,research_ecosystem,Research Lab,Ousman Lab,,https://cumming.ucalgary.ca/labs/neuroimmunology,Research lab,https://cumming.ucalgary.ca/labs/neuroimmunology/publications,source_declared_verified,20
mem_ff28df9a18,research_profile,Scopus,Scopus Author Profile,8858966500,https://www.scopus.com/authid/detail.uri?authorId=8858966500,Scholarly identifier,,matched_scopus_id,50
mem_ff28df9a18,research_profile,PubMed,PubMed Author Search,,https://pubmed.ncbi.nlm.nih.gov/?term=ousman+ss&sort=date&size=50,Publication index,https://profiles.ucalgary.ca/shalina-ousman,source_declared,60
mem_ff28df9a18,research_ecosystem,Research Lab,Ousman lab publications,,https://cumming.ucalgary.ca/labs/neuroimmunology/publications,Research lab,https://profiles.ucalgary.ca/shalina-ousman,source_declared,100
mem_ff28df9a18,research_ecosystem,Website,Website,,https://cumming.ucalgary.ca/labs/neuroimmunology/research,Associated website,https://profiles.ucalgary.ca/shalina-ousman,source_declared,100
mem_ffc70c151e,research_profile,UCalgary,UCalgary Profile,,https://profiles.ucalgary.ca/lorraine-venturato,Official institutional profile,https://profiles.ucalgary.ca/lorraine-venturato,official_source,10
mem_ffc70c151e,research_profile,Scopus,Scopus Author Profile,8215746500,https://www.scopus.com/authid/detail.uri?authorId=8215746500,Scholarly identifier,https://profiles.ucalgary.ca/lorraine-venturato,matched_scopus_id,50
mem_ffc70c151e,research_ecosystem,Website,Website,,https://nursing.ucalgary.ca/profiles/lorraine-venturato,Associated website,https://profiles.ucalgary.ca/lorraine-venturato,source_declared,100
mem_ffc70c151e,research_ecosystem,Research Network,YouTube: Overview of the Collaborative Learning Action Network-Dementia (CLAN-D),,https://www.youtube.com/watch?v=paD3w-uC0-s&feature=em-upload_owner#action=share,Research network,https://profiles.ucalgary.ca/lorraine-venturato,source_declared,100
