"profile","member_id","current_tag_count","current_visible_tags","v2_source_label_count","v2_source_labels","v2_mesh_tag_count","v2_mesh_tags","v2_umbrella_count","v2_umbrellas","hybrid_accepted_concept_count","hybrid_accepted_concepts","hybrid_umbrella_count","hybrid_umbrellas","hybrid_recall_gain_count","hybrid_recall_gains_vs_v2","hybrid_review_count","hybrid_rejected_noise_count","hybrid_rejected_phrases"
"Aaron Gruber","mem_bd2c4a5235","7","Attention Deficit Disorder | Autistic Disorder | Environmental Toxins | Depression | Inflammatory Molecules | Neuromodulators Like Dopamine | Machine Learning","5","Neurodevelopmental Disorders | Mental Health | Machine Learning | Autism | Mitochondria","4","Autistic Disorder | Mental Health | Mitochondria | Neurodevelopmental Disorders","2","Cellular and Molecular Neuroscience | Mental Health","8","Attention Deficit Disorder with Hyperactivity | Autistic Disorder | Depression | Machine Learning | Mental Health | Mitochondria | Neurodevelopmental Disorders | Neurotransmitter Agents","3","Mental Health | Cellular and Molecular Neuroscience | Pharmacology and Therapeutics","4","Attention Deficit Disorder with Hyperactivity | Depression | Machine Learning | Neurotransmitter Agents","1","0",""
"Aaron Phillips","mem_c57a8f39f9","6","Cardiovascular System | Therapeutics For Neurological | Biomedical Engineering | Physiology Pharmacology | Neurostimulation Hardware | Brain Computer Interfaces","0","","0","","0","","7","Biomedical Engineering | Brain-Computer Interfaces | Cardiovascular System | Electric Stimulation Therapy | Pharmacology | Physiology | Therapeutics","4","Neuroengineering and Medical Technology | Cardiovascular Health | Pharmacology and Therapeutics | Physiology and Systems Biology","7","Biomedical Engineering | Brain-Computer Interfaces | Cardiovascular System | Electric Stimulation Therapy | Pharmacology | Physiology | Therapeutics","0","2","he studies the interactions between the nervous | leads a graduate-level course on commercializing medical neuro-technologies"
"Abdul Rahman","mem_5559bbda00","0","","0","","0","","0","","0","","0","","0","","0","0",""
"Abdullah Al Maruf","mem_529c362d70","6","Precision Pharmacotherapy | Adverse Drug Reactions | Translational Pharmacotherapy | Population Therapeutics | Health Outcomes | Induced Liver Injury","7","Pharmacogenomics | Precision Pharmacotherapy | Adverse Drug Reactions | Translational Pharmacotherapy | Population Therapeutics and Health Outcomes | Pharmacovigilance | Scholarship of Teaching and Learning","4","Drug Therapy | Learning | Pharmacogenetics | Therapeutics","3","Cognitive and Behavioural Neuroscience | Genetics and Genomics | Pharmacology and Therapeutics","5","Drug-Related Side Effects and Adverse Reactions | Pharmacogenetics | Therapeutics | Drug Therapy | Learning","2","Pharmacology and Therapeutics | Cognitive and Behavioural Neuroscience","1","Drug-Related Side Effects and Adverse Reactions","3","0",""
"Adel Gabriel","mem_5f5dfc3246","4","Clinical Outcomes | Mood Disorders | Anxiety Disorders | Attention Deficit Disorder","0","","0","","0","","3","Anxiety Disorders | Attention Deficit Disorder with Hyperactivity | Mood Disorders","1","Mental Health","3","Anxiety Disorders | Attention Deficit Disorder with Hyperactivity | Mood Disorders","1","0",""
"Adriana Zardini Buzatto","mem_9f51021d60","14","Biochemical Pathway | Physiological Processes | Bioinformatics | Semi Targeted Lipidomics | Lipid Differences Amongst Control | Software Development | Microbial Lipidomics | Lipidomics Of Extracellular Vesicles | Exposomics Environmental Lipidomics | Lipidomics Analytical Methods | Mass Spectrometry | Alzheimer Disease | Lipid Metabolism | Intercellular Communication","5","Lipidomics (analytical methods using chromatography and mass spectrometry, database creation, software development, data sciences) | Microbial lipidomics | Lipidomics of extracellular vesicles | Lipids involved in neurodegeneration and aging | Exposomics - environmental lipidomics","0","","0","","6","Alzheimer Disease | Computational Biology | Cell Communication | Lipid Metabolism | Mass Spectrometry | Physiological Phenomena","2","Neurological Disorders | Physiology and Systems Biology","6","Alzheimer Disease | Computational Biology | Cell Communication | Lipid Metabolism | Mass Spectrometry | Physiological Phenomena","5","0",""
"Adrianna Giuffre","mem_9caecf64a4","11","Brain Stimulation | Mental Health | Neurodevelopment Disorders | Neuroimaging | Epilepsy | Multiple Sclerosis | Clinical Outcomes | Stroke | Mental Depression | Individuals With Neurological Conditions | Development Disorder","6","Brain Stimulation | Mental Health | Neurodevelopment Disorders | Neuroimaging | Epilepsy | Multiple Sclerosis","5","Epilepsy | Mental Health | Multiple Sclerosis | Neurodevelopmental Disorders | Neuroimaging","3","Imaging and Diagnostics | Mental Health | Neurological Disorders","8","Depression | Mental Disorders | Epilepsy | Mental Health | Multiple Sclerosis | Neurodevelopmental Disorders | Neuroimaging | Stroke","4","Mental Health | Neurological Disorders | Imaging and Diagnostics | Cardiovascular Health","3","Depression | Mental Disorders | Stroke","3","0",""
"Alan McLuckie","mem_9461efbef5","4","Mental Health | Learning Difficulties | Family Coping | School Based Mental Health","5","Infant | child and youth mental health | neurodevelopmental and learning difficulties | vulnerable family coping | couple/family therapy","3","Learning | Mental Health | Therapeutics","3","Cognitive and Behavioural Neuroscience | Mental Health | Pharmacology and Therapeutics","3","Mental Health | Therapeutics | Learning","3","Mental Health | Pharmacology and Therapeutics | Cognitive and Behavioural Neuroscience","0","","2","1","school-based mental health"
"Aleksandra Mineyko","mem_b85b93eb26","5","Inflammation | Stroke | Migraine | Inflammation Associated With Neurological | Pediatric Neurology","2","Inflammation | Stroke","1","Stroke","1","Cardiovascular Health","3","Inflammation | Migraine Disorders | Stroke","1","Cardiovascular Health","2","Inflammation | Migraine Disorders","2","0",""
"Alex Lohman","mem_67336e1dbb","12","Traumatic Brain Injury | Inflammation | Molecular Mechanisms | Stroke | Tissue Regeneration | Brain Injuries | Molecular Biology | Mild Traumatic Brain Injury | Single Cell | Cytokines Panel | Harmful Neuroinflammation | Chronic Neuroinflammatory Pathologies","5","Brain Injury | Inflammation | Molecular Mechanisms | Stroke | Tissue Regeneration","2","Brain Injuries | Stroke","2","Brain Injury and Neurotrauma | Cardiovascular Health","6","Brain Injuries | Inflammation | Brain Concussion | Molecular Biology | Stroke | Brain Injuries, Traumatic","2","Brain Injury and Neurotrauma | Cardiovascular Health","4","Inflammation | Brain Concussion | Molecular Biology | Brain Injuries, Traumatic","5","0",""
"Alexander McGirr","mem_ab3c7cd459","5","Mental Health | Stress | Bipolar Disorder | Mood Disorders | Major Depressive Disorder","2","Mental Health | Stress","1","Mental Health","1","Mental Health","4","Bipolar Disorder | Major Depressive Disorder | Mental Health | Mood Disorders","1","Mental Health","3","Bipolar Disorder | Major Depressive Disorder | Mood Disorders","1","0",""
"Ali Golestani","mem_fc88669608","9","MRI Of Brain With Functional Imaging | Neuroimaging | Quality Assurance | Radiation Therapy | Medical Imaging | Image Processing | Magnetic Resonance Imaging | Method Of Processing | Cancer Treatment","6","Functional MRI | Neuroimaging | MRI Quality Assurance | MRI in Radiation Therapy | Medical Imaging | Image Processing","4","Diagnostic Imaging | Magnetic Resonance Imaging | Neuroimaging | Radiotherapy","2","Imaging and Diagnostics | Pharmacology and Therapeutics","7","Neoplasms | Therapeutics | Magnetic Resonance Imaging | Functional MRI | Diagnostic Imaging | Neuroimaging | Radiotherapy","3","Cancer and Tumours | Pharmacology and Therapeutics | Imaging and Diagnostics","3","Neoplasms | Therapeutics | Functional MRI","5","0",""
"Alim Mitha","mem_29212b7883","1","Stroke","0","","0","","0","","1","Stroke","1","Cardiovascular Health","1","Stroke","0","0",""
"Alvin Joselin","mem_feaca2a8a0","3","Parkinson Disease Associated Proteins | Parkinson Disease | Endoplasmic Reticulum Er Stress","1","Molecular mechanisms in Parkinson's Disease","1","Parkinson Disease","1","Neurological Disorders","2","Parkinson Disease | Parkinson Disease Associated Proteins","1","Neurological Disorders","1","Parkinson Disease Associated Proteins","1","0",""
"Amanda Black","mem_14f73a10d6","0","","0","","0","","0","","0","","0","","0","","0","0",""
"Amanda Tyndall","mem_8bfbd806c9","5","Alzheimer Disease | Related Dementias | Genetic Disorder | Neurodevelopmental Disorders | Rare Diseases","4","Genetic Disorders | Genomics | Neurodevelopmental Disorders | Rare Diseases","2","Genomics | Neurodevelopmental Disorders","2","Genetics and Genomics | Mental Health","6","Alzheimer Disease | Genetic Diseases, Inborn | Genomics | Neurodevelopmental Disorders | Rare Diseases | Dementia","3","Neurological Disorders | Genetics and Genomics | Mental Health","4","Alzheimer Disease | Genetic Diseases, Inborn | Rare Diseases | Dementia","3","0",""
"Ami Tint","mem_d4ec51610b","2","Mental Health | Autistic","5","Autism | Neurodevelopmental Conditions | Mental Health | Patient Engagement | Psychology","2","Autistic Disorder | Mental Health","1","Mental Health","3","Autistic Disorder | Mental Health | Health Services Needs and Demand","2","Mental Health | Population and Public Health","1","Health Services Needs and Demand","2","1","pre-doctoral residency at holland bloorview kids rehabilitation hospital"
"Amir Sanati Nezhad","mem_db95c2910e","3","Digital Health Technology | Tissue Engineering | Drug Discovery","10","Biosensing | Sensors and Actuators | Microfluidics | Tissue engineering | Biomaterials | Medical devices | Point-of-care | Organ-on-chip | Digital Health Technologies | Artificial Intelligence","0","","0","","3","Digital Health | Drug Discovery | Tissue Engineering","0","","3","Digital Health | Drug Discovery | Tissue Engineering","7","0",""
"Amy Warren","mem_d2301d7aac","5","Mental Health | Clinical Science | Clinical Reasoning | Magnetic Resonance Imaging | Histopathologic Characterization Of Disease","5","Mental Health | Mental health research and education | neuropsychology | Clinical Science | Comparative Pathobiology","1","Mental Health","1","Mental Health","4","Clinical Reasoning | Functional MRI | Magnetic Resonance Imaging | Mental Health","2","Imaging and Diagnostics | Mental Health","3","Clinical Reasoning | Functional MRI | Magnetic Resonance Imaging","1","0",""
"Ana Nikolic","mem_f731c39857","1","Temporal Epigenetic Remodelling","1","Interrogating the spatiotemporal heterogeneity in brain tumours","0","","0","","1","Epigenomics","1","Genetics and Genomics","1","Epigenomics","0","1","expertise in both wet lab brain tumour biology"
"Andrea Protzner","mem_ccdb9fb0c5","4","Mental Depression | Neuroimaging | Neurocognitive Aging And Plasticity | Outcomes Treatment","5","Depression | aging | MRI | EEG | network neuroscience","1","Depression","1","Mental Health","5","Depression | Magnetic Resonance Imaging | Neurosciences | Neuroimaging | Therapeutics","4","Mental Health | Imaging and Diagnostics | Neuroscience and Neural Systems | Pharmacology and Therapeutics","4","Magnetic Resonance Imaging | Neurosciences | Neuroimaging | Therapeutics","3","0",""
"Andreas Kramer","mem_61c2300e70","1","Clinical Neurosciences","0","","0","","0","","1","Neurosciences","1","Neuroscience and Neural Systems","1","Neurosciences","0","0",""
"Andreas Wissmann","mem_126bc39f5f","1","Depression","0","","0","","0","","1","Depression","1","Mental Health","1","Depression","0","0",""
"Andrew Braun","mem_418a89fdc0","3","Smooth Muscle | Biomedical Research | Stroke","8","KCa Channels | Nitric Oxide | Calcium | Myogenic Tone | Endothelium | Smooth Muscle | Vasodilation | Type 2 Diabetes","0","","0","","3","Biomedical Research | Muscle, Smooth | Stroke","1","Cardiovascular Health","3","Biomedical Research | Muscle, Smooth | Stroke","6","0",""
"Andrew Demchuk","mem_0f73a389b6","2","Vascular Imaging | Stroke","3","vascular imaging | ischemic stroke | Stroke","2","Ischemic Stroke | Stroke","1","Cardiovascular Health","2","Ischemic Stroke | Stroke","1","Cardiovascular Health","0","","1","0",""
"Andrew Gabriel McKay Bulloch","mem_945a42f165","3","Bipolar Disorder | Epidemiology | Mental Depression","0","","0","","0","","3","Bipolar Disorder | Depression | Epidemiology","1","Mental Health","3","Bipolar Disorder | Depression | Epidemiology","0","0",""
"Andrew Kim","mem_41979986b6","4","Behavioural Addictions | Concurrent Disorders | Sports Betting | Mental Depression","4","Substance and behavioural addictions | comorbidity of addiction and mental health (i.e., concurrent disorders) | transdiagnostic treatments | sports betting","2","Mental Health | Therapeutics","2","Mental Health | Pharmacology and Therapeutics","3","Mental Health | Depression | Therapeutics","2","Mental Health | Pharmacology and Therapeutics","1","Depression","2","0",""
"Andrew Szeto","mem_cdf4fbee8b","0","","0","","0","","0","","0","","0","","0","","0","0",""
"Angela Haffenden","mem_4d14f5ed5f","2","Movement Disorders | Visually Guided Movements","1","Movement Disorders","1","Movement Disorders","1","Neurological Disorders","1","Movement Disorders","1","Neurological Disorders","0","","0","0",""
"Angelique Jenney","mem_3e0ef14a60","6","Simulation Based Experiential Learning | Mental Health | Gender Based Violence | Trauma Across The Lifespan | Simulation Based Learning | Child Development","5","Child mental health | Gender-Based Violence | Trauma across the lifespan | Simulation-Based Learning | Simulation-based Experiential Learning","3","Learning | Mental Health | Problem-Based Learning","2","Cognitive and Behavioural Neuroscience | Mental Health","6","Child Development | Mental Health | Gender-Based Violence | Problem-Based Learning | Learning | Therapeutics","3","Mental Health | Cognitive and Behavioural Neuroscience | Pharmacology and Therapeutics","3","Child Development | Gender-Based Violence | Therapeutics","0","0",""
"Anne Patricia Flynn","mem_e7de00f126","2","Health Promotion | Health Study Group","0","","0","","0","","1","Health Promotion","0","","1","Health Promotion","0","1","alex senior's health centre"
"Antoine Dufour","mem_4fab7d2841","3","Substrates On A Cell | Immune Diseases | Pain","0","","0","","0","","2","Immune System Diseases | Pain","0","","2","Immune System Diseases | Pain","0","0",""
"Araba Chintoh","mem_0aa82264fe","3","Schizophrenia | Physical Health | Risk Factors","0","","0","","0","","3","Mental Health | Risk Factors | Schizophrenia","1","Mental Health","3","Mental Health | Risk Factors | Schizophrenia","2","0",""
"Aravind Ganesh","mem_51d0744557","2","Stroke | Neuropsychiatric Sequelae","0","","0","","0","","1","Stroke","1","Cardiovascular Health","1","Stroke","0","0",""
"Arvi Rauk","mem_5484cb96e1","1","Alzheimer Disease","0","","0","","0","","1","Alzheimer Disease","1","Neurological Disorders","1","Alzheimer Disease","0","0",""
"Ashley Harris","mem_233f37a4ef","8","Brain Development | Brain Injury | Neurodevelopmental Disorders | Neuroimaging | Pain | Spectroscopy Methods For Clinical | Neurosciences Research | Migraine Disorders","6","Brain | Brain Development | Brain Injury | Neurodevelopment | Neurodevelopmental disorders | Neuroimaging","3","Brain Injuries | Neurodevelopmental Disorders | Neuroimaging","3","Brain Injury and Neurotrauma | Imaging and Diagnostics | Mental Health","7","Magnetic Resonance Imaging | Brain Injuries | Migraine Disorders | Neurodevelopmental Disorders | Neuroimaging | Neurosciences | Pain","4","Imaging and Diagnostics | Brain Injury and Neurotrauma | Mental Health | Neuroscience and Neural Systems","4","Magnetic Resonance Imaging | Migraine Disorders | Neurosciences | Pain","4","0",""
"Audrey-Ann Deneault","mem_6afc7989eb","1","Mental Health","1","Mental Health","1","Mental Health","1","Mental Health","1","Mental Health","1","Mental Health","0","","0","0",""
"Beverly Lynn Adams","mem_e7440b475b","3","Psychosis In Early | Schizophrenia | Obsessive Compulsive Disorder","0","","0","","0","","2","Obsessive-Compulsive Disorder | Schizophrenia","1","Mental Health","2","Obsessive-Compulsive Disorder | Schizophrenia","2","0",""
"Bijoy Menon","mem_9e9c87242a","2","Stroke | Clinical Outcomes","0","","0","","0","","1","Stroke","1","Cardiovascular Health","1","Stroke","1","0",""
"Bin Hu","mem_601dd6a6ac","7","Brain Development | Brain Stimulation | Parkinson Disease | Autistic | Applications Of Instrumental Learning | Cognitive Decline | 3 Neurobiological Circuits","2","Brain Development | Brain Stimulation","0","","0","","4","Autistic Disorder | Cognitive Dysfunction | Neurodegenerative Diseases | Parkinson Disease","2","Mental Health | Neurological Disorders","4","Autistic Disorder | Cognitive Dysfunction | Neurodegenerative Diseases | Parkinson Disease","3","0",""
"Boguslaw Tomanek","mem_6da65fe265","4","Pain | Magnetic Resonance Imaging | Alzheimer Disease | Stroke","1","Spinal Cord / Nerve Injury & Pain","0","","0","","6","Alzheimer Disease | Functional MRI | Magnetic Resonance Imaging | Brain Neoplasms | Pain | Stroke","4","Neurological Disorders | Imaging and Diagnostics | Cancer and Tumours | Cardiovascular Health","6","Alzheimer Disease | Functional MRI | Magnetic Resonance Imaging | Brain Neoplasms | Pain | Stroke","0","0",""
"Bonnie Kaplan","mem_7892ba722a","3","Mental Health | Mental Health Care | Maternal Health","4","Behaviour | Mental Health | Maternal Health | Nutrition","1","Mental Health","1","Mental Health","3","Mental Health | Maternal Health | Therapeutics","2","Mental Health | Pharmacology and Therapeutics","2","Maternal Health | Therapeutics","3","0",""
"Bradley Gordon Goodyear","mem_126415dca2","7","Epilepsy | Movement Disorders | Multiple Sclerosis | Traumatic Brain Injury | Inflammatory Disease | Imaging Studies Include | Patient Outcome","4","Epilepsy | Movement Disorders | Multiple Sclerosis | Traumatic Brain Injury","4","Brain Injuries, Traumatic | Epilepsy | Movement Disorders | Multiple Sclerosis","2","Brain Injury and Neurotrauma | Neurological Disorders","4","Epilepsy | Movement Disorders | Multiple Sclerosis | Brain Injuries, Traumatic","2","Neurological Disorders | Brain Injury and Neurotrauma","0","","2","1","imaging studies include"
"Brandy Callahan","mem_6dce23a68b","4","Dementia | Bipolar Disorder | Attention Deficit Disorder | Neuroimaging","1","dementia","1","Dementia","1","Neurological Disorders","5","Attention Deficit Disorder with Hyperactivity | Bipolar Disorder | Diagnosis | Dementia | Neuroimaging","3","Mental Health | Imaging and Diagnostics | Neurological Disorders","4","Attention Deficit Disorder with Hyperactivity | Bipolar Disorder | Diagnosis | Neuroimaging","0","0",""
"Brian Brooks","mem_0ba6f2386f","7","Brain Injury | Health Outcomes | Psychosocial Outcomes | Prognosticate After Brain Injury | Neuroimaging | Brain Injuries | Neuropsychological Outcomes Of Children","4","Brain Injury | Concussion | Health Outcomes | Psychosocial outcomes","1","Brain Injuries","1","Brain Injury and Neurotrauma","5","Brain Injuries | Brain Concussion | Neuroimaging | Therapeutics | Post-Concussion Syndrome","3","Brain Injury and Neurotrauma | Imaging and Diagnostics | Pharmacology and Therapeutics","4","Brain Concussion | Neuroimaging | Therapeutics | Post-Concussion Syndrome","1","0",""
"Brian Herbert Bland","mem_a80c7bc771","4","Sensorimotor Integration | Limbic Cortex | Posterior Hypothalamus | Hippocampal Formation","1","Oscillation and synchrony in the limbic cortex, function of the posterior hypothalamus","0","","0","","2","Hippocampus | Hypothalamus, Posterior","0","","2","Hippocampus | Hypothalamus, Posterior","2","0",""
"Brittany Martin","mem_1ae867ffe5","9","Brain And Cognition | Mental Health | Socially Empowered Learning | Art Brain And Cognition | Mathison Centre For Mental Health Research | Social Enterprise | Other Socially Empowered Learning | Social Enterprise In Schools | Organizational Outcomes","1","Interests","0","","0","","3","Cognition | Mental Health | Learning","2","Cognitive and Behavioural Neuroscience | Mental Health","3","Cognition | Mental Health | Learning","2","1","mathison centre for mental health research"
"Bryan Yipp","mem_7a1797f182","3","Lung Sensory Neurons | Immune System | Body From Brain","1","Neuroimmunity","0","","0","","1","Immune System","0","","1","Immune System","3","0",""
"Camila Aquino","mem_df3ac5151d","5","Movement Disorders | Parkinson Disease | Clinical Trials Design | Clinical Trials | Clinical Outcomes","1","Movement Disorders","1","Movement Disorders","1","Neurological Disorders","3","Clinical Trial | Movement Disorders | Parkinson Disease","1","Neurological Disorders","2","Clinical Trial | Parkinson Disease","2","0",""
"Candice Poon","mem_92c2e98ac3","7","Immune Cells In Glioma | Brain Metastases Gbmet | Ai-Assisted Imaging | Extends | Cancer Progression | Translational Research | Canadian Neurosurgical Society K","0","","0","","0","","4","Brain Neoplasms | Neoplasms | Translational Research, Biomedical | Pharmaceutical Preparations","2","Cancer and Tumours | Pharmacology and Therapeutics","4","Brain Neoplasms | Neoplasms | Translational Research, Biomedical | Pharmaceutical Preparations","1","0",""
"Carlos Camara-Lemarroy","mem_8cb7ffa789","4","Multiple Sclerosis | Dysfunction Has Lacked Attention | Axonal Injury | Immune Modulating Properties","3","Multiple Sclerosis | Neuroimmunology | MS","1","Multiple Sclerosis","1","Neurological Disorders","2","Attention | Multiple Sclerosis","2","Cognitive and Behavioural Neuroscience | Neurological Disorders","1","Attention","1","0",""
"Carly McMorris","mem_de66826bad","11","Autistic Disorder | Neurodevelopmental Disorders | Fetal Alcohol Spectrum Disorders | Mental Health | Child Development | Developmental Psychopathology | Eating Disorders | Child Health | Developmental Biopsychosocial Cognitive Behavioural | Improving The Health | Mental Depression","3","Theoretical Orientations | Scholarly Activity | Interests","0","","0","","8","Neurodevelopmental Disorders | Autistic Disorder | Child Development | Child Health | Depression | Feeding and Eating Disorders | Fetal Alcohol Spectrum Disorders | Mental Health","1","Mental Health","8","Neurodevelopmental Disorders | Autistic Disorder | Child Development | Child Health | Depression | Feeding and Eating Disorders | Fetal Alcohol Spectrum Disorders | Mental Health","3","1","improving the health"
"Carol Schuurmans","mem_3dd7b96dcd","1","Gene Function","0","","0","","0","","1","Genes","1","Genetics and Genomics","1","Genes","0","0",""
"Carolyn Emery","mem_405555556d","3","Sport Related Concussion | Sports Injury Prevention Youth | Para Sport","0","","0","","0","","1","Sports for Persons with Disabilities","0","","1","Sports for Persons with Disabilities","2","0",""
"Catherine Lebel","mem_5f8c42fffa","7","Brain Development | Neurodevelopmental Disorders | Neuroimaging | Brain Maturation | Mental Depression | Impacts Of Prenatal Stress | Children S Brain Structure","5","Brain | Brain Development | Neurodevelopment | Neurodevelopmental disorders | Neuroimaging","2","Neurodevelopmental Disorders | Neuroimaging","2","Imaging and Diagnostics | Mental Health","3","Depression | Neurodevelopmental Disorders | Neuroimaging","2","Mental Health | Imaging and Diagnostics","1","Depression","3","0",""
"Chad Bousman","mem_d21327a3f5","3","Mental Illness | Schizophrenia | Mental Depression","4","Genomics | Mental Illness | Pharmacotherapy | Pharmacogenomics","4","Drug Therapy | Genomics | Mental Disorders | Pharmacogenetics","3","Genetics and Genomics | Mental Health | Pharmacology and Therapeutics","6","Depression | Genomics | Mental Disorders | Drug Therapy | Pharmacogenetics | Schizophrenia","3","Mental Health | Genetics and Genomics | Pharmacology and Therapeutics","2","Depression | Schizophrenia","0","0",""
"Chantel Debert","mem_12cfcd78b8","4","Traumatic Brain Injury | Post Concussion | Outcomes In Concussion | Prognostic Biomarkers","5","Biomarkers | Brain Injury | Concussion | Post-concussion symptoms | Treatment","3","Brain Injuries | Post-Concussion Syndrome | Therapeutics","2","Brain Injury and Neurotrauma | Pharmacology and Therapeutics","5","Brain Injuries | Brain Concussion | Post-Concussion Syndrome | Brain Injuries, Traumatic | Therapeutics","2","Brain Injury and Neurotrauma | Pharmacology and Therapeutics","2","Brain Concussion | Brain Injuries, Traumatic","3","0",""
"Chathura Kumaragamage","mem_eb52ac9c29","4","Magnetic Resonance Spectroscopic Imaging | Magnetic Resonance Imaging | Neurodevelopmental Disorders | Neuroimaging","5","Magnetic Resonance Imaging | Brain | Neurodevelopment | Neurodevelopmental Disorders | Cancer","3","Magnetic Resonance Imaging | Neoplasms | Neurodevelopmental Disorders","3","Cancer and Tumours | Imaging and Diagnostics | Mental Health","4","Neoplasms | Magnetic Resonance Imaging | Neurodevelopmental Disorders | Neuroimaging","3","Cancer and Tumours | Imaging and Diagnostics | Mental Health","1","Neuroimaging","5","0",""
"Chester Ho","mem_2fc1b1d132","2","Movement Disorders | Pain","2","Movement Disorders | Spinal Cord / Nerve Injury & Pain","1","Movement Disorders","1","Neurological Disorders","2","Movement Disorders | Pain","1","Neurological Disorders","1","Pain","0","0",""
"Christoph Simon","mem_75b070759e","1","Information Processing","0","","0","","0","","1","Electronic Data Processing","0","","1","Electronic Data Processing","0","0",""
"Christophe Altier","mem_f68a60fd9c","5","Pain | Molecular Biology | Genetically Modified Mice | Signaling Pathway | Chronic Disease","1","Our research focus is on the neurobiology of pain, with a particular interest in understanding the plasticity of specialized sensory neurons (nociceptors) in chronic diseases (i.e arthritis, inflammatory bowel disease (IBD) or cancer)","0","","0","","3","Chronic Disease | Molecular Biology | Pain","0","","3","Chronic Disease | Molecular Biology | Pain","2","1","Our research focus is on the neurobiology of pain, with a particular interest in understanding the plasticity of specialized sensory neurons (nociceptors) in chronic diseases (i.e arthritis, inflammatory bowel disease (IBD) or cancer)"
"Christopher Kirton","mem_78b75777c4","4","Neuroimaging | Stroke | Non Invasive | Brain Computer Interfaces","0","","0","","0","","3","Brain-Computer Interfaces | Neuroimaging | Stroke","3","Neuroengineering and Medical Technology | Imaging and Diagnostics | Cardiovascular Health","3","Brain-Computer Interfaces | Neuroimaging | Stroke","1","0",""
"Christopher Sears","mem_c2f73113e5","4","Mood Disorders | Mental Depression | Visiting The Cognition | Pain","8","Cognition | Attention | Memory | Mood | Emotion | Depression | Vulnerability | Individual Differences","4","Attention | Cognition | Depression | Memory","2","Cognitive and Behavioural Neuroscience | Mental Health","6","Attention | Cognition | Depression | Memory | Mood Disorders | Pain","2","Cognitive and Behavioural Neuroscience | Mental Health","2","Mood Disorders | Pain","4","0",""
"Christopher White","mem_1d2325ddda","2","Supporting Clinical | Clinical Trials","0","","0","","0","","1","Clinical Trial","0","","1","Clinical Trial","1","0",""
"Chunlong Mu","mem_e6ae3b7b4c","4","Attention Deficit Disorder | Autistic Disorder | Infantile Epilepsy | Gut Microbiome","0","","0","","0","","6","Attention Deficit Disorder with Hyperactivity | Autistic Disorder | Gastrointestinal Microbiome | Epilepsy | Therapeutics | Neurodevelopmental Disorders","3","Mental Health | Neurological Disorders | Pharmacology and Therapeutics","6","Attention Deficit Disorder with Hyperactivity | Autistic Disorder | Gastrointestinal Microbiome | Epilepsy | Therapeutics | Neurodevelopmental Disorders","0","0",""
"Cindy Barha","mem_c6790bf1f8","4","Immune System | Brain Health And Exercise | Brain Health | Behavioral Neuroscience","1","Brain health and exercise","0","","0","","2","Neurosciences | Immune System","1","Neuroscience and Neural Systems","2","Neurosciences | Immune System","2","0",""
"Clare Gallagher","mem_28a1b9d70f","2","Brain Injury | Cerebral Metabolism After Injury","1","Brain Injury","1","Brain Injuries","1","Brain Injury and Neurotrauma","1","Brain Injuries","1","Brain Injury and Neurotrauma","0","","0","0",""
"Claudia Gomes da Rocha","mem_e99045f0a4","2","Quantum Materials And Sensing | Quantum Science","5","Theoretical condensed matter physics | Neuromorphic systems and brain-inspired technologies | Materials science and nanoscience | Quantum materials and sensing | Complex systems","0","","0","","0","","0","","0","","1","0",""
"Colin Dalton","mem_92fd45a247","5","Brain Machine Interfaces | Biomedical Engineering | Alzheimer Disease | Stroke | Pain","5","Biomedical Engineering | Micro Nano Fabrication | Microneedles | Electrokinetics | Brain Machine Interfaces","1","Microneedle Drug Delivery","1","Pharmacology and Therapeutics","6","Alzheimer Disease | Biomedical Engineering | Brain-Computer Interfaces | Microneedle Drug Delivery | Pain | Stroke","4","Neurological Disorders | Neuroengineering and Medical Technology | Pharmacology and Therapeutics | Cardiovascular Health","5","Alzheimer Disease | Biomedical Engineering | Brain-Computer Interfaces | Pain | Stroke","0","0",""
"Colin Josephson","mem_b4cf5563b0","5","Epilepsy | Machine Learning | Predictive Learning Models | Epidemiology | Stroke","1","Epilepsy","1","Epilepsy","1","Neurological Disorders","6","Epidemiology | Epilepsy | Machine Learning | Predictive Learning Models | Stroke | Therapeutics","3","Neurological Disorders | Cardiovascular Health | Pharmacology and Therapeutics","5","Epidemiology | Machine Learning | Predictive Learning Models | Stroke | Therapeutics","0","0",""
"Colleen Maxwell","mem_a4737deb7f","7","Alzheimer Disease | Epidemiology | Depression | Dementia Vascular | Health Services | Outcomes Research | Health Systems","0","","0","","0","","6","Alzheimer Disease | Dementia, Vascular | Depression | Epidemiology | Health Services | Outcome Assessment, Health Care","2","Neurological Disorders | Mental Health","6","Alzheimer Disease | Dementia, Vascular | Depression | Epidemiology | Health Services | Outcome Assessment, Health Care","1","0",""
"Corey Flynn","mem_5e831960ba","2","Advancing Teaching And Learning | Depression","0","","0","","0","","2","Learning | Depression","2","Cognitive and Behavioural Neuroscience | Mental Health","2","Learning | Depression","0","0",""
"Cristian Zeni","mem_434a4ec74e","0","","0","","0","","0","","0","","0","","0","","0","0",""
"Cynthia Beck","mem_cf320cc4b6","0","","0","","0","","0","","0","","0","","0","","0","0",""
"Dallas Seitz","mem_e7c4e90dd1","7","Dementia | Mental Health | Health Services Research | Epidemiology | Knowledge Translation | Late Life | Health Systems","4","Dementia and Cognitive Disorders | Mental Health | dementia | Geriatric Mental Health","2","Dementia | Mental Health","2","Mental Health | Neurological Disorders","6","Dementia | Epidemiology | Mental Health | Health Services Research | Translational Science, Biomedical | Mental Disorders","3","Neurological Disorders | Mental Health | Population and Public Health","4","Epidemiology | Health Services Research | Translational Science, Biomedical | Mental Disorders","2","0",""
"Daniel Kopala Sibley","mem_9351de2a6f","0","","0","","0","","0","","0","","0","","0","","0","0",""
"Daniel McGrath","mem_3f1cca7ee5","4","Disordered Gambling | Schizophrenia | Mental Depression | Non Smoking Tobacco","0","","0","","0","","2","Depression | Schizophrenia","1","Mental Health","2","Depression | Schizophrenia","1","0",""
"Daniel Okoro","mem_bd39b96aae","4","Mental Health | Military Psychiatry | Cultural Psychiatry | Post Traumatic Stress Disorder","5","Indigenous mental health | Military psychiatry | Suicides | Cultural psychiatry | Race and Professionalism in medical practice","1","Mental Health","1","Mental Health","4","Ethnopsychology | Mental Health | Military Psychiatry | Stress Disorders, Post-Traumatic","1","Mental Health","3","Ethnopsychology | Military Psychiatry | Stress Disorders, Post-Traumatic","1","0",""
"Daniel Pang","mem_023bd77aa2","3","Clinical Science | Equine Health | Pain","5","Clinical Science | Equine Health | Veterinary Medical Education | Neuroscience | Spinal Cord / Nerve Injury & Pain","0","","0","","2","Neurosciences | Pain","1","Neuroscience and Neural Systems","2","Neurosciences | Pain","0","0",""
"Danijela Piskulic","mem_4fc16fbe9a","3","Health Systems | Mental Health | Stroke","1","Mental health, Health Systems","1","Mental Health","1","Mental Health","2","Mental Health | Stroke","2","Mental Health | Cardiovascular Health","1","Stroke","1","0",""
"Darren Derksen","mem_2561dcafb5","1","Novel Therapeutics","1","Novel Therapeutics and Medicinal Chemistry","1","Therapeutics","1","Pharmacology and Therapeutics","2","Therapeutics | Chemistry, Pharmaceutical","1","Pharmacology and Therapeutics","1","Chemistry, Pharmaceutical","0","0",""
"Darren Laree Clark","mem_b18bf71309","4","Movement Disorders | Depression | Exploration Of Neuromodulation Therapies | Parkinson Disease","0","","0","","0","","4","Depression | Therapeutics | Movement Disorders | Parkinson Disease","3","Mental Health | Pharmacology and Therapeutics | Neurological Disorders","4","Depression | Therapeutics | Movement Disorders | Parkinson Disease","0","0",""
"David Cadotte","mem_db7a5c0e29","1","Spinal Column","0","","0","","0","","1","Spine","0","","1","Spine","0","0",""
"David Carson Hodgins","mem_b5df8f2ae8","3","Mental Depression | Substance Abuse | Mental Health","0","","0","","0","","3","Depression | Mental Health | Substance-Related Disorders","1","Mental Health","3","Depression | Mental Health | Substance-Related Disorders","1","0",""
"David Hogan","mem_d670519f7b","6","Topic | Dementia | Clinical Practice Guideline | Alzheimer Disease | Pain | Depression","1","Aging","0","","0","","5","Alzheimer Disease | Practice Guideline | Dementia | Depression | Pain","2","Neurological Disorders | Mental Health","5","Alzheimer Disease | Practice Guideline | Dementia | Depression | Pain","3","0",""
"David Lindenbach","mem_c98befafc2","7","Childhood Trauma | Social Services | I Joined Hull Services | Health Systems | Mental Health | Clinical Outcomes | Cognitive Behavioral Therapy","0","","0","","0","","5","Adverse Childhood Experiences | Cognitive Behavioral Therapy | Mental Health | Social Work | Therapeutics","2","Mental Health | Pharmacology and Therapeutics","5","Adverse Childhood Experiences | Cognitive Behavioral Therapy | Mental Health | Social Work | Therapeutics","3","0",""
"David Neil Crockford","mem_bb4df08b42","5","Psychosis In Early | Neuroimaging | Concurrent Psychiatric | Substance Use Disorders | Gambling Disorder","0","","0","","0","","2","Neuroimaging | Substance-Related Disorders","2","Imaging and Diagnostics | Mental Health","2","Neuroimaging | Substance-Related Disorders","3","0",""
"David Nicholas","mem_3e0e98847e","9","Autistic Disorder | Social Determinants Of Health | Health Services Research | Neurodevelopmental Disorders | Family Of Patient | Consist Of Neurodevelopmental Disabilities | Family Other | Access To Services | Chronic Disease","5","Autism | Determinants of Health | Health Services Research | Neurodevelopmental Disorders | Patient and Family Centred Care","3","Autistic Disorder | Health Services Research | Neurodevelopmental Disorders","2","Mental Health | Population and Public Health","5","Autistic Disorder | Chronic Disease | Health Services Research | Neurodevelopmental Disorders | Social Determinants of Health","2","Mental Health | Population and Public Health","2","Chronic Disease | Social Determinants of Health","5","0",""
"David Park","mem_f80aadfb52","4","Stroke | Cause | Parkinson Disease | Movement Disorders","6","Genetic causes of Parkinson's disease | Genetic links to familial Parkinson's disease | Cellular mechanisms to improve recovery after stroke | Stroke-related neurodegeneration | Movement Disorders | Stroke","3","Movement Disorders | Parkinson Disease | Stroke","2","Cardiovascular Health | Neurological Disorders","3","Stroke | Parkinson Disease | Movement Disorders","2","Cardiovascular Health | Neurological Disorders","0","","2","0",""
"David Patterson Archer","mem_999cbbb01a","4","Stroke | Pain | Anesthetic Outcomes In Neurosurgery | Interventional Neuroradiology","0","","0","","0","","2","Pain | Stroke","1","Cardiovascular Health","2","Pain | Stroke","1","0",""
"Davide Martino","mem_c05467d02f","5","Clinical Research | Non Invasive | Movement Disorders | Neurodevelopmental Disorders | Parkinson Disease","3","Clinical research: biomarkers | Implementation Science | Non-invasive neuro modulation","0","","0","","3","Movement Disorders | Neurodevelopmental Disorders | Parkinson Disease","2","Neurological Disorders | Mental Health","3","Movement Disorders | Neurodevelopmental Disorders | Parkinson Disease","3","0",""
"Dawn Kingston","mem_c9fd274cf3","7","Child Development | Health Services | Maternal Health | Mental Health | Health Systems | Mental Depression | Mental Health Care","7","Child Development | Health Services and Policy Research | Maternal Health | Perinatal Mental Health | Pregnancy | Resiliency | Application of e-technology to mental healthcare","1","Mental Health","1","Mental Health","5","Child Development | Depression | Health Services | Maternal Health | Mental Health","1","Mental Health","4","Child Development | Depression | Health Services | Maternal Health","3","0",""
"Deborah Kurrasch","mem_bc444455ee","7","Developmental Genetics | Epilepsy | Novel Therapeutics | Developmental Neuroscience | Neurodevelopmental Disorders | Cellular Or Molecular | Environmental Factor","10","Developmental Genetics | Epilepsy | Model Organism | Novel Therapeutics | Neurogenetics | Developmental Neuroscience | Neurodevelopmental Disorders | Neuroinflammation | Neural Stem Cells | Cellular and Molecular Neuroscience","5","Epilepsy | Genetics | Neural Stem Cells | Neurodevelopmental Disorders | Therapeutics","5","Cellular and Molecular Neuroscience | Genetics and Genomics | Mental Health | Neurological Disorders | Pharmacology and Therapeutics","6","Neurosciences | Genetics | Epilepsy | Neural Stem Cells | Neurodevelopmental Disorders | Therapeutics","6","Neuroscience and Neural Systems | Genetics and Genomics | Neurological Disorders | Cellular and Molecular Neuroscience | Mental Health | Pharmacology and Therapeutics","1","Neurosciences","3","0",""
"Deborah Maryanne Dewey","mem_ee6b1c7368","20","Long Term To Health | Neurodevelopmental Outcomes Of Children | Autistic Disorder | Reading Disorder | Developmental Coordination Disorder | Brain Basis | Mental Health | Environmental Exposure | Child Health | Brain Structure | Neurodevelopmental Disorders | Autism Spectrum Disorders | Cognitive Development | Children S Brain | Behavioural Development | Global Health | Effects | Epigenetics On Neurodevelopment | Mood Disorders | Attention Deficit Disorder","5","Neurotoxicology | Neurodevelopment | Neurodevelopmental Disorders | Global Health | Mental Health","2","Mental Health | Neurodevelopmental Disorders","1","Mental Health","14","Attention Deficit Disorder with Hyperactivity | Autistic Disorder | Autism Spectrum Disorder | Child Health | Neurodevelopmental Disorders | Motor Skills Disorders | Genetics | Environmental Exposure | Epigenomics | Genes | Global Health | Mental Health | Mood Disorders | Dyslexia","2","Mental Health | Genetics and Genomics","12","Attention Deficit Disorder with Hyperactivity | Autistic Disorder | Autism Spectrum Disorder | Child Health | Motor Skills Disorders | Genetics | Environmental Exposure | Epigenomics | Genes | Global Health | Mood Disorders | Dyslexia","8","1","mental health in canada"
"Deinera Exner-Cortens","mem_95cc419952","3","Mental Health | Healthy Relationships | Adolescent Development","6","School Mental Health | Violence Prevention | Healthy Relationships | Suicide Prevention | Program Evaluation | Adolescent Dating Violence","0","","0","","2","Adolescent Development | Mental Health","1","Mental Health","2","Adolescent Development | Mental Health","4","1","school mental health"
"Derya Sargin","mem_087ae95126","5","Brain Development | Mental Health | Molecular Mechanisms | Emotional Processing | Affective Behaviors","5","Behaviour | Brain Development | Mental Health | Molecular Mechanisms | Neuroplasticity","2","Mental Health | Neuronal Plasticity","2","Cellular and Molecular Neuroscience | Mental Health","2","Mental Health | Neuronal Plasticity","2","Mental Health | Cellular and Molecular Neuroscience","0","","3","0",""
"Diwakar Krishnamurthy","mem_32edff8f29","2","Autistic | Machine Learning","6","The ETHEREAL Project - Enhancing Autistic Voices Through Extended Reality | Performance optimization of next generation multimedia systems (XR and related technologies) | Performance management of cloud | big data | and IoT systems | Software performance engineering","0","","0","","2","Autistic Disorder | Machine Learning","1","Mental Health","2","Autistic Disorder | Machine Learning","2","0",""
"Donald Emile Addington","mem_6a681336c2","12","Fidelity Scales | Depression First Episode | Psychosis In Early | Clinical Outcomes | Health Services Research | Mental Health | Clinical Practice Guideline | Schizophrenia | Bipolar Disorder | Health Systems | Mental Depression | Psychosis Risk","1","Mental Health - Intergrating Clinical and Health Services Research","2","Health Services Research | Mental Health","2","Mental Health | Population and Public Health","6","Bipolar Disorder | Practice Guideline | Depression | Health Services Research | Mental Health | Schizophrenia","2","Mental Health | Population and Public Health","4","Bipolar Disorder | Practice Guideline | Depression | Schizophrenia","7","0",""
"Douglas William Zochodne","mem_11c6e6d0a9","3","Peripheral Nervous System | Diabetic Polyneuropathy | Peripheral Neuron Regeneration","1","peripheral nervous system, diabetic polyneuropathy and peripheral neuron regeneration","2","Neurons | Peripheral Nervous System","1","Cellular and Molecular Neuroscience","3","Diabetic Neuropathies | Peripheral Nervous System | Neurons","2","Neuroscience and Neural Systems | Cellular and Molecular Neuroscience","1","Diabetic Neuropathies","0","0",""
"Eli Kinney-Lang","mem_f204657bcb","1","Machine Learning","1","Pediatric Brain-Computer Interfaces (BCIs)","0","","0","","2","Machine Learning | Brain-Computer Interfaces","1","Neuroengineering and Medical Technology","2","Machine Learning | Brain-Computer Interfaces","0","0",""
"Elizabeth Condliffe","mem_06b710915b","4","Pain | Movement Impairment | Robotic Rehabilitation | Brain Stimulation","7","Neurorehabilitation | Exercise | Movement Impairment | Neuroplasticity | Robotic Rehabilitation | Brain Stimulation | Cerebral Palsy","3","Neurological Rehabilitation | Neuronal Plasticity | Rehabilitation","2","Cellular and Molecular Neuroscience | Rehabilitation","4","Neuronal Plasticity | Neurological Rehabilitation | Pain | Rehabilitation","2","Cellular and Molecular Neuroscience | Rehabilitation","1","Pain","4","0",""
"Eloise Carr","mem_5357e9a762","1","Pain","4","Pain management | Interprofessional education | Mixed methods research | Knowledge Translation","0","","0","","1","Pain","0","","1","Pain","4","0",""
"Emily Wang","mem_0dc9704372","4","Mental Health Issue | Complex Trauma | Mental Health | Doctor Of Philosophy","1","complex trauma and mental health issues","1","Mental Health","1","Mental Health","1","Mental Health","1","Mental Health","0","","0","0",""
"Emma Towlson","mem_a04b5207a5","5","Mental Health | Mental Illness | Within Cell | Describe | Human Brain","5","Biostatistics | Brain | Mental Health | Mental Illness | Simulation","2","Mental Disorders | Mental Health","1","Mental Health","4","Genes | Mental Health | Mental Disorders | Neurosciences","3","Genetics and Genomics | Mental Health | Neuroscience and Neural Systems","2","Genes | Neurosciences","6","1","studies of brain networks across different species"
"Eric Chan","mem_50e629396d","6","Psychiatric Rating Scales | Mental Health | Bipolar Disorder | Mental Depression | Emergency Psychiatry | Mood Disorders","6","Suicide | Psychiatric Rating Scales | e-Mental Health | Bipolar Disorder | Depression | Emergency Psychiatry","3","Bipolar Disorder | Depression | Mental Health","1","Mental Health","4","Bipolar Disorder | Depression | Mental Health | Mood Disorders","1","Mental Health","1","Mood Disorders","3","0",""
"Eric Smith","mem_bd049b4c73","4","Dementia | Cognitive Disorders | Movement Disorders | Stroke","3","Dementia & Cognitive Disorders | Movement Disorders | Stroke","3","Dementia | Movement Disorders | Stroke","2","Cardiovascular Health | Neurological Disorders","4","Cognitive Dysfunction | Dementia | Movement Disorders | Stroke","2","Neurological Disorders | Cardiovascular Health","1","Cognitive Dysfunction","0","0",""
"Erica Makarenko","mem_cde9968348","4","Developmental Psychopathology | Cognitive Developmental | Mental Health | Attention Deficit Disorder","2","Theoretical Orientations | Interests","0","","0","","2","Attention Deficit Disorder with Hyperactivity | Mental Health","1","Mental Health","2","Attention Deficit Disorder with Hyperactivity | Mental Health","3","0",""
"Ethan MacDonald","mem_d5a7323094","5","Alzheimer Disease | Neuroimaging | Machine Learning | Stroke | Cerebrovascular Imaging","0","","0","","0","","4","Alzheimer Disease | Machine Learning | Neuroimaging | Stroke","3","Neurological Disorders | Imaging and Diagnostics | Cardiovascular Health","4","Alzheimer Disease | Machine Learning | Neuroimaging | Stroke","1","0",""
"Fady Girgis","mem_638c45e04a","3","Movement Disorders | Pain | Human Intracranial Cognitive Neurophysiology","0","","0","","0","","3","Neurophysiology | Movement Disorders | Pain","2","Neuroscience and Neural Systems | Neurological Disorders","3","Neurophysiology | Movement Disorders | Pain","0","0",""
"Farhad Maleki","mem_b07951c366","4","Machine Learning | Computer Vision | Computational Neuroscience | Computer Data Analysis","6","Artificial Intelligence | Machine Learning | Computer Vision | Computational Neuroscience | Biomedical Data Analysis | Applied Machine Learning","1","Learning","1","Cognitive and Behavioural Neuroscience","3","Learning | Neurosciences | Machine Learning","2","Cognitive and Behavioural Neuroscience | Neuroscience and Neural Systems","2","Neurosciences | Machine Learning","3","0",""
"Farnaz Amoozegar","mem_cb50148558","4","Pain | Migraine | New Therapeutics | Include New Therapeutics","1","Spinal Cord / Nerve Injury & Pain","0","","0","","3","Therapeutics | Migraine Disorders | Pain","1","Pharmacology and Therapeutics","3","Therapeutics | Migraine Disorders | Pain","0","0",""
"Fiona Costello","mem_53c25f2cf7","5","Multiple Sclerosis | Visual Pathways | Central Nervous System | Journal Of Neurology | Canadian Neurological Sciences Federation","6","Multiple Sclerosis | Ophthalmology | Visual pathways | Central nervous system | MS | Tumors","2","Multiple Sclerosis | Neoplasms","2","Cancer and Tumours | Neurological Disorders","4","Central Nervous System | Multiple Sclerosis | Neoplasms | Visual Pathways","3","Neuroscience and Neural Systems | Neurological Disorders | Cancer and Tumours","2","Central Nervous System | Visual Pathways","1","0",""
"Frank MacMaster","mem_4fcca18975","5","Brain Stimulation | Mental Illness | Neurodevelopmental Disorders | Neuroimaging | Mental Disorders","5","Brain | Brain Stimulation | Mental Illness | Neurodevelopmental disorders | Neuroimaging","3","Mental Disorders | Neurodevelopmental Disorders | Neuroimaging","2","Imaging and Diagnostics | Mental Health","3","Mental Disorders | Neurodevelopmental Disorders | Neuroimaging","2","Mental Health | Imaging and Diagnostics","0","","2","0",""
"Frank Stahnisch","mem_a0bb31cffa","14","Conditions For A Social | Health Care | Mental Health | Biomedical Research | Public Health | Gender Studies | Pharmaceutical History | Clinical Trials | Cancer Treatment | Development In The Period | Environmental And Social Factors | Journal Of Neurology | Canadian Journal Of Psychiatry | Neuroimaging","4","C-STEMS Project as a CIH Working Group -- Centre for Science | Technology | Environment | and Medicine Studies","0","","0","","10","Public Health | Biomedical Research | Neoplasms | Therapeutics | Clinical Trial | Delivery of Health Care | Mental Health | Neuroimaging | Pharmaceutical Preparations | Pharmaceutical Research","5","Population and Public Health | Cancer and Tumours | Pharmacology and Therapeutics | Mental Health | Imaging and Diagnostics","10","Public Health | Biomedical Research | Neoplasms | Therapeutics | Clinical Trial | Delivery of Health Care | Mental Health | Neuroimaging | Pharmaceutical Preparations | Pharmaceutical Research","4","3","and Medicine Studies | C-STEMS Project as a CIH Working Group -- Centre for Science | gender studies"
"G. Bruce Pike","mem_3ed07ce6c8","7","Dementia | Cognitive Disorders | Epilepsy | Mental Health | Movement Disorders | Multiple Sclerosis | Magnetic Resonance Imaging","8","Dementia & Cognitive Disorders | Epilepsy | Mental Health | Movement Disorders | Multiple Sclerosis | Magnetic Resonance Imaging | MRI | Cerebral Blood Flow","6","Dementia | Epilepsy | Magnetic Resonance Imaging | Mental Health | Movement Disorders | Multiple Sclerosis","3","Imaging and Diagnostics | Mental Health | Neurological Disorders","8","Cognitive Dysfunction | Dementia | Epilepsy | Functional MRI | Magnetic Resonance Imaging | Mental Health | Movement Disorders | Multiple Sclerosis","3","Neurological Disorders | Imaging and Diagnostics | Mental Health","2","Cognitive Dysfunction | Functional MRI","1","1","member of the hotchkiss brain institute"
"Gabriela Gilmour","mem_d3cc4c7671","1","Movement Disorders","0","","0","","0","","1","Movement Disorders","1","Neurological Disorders","1","Movement Disorders","0","0",""
"Gabrielle Wilcox","mem_98307ce526","7","Mental Health | Disorders Of Childhood | Intellectual Disabilities | Attention Deficit Disorder | Mental Depression | Neuroimaging | Clinical Reasoning","3","Theoretical Orientations | Scholarly Activity | Interests","0","","0","","6","Attention Deficit Disorder with Hyperactivity | Clinical Reasoning | Depression | Intellectual Disability | Mental Health | Neuroimaging","2","Mental Health | Imaging and Diagnostics","6","Attention Deficit Disorder with Hyperactivity | Clinical Reasoning | Depression | Intellectual Disability | Mental Health | Neuroimaging","5","1","school psychologists intellectual disabilities transition-age youth"
"Gail Diane Kopp","mem_8c725171a4","1","Robotic Neurosurgery","0","","0","","0","","0","","0","","0","","0","0",""
"Garnette Roy Sutherland","mem_4517ebed1e","4","Brain Tumours | Cerebrovascular Disease | Robotic Neurosurgery | Brain Diseases","4","Brain Tumours | Skull Base | Robotics-technology | Cerebrovascular disease","0","","0","","3","Brain Diseases | Brain Neoplasms | Cerebrovascular Disorders","1","Cancer and Tumours","3","Brain Diseases | Brain Neoplasms | Cerebrovascular Disorders","1","0",""
"Gary Michael Klein","mem_bae50027da","1","Stroke","0","","0","","0","","1","Stroke","1","Cardiovascular Health","1","Stroke","0","0",""
"Geoffrey Messier","mem_bb45f29b7a","2","Machine Learning | Mental Health Addiction","1","Data Science for Mental Health, Addiction and Homelessness","1","Mental Health","1","Mental Health","2","Mental Health | Machine Learning","1","Mental Health","1","Machine Learning","0","0",""
"George Francis","mem_2b62d32b15","0","","0","","0","","0","","0","","0","","0","","0","0",""
"Georgina Dimitropoulos","mem_460c3f47d4","9","Health Services Research | Adult Mental Health | Health Systems | Health Equity | Integrated Youth Services | Youth And Family Engagement | Mental Health | Supervision To Students | Social Science","0","","0","","0","","5","Mental Health | Therapeutics | Health Equity | Health Services Research | Social Sciences","3","Mental Health | Pharmacology and Therapeutics | Population and Public Health","5","Mental Health | Therapeutics | Health Equity | Health Services Research | Social Sciences","2","0",""
"Gerald Giesbrecht","mem_0be3586361","7","Psychosocial Outcomes | Microbiota Gut Brain Axis | Cognitive Disorders | Resilience Factors | Social Factors | Child Development | Psychobiology Of Stress","6","Neurodevelopment | Nutrition | Pregnancy | Psychosocial outcomes | Resiliency | Microbiota-gut-brain axis","0","","0","","4","Child Development | Cognitive Dysfunction | Brain-Gut Axis | Social Factors","0","","4","Child Development | Cognitive Dysfunction | Brain-Gut Axis | Social Factors","6","0",""
"Gerald Pfeffer","mem_a5c016ebe3","4","Genetic Disorder | Neuromuscular Function | Adult Onset Disorder | Mitochondrial Disorders","3","Genetic Disorders | Mitochondria | Neuromuscular function and disease","1","Mitochondria","1","Cellular and Molecular Neuroscience","4","Genes | Genetic Diseases, Inborn | Mitochondria | Mitochondrial Diseases","2","Genetics and Genomics | Cellular and Molecular Neuroscience","3","Genes | Genetic Diseases, Inborn | Mitochondrial Diseases","4","0",""
"Gerald Zamponi","mem_3cc315d4d3","4","Molecular Mechanisms Of Pharmacological | Pain | Molecular Pharmacology | Physiological Consequences","3","Brain | Molecular Mechanisms | Pain","0","","0","","1","Pain","0","","1","Pain","4","0",""
"Giuseppe Iaria","mem_c4a9f6ea6f","3","Brain And Cognition | Neuroimaging | Space Health","3","Brain and Cognition | Neuroimaging | Space Health","2","Cognition | Neuroimaging","2","Cognitive and Behavioural Neuroscience | Imaging and Diagnostics","2","Cognition | Neuroimaging","2","Cognitive and Behavioural Neuroscience | Imaging and Diagnostics","0","","1","0",""
"Gloria Roldan Urgoiti","mem_4ee060e99b","5","Breast Cancer | Neuro Oncology Breast Cancer | Biomedical Research | Clinical Research | Supervision Of Trainees Rotating","2","Neuro-Oncology | Breast Cancer","1","Breast Neoplasms","1","Cancer and Tumours","3","Biomedical Research | Breast Neoplasms | Neoplasms","1","Cancer and Tumours","2","Biomedical Research | Neoplasms","2","0",""
"Gordon Campbell Teskey","mem_ccd6df0b53","2","Behavioural Levels | Stroke","2","NSERC-funded Activities | CIHR Activities","0","","0","","1","Stroke","1","Cardiovascular Health","1","Stroke","0","0",""
"Grant Robert Gordon","mem_82005c4912","4","Alzheimer Disease | Goes Awry In Disease | Genetically Encoded Biosensors | Patch Electrophysiology","3","Neurovascular coupling | Stress | Alzheimer's disease","1","Alzheimer Disease","1","Neurological Disorders","2","Alzheimer Disease | Health Services Needs and Demand","2","Neurological Disorders | Population and Public Health","1","Health Services Needs and Demand","3","0",""
"Guang Yang","mem_8466f664c9","5","Brain Development | Neurodevelopmental Disorders | Stem Cell | Neuronal Function | Rare Diseases","6","Brain development | Neurodevelopmental disorder | Gene Regulation | Neural stem cell | Neuronal function | Rare disease","3","Genes | Neural Stem Cells | Neurodevelopmental Disorders","3","Cellular and Molecular Neuroscience | Genetics and Genomics | Mental Health","5","Gene Expression Regulation | Neural Stem Cells | Neurodevelopmental Disorders | Rare Diseases | Stem Cells","3","Genetics and Genomics | Cellular and Molecular Neuroscience | Mental Health","3","Gene Expression Regulation | Rare Diseases | Stem Cells","3","0",""
"Guillaume Millet","mem_830cb17f4e","1","Neuromuscular Function","1","Neuromuscular function and disease","0","","0","","0","","0","","0","","1","0",""
"H. Artee Luchman","mem_514df516d2","7","Disease Models | Developmental Biology | Intracellular Oncogenic Pathways | Experimental Therapeutics | Disease Modelling | Somatic Diseases | Rare Diseases","7","Signal transduction | Oncology | Disease Models | Therapeutics | Developmental Biology | Genetics | Precision Medicine","2","Genetics | Therapeutics","2","Genetics and Genomics | Pharmacology and Therapeutics","5","Developmental Biology | Therapeutics | Genetics | Neoplasms | Rare Diseases","3","Pharmacology and Therapeutics | Genetics and Genomics | Cancer and Tumours","3","Developmental Biology | Neoplasms | Rare Diseases","2","0",""
"Haixu Wang","mem_fc7a9521ff","2","Machine Learning | Computational Neuroscience","9","Machine learning | Funcitonal data analysis | Bayesian analysis | Generative models | Longitudinal/Spatial/Spatial-temporal data | Computational neuroscience | Monte Carlo methods | Network analysis | High-dimensional and complex data analysis","0","","0","","2","Neurosciences | Machine Learning","1","Neuroscience and Neural Systems","2","Neurosciences | Machine Learning","3","0",""
"Harry Peery","mem_c2e555277c","3","Disorder | MRI Of Brain Resolution | Stem Cell Differentiation","2","Imaging tumors with a cell mass of less than a million cells | Effect of INGs on stem cells","1","Neoplasms","1","Cancer and Tumours","2","Neoplasms | Magnetic Resonance Imaging","2","Cancer and Tumours | Imaging and Diagnostics","1","Magnetic Resonance Imaging","3","0",""
"Hedwich Kuipers","mem_3453676d84","6","Multiple Sclerosis | Neuroinflammatory Diseases | Resident Cells | Cell Type | Cell Biology Approaches | Chronic Disease","3","Multiple Sclerosis | Neuroinflammatory diseases | Interaction of immune & resident cells in the central nervous system","1","Multiple Sclerosis","1","Neurological Disorders","3","Chronic Disease | Multiple Sclerosis | Neuroinflammatory Diseases","1","Neurological Disorders","2","Chronic Disease | Neuroinflammatory Diseases","4","0",""
"Helen Carlson","mem_b71fb09d51","9","Neuroimaging | Stroke | Brain Development | Brain Stimulation | Epilepsy | Traumatic Brain Injury | Machine Learning | Pain | Inform Rehabilitation Strategies","9","Neuroimaging | neuroplasticity | brain development | brain stimulation | stroke | epilepsy | traumatic brain injury | cognition | quality of life","6","Brain Injuries, Traumatic | Cognition | Epilepsy | Neuroimaging | Neuronal Plasticity | Stroke","6","Brain Injury and Neurotrauma | Cardiovascular Health | Cellular and Molecular Neuroscience | Cognitive and Behavioural Neuroscience | Imaging and Diagnostics | Neurological Disorders","9","Rehabilitation | Cognition | Epilepsy | Machine Learning | Neuroimaging | Neuronal Plasticity | Pain | Stroke | Brain Injuries, Traumatic","7","Rehabilitation | Cognitive and Behavioural Neuroscience | Neurological Disorders | Imaging and Diagnostics | Cellular and Molecular Neuroscience | Cardiovascular Health | Brain Injury and Neurotrauma","3","Rehabilitation | Machine Learning | Pain","3","0",""
"Hermann Schaetzl","mem_f736a5948e","2","Prion Diseases | Molecular Biology","1","Prion diseases","0","","0","","2","Molecular Biology | Prion Diseases","0","","2","Molecular Biology | Prion Diseases","0","0",""
"Iliana Ortega","mem_e1cb907885","4","Mood Disorders | Adolescent Psychiatry | Suicidal Behaviours | MEXICO CITY","0","","0","","0","","2","Adolescent Psychiatry | Mood Disorders","1","Mental Health","2","Adolescent Psychiatry | Mood Disorders","2","0",""
"Jackson Cone","mem_656468a699","1","Neurobiological Mechanisms","0","","0","","0","","0","","0","","0","","0","0",""
"Jacqueline Smith","mem_05a8774842","11","Alberta Health Services Ahs | Calgary Health Foundation | Affect Mental | Increased Capacity | Social Care Practices | Mental Illness Bias | Mental Health | Family Care | Emotional Health | Trauma Emdr Therapist | Hotchkiss Brain Institute","8","Mental illness bias, discrimination and stigma within Emergency settings | Mental health and stress related experiences within post secondary settings | Addiction | family care givers | mindfulness | emotional health & wellbeing | Narrative Inquiry | Cannabis harm reduction & educational tools for university students","2","Mental Disorders | Mental Health","1","Mental Health","2","Mental Health | Mental Disorders","1","Mental Health","0","","7","3","Cannabis harm reduction & educational tools for university students | hotchkiss brain institute | working in conjunction with foothills hospital emergency services"
"Jaideep Bains","mem_085f530390","9","Behavioral Phenotyping | Vivo Imaging | Patch Clamp | Behavioral Analysis | Functional Brain Imaging | Generates Distinct Behaviors | Autistic | Stress | Brain Mathison Centre Stress","5","Autism | Behaviour | Brain | Neuroplasticity | Synapses","3","Autistic Disorder | Neuronal Plasticity | Synapses","2","Cellular and Molecular Neuroscience | Mental Health","3","Autistic Disorder | Functional Neuroimaging | Neuronal Plasticity","3","Mental Health | Imaging and Diagnostics | Cellular and Molecular Neuroscience","1","Functional Neuroimaging","10","1","brain mathison centre stress"
"Jane Shearer","mem_3d341c6e6a","4","Metabolic Physiology | Autistic | Chronic Disease | Epilepsy","1","Metabolic Physiology","0","","0","","4","Autistic Disorder | Chronic Disease | Epilepsy | PH","3","Mental Health | Neurological Disorders | Physiology and Systems Biology","4","Autistic Disorder | Chronic Disease | Epilepsy | PH","0","0",""
"Janet de Groot","mem_af812170e5","5","Psychosocial Oncology | Advanced Cancer | Lung Cancer | Psychosocial Oncology Advanced Cancer | Mental Depression","2","Psychosocial oncology | Advanced cancer","1","Neoplasms","1","Cancer and Tumours","5","Neoplasms | Depression | Lung Neoplasms | Psycho-Oncology | Uterine Cervical Neoplasms","2","Cancer and Tumours | Mental Health","4","Depression | Lung Neoplasms | Psycho-Oncology | Uterine Cervical Neoplasms","0","0",""
"Janice Eva Arlee Braun","mem_02e49536b8","1","Molecular Chaperones","0","","0","","0","","1","Molecular Chaperones","1","Cellular and Molecular Neuroscience","1","Molecular Chaperones","0","0",""
"Javier Orlandi","mem_92099adba8","3","Systems Neuroscience | Network Neuroscience | Movement Disorders","3","Computational and Systems Neuroscience | Network neuroscience | Complexity Science","0","","0","","3","Neurosciences | Movement Disorders | Learning","3","Neuroscience and Neural Systems | Neurological Disorders | Cognitive and Behavioural Neuroscience","3","Neurosciences | Movement Disorders | Learning","0","0",""
"Jayna Holroyd-Leduc","mem_6abb226805","3","Dementia | Cognitive Disorders | Cognitive Disorder","2","Dementia & Cognitive Disorders | Seniors","1","Dementia","1","Neurological Disorders","2","Cognitive Dysfunction | Dementia","1","Neurological Disorders","1","Cognitive Dysfunction","1","0",""
"Jean Kit-Wah Mah","mem_2a3fddd6a7","3","Neuromuscular Diseases | Pediatric Neuromuscular | Demyelinating Diseases","1","pediatric neuromuscular and pediatric demyelinating diseases","0","","0","","2","Demyelinating Diseases | Neuromuscular Diseases","0","","2","Demyelinating Diseases | Neuromuscular Diseases","0","0",""
"Jean Margaret Addington","mem_40840edc6a","4","Mental Health | Schizophrenia | Psychotic | Risk Of Developing","4","Mental Health | Schizophrenia and other psychoses | Risk of developing serious mental illness | Psychosocial treatments for youth at risk of psychosis","4","Mental Disorders | Mental Health | Schizophrenia | Therapeutics","2","Mental Health | Pharmacology and Therapeutics","4","Mental Health | Therapeutics | Mental Disorders | Schizophrenia","2","Mental Health | Pharmacology and Therapeutics","0","","3","1","first area of research focuses on psychosis"
"Jeffrey Biernaskie","mem_0bae7d82da","6","Molecular Mechanisms | Factors Like Injury | Advanced Aging | Immune System Diseases | Stem Cells | Tissue Regeneration","2","Tissue Regeneration | Stem Cells","0","","0","","2","Immune System Diseases | Stem Cells","0","","2","Immune System Diseases | Stem Cells","2","0",""
"Jeffrey Frank Dunn","mem_4031282ea1","13","Brain Injury | Inflammation | Magnetic Resonance Imaging | Neuroimaging | Stroke | Changes In Brain Function | MRI Of Brain With Functional Imaging | Blood Brain Barrier Disruption | Cell Tracking | Disease Progression | Multiple Sclerosis | Brain Inflammation | Includes Studies Of Inflammation","7","Brain | Brain Injury | Inflammation | Magnetic Resonance Imaging | Mitochondria | Neuroimaging | Stroke","5","Brain Injuries | Magnetic Resonance Imaging | Mitochondria | Neuroimaging | Stroke","4","Brain Injury and Neurotrauma | Cardiovascular Health | Cellular and Molecular Neuroscience | Imaging and Diagnostics","11","Encephalitis | Brain Injuries | Cell Tracking | Disease Progression | Neoplasms | Inflammation | Magnetic Resonance Imaging | Mitochondria | Multiple Sclerosis | Neuroimaging | Stroke","6","Brain Injury and Neurotrauma | Cancer and Tumours | Imaging and Diagnostics | Cellular and Molecular Neuroscience | Neurological Disorders | Cardiovascular Health","6","Encephalitis | Cell Tracking | Disease Progression | Neoplasms | Inflammation | Multiple Sclerosis","2","2","Includes Studies Of Inflammation | this includes studies of inflammation"
"Jeffrey Joseph","mem_21e7f187f5","0","","0","","0","","0","","0","","0","","0","","0","0",""
"Jennifer Chan","mem_8e0084f520","7","Brain Tumorigenesis | Molecular Mechanisms | Adult Brain | Proliferation In Neural Development | Pediatric Tumour | Brain Tumorigenesis Molecular Mechanisms | Brain Cancers","2","Brain Tumorigenesis | Molecular Mechanisms","1","Carcinogenesis","1","Cancer and Tumours","1","Brain Neoplasms","1","Cancer and Tumours","1","Brain Neoplasms","6","0",""
"Jennifer Thannhauser","mem_3f62008a1f","7","Resilience | Chronic Illness | Mental Health Evaluation | Secondary Post | Mobility Social | Mental Health Approach | Development Funds","4","Post-secondary mental health and well-being | Resilience in the post-secondary context | Pediatric chronic illness | Post-secondary mental health evaluation","1","Mental Health","1","Mental Health","4","Chronic Disease | Mental Health | Social Mobility | Resilience, Psychological","1","Mental Health","3","Chronic Disease | Social Mobility | Resilience, Psychological","3","0",""
"Jenny Godley","mem_707257fb34","5","Social Determinants Of Health | Social Network | Health Related Behavior | Health Behaviour | Epidemiology","8","Social determinants of health | Social network analysis | Gender | Stigma and discrimination | Demography | Weight-related health | Ethics of research with human participants | Transdisciplinary research evaluation","0","","0","","4","Epidemiology | Health Behavior | Social Determinants of Health | Social Networking","0","","4","Epidemiology | Health Behavior | Social Determinants of Health | Social Networking","3","0",""
"Jessalyn Holodinsky","mem_37dd23d078","6","Healthcare Delivery | Machine Learning | Stroke | Health Services Research | Health Systems | Epidemiology","8","Healthcare delivery optimization | Prediction of Emergency Department resource utilization | Emergency Department throughput | Electronic medical record data | Supervised and unsupervised machine learning | Survival analysis & generalized linear models | Respiratory vaccinations and the prevention of cardiovascular events | Prehospital transportation of suspected stroke patients","2","Learning | Stroke","2","Cardiovascular Health | Cognitive and Behavioural Neuroscience","6","Epidemiology | Health Services Research | Delivery of Health Care | Machine Learning | Stroke | Learning","3","Population and Public Health | Cardiovascular Health | Cognitive and Behavioural Neuroscience","4","Epidemiology | Health Services Research | Delivery of Health Care | Machine Learning","1","2","Emergency Department throughput | Prediction of Emergency Department resource utilization"
"Jillian Miller","mem_22a4e04503","3","Neuroimaging | Pain | Future","1","Pediatric Pain","0","","0","","3","Forecasting | Neuroimaging | Pain","1","Imaging and Diagnostics","3","Forecasting | Neuroimaging | Pain","1","0",""
"Joanne Park","mem_b49402b919","3","Child Outcomes | Experimental Design | Mental Health","1","Mental Health","1","Mental Health","1","Mental Health","3","Mental Health | Social Cognition | Research Design","2","Mental Health | Cognitive and Behavioural Neuroscience","2","Social Cognition | Research Design","1","0",""
"Jodie Burton","mem_6bf0d57aba","3","Epidemiology | Optical Coherence Tomography | Advanced Mri Measures","0","","0","","0","","4","Multiple Sclerosis | Magnetic Resonance Imaging | Epidemiology | Tomography, Optical Coherence","2","Neurological Disorders | Imaging and Diagnostics","4","Multiple Sclerosis | Magnetic Resonance Imaging | Epidemiology | Tomography, Optical Coherence","0","1","mog associated disease in alberta"
"Jodie Roberts","mem_7d3968111f","2","Health Services Research | Epidemiology","5","Neuroepidemiology and Health Services Research | Causal Inference | Multiple Sclerosis | Neurosarcoidosis | Autoimmune Encephalitis","2","Health Services Research | Multiple Sclerosis","2","Neurological Disorders | Population and Public Health","3","Epidemiology | Health Services Research | Multiple Sclerosis","2","Population and Public Health | Neurological Disorders","1","Epidemiology","3","0",""
"Joern Davidsen","mem_36447b4ebf","3","Alzheimer Disease | Network Neuroscience | Mental Health","12","Complexity Science | Spreading & triggering processes | Fluid-induced seismicity | Computational neuroscience & the critical brain | Rock fracture & frictional sliding | Statistical seismology | Network neuroscience | Synchronization & chimera states | Sociophysics | Climate dynamics & climate networks | Extreme events and records | Pattern formation & cardiac arrhythmia","1","Arrhythmias, Cardiac","1","Cardiovascular Health","4","Alzheimer Disease | Neurosciences | Mental Health | Arrhythmias, Cardiac","4","Neurological Disorders | Neuroscience and Neural Systems | Mental Health | Cardiovascular Health","3","Alzheimer Disease | Neurosciences | Mental Health","0","0",""
"Johanna Ospel","mem_cd4b5d2ba6","3","Clinical Outcomes | Stroke | Imaging Based Outcome Prediction","0","","0","","0","","1","Stroke","1","Cardiovascular Health","1","Stroke","1","0",""
"John (Gregory) Cairncross","mem_c3e463f320","3","New York | Brain Tumor | Cancer To Brain","2","Modeling the initiation of Glioblastoma | Preventing resistance to Temozolomide","2","Glioblastoma | Temozolomide","2","Cancer and Tumours | Pharmacology and Therapeutics","4","Brain Neoplasms | Neoplasms | Glioblastoma | Temozolomide","2","Cancer and Tumours | Pharmacology and Therapeutics","2","Brain Neoplasms | Neoplasms","0","3","he founded the brain tumor | in neurology in new york | New York"
"John Duncan McLennan","mem_105244bf73","1","Epidemiology","0","","0","","0","","1","Epidemiology","0","","1","Epidemiology","0","0",""
"John Wong","mem_e8addbab25","2","Stroke | Vascular Malformations","0","","0","","0","","2","Stroke | Vascular Malformations","1","Cardiovascular Health","2","Stroke | Vascular Malformations","0","0",""
"Jonathan Epp","mem_f7f8d26dcb","4","Dementia | Cognitive Disorders | Adult Neurogenesis | Circuit Stability Versus Learning","3","Dementia & Cognitive Disorders | Neurodevelopment | Memory","2","Dementia | Memory","2","Cognitive and Behavioural Neuroscience | Neurological Disorders","4","Learning | Cognitive Dysfunction | Dementia | Memory","2","Cognitive and Behavioural Neuroscience | Neurological Disorders","2","Learning | Cognitive Dysfunction","1","0",""
"Jonathan Lytton","mem_6d56bbe087","7","Cell Signaling | Muscle Contraction | Family Member | Dental Health | Physiological Techniques | Roles In Cardiovascular | Neuronal Biology","1","Molecular physiology of the K-dependent Na/Ca-exchanger, subtype 4, NCKX4","0","","0","","5","Signal Transduction | Family | PH | Muscle Contraction | Neurons","2","Physiology and Systems Biology | Cellular and Molecular Neuroscience","5","Signal Transduction | Family | PH | Muscle Contraction | Neurons","1","0",""
"Jos Jan Eggermont","mem_32d283f76b","4","Hearing Disorders | Experience Dependent Developmental | Brain Oscillations | Clinical Implications","2","Electrophysiology of the auditory system | Hearing and its disorders","0","","0","","1","Hearing Disorders","0","","1","Hearing Disorders","0","0",""
"Julia Hews-Girard","mem_2cc369c2c7","7","Epidemiology | Chronic Disease | School Based Mental Health | Health Of All Women | Physical Health | Youth Friendly Manner | Improving Transitions Between Pediatric","0","","0","","0","","2","Chronic Disease | Epidemiology","0","","2","Chronic Disease | Epidemiology","1","1","school-based mental health"
"Julia Jacobs-Levan","mem_58625c2ce5","5","Epilepsy | Neuroimaging | Improving Outcome | Magnetic Resonance Imaging | Difficult To Treat Epilepsy","5","Epilepsy | Seizures | Neuroimaging | Neurodevelopment | Sleep","2","Epilepsy | Neuroimaging","2","Imaging and Diagnostics | Neurological Disorders","4","Epilepsy | Functional MRI | Magnetic Resonance Imaging | Neuroimaging","2","Neurological Disorders | Imaging and Diagnostics","2","Functional MRI | Magnetic Resonance Imaging","3","0",""
"Julia Kam","mem_6b37eba80f","1","Stroke","4","Internal Attention | Mind Wandering | Scalp and Intracranial EEG | Stroke","2","Attention | Stroke","2","Cardiovascular Health | Cognitive and Behavioural Neuroscience","2","Attention | Stroke","2","Cognitive and Behavioural Neuroscience | Cardiovascular Health","0","","0","0",""
"Julia Kirkham","mem_01f8882e68","5","Dementia | Mental Healthcare Quality | Mental Depression | Access To Healthcare | Mental Healthcare","1","Dementia, mental healthcare quality","1","Dementia","1","Neurological Disorders","3","Dementia | Depression | Mental Health","2","Neurological Disorders | Mental Health","2","Depression | Mental Health","2","0",""
"Julie Kromm","mem_9d7393c642","0","","0","","0","","0","","0","","0","","0","","0","0",""
"Jun Yan","mem_37b64942a2","1","Pharmacological Approaches","1","Neural mechanism of auditory perception and hearing deficiencies","1","Auditory Perception","1","Cognitive and Behavioural Neuroscience","3","Auditory Perception | Neuronal Plasticity | Learning","2","Cognitive and Behavioural Neuroscience | Cellular and Molecular Neuroscience","2","Neuronal Plasticity | Learning","0","0",""
"Justyna Sarna","mem_fe67f51d1b","3","Movement Disorders | S Disease | Parkinson Disease","3","Movement Disorders | Parkinson's Disease | Neurodegeneration","2","Movement Disorders | Parkinson Disease","1","Neurological Disorders","2","Parkinson Disease | Movement Disorders","1","Neurological Disorders","0","","2","0",""
"Kamala Devi Patel","mem_c8e755d8b2","3","Stroke | Leukocyte Trafficking Inflammation | Inflammation","1","Leukocyte trafficking, inflammation","0","","0","","2","Inflammation | Stroke","1","Cardiovascular Health","2","Inflammation | Stroke","1","0",""
"Kara Murias","mem_338f9f338e","7","Cognitive Development | Neurodevelopmental Disorders | Neuroimaging | Clinical Outcomes | Attention Deficit Disorder | Child Development | Neurological Conditions","4","Brain | Cognitive Development | Neurodevelopmental disorders | Neuroimaging","2","Neurodevelopmental Disorders | Neuroimaging","2","Imaging and Diagnostics | Mental Health","4","Attention Deficit Disorder with Hyperactivity | Child Development | Neurodevelopmental Disorders | Neuroimaging","2","Mental Health | Imaging and Diagnostics","2","Attention Deficit Disorder with Hyperactivity | Child Development","4","0",""
"Karl Klein","mem_1a2035eb16","3","Genetic Epilepsy | Precision Medicine | Stroke","3","Genetics of epilepsy | Precision medicine in epilepsy | Brain somatic variatis causing epilepsy","2","Epilepsy | Genetics","2","Genetics and Genomics | Neurological Disorders","4","Epilepsy | Genetics | Precision Medicine | Stroke","3","Neurological Disorders | Genetics and Genomics | Cardiovascular Health","2","Precision Medicine | Stroke","0","0",""
"Karolina Skibicka","mem_3a71da2ce4","2","Gut Brain Communication | Behavioral Neuroscience","0","","0","","0","","1","Neurosciences","1","Neuroscience and Neural Systems","1","Neurosciences","0","0",""
"Kartikeya Murari","mem_3faa6c8292","3","Optical Instrumentation | Biomedical Research | Optical Tools","1","Electrical and Optical Instrumentation","0","","0","","1","Biomedical Research","0","","1","Biomedical Research","0","0",""
"Katayoun Alikhani","mem_53e60fab63","1","Multiple Sclerosis","1","Multiple Sclerosis","1","Multiple Sclerosis","1","Neurological Disorders","1","Multiple Sclerosis","1","Neurological Disorders","0","","0","0",""
"Katherine Bright","mem_6e27953757","2","Mental Health | Health Systems","1","Mental Health","1","Mental Health","1","Mental Health","2","Therapeutics | Mental Health","2","Pharmacology and Therapeutics | Mental Health","1","Therapeutics","1","0",""
"Katherine Rittenbach","mem_e9c9ab7840","5","Health Systems | Mental Depression | Randomized Clinical | Outcomes From The System | Health Services Research","0","","0","","0","","3","Mental Health | Depression | Health Services Research","2","Mental Health | Population and Public Health","3","Mental Health | Depression | Health Services Research","2","1","randomized clinical studies"
"Katherine Wynne-Edwards","mem_c513c5ffa8","3","Chronic Disease | Experimental Medicine | Marcello Tonelli","0","","0","","0","","2","Chronic Disease | Biomedical Research","0","","2","Chronic Disease | Biomedical Research","0","0",""
"Kathleen Chaput","mem_2bd0db628a","3","Maternal Perinatal | Infant Neurodevelopment | Mental Health","5","Maternal and infant mental health and wellbeing | Substance use/addictions in pregnancy | Maternal perinatal mental health | infant neurodevelopment | Breastfeeding","1","Mental Health","1","Mental Health","1","Mental Health","1","Mental Health","0","","2","0",""
"Kathryn Birnie","mem_e203a7a335","5","Health Services Research | Mental Health | Pain | Psychosocial Outcomes | Health Systems","7","Health Services Research | Knowledge Mobilization | Mental Health | Pain | Psychosocial outcomes | Community partnered research | Health equity","2","Health Services Research | Mental Health","2","Mental Health | Population and Public Health","3","Health Services Research | Mental Health | Pain","2","Population and Public Health | Mental Health","1","Pain","2","0",""
"Kathryn Schneider","mem_a3c1370499","8","Cervical Spine | Sensory Function | Clinical Care | Sport Related Concussion | Manage Concussions | Migraine Disorders | Pain | Physiotherapy Within A Multidisciplinary","2","Concussion | Rehabilitation","1","Rehabilitation","1","Rehabilitation","6","Rehabilitation | Cervical Vertebrae | Brain Concussion | Migraine Disorders | Pain | Sensation","2","Rehabilitation | Brain Injury and Neurotrauma","5","Cervical Vertebrae | Brain Concussion | Migraine Disorders | Pain | Sensation","2","0",""
"Keith Alexander Sharkey","mem_90269b0602","5","Nervous System | Gut Brain Axis | Inflammatory Bowel Diseases | Enteroendocrine Cells | Molecular Genetics","3","Enteric nervous system | Gut-brain axis | Endocannabinoid system","0","","0","","7","PH | Enteric Nervous System | Enteroendocrine Cells | Brain-Gut Axis | Inflammatory Bowel Diseases | Molecular Biology | Nervous System","3","Physiology and Systems Biology | Neuroscience and Neural Systems | Genetics and Genomics","7","PH | Enteric Nervous System | Enteroendocrine Cells | Brain-Gut Axis | Inflammatory Bowel Diseases | Molecular Biology | Nervous System","1","1","elinav) (brain canada-weizmann institute team grant)"
"Keith Stephen Dobson","mem_d5f9a5e6ba","2","Cognitive Behavioral Therapy | Mental Depression","0","","0","","0","","2","Cognitive Behavioral Therapy | Depression","1","Mental Health","2","Cognitive Behavioral Therapy | Depression","0","0",""
"Keith Yeates","mem_a2b493336b","2","Mild Traumatic Brain Injury | Childhood Brain","1","Childhood Brain Injury","1","Brain Injuries","1","Brain Injury and Neurotrauma","2","Brain Injuries | Brain Concussion","1","Brain Injury and Neurotrauma","1","Brain Concussion","1","0",""
"Kelly Dean Schwartz","mem_414b7b0e40","17","Family Systems | Positive Youth Development | Adolescent Development | Child Development | Community Health Development | Family Psychology | Child Examination Social Development | Media Studies And Literacy | School Based Mental Health | Child In Family | Mental Health | Developmental Assets | Contributing Factors | Family Of Development Disorder | Social Context | Post Traumatic Stress Disorder | Social Support","3","Theoretical Orientations | Scholarly Activity | Interests","0","","0","","7","Adolescent Development | Child Development | Public Health | Mental Health | Stress Disorders, Post-Traumatic | Social Environment | Social Support","2","Population and Public Health | Mental Health","7","Adolescent Development | Child Development | Public Health | Mental Health | Stress Disorders, Post-Traumatic | Social Environment | Social Support","11","2","media studies and literacy | school-based mental health"
"Kelly Larkin-Kaiser","mem_599092b85f","3","Stroke | Therapeutic Effectiveness | Neuroscience And Rehabilitation","1","Neuroscience and Rehabilitation","1","Rehabilitation","1","Rehabilitation","4","Neurosciences | Rehabilitation | Stroke | Therapeutics","4","Neuroscience and Neural Systems | Rehabilitation | Cardiovascular Health | Pharmacology and Therapeutics","3","Neurosciences | Stroke | Therapeutics","0","0",""
"Kenneth Lukowiak","mem_9211234ed6","3","Behavioural Ecology Of Stress | Stress | Configural Learning","1","Behavioural ecology of stress","0","","0","","1","Learning","1","Cognitive and Behavioural Neuroscience","1","Learning","1","1","patan academy of health sciences in kathmandu"
"Kenton Hecker","mem_bb77b86a3f","2","Clinical Reasoning | Magnetic Resonance Imaging","0","","0","","0","","3","Clinical Reasoning | Functional MRI | Magnetic Resonance Imaging","1","Imaging and Diagnostics","3","Clinical Reasoning | Functional MRI | Magnetic Resonance Imaging","0","0",""
"Kevin Douglas Busche","mem_667f73be93","1","Multiple Sclerosis","0","","0","","0","","1","Multiple Sclerosis","1","Neurological Disorders","1","Multiple Sclerosis","0","0",""
"Ki-Young Lee","mem_d46afd103a","1","Alzheimer Disease","0","","0","","0","","1","Alzheimer Disease","1","Neurological Disorders","1","Alzheimer Disease","0","0",""
"Kimberley Smaniotto - Holmes","mem_6c0f4891e4","1","Mental Health","1","Mental health Research and Education","1","Mental Health","1","Mental Health","2","Learning | Mental Health","2","Cognitive and Behavioural Neuroscience | Mental Health","1","Learning","0","0",""
"Kirsten Bobawsky (Fiest)","mem_2434ffebd2","1","Epidemiology","0","","0","","0","","1","Epidemiology","0","","1","Epidemiology","0","0",""
"Kirstie Lithgow","mem_5df4c5aac6","3","Neuroendocrine Tumours Gastroenteropancreatic | Patient Reported Outcome | Neuroendocrine Tumours","1","Neuroendocrine tumours (Gastroenteropancreatic)","0","","0","","4","Endocrine Gland Neoplasms | Neuroendocrine Tumors | Patient Reported Outcome Measures | Therapeutics","2","Cancer and Tumours | Pharmacology and Therapeutics","4","Endocrine Gland Neoplasms | Neuroendocrine Tumors | Patient Reported Outcome Measures | Therapeutics","1","0",""
"Kristin von Ranson","mem_05362065f8","5","Eating Disorders | Depression | Childhood Externalizing Disorders | Eating Behaviours Lab | Particularly Behavioural Addictions","1","Eating Disorders and Body Image","0","","0","","2","Depression | Feeding and Eating Disorders","1","Mental Health","2","Depression | Feeding and Eating Disorders","0","2","Eating Behaviours Lab | in the eating behaviours lab"
"Lara Leijser","mem_9c853bf265","3","Brain Imaging | Early Of Clinical | Brain Injury","4","Brain Injury and Development | Preterm birth | Neuro-imaging | Neurodevelopment","1","Brain Injuries","1","Brain Injury and Neurotrauma","2","Neuroimaging | Brain Injuries","2","Imaging and Diagnostics | Brain Injury and Neurotrauma","1","Neuroimaging","5","0",""
"Laura Curiel","mem_7be3b79e71","3","Mental Health | Clinical Outcomes | Experimental Platforms For Hifu","1","Mental Health","1","Mental Health","1","Mental Health","2","Therapeutics | Mental Health","2","Pharmacology and Therapeutics | Mental Health","1","Therapeutics","1","0",""
"Lawrence Korngut","mem_613baceb13","1","Epidemiology","0","","0","","0","","1","Epidemiology","0","","1","Epidemiology","0","0",""
"Leah Mayo","mem_285408d323","7","Neuroimaging | Post Traumatic Stress Disorder | Substance Use Disorders | Psychedelic Based Therapeutic Opportunities | Social Processing In Healthy | Clinical Populations | Clinical Outcomes","0","","0","","0","","5","Cognition | Neuroimaging | Stress Disorders, Post-Traumatic | Therapeutics | Substance-Related Disorders","4","Cognitive and Behavioural Neuroscience | Imaging and Diagnostics | Pharmacology and Therapeutics | Mental Health","5","Cognition | Neuroimaging | Stress Disorders, Post-Traumatic | Therapeutics | Substance-Related Disorders","2","0",""
"Lenora Brown","mem_aa5f0f5195","2","Multiple Sclerosis | Clinical Outcomes","1","Multiple Sclerosis","1","Multiple Sclerosis","1","Neurological Disorders","1","Multiple Sclerosis","1","Neurological Disorders","0","","1","0",""
"Leticia Radin Pereira","mem_a68812ef9c","2","Chronic Disease | Maternal Health","4","Diet | Maternal Health | Nutrition | Obesity","0","","0","","2","Chronic Disease | Maternal Health","0","","2","Chronic Disease | Maternal Health","6","0",""
"Lian Willetts","mem_092b07aeb6","1","Cancer With Metastasis","0","","0","","0","","3","Neoplasms | Neoplasm Metastasis | Diagnosis","2","Cancer and Tumours | Imaging and Diagnostics","3","Neoplasms | Neoplasm Metastasis | Diagnosis","0","0",""
"Lori Montgomery","mem_7467cd8626","3","Mental Health | Pain | Migraine","6","Mental Health | Spinal Cord / Nerve Injury & Pain | pain | Chronic Pain | post-traumatic headache | Opioids","1","Mental Health","1","Mental Health","3","Mental Health | Migraine Disorders | Pain","1","Mental Health","2","Migraine Disorders | Pain","3","0",""
"Lorraine Venturato","mem_ffc70c151e","5","Learning Cultures | Dementia | Practice Development Learning Cultures | Healthy Aging | Aging And Place","4","Dementia and Cognitive Disorders | Gerontology | Qualitative research approaches | Culture change and practice development","1","Dementia","1","Neurological Disorders","3","Dementia | Healthy Aging | Learning","2","Neurological Disorders | Cognitive and Behavioural Neuroscience","2","Healthy Aging | Learning","1","0",""
"Luanne Marie Metz","mem_b1e13c5609","3","Multiple Sclerosis | Clinical | Mood Disorders","1","Multiple Sclerosis","1","Multiple Sclerosis","1","Neurological Disorders","2","Mood Disorders | Multiple Sclerosis","2","Mental Health | Neurological Disorders","1","Mood Disorders","1","0",""
"Manuel Hulliger","mem_fc8bf2f9b6","5","Acute And Chronic | Analysis | Morphometric Analysis | Control Of Movement | Acute Electrophysiology Kinematic","1","Movement control and rehabilitation","1","Rehabilitation","1","Rehabilitation","2","Neurons | Rehabilitation","2","Cellular and Molecular Neuroscience | Rehabilitation","1","Neurons","7","0",""
"Marc Poulin","mem_d71eba52b6","8","Alzheimer S Disease | Environmental Conditions | Stroke | High Altitude | Chronic Disease | Integrative Human Physiology | Physiology | Neuroimaging","5","Healthy Brain Aging and Dementia | Integrative Human Physiology | Sleep | High Altitude Physiology | Role of Exercise in Prevention and Management of Chronic Diseases","1","Dementia","1","Neurological Disorders","7","Alzheimer Disease | Chronic Disease | Dementia | PH | Neuroimaging | Physiology | Stroke","4","Neurological Disorders | Physiology and Systems Biology | Imaging and Diagnostics | Cardiovascular Health","6","Alzheimer Disease | Chronic Disease | PH | Neuroimaging | Physiology | Stroke","3","0",""
"Marcus Koch","mem_95295c7522","2","Multiple Sclerosis | Clinical Outcomes","1","Multiple Sclerosis","1","Multiple Sclerosis","1","Neurological Disorders","1","Multiple Sclerosis","1","Neurological Disorders","0","","1","0",""
"Mariana Pinheiro Bento","mem_581f118e90","6","Biomedical Engineering | Machine Learning | Computer Vision | Magnetic Resonance Imaging Brain | Alzheimer Disease | Neuroimaging","4","Biomedical Engineering | Artificial Intelligence | Computer Vision | Brain Magnetic Resonance Imaging","1","Magnetic Resonance Imaging","1","Imaging and Diagnostics","5","Alzheimer Disease | Biomedical Engineering | Magnetic Resonance Imaging | Machine Learning | Neuroimaging","3","Neurological Disorders | Neuroengineering and Medical Technology | Imaging and Diagnostics","4","Alzheimer Disease | Biomedical Engineering | Machine Learning | Neuroimaging","2","0",""
"Mark Colijn","mem_27ca2caae0","1","Schizophrenia","1","Schizophrenia genetics","2","Genetics | Schizophrenia","2","Genetics and Genomics | Mental Health","2","Schizophrenia | Genetics","2","Mental Health | Genetics and Genomics","0","","0","0",""
"Mark Giles Hamilton","mem_e5fb693498","6","Deep Vein Thrombosis | Outcomes Treatment | Outcomes Research | Cerebrospinal Fluid Disorder | Current Main Clinical | Stroke","3","Brain Tumour patient treatment response (clinical trials) | Deep vein thrombosis prophylaxis in brain tumor patients | Adult hydrocephalus diagnosis, treatment and outcomes","3","Brain Neoplasms | Diagnosis | Therapeutics","3","Cancer and Tumours | Imaging and Diagnostics | Pharmacology and Therapeutics","6","Diagnosis | Therapeutics | Venous Thrombosis | Brain Neoplasms | Outcome Assessment, Health Care | Stroke","4","Imaging and Diagnostics | Pharmacology and Therapeutics | Cancer and Tumours | Cardiovascular Health","3","Venous Thrombosis | Outcome Assessment, Health Care | Stroke","1","1","department of pediatrics"
"Mary Dunbar","mem_aa8dee36aa","5","Epidemiology | Stroke | Hypoxic Injury | Fetal Neurology | Perinatal Brain Injury","2","Fetal Neurology | Perinatal brain injury","1","Brain Injuries","1","Brain Injury and Neurotrauma","3","Epidemiology | Brain Injuries | Stroke","2","Brain Injury and Neurotrauma | Cardiovascular Health","2","Epidemiology | Stroke","1","0",""
"Maryam Faiz","mem_94fbe54aaf","1","Stroke","0","","0","","0","","3","Stroke | Therapeutics | Brain Injuries","3","Cardiovascular Health | Pharmacology and Therapeutics | Brain Injury and Neurotrauma","3","Stroke | Therapeutics | Brain Injuries","0","0",""
"Matthew Hill","mem_f8e008892b","4","Brain Development | Mental Health | Anxiety Disorders | Mental Depression","5","Behaviour | Brain Development | Endocrinology | Mental Health | Neuroplasticity","2","Mental Health | Neuronal Plasticity","2","Cellular and Molecular Neuroscience | Mental Health","4","Anxiety Disorders | Depression | Mental Health | Neuronal Plasticity","2","Mental Health | Cellular and Molecular Neuroscience","2","Anxiety Disorders | Depression","3","1","hill lab uses a range of cellular"
"Mayank Goyal","mem_d994767332","2","Stroke | Diagnostic Imaging","3","Stroke | diagnostic imaging | hyperacute stroke","2","Diagnostic Imaging | Stroke","2","Cardiovascular Health | Imaging and Diagnostics","2","Diagnostic Imaging | Stroke","2","Imaging and Diagnostics | Cardiovascular Health","0","","0","0",""
"Meghan McDonough","mem_4393bff7a6","4","Health Behaviour | Chronic Disease | Social Relationships | Exercise And Sport Psychology","1","Health, Exercise and Sport Psychology","0","","0","","2","Chronic Disease | Interpersonal Relations","0","","2","Chronic Disease | Interpersonal Relations","1","0",""
"Melanie Noel","mem_0f24dba938","11","Determinants Of Health | Pain | Psychosocial Outcomes | Clinical Practice Guideline | Post Traumatic Stress Disorder | Hotchkiss Brain Institute | Cognitive Behavioral Therapy | Migraine Disorders | Sport Related Concussion | Mental Depression | Sleep Quality","3","Determinants of Health | Pain | Psychosocial outcomes","0","","0","","7","Practice Guideline | Cognitive Behavioral Therapy | Depression | Migraine Disorders | Pain | Stress Disorders, Post-Traumatic | Sleep Quality","1","Mental Health","7","Practice Guideline | Cognitive Behavioral Therapy | Depression | Migraine Disorders | Pain | Stress Disorders, Post-Traumatic | Sleep Quality","3","1","hotchkiss brain institute"
"Melanie Rock","mem_28292f693f","3","Chronic Disease | Positive Influences On Mental | Social Well-Being","0","","0","","0","","1","Chronic Disease","0","","1","Chronic Disease","1","0",""
"Melinda Jane Davis","mem_5fb66a15c5","1","Interventional Procedure","3","anesthesia | neuroradiology | Neurosurgery","0","","0","","0","","0","","0","","5","0",""
"Michael Adrian Colicos","mem_86be4543f1","5","Autistic | Epilepsy | Molecular Mechanisms Of Pharmacological | Developmental Synaptogenesis | Neuronal Circuit Formation","5","Autism | Epilepsy | Molecular Mechanisms | Neuroplasticity | Synapsis","4","Autistic Disorder | Chromosome Pairing | Epilepsy | Neuronal Plasticity","3","Cellular and Molecular Neuroscience | Mental Health | Neurological Disorders","5","Autistic Disorder | Epilepsy | Neuronal Plasticity | PH | Synapses","4","Mental Health | Neurological Disorders | Cellular and Molecular Neuroscience | Physiology and Systems Biology","2","PH | Synapses","2","0",""
"Michael Christopher Antle","mem_67b2999f43","1","Physiological Processes","0","","0","","0","","1","Physiological Phenomena","1","Physiology and Systems Biology","1","Physiological Phenomena","0","0",""
"Michael Esser","mem_9d290c25df","7","Brain Injury | Neurocritical Care | Social Determinants Of Health | Health Outcomes | Novel Therapeutics | Environmental Risk | Environmental Physical Social Psychological","7","Brain Injury | Neurocritical Care | Translational Biology | Determinants of Health | Health Outcomes | Knowledge Translation | Novel Therapeutics","2","Brain Injuries | Therapeutics","2","Brain Injury and Neurotrauma | Pharmacology and Therapeutics","3","Brain Injuries | Therapeutics | Social Determinants of Health","2","Brain Injury and Neurotrauma | Pharmacology and Therapeutics","1","Social Determinants of Health","4","0",""
"Michael Hill","mem_a055827ead","2","Epidemiology | Stroke","1","Stroke and cerebro-vascular disorders, Epidemiology of stroke and vascular diseases","2","Stroke | Vascular Diseases","1","Cardiovascular Health","3","Epidemiology | Stroke | Vascular Diseases","1","Cardiovascular Health","1","Epidemiology","0","0",""
"Michael Patrick Walsh","mem_3d17c87dc2","3","Cell Signaling | Muscle Contraction | Protein Phosphorylation","1","Signaling, Regulation of muscle contraction","0","","0","","2","Signal Transduction | Muscle Contraction","0","","2","Signal Transduction | Muscle Contraction","1","0",""
"Micheil Innes","mem_a1ecc4eb97","2","Genetic Disorder | Rare Diseases","2","Genetic Disorders | Rare diseases","0","","0","","3","Genetics | Genetic Diseases, Inborn | Rare Diseases","1","Genetics and Genomics","3","Genetics | Genetic Diseases, Inborn | Rare Diseases","1","0",""
"Minh Dang Nguyen","mem_e92a3a57cf","2","Alzheimer Disease | Gut Microbiome Brain Axis","5","Neurosciences | Neurodegeneration | Amyotrophic Lateral Sclerosis | Alzheimer's Disease | Sexual Dimorphism","1","Alzheimer Disease","1","Neurological Disorders","3","Alzheimer Disease | Amyotrophic Lateral Sclerosis | Neurosciences","2","Neurological Disorders | Neuroscience and Neural Systems","2","Amyotrophic Lateral Sclerosis | Neurosciences","2","0",""
"Mohammad Hajiazim","mem_b03440b234","1","Disorders Of Somnolence","0","","0","","0","","0","","0","","0","","1","0",""
"Mohammed Almekhlafi","mem_1715d89fe0","8","Stroke | Endovascular Thrombectomy | Brain Aneurysm | Novel Imaging | Therapeutic Community Technique | Studying Selective Brain Hypothermia | Neuroprotective Effects | Potential Neuroprotective Effects","5","Stroke | Endovascular thrombectomy | Brain aneurysms | Carotid stenosis | Cerebral arteriovenous malformation","1","Stroke","1","Cardiovascular Health","4","Intracranial Aneurysm | Neuroprotective Agents | Stroke | Therapeutics","2","Pharmacology and Therapeutics | Cardiovascular Health","3","Intracranial Aneurysm | Neuroprotective Agents | Therapeutics","5","0",""
"Mohammed Kalathil","mem_ecc4765dd3","2","Neuroimaging | Mental Health","1","Mental Health","1","Mental Health","1","Mental Health","2","Mental Health | Neuroimaging","2","Mental Health | Imaging and Diagnostics","1","Neuroimaging","0","0",""
"Monty Ghosh","mem_6f76ca3c25","9","Health Systems | Chronic Disease | Health Inequity | High Acuity Service Utilization | Healthcare And Homelessness | Health And Corrections | Alberta Health | National Institutes Of Health | Strengthening Health Equity","8","Addiction including methamphetamines | opioids | and alcohol | Healthcare and Homelessness | Health and Corrections | Harm Reduction | Recovery Oriented Treatments | Linkage to Care and Transitions in Care","1","Therapeutics","1","Pharmacology and Therapeutics","4","Chronic Disease | Health Inequities | National Institutes of Health (U.S.) | Therapeutics","1","Pharmacology and Therapeutics","3","Chronic Disease | Health Inequities | National Institutes of Health (U.S.)","4","0",""
"Morley Hollenberg","mem_7a99d9b527","2","Molecular Pharmacology | Receptor Mediated Signal","0","","0","","0","","0","","0","","0","","2","0",""
"Morris Scantlebury","mem_902f442140","5","Epilepsy | Hotchkiss Brain Institute | Responses To Inflammation | Inflammation | Journal Article","1","Epilepsy","1","Epilepsy","1","Neurological Disorders","4","Epileptic Syndromes | Epilepsy | Inflammation | Journal Article","1","Neurological Disorders","3","Epileptic Syndromes | Inflammation | Journal Article","0","1","hotchkiss brain institute"
"Nancy Patricia Diane Brager","mem_21acc57639","0","","0","","0","","0","","0","","0","","0","","0","0",""
"Nathalie Jette","mem_473d2f19dd","6","Epilepsy Other Neuro Conditions | Health Services Research | Health Systems | Epidemiology | Outcomes Research | Mental Health","1","Epilepsy & other neuro conditions","1","Epilepsy","1","Neurological Disorders","5","Epidemiology | Epilepsy | Health Services Research | Mental Health | Outcome Assessment, Health Care","3","Neurological Disorders | Population and Public Health | Mental Health","4","Epidemiology | Health Services Research | Mental Health | Outcome Assessment, Health Care","1","0",""
"Naweed Imam Syed","mem_953f193ead","2","Molecular Mechanisms | Underlying Molecular Cascade","5","Brain | Molecular Mechanisms | Neurodevelopment | Neuroplasticity | Synapsis","2","Chromosome Pairing | Neuronal Plasticity","1","Cellular and Molecular Neuroscience","3","Nervous System | Neuronal Plasticity | Synapses","2","Neuroscience and Neural Systems | Cellular and Molecular Neuroscience","2","Nervous System | Synapses","3","0",""
"Nicole Letourneau","mem_cce204cb8c","6","Social Support | Mental Health | Child Development | Genetics And Epigenetics | Mental Depression | Child Health","7","Vulnerable children | Social support | Parent-infant/child relationships | Maternal mental health | Domestic abuse | Family environmental effects on child development | Genetics and epigenetics","3","Epigenomics | Genetics | Mental Health","2","Genetics and Genomics | Mental Health","7","Child Development | Child Health | Depression | Mental Health | Genetics | Epigenomics | Social Support","2","Mental Health | Genetics and Genomics","4","Child Development | Child Health | Depression | Social Support","1","0",""
"Nicole Racine","mem_57d1619bfe","0","","1","Neurodevelopment","0","","0","","0","","0","","0","","1","0",""
"Nils Daniel Forkert","mem_c695f19acd","4","Machine Learning | Deep Learning | Image Processing | Stroke","6","Machine Learning | Deep Learning | Artificial Intelligence | Medical Image Analysis | Precision Medicine | Digital Twin Technologies","0","","0","","3","Deep Learning | Machine Learning | Stroke","1","Cardiovascular Health","3","Deep Learning | Machine Learning | Stroke","3","0",""
"Nils Torben Bech-Hansen","mem_c6655391af","3","Molecular Mechanisms | Depression | Molecular Genetics","4","Genomics | Molecular Mechanisms | Synapsis | Vision","2","Chromosome Pairing | Genomics","2","Cellular and Molecular Neuroscience | Genetics and Genomics","5","Depression | Molecular Biology | Synaptic Transmission | Genomics | Synapses","3","Mental Health | Genetics and Genomics | Cellular and Molecular Neuroscience","4","Depression | Molecular Biology | Synaptic Transmission | Synapses","2","0",""
"Ning Cheng","mem_a27c0b453b","8","Autistic Disorder | Molecular Mechnisms | Neurodevelopment Disorders | Modulation Of Brain Activities | Significant Social | Behavioral Challenges | Pain | Neurological Disorders","5","Autism | Behavior | Model organisms | Neural circuit and molecular mechanisms | Neurodevelopmental disorders","2","Autistic Disorder | Neurodevelopmental Disorders","1","Mental Health","4","Autistic Disorder | Neurodevelopmental Disorders | Nervous System Diseases | Pain","2","Mental Health | Neurological Disorders","2","Nervous System Diseases | Pain","3","0",""
"Novarun Deb","mem_d3afbe9061","4","Ai Optimized Software Services | Transient Micro Services | Alzheimer Disease | Neuroimaging","5","Memory Empowerment | Sustainable Software Engineering | Requirements Engineering | Transient Micro-services | Green DevOps","1","Memory","1","Cognitive and Behavioural Neuroscience","4","Alzheimer Disease | Memory | Neuroimaging | Dementia","3","Neurological Disorders | Cognitive and Behavioural Neuroscience | Imaging and Diagnostics","3","Alzheimer Disease | Neuroimaging | Dementia","0","0",""
"Oksana Suchowersky","mem_d724fe83a8","1","Neuroprotective Therapies","0","","0","","0","","2","Therapeutics | Neuroprotection","1","Pharmacology and Therapeutics","2","Therapeutics | Neuroprotection","0","0",""
"Oluwabukola Salami","mem_3a936b52e4","8","Black Peoples Health | Racialized Peoples Health | Health Equity | Health Of Immigrant | Mental Health | Social Determinants Of Health | Child Social Development | Particular Attention To Equity","1","Areas of Focus","0","","0","","4","Health Equity | Mental Health | Attention | Social Determinants of Health","2","Mental Health | Cognitive and Behavioural Neuroscience","4","Health Equity | Mental Health | Attention | Social Determinants of Health","6","0",""
"Omid Kiamanesh","mem_8d1d2f6903","1","Cardiology","1","Cardiology","0","","0","","1","Cardiology","0","","1","Cardiology","0","0",""
"Oury Monchi","mem_1da9136136","6","Neuroimaging | Machine Learning | Pain | Dementia | Movement Disorders | Parkinson Disease","7","Parkinsons Disease | dementia | Neuroimaging | Transcranial Magnetic Stimulation | TMS | Dementia & Cognitive Disorders | Movement Disorders","3","Dementia | Movement Disorders | Neuroimaging","2","Imaging and Diagnostics | Neurological Disorders","7","Dementia | Machine Learning | Movement Disorders | Neuroimaging | Pain | Parkinson Disease | Transcranial Magnetic Stimulation","3","Neurological Disorders | Imaging and Diagnostics | Pharmacology and Therapeutics","4","Machine Learning | Pain | Parkinson Disease | Transcranial Magnetic Stimulation","0","0",""
"Pamela Roach","mem_010c48c43f","8","Dementia | Mental Health | Family Of Patient | Early Onset | Cognitive Disorders | Family Centered Care | Indigenous Health | Specifically Brain Health","4","Dementia and Cognitive Disorders | Mental Health | patient and family centered care | early onset dementia","2","Dementia | Mental Health","2","Mental Health | Neurological Disorders","3","Cognitive Dysfunction | Dementia | Mental Health","2","Neurological Disorders | Mental Health","1","Cognitive Dysfunction","2","0",""
"Paolo Federico","mem_3146e74c2b","1","Epilepsy","1","Epilepsy","1","Epilepsy","1","Neurological Disorders","1","Epilepsy","1","Neurological Disorders","0","","0","0",""
"Patrick Joseph Hanly","mem_f2a4c01421","11","Stroke | Sleep Apnea | Evaluation Of Novel Therapy | Sleep Apnea Central | Therapy For Sleep Apnea | Kidney Failure | Sleep Medicine | Clinical Research | Included The Pathogenesis | Sleep Apnea Obstructive | Sleep In Hospitalized","0","","0","","0","","7","Therapeutics | Renal Insufficiency | Sleep Apnea Syndromes | Heart Failure | Sleep Apnea, Central | Sleep Apnea, Obstructive | Stroke","2","Pharmacology and Therapeutics | Cardiovascular Health","7","Therapeutics | Renal Insufficiency | Sleep Apnea Syndromes | Heart Failure | Sleep Apnea, Central | Sleep Apnea, Obstructive | Stroke","5","0",""
"Patrick Whelan","mem_0f847603bd","6","Movement Disorders | Parkinson Disease | Pain | Parallel Dopaminergic Pathway | Spinal Cord Injury | Spinal Cord Injuries","3","Overall Activities | Parkinson's Disease | Spinal Cord Injury","1","Parkinson Disease","1","Neurological Disorders","5","Neurosciences | Movement Disorders | Pain | Parkinson Disease | Spinal Cord Injuries","2","Neuroscience and Neural Systems | Neurological Disorders","4","Neurosciences | Movement Disorders | Pain | Spinal Cord Injuries","1","1","development within the faculty of veterinary medicine"
"Paul Arnold","mem_e48b8f0a4b","3","Mental Health | Mental Illness | Genetic","5","Behaviour | Brain | Mental Health | Mental Illness | Genomics","3","Genomics | Mental Disorders | Mental Health","2","Genetics and Genomics | Mental Health","3","Mental Disorders | Genomics | Mental Health","2","Mental Health | Genetics and Genomics","0","","3","0",""
"Paul Kubes","mem_fb9f77988d","2","Inflammation | Sterile Injury","0","","0","","0","","1","Inflammation","0","","1","Inflammation","1","0",""
"Paul Schnetkamp","mem_cc81cc83d0","1","Cone Photoreceptor Vision","0","","0","","0","","0","","0","","0","","0","0",""
"Pedro Santamaria","mem_98015aef5e","1","Specific Antigen","3","Autoimmunity | Antigen-specific Therapy | Nanotechnology","1","Therapeutics","1","Pharmacology and Therapeutics","1","Therapeutics","1","Pharmacology and Therapeutics","0","","5","0",""
"Penelope Marion Pexman","mem_5e8669ce5b","0","","0","","0","","0","","0","","0","","0","","0","0",""
"Perri Tutelman","mem_3d16baf56d","4","Young Adult Psychosocial Oncology | Mental Health | Pain | Adults","2","Child, adolescent, and young adult psychosocial oncology | Digital mental health","1","Mental Health","1","Mental Health","4","Adult | Mental Health | Pain | Neoplasms","2","Mental Health | Cancer and Tumours","3","Adult | Pain | Neoplasms","2","0",""
"Peter Stys","mem_f84e71bbc5","7","Dementia | Cognitive Disorders | Movement Disorders | Multiple Sclerosis | Pain | Stroke | Injury By Mechanism","0","","0","","0","","7","Cognitive Dysfunction | Dementia | Nervous System | Movement Disorders | Multiple Sclerosis | Pain | Stroke","3","Neurological Disorders | Neuroscience and Neural Systems | Cardiovascular Health","7","Cognitive Dysfunction | Dementia | Nervous System | Movement Disorders | Multiple Sclerosis | Pain | Stroke","2","0",""
"Philip Barber","mem_90ed7fe13a","4","Clinical Outcomes | Alzheimer Disease | Neuroimaging | Stroke","0","","0","","0","","4","Alzheimer Disease | Magnetic Resonance Imaging | Neuroimaging | Stroke","3","Neurological Disorders | Imaging and Diagnostics | Cardiovascular Health","4","Alzheimer Disease | Magnetic Resonance Imaging | Neuroimaging | Stroke","1","0",""
"Pierre LeVan","mem_53686b30d5","5","Brain Stimulation | Epilepsy | Magnetic Resonance Imaging | Neuroimaging | Stroke","5","Brain Stimulation | Epilepsy | Magnetic Resonance Imaging | Neuroimaging | Stroke","4","Epilepsy | Magnetic Resonance Imaging | Neuroimaging | Stroke","3","Cardiovascular Health | Imaging and Diagnostics | Neurological Disorders","5","Epilepsy | Functional MRI | Magnetic Resonance Imaging | Neuroimaging | Stroke","3","Neurological Disorders | Imaging and Diagnostics | Cardiovascular Health","1","Functional MRI","1","0",""
"Qingrun Zhang","mem_f36bd582f4","1","Representation Machine Learning","2","Representation Learning | Discover associations and causal factors in multi-scale omics data","1","Learning","1","Cognitive and Behavioural Neuroscience","2","Learning | Representation Machine Learning","1","Cognitive and Behavioural Neuroscience","1","Representation Machine Learning","0","0",""
"Quan Long","mem_750ab2b996","0","","1","Please refer to my Google Site for details","0","","0","","0","","0","","0","","0","0",""
"Quentin Jerome Pittman","mem_e4ccd8bf83","4","Inflammation | Synaptic And Neuronal Function | American Physiological Society | Hotchkiss Brain Institute","3","Inflammation | Synaptic and Neuronal Function | Summary","0","","0","","2","Neurosciences | Inflammation","1","Neuroscience and Neural Systems","2","Neurosciences | Inflammation","1","3","behavior to cellular studies of morphological | canadian academy of health sciences | hotchkiss brain institute"
"Rajamannar Ramasubbu","mem_ee14a139dc","7","Mental Health | Stress | Mood Disorders | Magnetic Resonance Imaging | Mental Depression | Neuroimaging | Machine Learning","3","Mental Health | Stress | Activities and Mood Disorders","2","Mental Health | Mood Disorders","1","Mental Health","7","Mood Disorders | Depression | Functional MRI | Machine Learning | Magnetic Resonance Imaging | Mental Health | Neuroimaging","2","Mental Health | Imaging and Diagnostics","5","Depression | Functional MRI | Machine Learning | Magnetic Resonance Imaging | Neuroimaging","1","0",""
"Rajiv Midha","mem_ab971ed904","12","Nerve Injury | Nerve Regeneration | Stem Cells | Multiple Sclerosis | Pain | Regeneration At The Hbi | Advanced Imaging | Hotchkiss Brain Institute | Injury Of Peripheral Nerve | World Neurosurgery | Schwann Cells | Imaging Of Tissue","7","Nerve Injury | Nerve Regeneration | Nerve Surgery | Stem Cells | Axon Myelination | Multiple Sclerosis | Spinal Cord / Nerve Injury & Pain","1","Multiple Sclerosis","1","Neurological Disorders","6","Neurosciences | Multiple Sclerosis | Nerve Regeneration | Pain | Schwann Cells | Stem Cells","2","Neuroscience and Neural Systems | Neurological Disorders","5","Neurosciences | Nerve Regeneration | Pain | Schwann Cells | Stem Cells","5","1","hotchkiss brain institute"
"Ranita Manocha","mem_79f23a1fd5","8","Connective Tissue Disorder | Rehabilitation Studies | Health Sciences | Occupational Therapy | Physical Therapy | Family Medicine | Pediatric Neurology | Vascular Surgery","4","Conditions Causing Ligamentous Laxity | Bracing | Gait and Walking Aids | Upper Limb Biomechanics","0","","0","","3","Occupational Therapy | Physical Therapy Modalities | Vascular Surgical Procedures","1","Rehabilitation","3","Occupational Therapy | Physical Therapy Modalities | Vascular Surgical Procedures","6","2","rehabilitation studies | she has investigated how hypermobility spectrum disorders"
"Raymond Turner","mem_cf878ce2e9","1","Biogenic Quantum Dots","5","Interactions of microbes with metals | Biotechnology of biogenic nanomaterial | Microbial biofilms | Antimicrobial Materials | translocation of proteins and solutes across biological membranes","0","","0","","0","","0","","0","","0","0",""
"Rebecca Charbonneau","mem_6a980d0db4","5","Pain | Spinal Cord Injury | Neurogenic Bladder Rehabilitation | Neurogenic Bladder | Following Spinal Cord Injury","7","Spinal Cord / Nerve Injury & Pain | Spinal cord injury | Acute spinal cord injury | FES | exoskeletons | Neuropathic pain | Neurogenic bladder and pressure injuries","1","Neuralgia","1","Cellular and Molecular Neuroscience","6","Electric Stimulation Therapy | Urinary Bladder, Neurogenic | Rehabilitation | Neuralgia | Pain | Spinal Cord Injuries","3","Pharmacology and Therapeutics | Rehabilitation | Cellular and Molecular Neuroscience","5","Electric Stimulation Therapy | Urinary Bladder, Neurogenic | Rehabilitation | Pain | Spinal Cord Injuries","2","0",""
"Rebecca Saah","mem_9b324ec216","0","","0","","0","","0","","0","","0","","0","","0","0",""
"Richa Pandey","mem_3a1d20823e","6","Biomedical Research | Mental Depression | Providing Healthcare | Global Health Crises | Culture Free | Vitro","5","Wearable biosensors | Point of care technologies | Biosensors | Lateral flow assays | Functional Nucleic Acid","0","","0","","3","Biomedical Research | Depression | Mental Health","1","Mental Health","3","Biomedical Research | Depression | Mental Health","6","0",""
"Richard (Stewart) Longman","mem_bdcc331ca3","1","Stroke","1","Neuropsychology","0","","0","","1","Stroke","1","Cardiovascular Health","1","Stroke","1","0",""
"Richard Bernard Hawkes","mem_81c06ea20f","6","Brain Development | Molecular Mechanisms Of Pharmacological | Dissociated Neurons | Molecular Biology Identification Technique | Nervous System | Cerebellum","2","Brain Development | Molecular Mechanisms","0","","0","","4","Cerebellum | Neurons | Epilepsy | Nervous System","3","Cellular and Molecular Neuroscience | Neurological Disorders | Neuroscience and Neural Systems","4","Cerebellum | Neurons | Epilepsy | Nervous System","4","0",""
"Richard Dyck","mem_2b973efd83","9","Zinc Neurobiology | Adult Neurogenesis | Brain Development | Brain Injury | Cerebral Cortical | Stroke | Potentiate Neuronal Survival | Recovery After | Pain","5","Zinc neurobiology | Experience-dependent plasticity | Adult Neurogenesis | Brain Development | Brain Injury","1","Brain Injuries","1","Brain Injury and Neurotrauma","3","Brain Injuries | Pain | Stroke","2","Brain Injury and Neurotrauma | Cardiovascular Health","2","Pain | Stroke","3","0",""
"Richard Frayne","mem_84f207cee7","7","New Application | Treatment Of Neurovascular Disease | CANCER BRAIN CANCER | Epilepsy | Stroke | Small Vessel Diseases | Imaging Techniques","6","Development and application of new imaging techniques and tools in humans | Study, detection and treatment of neurovascular disease and brain cancer | Bridging natural science and engineering through to clinical application | Collaborates with other researchers on the imaging of ALS | concussion | and epilepsy","3","Brain Neoplasms | Epilepsy | Therapeutics","3","Cancer and Tumours | Neurological Disorders | Pharmacology and Therapeutics","7","Epilepsy | Brain Neoplasms | Neoplasms | Amyotrophic Lateral Sclerosis | Brain Concussion | Stroke | Therapeutics","5","Neurological Disorders | Cancer and Tumours | Brain Injury and Neurotrauma | Cardiovascular Health | Pharmacology and Therapeutics","4","Neoplasms | Amyotrophic Lateral Sclerosis | Brain Concussion | Stroke","5","0",""
"Richard James Alfred Wilson","mem_c162955191","9","Cardiorespiratory Control Neuronal Circuits | Cellular Sensors | Nervous System Parasympathetic | Comparative Physiology | Drug Discovery | Tomography Optical Coherence | Nervous System | Sleep Apnea | Spinal Cord Injury","7","Cardiorespiratory control: neuronal circuits and cellular sensors | Sympathetic and parasympathetic nervous systems | Respiratory rhythm generation and chemosensitivity | Comparative physiology | Translation and drug discovery | Functional Optical Coherence Tomography (fOCT) | Foundational discoveries of importance to serious and prevalent cardiorespiratory diseases","2","Pharmaceutical Preparations | Tomography, Optical Coherence","2","Imaging and Diagnostics | Pharmacology and Therapeutics","9","Pharmaceutical Preparations | Therapeutics | Physiology, Comparative | Drug Discovery | Tomography, Optical Coherence | Nervous System | Parasympathetic Nervous System | Sleep Apnea Syndromes | Spinal Cord Injuries","4","Pharmacology and Therapeutics | Physiology and Systems Biology | Imaging and Diagnostics | Neuroscience and Neural Systems","7","Therapeutics | Physiology, Comparative | Drug Discovery | Nervous System | Parasympathetic Nervous System | Sleep Apnea Syndromes | Spinal Cord Injuries","2","0",""
"Richelle Mychasiuk","mem_0ba27398f2","3","Autistic Disorder | Developmental Origin | Neurodevelopmental Disorders","2","neuroplasticity | Neurodevelopment","1","Neuronal Plasticity","1","Cellular and Molecular Neuroscience","3","Autistic Disorder | Neuronal Plasticity | Neurodevelopmental Disorders","2","Mental Health | Cellular and Molecular Neuroscience","2","Autistic Disorder | Neurodevelopmental Disorders","2","0",""
"Rita Henderson","mem_f082dc6264","7","Health Inequities Research | Mental Health | Stress | Indigenous Health | Population Health Program | Clinical Intervention Program | Namely Around Sexual Health","6","Health inequities research | Mental Health | Stress | Indigenous health | population health | clinical intervention research","2","Mental Health | Population Health","2","Mental Health | Population and Public Health","2","Mental Health | Population Health","2","Mental Health | Population and Public Health","0","","2","1","focuses primarily on indigenous health"
"Robert James Sevick","mem_0b284f6c80","2","Clinical Neurosciences | Mr Imaging","0","","0","","0","","2","Neurosciences | Magnetic Resonance Imaging","2","Neuroscience and Neural Systems | Imaging and Diagnostics","2","Neurosciences | Magnetic Resonance Imaging","0","1","interventional spine therapy in calgary"
"Robert John French","mem_e5d438a73d","3","Drug Interactions | Variants Of These Toxins | Molecular Mechanisms","1","Molecular mechanisms","0","","0","","2","Drug Interactions | Pharmaceutical Preparations","1","Pharmacology and Therapeutics","2","Drug Interactions | Pharmaceutical Preparations","1","0",""
"Robert Stephen Sainsbury","mem_e3c0beb5a0","1","Environmental Toxins","0","","0","","0","","0","","0","","0","","1","0",""
"Robert Tanguay","mem_e11e633737","7","Mental Health | Pain | Opioid Therapy | Opioid Use Disorder | Migraine Disorders | Post Traumatic Stress Disorder | Mental Depression","8","Mental Health | Pain | Addiction | Opioids | Cannabis | Chronic opioid therapy | Opioid use disorder | Psychedelics","2","Mental Health | Therapeutics","2","Mental Health | Pharmacology and Therapeutics","7","Therapeutics | Depression | Mental Health | Migraine Disorders | Opioid-Related Disorders | Pain | Stress Disorders, Post-Traumatic","2","Pharmacology and Therapeutics | Mental Health","5","Depression | Migraine Disorders | Opioid-Related Disorders | Pain | Stress Disorders, Post-Traumatic","5","0",""
"Roberto Sotero Diaz","mem_4029403411","0","","0","","0","","0","","0","","0","","0","","0","0",""
"Roberto Souza","mem_dd9d2855a1","3","Machine Learning | Computer Vision | Stroke","4","Machine Learning | Computer Vision and Image Processing | Medical Imaging | Ageing and Dementia","2","Dementia | Diagnostic Imaging","2","Imaging and Diagnostics | Neurological Disorders","4","Dementia | Machine Learning | IMAGING MED | Stroke","3","Neurological Disorders | Imaging and Diagnostics | Cardiovascular Health","3","Machine Learning | IMAGING MED | Stroke","1","0",""
"Robin Yates","mem_53e913a810","6","Dendritic Cells | Dissect Pathways | Adaptive Immunity | Infectious Disease | Autoimmune Disorders | Multiple Sclerosis","0","","0","","0","","5","Adaptive Immunity | Dendritic Cells | Communicable Diseases | Multiple Sclerosis | PH","2","Neurological Disorders | Physiology and Systems Biology","5","Adaptive Immunity | Dendritic Cells | Communicable Diseases | Multiple Sclerosis | PH","1","1","excellence from the faculty of veterinary medicine"
"Rochelle Bonnie Babins-Wagner","mem_38b1f148ac","1","Mental Health","1","Mental Health","1","Mental Health","1","Mental Health","1","Mental Health","1","Mental Health","0","","0","0",""
"Rodney Li Pi Shan","mem_9a7286569d","3","Traumatic Brain Injury | Neuromuscular Diseases | Neuromusculoskeletal Disorders","5","Traumatic Brain Injury | Brain Injury | Neuromuscular diseases | ALS | Neuromusculoskeletal disorders","2","Brain Injuries | Brain Injuries, Traumatic","1","Brain Injury and Neurotrauma","4","Amyotrophic Lateral Sclerosis | Brain Injuries | Neuromuscular Diseases | Brain Injuries, Traumatic","2","Neurological Disorders | Brain Injury and Neurotrauma","2","Amyotrophic Lateral Sclerosis | Neuromuscular Diseases","0","0",""
"Roger Thompson","mem_60ca7c3bc6","7","Dementia | Stroke | Fundamentals Of Synaptic Plasticity | Molecular Biology Technique | Pannexin 1 | Environmental | Glutamate Receptor","2","Dementia | Stroke","2","Dementia | Stroke","2","Cardiovascular Health | Neurological Disorders","4","Dementia | Neuronal Plasticity | Receptors, Glutamate | Stroke","3","Neurological Disorders | Cellular and Molecular Neuroscience | Cardiovascular Health","2","Neuronal Plasticity | Receptors, Glutamate","3","1","lab uses state of the art electrophysiology"
"Ronda Lun","mem_53d8f553c6","2","Stroke | Epidemiology","3","Improving the diagnosis of occult malignancy in cryptogenic ischemic stroke patients | Optimizing treatment strategies of ischemic stroke in cancer patients | Prevention strategies for stroke in cancer patients","4","Ischemic Stroke | Neoplasms | Stroke | Therapeutics","3","Cancer and Tumours | Cardiovascular Health | Pharmacology and Therapeutics","5","Epidemiology | Therapeutics | Ischemic Stroke | Neoplasms | Stroke","3","Pharmacology and Therapeutics | Cardiovascular Health | Cancer and Tumours","1","Epidemiology","0","1","Improving the diagnosis of occult malignancy in cryptogenic ischemic stroke patients"
"Ryan Peters","mem_544d7ede34","3","Motor Control | Motor Neuron Disease | Activities For Older Adults","1","Neuroscience - Motor Control","0","","0","","3","Motor Neuron Disease | Motor Neurons | Neurosciences","3","Neurological Disorders | Cellular and Molecular Neuroscience | Neuroscience and Neural Systems","3","Motor Neuron Disease | Motor Neurons | Neurosciences","1","0",""
"Sabine Gilch","mem_cc41b0bf3b","3","Endocytic Tracking In Neurons | Cell Lines | Prion Diseases","1","Prion and prion-like diseases","0","","0","","3","Cell Line | Neurons | Prion Diseases","1","Cellular and Molecular Neuroscience","3","Cell Line | Neurons | Prion Diseases","1","0",""
"Samuel Pichardo","mem_32fb421d6b","10","Dementia | Cognitive Disorders | Epilepsy | Mental Health | Mental Depression | Magnetic Resonance Guided | Treatment Of Of Brain | Clinical Trials | Clinical Neurosciences | Rectal Cancer","4","Focused Ultrasound as non-invasive treatment for brain disorders | Dementia & Cognitive Disorders | Epilepsy | Mental Health","4","Dementia | Epilepsy | Mental Health | Therapeutics","3","Mental Health | Neurological Disorders | Pharmacology and Therapeutics","9","Neurosciences | Clinical Trial | Cognitive Dysfunction | Dementia | Depression | Epilepsy | Therapeutics | Mental Health | Rectal Neoplasms","5","Neuroscience and Neural Systems | Neurological Disorders | Mental Health | Pharmacology and Therapeutics | Cancer and Tumours","5","Neurosciences | Clinical Trial | Cognitive Dysfunction | Depression | Rectal Neoplasms","1","1","he comes with significant pre-clinical"
"Samuel Weiss","mem_935d12576d","9","Experimental Therapeutics | Intact Brain | Therapeutic Resistance | Genomic Approaches | Therapeutic Response | Mental Health Care | Neural Regeneration | Mental Health | Substance Use","0","","0","","0","","5","Therapeutics | Brain Neoplasms | Mental Health | Nerve Regeneration | Substance-Related Disorders","4","Pharmacology and Therapeutics | Cancer and Tumours | Mental Health | Cellular and Molecular Neuroscience","5","Therapeutics | Brain Neoplasms | Mental Health | Nerve Regeneration | Substance-Related Disorders","1","0",""
"Samuel Wiebe","mem_b8b5362a3f","6","Epidemiology | Epilepsy | Health Outcomes | Population Health Program | Outcomes Research | Clinical Trials Randomized","4","Epidemiology | Epilepsy | Health Outcomes | Population Health","2","Epilepsy | Population Health","2","Neurological Disorders | Population and Public Health","6","Randomized Controlled Trials as Topic | Epidemiology | Epilepsy | Outcome Assessment, Health Care | Neurosciences | Population Health","3","Neurological Disorders | Neuroscience and Neural Systems | Population and Public Health","4","Randomized Controlled Trials as Topic | Epidemiology | Outcome Assessment, Health Care | Neurosciences","1","0",""
"Sandy Berzins","mem_f84b6f39c0","0","","0","","0","","0","","0","","0","","0","","0","0",""
"Sarah Furtado","mem_8a450c06b9","0","","0","","0","","0","","0","","0","","0","","0","0",""
"Sarah MacEachern","mem_587dff4153","2","Attention Deficit Disorder | Autistic Disorder","0","","0","","0","","2","Attention Deficit Disorder with Hyperactivity | Autistic Disorder","1","Mental Health","2","Attention Deficit Disorder with Hyperactivity | Autistic Disorder","0","0",""
"Sarah McFarlane","mem_35a08188c0","4","Fetal Alcohol Spectrum Disorders | Multiple Sclerosis | Pain | Pigment Cells","2","Synapsis | Vision","1","Chromosome Pairing","1","Cellular and Molecular Neuroscience","4","Fetal Alcohol Spectrum Disorders | Multiple Sclerosis | Pain | Synapses","2","Neurological Disorders | Cellular and Molecular Neuroscience","4","Fetal Alcohol Spectrum Disorders | Multiple Sclerosis | Pain | Synapses","3","0",""
"Sarah Morrow","mem_c6249ccf21","2","Cognition In Pwms | Epidemiology","1","Cognition in PwMS, corticosteroids use for relapses in MS","1","Cognition","1","Cognitive and Behavioural Neuroscience","3","Cognition | Multiple Sclerosis | Epidemiology","2","Cognitive and Behavioural Neuroscience | Neurological Disorders","2","Multiple Sclerosis | Epidemiology","0","0",""
"Sayeh Bayat","mem_4f4215a32e","6","Digital Health | Digital Biomarkers | Machine Learning | Healthy Aging | Driving Behaviours | Individuals With Dementia","6","Digital Health | AI in Medicine | Digital Biomarkers | Human-centred Machine Learning | Smart Mobility | Healthy Aging","1","Learning","1","Cognitive and Behavioural Neuroscience","5","Digital Health | Healthy Aging | Learning | Dementia | Machine Learning","2","Cognitive and Behavioural Neuroscience | Neurological Disorders","4","Digital Health | Healthy Aging | Dementia | Machine Learning","1","0",""
"Scott Burton Patten","mem_9afdacf59c","4","Bipolar Disorder | Epidemiology | Mental Depression | Mood Disorders","5","Epidemiology | Mental Illness | Population Health | Major Depression | Bipolar Disorder","4","Bipolar Disorder | Depression | Mental Disorders | Population Health","2","Mental Health | Population and Public Health","7","Bipolar Disorder | Depression | Epidemiology | Major Depressive Disorder | Mental Disorders | Mood Disorders | Population Health","2","Mental Health | Population and Public Health","3","Epidemiology | Major Depressive Disorder | Mood Disorders","0","0",""
"Scott Jarvis","mem_aab2d35ab1","4","Multiple Sclerosis | Pain | Neurologic Deficits | Spinal Cord Injury","3","Multiple Sclerosis | symptom management | pain","1","Multiple Sclerosis","1","Neurological Disorders","4","Neurologic Manifestations | Multiple Sclerosis | Pain | Spinal Cord Injuries","1","Neurological Disorders","3","Neurologic Manifestations | Pain | Spinal Cord Injuries","1","0",""
"Scott Ryan","mem_53bdbb7000","3","Parkinson Disease | Cell Signaling | Underlying Disease","0","","0","","0","","3","Signal Transduction | Neurodegenerative Diseases | Parkinson Disease","1","Neurological Disorders","3","Signal Transduction | Neurodegenerative Diseases | Parkinson Disease","1","0",""
"Sean Dukelow","mem_418b15747e","2","Neuroimaging | Stroke","0","","0","","0","","2","Neuroimaging | Stroke","2","Imaging and Diagnostics | Cardiovascular Health","2","Neuroimaging | Stroke","0","0",""
"Serena Orr","mem_eba13da887","8","Determinants Of Health | Epidemiology | Health Outcomes | Pain | Migraine | Mental Depression | Novel Neuromodulation | Mental Health","5","Brain | Determinants of Health | Epidemiology | Health Outcomes | Pain","0","","0","","5","Depression | Epidemiology | Mental Health | Migraine Disorders | Pain","1","Mental Health","5","Depression | Epidemiology | Mental Health | Migraine Disorders | Pain","3","0",""
"Serge Mrkobrada","mem_4598061484","5","Direct Measurement | Imaging Techniques | Lumbar Paraspinous Muscle | Motor Neuron Disease | Peripheral Nervous System Disorder","1","Electromyography, Peripheral Nervous System disorders and Ultrasound Imaging Techniques","2","Electromyography | Ultrasonography","1","Imaging and Diagnostics","2","Peripheral Nervous System | Motor Neuron Disease","2","Neuroscience and Neural Systems | Neurological Disorders","2","Peripheral Nervous System | Motor Neuron Disease","8","0",""
"Shalina Ousman","mem_ff28df9a18","3","Nerve Regeneration | Multiple Sclerosis | Pain","0","","0","","0","","3","Multiple Sclerosis | Nerve Regeneration | Pain","1","Neurological Disorders","3","Multiple Sclerosis | Nerve Regeneration | Pain","1","0",""
"Shawn Currie","mem_7775deb1e5","3","Mental Health | Health Services Research | Epidemiology","0","","0","","0","","3","Epidemiology | Health Services Research | Mental Health","2","Population and Public Health | Mental Health","3","Epidemiology | Health Services Research | Mental Health","1","0",""
"Shelagh Coutts","mem_83852004c1","1","Stroke","0","","0","","0","","1","Stroke","1","Cardiovascular Health","1","Stroke","0","0",""
"Sheldon Roth","mem_6d98d2c6bc","3","Environmental Toxicology | Medical Pharmacology | Nervous System","4","Neuropharmacology | Environmental toxicology | Medical pharmacology | and Anesthetic agents","0","","0","","2","Ecotoxicology | Nervous System","1","Neuroscience and Neural Systems","2","Ecotoxicology | Nervous System","3","0",""
"Sheri Madigan","mem_65229f6177","6","Caregiver Child Attachment | Parenting Behaviors | Adversity On Developmental Outcomes | Child Development | Digital Health | Mental Health","12","Child Mental Health | Parenting | and Parent-Child Relationships | Child Maltreatment and Intergenerational Effects | Digital Media | Screen Use | and Technoference | Community Partnerships and Digital Health Solutions | Research program | contributions | outreach | and team","1","Mental Health","1","Mental Health","3","Child Development | Mental Health | Digital Health","1","Mental Health","2","Child Development | Digital Health","10","0",""
"Signe Bray","mem_622613bf11","6","Cognitive Development | Magnetic Resonance Imaging | Neurodevelopmental Disorders | Neuroimaging | Learning Effect | Brain Activity","6","Brain | Cognitive Development | Magnetic Resonance Imaging | Neurodevelopment | Neurodevelopmental disorders | Neuroimaging","3","Magnetic Resonance Imaging | Neurodevelopmental Disorders | Neuroimaging","2","Imaging and Diagnostics | Mental Health","4","Learning | Neurodevelopmental Disorders | Magnetic Resonance Imaging | Neuroimaging","3","Cognitive and Behavioural Neuroscience | Mental Health | Imaging and Diagnostics","1","Learning","4","0",""
"Simon Spanswick","mem_cd038775a0","0","","0","","0","","0","","0","","0","","0","","0","0",""
"Stefanie Hassel","mem_980064fac2","1","Mental Depression","1","Canadian Biomarker Integration Network in Depression (www.canbind.ca), Mental Health","2","Depression | Mental Health","1","Mental Health","2","Depression | Mental Health","1","Mental Health","0","","0","0",""
"Stephanie Ann Plamondon","mem_da080c48f2","3","Neuromuscular Diseases | Music Therapy | Pain","5","neuromuscular disease | neurorehab | QI | medical education | Music therapy in healthcare","1","Music Therapy","1","Pharmacology and Therapeutics","3","Music Therapy | Neuromuscular Diseases | Pain","1","Pharmacology and Therapeutics","2","Neuromuscular Diseases | Pain","3","0",""
"Stephanie Borgland","mem_fb9b9dd954","5","Borgland Lab Uses Electrophysiology | Behavioral Neuropharmacology | Drugs Of Abuse | Mental Health | Mathison Centre For Mental Health Research","6","Addiction | Behaviour | Diet | Mental Health | Neuroplasticity | Obesity","2","Mental Health | Neuronal Plasticity","2","Cellular and Molecular Neuroscience | Mental Health","2","Mental Health | Neuronal Plasticity","2","Mental Health | Cellular and Molecular Neuroscience","0","","5","2","borgland lab uses electrophysiology | mathison centre for mental health research"
"Stephanie Dotchin","mem_6734c9213c","5","Pain | Surgical Outcomes For Children | Rare Diseases | Clinical Care | Family Centered Care","5","Clinical Care | Neonatology | Patient and Family Centered Care | Quality Improvement | Vision","0","","0","","2","Pain | Rare Diseases","0","","2","Pain | Rare Diseases","5","0",""
"Stephanie Knaak","mem_c921b46f9f","6","Evaluation Based | Development Scale | Related To Substance Use | Healthcare Environments | Mental Illness | Mental Health","0","","0","","0","","3","Public Health | Mental Disorders | Mental Health","2","Population and Public Health | Mental Health","3","Public Health | Mental Disorders | Mental Health","4","1","centre on workplace mental health"
"Stephanie VandenBerg","mem_077e050839","2","Health Systems | Epidemiology","0","","0","","0","","1","Epidemiology","0","","1","Epidemiology","1","0",""
"Stephen Michael McNeil","mem_d4fd16a2fe","1","Stroke","1","Clinical trials in stroke rehabilitation, spasticity and peripheral nerve injury","1","Stroke Rehabilitation","1","Rehabilitation","2","Stroke Rehabilitation | Stroke","2","Rehabilitation | Cardiovascular Health","1","Stroke","0","0",""
"Stephen West","mem_b738ee42b4","4","Epidemiology | Injury Burden | Journal Of Sports Science | 877 Injury Events","3","Injury & Concussion Prevention | Injury Epidemiology | Training Load/Athlete Management","0","","0","","1","Epidemiology","0","","1","Epidemiology","0","0",""
"Steven Casha","mem_684e36a1b2","2","Pain | Spine Surgery","1","Spinal Cord / Nerve Injury & Pain","0","","0","","1","Pain","0","","1","Pain","1","0",""
"Steven Peters","mem_834ac572c9","2","Stroke | Genetic Causes","1","Stroke","1","Stroke","1","Cardiovascular Health","1","Stroke","1","Cardiovascular Health","0","","1","0",""
"Steven Prescott","mem_88d32b9f14","2","Machine Learning | Pain","0","","0","","0","","2","Machine Learning | Pain","0","","2","Machine Learning | Pain","0","0",""
"Susan Annetta Graham","mem_61578b7504","2","Cognitive Development | Child Development","3","Cognitive Development | Speech/Language Development | Summary","0","","0","","1","Child Development","0","","1","Child Development","4","0",""
"Svetlana Yanushkevich","mem_39fb2e4858","7","Machine Learning | Biometrics For Healthcare | Medical Image Processing | Signal Processing Digital | Wearables For Biomedical Applications | Biomedical Application | Data Analysis","4","Biometric technologies | Decision support systems | Biomedical application | Computational intelligence (CI)","0","","0","","4","Data Analysis | Machine Learning | Image Processing, Computer-Assisted | Signal Processing, Computer-Assisted","0","","4","Data Analysis | Machine Learning | Image Processing, Computer-Assisted | Signal Processing, Computer-Assisted","1","0",""
"Tak Ho Chu","mem_d731bc35cc","5","Peripheral Nerve Injury | Schwann CELL | Peripheral Nervous System | Survival Neuron | Subtle Genomic","0","","0","","0","","4","Peripheral Nervous System | Peripheral Nerve Injuries | Schwann Cells | Neurons","2","Neuroscience and Neural Systems | Cellular and Molecular Neuroscience","4","Peripheral Nervous System | Peripheral Nerve Injuries | Schwann Cells | Neurons","1","0",""
"Tamara Bodnar","mem_33d5559424","4","Brain Development | Immune Function | Developmental Origin | Disease Broadly","1","Developmental Origins of Health and Disease","0","","0","","0","","0","","0","","5","0",""
"Tamara Pringsheim","mem_c41824b375","5","Clinical Practice Guideline | Movement Disorders | Chronic Disease | Rational Pharmacotherapy | Mental Health","1","Neurology and mental health","1","Mental Health","1","Mental Health","7","Chronic Disease | Practice Guideline | Therapeutics | Mental Health | Mental Disorders | Movement Disorders | Drug Therapy","3","Pharmacology and Therapeutics | Mental Health | Neurological Disorders","6","Chronic Disease | Practice Guideline | Therapeutics | Mental Disorders | Movement Disorders | Drug Therapy","1","0",""
"Tanya Mudry","mem_8777c1db23","9","Burnout Caregiver | Mental Wellbeing | Addiction And Addictive Behaviours | Collaborative Practices In Therapy | Qualitative Research | Social Practice | Family Therapy | Excessive Behaviours | Mental Health","2","Scholarly Activity | Interests","0","","0","","5","Caregiver Burden | Therapeutics | Family Therapy | Mental Health | Qualitative Research","2","Pharmacology and Therapeutics | Mental Health","5","Caregiver Burden | Therapeutics | Family Therapy | Mental Health | Qualitative Research","2","0",""
"Theresa Green","mem_3873666ecc","9","Stroke | Depression | Neurological Disease | Caregiver Outcomes | Rehabilitation Nursing | Clinical Practice Guideline | Stand Alone | Integrated Service Models | Transition From Acute Care","3","Stroke Recovery & Community Reintegration | Complexity and chronic care nursing | Rehabilitation Nursing","2","Rehabilitation Nursing | Stroke","2","Cardiovascular Health | Rehabilitation","6","Practice Guideline | Depression | Nervous System Diseases | Rehabilitation | Rehabilitation Nursing | Stroke","4","Mental Health | Neurological Disorders | Rehabilitation | Cardiovascular Health","4","Practice Guideline | Depression | Nervous System Diseases | Rehabilitation","3","0",""
"Thomas Erskine Feasby","mem_f80d6c1f22","1","Stroke","0","","0","","0","","1","Stroke","1","Cardiovascular Health","1","Stroke","0","0",""
"Thomas Raedler","mem_057ed15a6a","5","Psychosis In Early | Schizophrenia | Anxiety Disorders | Psychiatric Research | Clinical Psychiatry","0","","0","","0","","2","Anxiety Disorders | Schizophrenia","1","Mental Health","2","Anxiety Disorders | Schizophrenia","2","0",""
"Timothy Shutt","mem_ae209aa8cc","3","Cell Signaling | Molecular Structure | Molecular Biology","1","Mitochondria","1","Mitochondria","1","Cellular and Molecular Neuroscience","4","Signal Transduction | Mitochondria | Molecular Biology | Molecular Structure","1","Cellular and Molecular Neuroscience","3","Signal Transduction | Molecular Biology | Molecular Structure","0","0",""
"Tolulope Sajobi","mem_38fab37327","8","Patient Reported Outcome | Clinical Trials | Cardiology | Epidemiology | Clinical Practice Guideline | Clinical Outcomes | Machine Learning | Stroke","3","Biostatistics | patient-reported outcomes | clinical trials","0","","0","","8","Cardiology | Practice Guideline | Clinical Trial | Learning | Epidemiology | Machine Learning | Patient Reported Outcome Measures | Stroke","2","Cognitive and Behavioural Neuroscience | Cardiovascular Health","8","Cardiology | Practice Guideline | Clinical Trial | Learning | Epidemiology | Machine Learning | Patient Reported Outcome Measures | Stroke","7","0",""
"Tuan Trang","mem_a4dc36ebf7","3","Pain | Discovering The Fundamental Molecules | Apparently Similar Disorders","1","Pain and opioids","0","","0","","1","Pain","0","","1","Pain","1","0",""
"Tyler Cluff","mem_f4ed9da557","4","Motor Control | Control Of Voluntary Movements | Magnetic Resonance Imaging | Basic Motor Learning","2","Neuroscience - Motor Control | Computational Biology","0","","0","","5","Learning | Perception | Functional MRI | Magnetic Resonance Imaging | Neurosciences","3","Cognitive and Behavioural Neuroscience | Imaging and Diagnostics | Neuroscience and Neural Systems","5","Learning | Perception | Functional MRI | Magnetic Resonance Imaging | Neurosciences","2","0",""
"Valerie Taylor","mem_5f0bb4bf6e","5","Mood Disorders | Magnetic Resonance Imaging | Mental Depression | Cardiovascular Diseases | Chronic Disease","8","Cardiovascular disease | Diabetes | Obesity | Clinical Trial | fMRI | Bipolar diseases | Depression | Microbiome","3","Cardiovascular Diseases | Depression | Magnetic Resonance Imaging","3","Cardiovascular Health | Imaging and Diagnostics | Mental Health","7","Cardiovascular Diseases | Mental Disorders | Chronic Disease | Depression | Magnetic Resonance Imaging | Functional MRI | Mood Disorders","3","Cardiovascular Health | Mental Health | Imaging and Diagnostics","4","Mental Disorders | Chronic Disease | Functional MRI | Mood Disorders","5","0",""
"Veronica Bruno","mem_d63e7deb2d","4","Movement Disorders | Parkinson Disease | Pain | Epidemiology","1","Movement Disorders Pain and related nonmotor symptoms","1","Movement Disorders","1","Neurological Disorders","4","Epidemiology | Movement Disorders | Pain | Parkinson Disease","1","Neurological Disorders","3","Epidemiology | Pain | Parkinson Disease","0","0",""
"Victoria Burns","mem_e29ecf6f48","2","Mental Health | Place","6","Addiction-Recovery | Mental Health and Wellness | Housing and Homelessness | Aging in place | Qualitative Research | Community-Based Participatory Research","1","Mental Health","1","Mental Health","1","Mental Health","1","Mental Health","0","","5","0",""
"Vikram Karnik","mem_c57e3b3922","1","Movement Disorders","0","","0","","0","","1","Movement Disorders","1","Neurological Disorders","1","Movement Disorders","0","0",""
"Voon Wee Yong","mem_8b49df0680","2","Cns Regeneration | Brain Tumor","4","neuroimmunology | neuroprotection | CNS regeneration | MS and brain tumors","2","Brain Neoplasms | Neuroprotection","2","Cancer and Tumours | Pharmacology and Therapeutics","3","Brain Neoplasms | Multiple Sclerosis | Neuroprotection","3","Cancer and Tumours | Neurological Disorders | Pharmacology and Therapeutics","1","Multiple Sclerosis","0","0",""
"Wayne S.R. Chen","mem_03c6777c7f","3","Cardiac Arrhythmia | Anti Arrhythmic Drugs | Fluorescence Imaging","0","","4","Anti-Arrhythmia Agents | Arrhythmias, Cardiac | Ryanodine Receptor Calcium Release Channel | Therapeutics","3","Cardiovascular Health | Cellular and Molecular Neuroscience | Pharmacology and Therapeutics","5","Anti-Arrhythmia Agents | Arrhythmias, Cardiac | Therapeutics | Optical Imaging | Ryanodine Receptor Calcium Release Channel","4","Pharmacology and Therapeutics | Cardiovascular Health | Imaging and Diagnostics | Cellular and Molecular Neuroscience","1","Optical Imaging","0","0",""
"Werner John Becker","mem_c9bf668779","1","Migraine","0","","0","","0","","1","Migraine Disorders","0","","1","Migraine Disorders","0","0",""
"Willem Wildering","mem_99694aed87","3","Neurotoxicology Of Aquatic Pollutants | Molecular Mechanisms Of Pharmacological | Pain","1","Cellular and molecular mechanisms of neuronal aging and neurodegeneration, Neurotoxicology of aquatic pollutants","0","","0","","1","Pain","0","","1","Pain","2","0",""
"William Alexander Fletcher","mem_6a59c524fe","1","Movement Disorders","4","Adaptive sensorimotor system for walking | Vestibular function | Oculomotor function | Movement disorders","1","Movement Disorders","1","Neurological Disorders","1","Movement Disorders","1","Neurological Disorders","0","","1","0",""
"William Crawford Cole","mem_4f3849e54e","0","","0","","0","","0","","0","","0","","0","","0","0",""
"William Davenport","mem_1365f1b099","0","","0","","0","","0","","0","","0","","0","","0","0",""
"Wilten Nicola","mem_14c5161155","3","Computational Neuroscience | Dementia | Epilepsy","5","Computational Neuroscience | Dementia & Cognitive Disorders | Epilepsy | Learning and Memory | the Hippocampus","4","Dementia | Epilepsy | Learning | Memory","2","Cognitive and Behavioural Neuroscience | Neurological Disorders","5","Neurosciences | Dementia | Epilepsy | Learning | Memory","3","Neuroscience and Neural Systems | Neurological Disorders | Cognitive and Behavioural Neuroscience","1","Neurosciences","1","0",""
"Yaoping Hu","mem_068c3d4ab0","1","Brain Machine Interfaces","3","Brain-Machine Interfaces | Mutil-sensory User Interaction in XR (Virtual/Mixed/Augumented Reality) | Immersive Analytics","0","","0","","1","Brain-Computer Interfaces","1","Neuroengineering and Medical Technology","1","Brain-Computer Interfaces","0","0",""
"Yeonjung Lee","mem_afba364ee4","1","Social Statuses","0","","0","","0","","0","","0","","0","","0","0",""
"Yingxu Wang","mem_74c0a59289","5","Cognitive Informatics | Cognitive Robotics | Brain Informatics | Machine Learning | Brain Science","2","cognitive informatics | cognitive robotics","0","","0","","1","Machine Learning","0","","1","Machine Learning","0","1","international institute of cognitive informatics"
"Yunyan Zhang","mem_732e519cbb","3","Machine Learning | Health Management | Non Imaging","0","","0","","0","","1","Machine Learning","0","","1","Machine Learning","3","0",""
"Yves Starreveld","mem_6bb59a60cb","2","Epilepsy | Movement Disorders","1","Epilepsy","1","Epilepsy","1","Neurological Disorders","2","Epilepsy | Movement Disorders","1","Neurological Disorders","1","Movement Disorders","0","0",""
"Zahinoor Ismail","mem_44def62df0","3","Alzheimer Disease | Neuroimaging | Epidemiology","0","","0","","0","","3","Alzheimer Disease | Epidemiology | Neuroimaging","2","Neurological Disorders | Imaging and Diagnostics","3","Alzheimer Disease | Epidemiology | Neuroimaging","0","0",""
"Zahra Clayborne","mem_4bb4b4c5df","4","Adolescent Development | Women S Health | Epidemiology | Mental Health","7","Child and adolescent development | women's health | life course epidemiology | mental health | well-being | flourishing | resilience","1","Mental Health","1","Mental Health","4","Adolescent Development | Mental Health | Epidemiology | Women's Health","1","Mental Health","3","Adolescent Development | Epidemiology | Women's Health","3","0",""
"Zahra Goodarzi","mem_4435cc366f","7","Dementia | Parkinson Disease | Mood Disorders | Health Services Research | Mental Illness | Older Adult | Neurodegenerative Disorders","8","Dementia or Cognitive Disorders | Parkinson's Disease | Geriatric Medicine Across Care Continuum | Long Term Care Evidence Based Practice | Emergency Care or Acute Care Issues for Older Adults | Mood Disorders | Systematic Review and Meta-Analysis | Guidelines","3","Dementia | Mood Disorders | Parkinson Disease","2","Mental Health | Neurological Disorders","6","Dementia | Health Services Research | Mental Disorders | Mood Disorders | Neurodegenerative Diseases | Parkinson Disease","3","Neurological Disorders | Population and Public Health | Mental Health","3","Health Services Research | Mental Disorders | Neurodegenerative Diseases","2","0",""
"Zelma Kiss","mem_dfec7f0e37","9","Mental Health | Movement Disorders | Pain | Optical Imaging | Biomedical Imaging | Biomedical Engineering | Mental Depression | Parkinson Disease | Deep Brain Stimulation","11","Mental Health | Movement Disorders | Spinal Cord/Never Injury & Pain | electrophysiology | neuromodulation | optical imaging | biomedical imaging | biomedical engineering | neural prostheses | depression | pain","4","Depression | Mental Health | Movement Disorders | Optical Imaging","3","Imaging and Diagnostics | Mental Health | Neurological Disorders","8","Biomedical Engineering | Deep Brain Stimulation | Depression | Mental Health | Movement Disorders | Optical Imaging | Pain | Parkinson Disease","5","Neuroengineering and Medical Technology | Pharmacology and Therapeutics | Mental Health | Neurological Disorders | Imaging and Diagnostics","4","Biomedical Engineering | Deep Brain Stimulation | Pain | Parkinson Disease","3","0",""
"Guillermo Delgado Garcia","mem_92df5b400e","0","","0","","0","","0","","5","Neurology | Autonomic Nervous System Diseases | Electroencephalography | Neurophysiology | Epilepsy","2","Neuroscience and Neural Systems | Neurological Disorders","5","Neurology | Autonomic Nervous System Diseases | Electroencephalography | Neurophysiology | Epilepsy","0","0",""
"Jennifer Jackson","mem_fe45b26c09","1","Health Systems","4","Nursing workforce | Health systems | Social Vulnerability | Harm Reduction","0","","0","","5","Substance-Related Disorders | Harm Reduction | Delivery of Health Care | Nursing Staff | Social Vulnerability","2","Mental Health | Population and Public Health","5","Substance-Related Disorders | Harm Reduction | Delivery of Health Care | Nursing Staff | Social Vulnerability","0","0",""
"Jonathan Smirl","mem_74bc2844fc","1","Sport Related Concussion","0","","0","","0","","2","Autonomic Nervous System Diseases | Brain Concussion","2","Neurological Disorders | Brain Injury and Neurotrauma","2","Autonomic Nervous System Diseases | Brain Concussion","0","0",""
"Emeritus William Kenyon Stell","mem_6fad50104e","1","Cones With Specific Bipolar","0","","0","","0","","5","Eye | Retinal Diseases | Retina | Retinitis Pigmentosa | Vision, Ocular","1","Vision and Eye Health","5","Eye | Retinal Diseases | Retina | Retinitis Pigmentosa | Vision, Ocular","0","1","produced new works on retinal neuropeptides"
"Johnathan Canton","mem_bd40fc0757","2","Effector Cells | Cell Science","0","","0","","0","","1","Macrophages","1","Cellular and Molecular Neuroscience","1","Macrophages","1","0",""
