member_id,profile_name,source_url,visible_source_label,normalized_label,source_type,visibility_policy,is_public,sort_order,canonical_mesh_ids,canonical_mesh_concepts,hbi_umbrella_ids,hbi_umbrella_tags,taxonomy_status,taxonomy_notes,built_at_utc
mem_bd2c4a5235,Aaron Gruber,https://profiles.ucalgary.ca/aaron-gruber,Neurodevelopmental Disorders,neurodevelopmental disorders,declared_area_title,always_visible_source_declared,true,0,D065886,Neurodevelopmental Disorders,HBI-MED-001,Mental Health,accepted,exact MeSH preferred/entry-term match plus curated umbrella rule,2026-07-31T20:56:20.541600+00:00
mem_bd2c4a5235,Aaron Gruber,https://profiles.ucalgary.ca/aaron-gruber,Mental Health,mental health,declared_area_title,always_visible_source_declared,true,1,D008603,Mental Health,HBI-MED-001,Mental Health,accepted,exact MeSH preferred/entry-term match plus curated umbrella rule,2026-07-31T20:56:20.541600+00:00
mem_bd2c4a5235,Aaron Gruber,https://profiles.ucalgary.ca/aaron-gruber,Machine Learning,machine learning,declared_area_title,always_visible_source_declared,true,2,D000069550,Machine Learning,,,review,MeSH concept found; medical umbrella requires review,2026-07-31T20:56:20.541600+00:00
mem_bd2c4a5235,Aaron Gruber,https://profiles.ucalgary.ca/aaron-gruber,Autism,autism,declared_area_title,always_visible_source_declared,true,3,D001321,Autistic Disorder,HBI-MED-001,Mental Health,accepted,exact MeSH preferred/entry-term match plus curated umbrella rule,2026-07-31T20:56:20.541600+00:00
mem_bd2c4a5235,Aaron Gruber,https://profiles.ucalgary.ca/aaron-gruber,Mitochondria,mitochondria,declared_area_title,always_visible_source_declared,true,4,D008928,Mitochondria,HBI-MED-010,Cellular and Molecular Neuroscience,accepted,exact MeSH preferred/entry-term match plus curated umbrella rule,2026-07-31T20:56:20.541600+00:00
mem_529c362d70,Abdullah Al Maruf,https://profiles.ucalgary.ca/abdullah-al-maruf,Pharmacogenomics,pharmacogenomics,declared_area_list,always_visible_source_declared,true,0,D010597,Pharmacogenetics,HBI-MED-009,Genetics and Genomics,accepted,exact MeSH preferred/entry-term match plus curated umbrella rule,2026-07-31T20:56:20.541600+00:00
mem_529c362d70,Abdullah Al Maruf,https://profiles.ucalgary.ca/abdullah-al-maruf,Precision Pharmacotherapy,precision pharmacotherapy,declared_area_list,always_visible_source_declared,true,1,D004358,Drug Therapy,HBI-MED-008,Pharmacology and Therapeutics,accepted,embedded medical phrase recovered from profile text; exact MeSH preferred/entry-term match plus curated umbrella rule,2026-07-31T20:56:20.541600+00:00
mem_529c362d70,Abdullah Al Maruf,https://profiles.ucalgary.ca/abdullah-al-maruf,Adverse Drug Reactions,adverse drug reactions,declared_area_list,always_visible_source_declared,true,2,D064420,Drug-Related Side Effects and Adverse Reactions,,,review,MeSH concept found; medical umbrella requires review,2026-07-31T20:56:20.541600+00:00
mem_529c362d70,Abdullah Al Maruf,https://profiles.ucalgary.ca/abdullah-al-maruf,Translational Pharmacotherapy,translational pharmacotherapy,declared_area_list,always_visible_source_declared,true,3,D004358,Drug Therapy,HBI-MED-008,Pharmacology and Therapeutics,accepted,embedded medical phrase recovered from profile text; exact MeSH preferred/entry-term match plus curated umbrella rule,2026-07-31T20:56:20.541600+00:00
mem_529c362d70,Abdullah Al Maruf,https://profiles.ucalgary.ca/abdullah-al-maruf,Population Therapeutics and Health Outcomes,population therapeutics and health outcomes,declared_area_list,always_visible_source_declared,true,4,D013812,Therapeutics,HBI-MED-008,Pharmacology and Therapeutics,accepted,embedded medical phrase recovered from profile text; exact MeSH preferred/entry-term match plus curated umbrella rule,2026-07-31T20:56:20.541600+00:00
mem_529c362d70,Abdullah Al Maruf,https://profiles.ucalgary.ca/abdullah-al-maruf,Pharmacovigilance,pharmacovigilance,declared_area_list,always_visible_source_declared,true,5,D060735,Pharmacovigilance,,,review,MeSH concept found; medical umbrella requires review,2026-07-31T20:56:20.541600+00:00
mem_529c362d70,Abdullah Al Maruf,https://profiles.ucalgary.ca/abdullah-al-maruf,Scholarship of Teaching and Learning,scholarship of teaching and learning,declared_area_list,always_visible_source_declared,true,6,D007858,Learning,HBI-MED-011,Cognitive and Behavioural Neuroscience,accepted,embedded medical phrase recovered from profile text; exact MeSH preferred/entry-term match plus curated umbrella rule,2026-07-31T20:56:20.541600+00:00
mem_9f51021d60,Adriana Zardini Buzatto,https://profiles.ucalgary.ca/adriana-zardini-buzatto,"Lipidomics (analytical methods using chromatography and mass spectrometry, database creation, software development, data sciences)",lipidomics analytical methods using chromatography and mass spectrometry database creation software development data sciences,declared_area_title,always_visible_source_declared,true,0,D000077488,Data Science,,,review,delimited profile term; no exact preferred-label or entry-term match in local MeSH 2026 | delimited profile term; MeSH concept found; medical umbrella requires review,2026-07-31T20:56:20.541600+00:00
mem_9f51021d60,Adriana Zardini Buzatto,https://profiles.ucalgary.ca/adriana-zardini-buzatto,Microbial lipidomics,microbial lipidomics,declared_area_title,always_visible_source_declared,true,1,,,,,unresolved,no exact preferred-label or entry-term match in local MeSH 2026,2026-07-31T20:56:20.541600+00:00
mem_9f51021d60,Adriana Zardini Buzatto,https://profiles.ucalgary.ca/adriana-zardini-buzatto,Lipidomics of extracellular vesicles,lipidomics of extracellular vesicles,declared_area_title,always_visible_source_declared,true,2,,,,,unresolved,no exact preferred-label or entry-term match in local MeSH 2026,2026-07-31T20:56:20.541600+00:00
mem_9f51021d60,Adriana Zardini Buzatto,https://profiles.ucalgary.ca/adriana-zardini-buzatto,Lipids involved in neurodegeneration and aging,lipids involved in neurodegeneration and aging,declared_area_title,always_visible_source_declared,true,3,,,,,unresolved,no exact preferred-label or entry-term match in local MeSH 2026,2026-07-31T20:56:20.541600+00:00
mem_9f51021d60,Adriana Zardini Buzatto,https://profiles.ucalgary.ca/adriana-zardini-buzatto,Exposomics - environmental lipidomics,exposomics environmental lipidomics,declared_area_title,always_visible_source_declared,true,4,,,,,unresolved,no exact preferred-label or entry-term match in local MeSH 2026,2026-07-31T20:56:20.541600+00:00
mem_9caecf64a4,Adrianna Giuffre,https://profiles.ucalgary.ca/adrianna-giuffre,Brain Stimulation,brain stimulation,declared_area_title,always_visible_source_declared,true,0,,,,,unresolved,no exact preferred-label or entry-term match in local MeSH 2026,2026-07-31T20:56:20.541600+00:00
mem_9caecf64a4,Adrianna Giuffre,https://profiles.ucalgary.ca/adrianna-giuffre,Mental Health,mental health,declared_area_title,always_visible_source_declared,true,1,D008603,Mental Health,HBI-MED-001,Mental Health,accepted,exact MeSH preferred/entry-term match plus curated umbrella rule,2026-07-31T20:56:20.541600+00:00
mem_9caecf64a4,Adrianna Giuffre,https://profiles.ucalgary.ca/adrianna-giuffre,Neurodevelopment Disorders,neurodevelopment disorders,declared_area_title,always_visible_source_declared,true,2,D065886,Neurodevelopmental Disorders,HBI-MED-001,Mental Health,accepted,reviewed alias plus curated umbrella rule,2026-07-31T20:56:20.541600+00:00
mem_9caecf64a4,Adrianna Giuffre,https://profiles.ucalgary.ca/adrianna-giuffre,Neuroimaging,neuroimaging,declared_area_title,always_visible_source_declared,true,3,D059906,Neuroimaging,HBI-MED-005,Imaging and Diagnostics,accepted,exact MeSH preferred/entry-term match plus curated umbrella rule,2026-07-31T20:56:20.541600+00:00
mem_9caecf64a4,Adrianna Giuffre,https://profiles.ucalgary.ca/adrianna-giuffre,Epilepsy,epilepsy,declared_area_title,always_visible_source_declared,true,4,D004827,Epilepsy,HBI-MED-002,Neurological Disorders,accepted,exact MeSH preferred/entry-term match plus curated umbrella rule,2026-07-31T20:56:20.541600+00:00
mem_9caecf64a4,Adrianna Giuffre,https://profiles.ucalgary.ca/adrianna-giuffre,Multiple Sclerosis,multiple sclerosis,declared_area_title,always_visible_source_declared,true,5,D009103,Multiple Sclerosis,HBI-MED-002,Neurological Disorders,accepted,exact MeSH preferred/entry-term match plus curated umbrella rule,2026-07-31T20:56:20.541600+00:00
mem_9461efbef5,Alan McLuckie,https://profiles.ucalgary.ca/alan-mcluckie,Infant,infant,declared_area_title,always_visible_source_declared,true,0,D007223,Infant,,,review,MeSH concept found; medical umbrella requires review,2026-07-31T20:56:20.541600+00:00
mem_9461efbef5,Alan McLuckie,https://profiles.ucalgary.ca/alan-mcluckie,child and youth mental health,child and youth mental health,declared_area_title,always_visible_source_declared,true,1,D008603,Mental Health,HBI-MED-001,Mental Health,accepted,embedded medical phrase recovered from profile text; exact MeSH preferred/entry-term match plus curated umbrella rule,2026-07-31T20:56:20.541600+00:00
mem_9461efbef5,Alan McLuckie,https://profiles.ucalgary.ca/alan-mcluckie,neurodevelopmental and learning difficulties,neurodevelopmental and learning difficulties,declared_area_title,always_visible_source_declared,true,2,D007858,Learning,HBI-MED-011,Cognitive and Behavioural Neuroscience,accepted,embedded medical phrase recovered from profile text; exact MeSH preferred/entry-term match plus curated umbrella rule,2026-07-31T20:56:20.541600+00:00
mem_9461efbef5,Alan McLuckie,https://profiles.ucalgary.ca/alan-mcluckie,vulnerable family coping,vulnerable family coping,declared_area_title,always_visible_source_declared,true,3,,,,,unresolved,no exact preferred-label or entry-term match in local MeSH 2026,2026-07-31T20:56:20.541600+00:00
mem_9461efbef5,Alan McLuckie,https://profiles.ucalgary.ca/alan-mcluckie,couple/family therapy,couple family therapy,declared_area_title,always_visible_source_declared,true,4,D013812,Therapeutics,HBI-MED-008,Pharmacology and Therapeutics,accepted,embedded medical phrase recovered from profile text; exact MeSH preferred/entry-term match plus curated umbrella rule,2026-07-31T20:56:20.541600+00:00
mem_b85b93eb26,Aleksandra Mineyko,https://profiles.ucalgary.ca/aleksandra-mineyko,Inflammation,inflammation,declared_area_title,always_visible_source_declared,true,0,D007249,Inflammation,,,review,MeSH concept found; medical umbrella requires review,2026-07-31T20:56:20.541600+00:00
mem_b85b93eb26,Aleksandra Mineyko,https://profiles.ucalgary.ca/aleksandra-mineyko,Stroke,stroke,declared_area_title,always_visible_source_declared,true,1,D020521,Stroke,HBI-MED-006,Cardiovascular Health,accepted,exact MeSH preferred/entry-term match plus curated umbrella rule,2026-07-31T20:56:20.541600+00:00
mem_ab3c7cd459,Alexander McGirr,https://profiles.ucalgary.ca/alexander-mcgirr,Mental Health,mental health,declared_area_title,always_visible_source_declared,true,0,D008603,Mental Health,HBI-MED-001,Mental Health,accepted,exact MeSH preferred/entry-term match plus curated umbrella rule,2026-07-31T20:56:20.541600+00:00
mem_ab3c7cd459,Alexander McGirr,https://profiles.ucalgary.ca/alexander-mcgirr,Stress,stress,declared_area_title,always_visible_source_declared,true,1,,,,,unresolved,no exact preferred-label or entry-term match in local MeSH 2026,2026-07-31T20:56:20.541600+00:00
mem_67336e1dbb,Alex Lohman,https://profiles.ucalgary.ca/alex-lohman,Brain Injury,brain injury,declared_area_title,always_visible_source_declared,true,0,D001930,Brain Injuries,HBI-MED-003,Brain Injury and Neurotrauma,accepted,exact MeSH preferred/entry-term match plus curated umbrella rule,2026-07-31T20:56:20.541600+00:00
mem_67336e1dbb,Alex Lohman,https://profiles.ucalgary.ca/alex-lohman,Inflammation,inflammation,declared_area_title,always_visible_source_declared,true,1,D007249,Inflammation,,,review,MeSH concept found; medical umbrella requires review,2026-07-31T20:56:20.541600+00:00
mem_67336e1dbb,Alex Lohman,https://profiles.ucalgary.ca/alex-lohman,Molecular Mechanisms,molecular mechanisms,declared_area_title,always_visible_source_declared,true,2,,,,,unresolved,no exact preferred-label or entry-term match in local MeSH 2026,2026-07-31T20:56:20.541600+00:00
mem_67336e1dbb,Alex Lohman,https://profiles.ucalgary.ca/alex-lohman,Stroke,stroke,declared_area_title,always_visible_source_declared,true,3,D020521,Stroke,HBI-MED-006,Cardiovascular Health,accepted,exact MeSH preferred/entry-term match plus curated umbrella rule,2026-07-31T20:56:20.541600+00:00
mem_67336e1dbb,Alex Lohman,https://profiles.ucalgary.ca/alex-lohman,Tissue Regeneration,tissue regeneration,declared_area_title,always_visible_source_declared,true,4,,,,,unresolved,no exact preferred-label or entry-term match in local MeSH 2026,2026-07-31T20:56:20.541600+00:00
mem_fc88669608,Ali Golestani,https://profiles.ucalgary.ca/ali-golestani,Functional MRI,functional mri,declared_area_detail,always_visible_source_declared,true,0,D008279,Magnetic Resonance Imaging,HBI-MED-005,Imaging and Diagnostics,accepted,exact MeSH preferred/entry-term match plus curated umbrella rule,2026-07-31T20:56:20.541600+00:00
mem_fc88669608,Ali Golestani,https://profiles.ucalgary.ca/ali-golestani,Neuroimaging,neuroimaging,declared_area_detail,always_visible_source_declared,true,1,D059906,Neuroimaging,HBI-MED-005,Imaging and Diagnostics,accepted,exact MeSH preferred/entry-term match plus curated umbrella rule,2026-07-31T20:56:20.541600+00:00
mem_fc88669608,Ali Golestani,https://profiles.ucalgary.ca/ali-golestani,MRI Quality Assurance,mri quality assurance,declared_area_detail,always_visible_source_declared,true,2,,,,,unresolved,no exact preferred-label or entry-term match in local MeSH 2026,2026-07-31T20:56:20.541600+00:00
mem_fc88669608,Ali Golestani,https://profiles.ucalgary.ca/ali-golestani,MRI in Radiation Therapy,mri in radiation therapy,declared_area_detail,always_visible_source_declared,true,3,D011878,Radiotherapy,HBI-MED-008,Pharmacology and Therapeutics,accepted,embedded medical phrase recovered from profile text; exact MeSH preferred/entry-term match plus curated umbrella rule,2026-07-31T20:56:20.541600+00:00
mem_fc88669608,Ali Golestani,https://profiles.ucalgary.ca/ali-golestani,Medical Imaging,medical imaging,declared_area_detail,always_visible_source_declared,true,4,D003952,Diagnostic Imaging,HBI-MED-005,Imaging and Diagnostics,accepted,exact MeSH preferred/entry-term match plus curated umbrella rule,2026-07-31T20:56:20.541600+00:00
mem_fc88669608,Ali Golestani,https://profiles.ucalgary.ca/ali-golestani,Image Processing,image processing,declared_area_detail,always_visible_source_declared,true,5,,,,,unresolved,no exact preferred-label or entry-term match in local MeSH 2026,2026-07-31T20:56:20.541600+00:00
mem_feaca2a8a0,Alvin Joselin,https://profiles.ucalgary.ca/alvin-joselin,Molecular mechanisms in Parkinson's Disease,molecular mechanisms in parkinson disease,declared_area_title,always_visible_source_declared,true,0,D010300,Parkinson Disease,HBI-MED-002,Neurological Disorders,accepted,embedded medical phrase recovered from profile text; exact MeSH preferred/entry-term match plus curated umbrella rule,2026-07-31T20:56:20.541600+00:00
mem_8bfbd806c9,Amanda Tyndall,https://profiles.ucalgary.ca/amanda-tyndall,Genetic Disorders,genetic disorders,declared_area_title,always_visible_source_declared,true,0,D030342,"Genetic Diseases, Inborn",,,review,MeSH concept found; medical umbrella requires review,2026-07-31T20:56:20.541600+00:00
mem_8bfbd806c9,Amanda Tyndall,https://profiles.ucalgary.ca/amanda-tyndall,Genomics,genomics,declared_area_title,always_visible_source_declared,true,1,D023281,Genomics,HBI-MED-009,Genetics and Genomics,accepted,exact MeSH preferred/entry-term match plus curated umbrella rule,2026-07-31T20:56:20.541600+00:00
mem_8bfbd806c9,Amanda Tyndall,https://profiles.ucalgary.ca/amanda-tyndall,Neurodevelopmental Disorders,neurodevelopmental disorders,declared_area_title,always_visible_source_declared,true,2,D065886,Neurodevelopmental Disorders,HBI-MED-001,Mental Health,accepted,exact MeSH preferred/entry-term match plus curated umbrella rule,2026-07-31T20:56:20.541600+00:00
mem_8bfbd806c9,Amanda Tyndall,https://profiles.ucalgary.ca/amanda-tyndall,Rare Diseases,rare diseases,declared_area_title,always_visible_source_declared,true,3,D035583,Rare Diseases,,,review,MeSH concept found; medical umbrella requires review,2026-07-31T20:56:20.541600+00:00
mem_db95c2910e,Amir Sanati Nezhad,https://profiles.ucalgary.ca/amir-sanati-nezhad,Biosensing,biosensing,declared_area_detail,always_visible_source_declared,true,0,,,,,unresolved,no exact preferred-label or entry-term match in local MeSH 2026,2026-07-31T20:56:20.541600+00:00
mem_db95c2910e,Amir Sanati Nezhad,https://profiles.ucalgary.ca/amir-sanati-nezhad,Sensors and Actuators,sensors and actuators,declared_area_detail,always_visible_source_declared,true,1,,,,,unresolved,no exact preferred-label or entry-term match in local MeSH 2026,2026-07-31T20:56:20.541600+00:00
mem_db95c2910e,Amir Sanati Nezhad,https://profiles.ucalgary.ca/amir-sanati-nezhad,Microfluidics,microfluidics,declared_area_detail,always_visible_source_declared,true,2,D044085,Microfluidics,,,review,MeSH concept found; medical umbrella requires review,2026-07-31T20:56:20.541600+00:00
mem_db95c2910e,Amir Sanati Nezhad,https://profiles.ucalgary.ca/amir-sanati-nezhad,Tissue engineering,tissue engineering,declared_area_detail,always_visible_source_declared,true,3,D023822,Tissue Engineering,,,review,MeSH concept found; medical umbrella requires review,2026-07-31T20:56:20.541600+00:00
mem_db95c2910e,Amir Sanati Nezhad,https://profiles.ucalgary.ca/amir-sanati-nezhad,Biomaterials,biomaterials,declared_area_detail,always_visible_source_declared,true,4,D001672,Biocompatible Materials,,,review,MeSH concept found; medical umbrella requires review,2026-07-31T20:56:20.541600+00:00
mem_db95c2910e,Amir Sanati Nezhad,https://profiles.ucalgary.ca/amir-sanati-nezhad,Medical devices,medical devices,declared_area_detail,always_visible_source_declared,true,5,D004864,Equipment and Supplies,,,review,MeSH concept found; medical umbrella requires review,2026-07-31T20:56:20.541600+00:00
mem_db95c2910e,Amir Sanati Nezhad,https://profiles.ucalgary.ca/amir-sanati-nezhad,Point-of-care,point of care,declared_area_detail,always_visible_source_declared,true,6,D019095,Point-of-Care Systems,,,review,MeSH concept found; medical umbrella requires review,2026-07-31T20:56:20.541600+00:00
mem_db95c2910e,Amir Sanati Nezhad,https://profiles.ucalgary.ca/amir-sanati-nezhad,Organ-on-chip,organ on chip,declared_area_detail,always_visible_source_declared,true,7,,,,,unresolved,no exact preferred-label or entry-term match in local MeSH 2026,2026-07-31T20:56:20.541600+00:00
mem_db95c2910e,Amir Sanati Nezhad,https://profiles.ucalgary.ca/amir-sanati-nezhad,Digital Health Technologies,digital health technologies,declared_area_detail,always_visible_source_declared,true,8,D000097103,Digital Health,,,review,MeSH concept found; medical umbrella requires review,2026-07-31T20:56:20.541600+00:00
mem_db95c2910e,Amir Sanati Nezhad,https://profiles.ucalgary.ca/amir-sanati-nezhad,Artificial Intelligence,artificial intelligence,declared_area_detail,always_visible_source_declared,true,9,D001185,Artificial Intelligence,,,review,MeSH concept found; medical umbrella requires review,2026-07-31T20:56:20.541600+00:00
mem_d4ec51610b,Ami Tint,https://profiles.ucalgary.ca/ami-tint,Autism,autism,declared_area_title,always_visible_source_declared,true,0,D001321,Autistic Disorder,HBI-MED-001,Mental Health,accepted,exact MeSH preferred/entry-term match plus curated umbrella rule,2026-07-31T20:56:20.541600+00:00
mem_d4ec51610b,Ami Tint,https://profiles.ucalgary.ca/ami-tint,Neurodevelopmental Conditions,neurodevelopmental conditions,declared_area_title,always_visible_source_declared,true,1,,,,,unresolved,no exact preferred-label or entry-term match in local MeSH 2026,2026-07-31T20:56:20.541600+00:00
mem_d4ec51610b,Ami Tint,https://profiles.ucalgary.ca/ami-tint,Mental Health,mental health,declared_area_title,always_visible_source_declared,true,2,D008603,Mental Health,HBI-MED-001,Mental Health,accepted,exact MeSH preferred/entry-term match plus curated umbrella rule,2026-07-31T20:56:20.541600+00:00
mem_d4ec51610b,Ami Tint,https://profiles.ucalgary.ca/ami-tint,Patient Engagement,patient engagement,declared_area_title,always_visible_source_declared,true,3,D010358,Patient Participation,,,review,MeSH concept found; medical umbrella requires review,2026-07-31T20:56:20.541600+00:00
mem_d4ec51610b,Ami Tint,https://profiles.ucalgary.ca/ami-tint,Psychology,psychology,declared_area_title,always_visible_source_declared,true,4,D011584,Psychology,,,review,MeSH concept found; medical umbrella requires review,2026-07-31T20:56:20.541600+00:00
mem_d2301d7aac,Amy Warren,https://profiles.ucalgary.ca/amy-warren,Mental Health,mental health,declared_area_title,always_visible_source_declared,true,0,D008603,Mental Health,HBI-MED-001,Mental Health,accepted,exact MeSH preferred/entry-term match plus curated umbrella rule,2026-07-31T20:56:20.541600+00:00
mem_d2301d7aac,Amy Warren,https://profiles.ucalgary.ca/amy-warren,Mental health research and education,mental health research and education,declared_area_title,always_visible_source_declared,true,1,D008603,Mental Health,HBI-MED-001,Mental Health,accepted,embedded medical phrase recovered from profile text; exact MeSH preferred/entry-term match plus curated umbrella rule,2026-07-31T20:56:20.541600+00:00
mem_d2301d7aac,Amy Warren,https://profiles.ucalgary.ca/amy-warren,neuropsychology,neuropsychology,declared_area_title,always_visible_source_declared,true,2,D009484,Neuropsychology,,,review,MeSH concept found; medical umbrella requires review,2026-07-31T20:56:20.541600+00:00
mem_d2301d7aac,Amy Warren,https://profiles.ucalgary.ca/amy-warren,Clinical Science,clinical science,declared_area_title,always_visible_source_declared,true,3,,,,,unresolved,no exact preferred-label or entry-term match in local MeSH 2026,2026-07-31T20:56:20.541600+00:00
mem_d2301d7aac,Amy Warren,https://profiles.ucalgary.ca/amy-warren,Comparative Pathobiology,comparative pathobiology,declared_area_title,always_visible_source_declared,true,4,,,,,unresolved,no exact preferred-label or entry-term match in local MeSH 2026,2026-07-31T20:56:20.541600+00:00
mem_f731c39857,Ana Nikolic,https://profiles.ucalgary.ca/ana-nikolic,Interrogating the spatiotemporal heterogeneity in brain tumours,interrogating the spatiotemporal heterogeneity in brain tumours,declared_area_detail,always_visible_source_declared,true,0,,,,,unresolved,no exact preferred-label or entry-term match in local MeSH 2026,2026-07-31T20:56:20.541600+00:00
mem_ccdb9fb0c5,Andrea Protzner,https://profiles.ucalgary.ca/andrea-protzner,Depression,depression,declared_area_title,always_visible_source_declared,true,0,D003863,Depression,HBI-MED-001,Mental Health,accepted,exact MeSH preferred/entry-term match plus curated umbrella rule,2026-07-31T20:56:20.541600+00:00
mem_ccdb9fb0c5,Andrea Protzner,https://profiles.ucalgary.ca/andrea-protzner,aging,aging,declared_area_title,always_visible_source_declared,true,1,D000375,Aging,,,review,MeSH concept found; medical umbrella requires review,2026-07-31T20:56:20.541600+00:00
mem_ccdb9fb0c5,Andrea Protzner,https://profiles.ucalgary.ca/andrea-protzner,MRI,mri,declared_area_title,always_visible_source_declared,true,2,,,,,unresolved,no exact preferred-label or entry-term match in local MeSH 2026,2026-07-31T20:56:20.541600+00:00
mem_ccdb9fb0c5,Andrea Protzner,https://profiles.ucalgary.ca/andrea-protzner,EEG,eeg,declared_area_title,always_visible_source_declared,true,3,D004569,Electroencephalography,,,review,MeSH concept found; medical umbrella requires review,2026-07-31T20:56:20.541600+00:00
mem_ccdb9fb0c5,Andrea Protzner,https://profiles.ucalgary.ca/andrea-protzner,network neuroscience,network neuroscience,declared_area_title,always_visible_source_declared,true,4,,,,,unresolved,no exact preferred-label or entry-term match in local MeSH 2026,2026-07-31T20:56:20.541600+00:00
mem_418a89fdc0,Andrew Braun,https://profiles.ucalgary.ca/andrew-braun,KCa Channels,kca channels,declared_area_list,always_visible_source_declared,true,0,,,,,unresolved,no exact preferred-label or entry-term match in local MeSH 2026,2026-07-31T20:56:20.541600+00:00
mem_418a89fdc0,Andrew Braun,https://profiles.ucalgary.ca/andrew-braun,Nitric Oxide,nitric oxide,declared_area_list,always_visible_source_declared,true,1,D009569,Nitric Oxide,,,review,MeSH concept found; medical umbrella requires review,2026-07-31T20:56:20.541600+00:00
mem_418a89fdc0,Andrew Braun,https://profiles.ucalgary.ca/andrew-braun,Calcium,calcium,declared_area_list,always_visible_source_declared,true,2,D002118,Calcium,,,review,MeSH concept found; medical umbrella requires review,2026-07-31T20:56:20.541600+00:00
mem_418a89fdc0,Andrew Braun,https://profiles.ucalgary.ca/andrew-braun,Myogenic Tone,myogenic tone,declared_area_list,always_visible_source_declared,true,3,,,,,unresolved,no exact preferred-label or entry-term match in local MeSH 2026,2026-07-31T20:56:20.541600+00:00
mem_418a89fdc0,Andrew Braun,https://profiles.ucalgary.ca/andrew-braun,Endothelium,endothelium,declared_area_list,always_visible_source_declared,true,4,D004727,Endothelium,,,review,MeSH concept found; medical umbrella requires review,2026-07-31T20:56:20.541600+00:00
mem_418a89fdc0,Andrew Braun,https://profiles.ucalgary.ca/andrew-braun,Smooth Muscle,smooth muscle,declared_area_list,always_visible_source_declared,true,5,D009130,"Muscle, Smooth",,,review,MeSH concept found; medical umbrella requires review,2026-07-31T20:56:20.541600+00:00
mem_418a89fdc0,Andrew Braun,https://profiles.ucalgary.ca/andrew-braun,Vasodilation,vasodilation,declared_area_list,always_visible_source_declared,true,6,D014664,Vasodilation,,,review,MeSH concept found; medical umbrella requires review,2026-07-31T20:56:20.541600+00:00
mem_418a89fdc0,Andrew Braun,https://profiles.ucalgary.ca/andrew-braun,Type 2 Diabetes,type 2 diabetes,declared_area_list,always_visible_source_declared,true,7,D003924,"Diabetes Mellitus, Type 2",,,review,MeSH concept found; medical umbrella requires review,2026-07-31T20:56:20.541600+00:00
mem_0f73a389b6,Andrew Demchuk,https://profiles.ucalgary.ca/andrew-demchuk,vascular imaging,vascular imaging,declared_area_title,always_visible_source_declared,true,0,,,,,unresolved,no exact preferred-label or entry-term match in local MeSH 2026,2026-07-31T20:56:20.541600+00:00
mem_0f73a389b6,Andrew Demchuk,https://profiles.ucalgary.ca/andrew-demchuk,ischemic stroke,ischemic stroke,declared_area_title,always_visible_source_declared,true,1,D000083242,Ischemic Stroke,HBI-MED-006,Cardiovascular Health,accepted,exact MeSH preferred/entry-term match plus curated umbrella rule,2026-07-31T20:56:20.541600+00:00
mem_0f73a389b6,Andrew Demchuk,https://profiles.ucalgary.ca/andrew-demchuk,Stroke,stroke,declared_area_title,always_visible_source_declared,true,2,D020521,Stroke,HBI-MED-006,Cardiovascular Health,accepted,exact MeSH preferred/entry-term match plus curated umbrella rule,2026-07-31T20:56:20.541600+00:00
mem_41979986b6,Andrew Kim,https://profiles.ucalgary.ca/andrew-kim,Substance and behavioural addictions,substance and behavioural addictions,declared_area_list,always_visible_source_declared,true,0,,,,,unresolved,no exact preferred-label or entry-term match in local MeSH 2026,2026-07-31T20:56:20.541600+00:00
mem_41979986b6,Andrew Kim,https://profiles.ucalgary.ca/andrew-kim,"comorbidity of addiction and mental health (i.e., concurrent disorders)",comorbidity of addiction and mental health i e concurrent disorders,declared_area_list,always_visible_source_declared,true,1,D008603,Mental Health,HBI-MED-001,Mental Health,accepted,delimited profile term; embedded medical phrase recovered from profile text; exact MeSH preferred/entry-term match plus curated umbrella rule | delimited profile term; no exact preferred-label or entry-term match in local MeSH 2026,2026-07-31T20:56:20.541600+00:00
mem_41979986b6,Andrew Kim,https://profiles.ucalgary.ca/andrew-kim,transdiagnostic treatments,transdiagnostic treatments,declared_area_list,always_visible_source_declared,true,2,D013812,Therapeutics,HBI-MED-008,Pharmacology and Therapeutics,accepted,embedded medical phrase recovered from profile text; exact MeSH preferred/entry-term match plus curated umbrella rule,2026-07-31T20:56:20.541600+00:00
mem_41979986b6,Andrew Kim,https://profiles.ucalgary.ca/andrew-kim,sports betting,sports betting,declared_area_list,always_visible_source_declared,true,3,,,,,unresolved,no exact preferred-label or entry-term match in local MeSH 2026,2026-07-31T20:56:20.541600+00:00
mem_4d14f5ed5f,Angela Haffenden,https://profiles.ucalgary.ca/angela-haffenden,Movement Disorders,movement disorders,declared_area_title,always_visible_source_declared,true,0,D009069,Movement Disorders,HBI-MED-002,Neurological Disorders,accepted,exact MeSH preferred/entry-term match plus curated umbrella rule,2026-07-31T20:56:20.541600+00:00
mem_3e0ef14a60,Angelique Jenney,https://profiles.ucalgary.ca/angelique-jenney,Child mental health,child mental health,declared_area_title,always_visible_source_declared,true,0,D008603,Mental Health,HBI-MED-001,Mental Health,accepted,embedded medical phrase recovered from profile text; exact MeSH preferred/entry-term match plus curated umbrella rule,2026-07-31T20:56:20.541600+00:00
mem_3e0ef14a60,Angelique Jenney,https://profiles.ucalgary.ca/angelique-jenney,Gender-Based Violence,gender based violence,declared_area_title,always_visible_source_declared,true,1,D000074386,Gender-Based Violence,,,review,MeSH concept found; medical umbrella requires review,2026-07-31T20:56:20.541600+00:00
mem_3e0ef14a60,Angelique Jenney,https://profiles.ucalgary.ca/angelique-jenney,Trauma across the lifespan,trauma across the lifespan,declared_area_title,always_visible_source_declared,true,2,,,,,unresolved,no exact preferred-label or entry-term match in local MeSH 2026,2026-07-31T20:56:20.541600+00:00
mem_3e0ef14a60,Angelique Jenney,https://profiles.ucalgary.ca/angelique-jenney,Simulation-Based Learning,simulation based learning,declared_area_title,always_visible_source_declared,true,3,D007858,Learning,HBI-MED-011,Cognitive and Behavioural Neuroscience,accepted,embedded medical phrase recovered from profile text; exact MeSH preferred/entry-term match plus curated umbrella rule,2026-07-31T20:56:20.541600+00:00
mem_3e0ef14a60,Angelique Jenney,https://profiles.ucalgary.ca/angelique-jenney,Simulation-based Experiential Learning,simulation based experiential learning,declared_area_title,always_visible_source_declared,true,4,D018794,Problem-Based Learning,HBI-MED-011,Cognitive and Behavioural Neuroscience,accepted,embedded medical phrase recovered from profile text; exact MeSH preferred/entry-term match plus curated umbrella rule,2026-07-31T20:56:20.541600+00:00
mem_233f37a4ef,Ashley Harris,https://profiles.ucalgary.ca/ashley-harris,Brain,brain,declared_area_title,always_visible_source_declared,true,0,D001921,Brain,,,review,MeSH concept found; medical umbrella requires review,2026-07-31T20:56:20.541600+00:00
mem_233f37a4ef,Ashley Harris,https://profiles.ucalgary.ca/ashley-harris,Brain Development,brain development,declared_area_title,always_visible_source_declared,true,1,,,,,unresolved,no exact preferred-label or entry-term match in local MeSH 2026,2026-07-31T20:56:20.541600+00:00
mem_233f37a4ef,Ashley Harris,https://profiles.ucalgary.ca/ashley-harris,Brain Injury,brain injury,declared_area_title,always_visible_source_declared,true,2,D001930,Brain Injuries,HBI-MED-003,Brain Injury and Neurotrauma,accepted,exact MeSH preferred/entry-term match plus curated umbrella rule,2026-07-31T20:56:20.541600+00:00
mem_233f37a4ef,Ashley Harris,https://profiles.ucalgary.ca/ashley-harris,Neurodevelopment,neurodevelopment,declared_area_title,always_visible_source_declared,true,3,D000099203,Neurodevelopment,,,review,MeSH concept found; medical umbrella requires review,2026-07-31T20:56:20.541600+00:00
mem_233f37a4ef,Ashley Harris,https://profiles.ucalgary.ca/ashley-harris,Neurodevelopmental disorders,neurodevelopmental disorders,declared_area_title,always_visible_source_declared,true,4,D065886,Neurodevelopmental Disorders,HBI-MED-001,Mental Health,accepted,exact MeSH preferred/entry-term match plus curated umbrella rule,2026-07-31T20:56:20.541600+00:00
mem_233f37a4ef,Ashley Harris,https://profiles.ucalgary.ca/ashley-harris,Neuroimaging,neuroimaging,declared_area_title,always_visible_source_declared,true,5,D059906,Neuroimaging,HBI-MED-005,Imaging and Diagnostics,accepted,exact MeSH preferred/entry-term match plus curated umbrella rule,2026-07-31T20:56:20.541600+00:00
mem_6afc7989eb,Audrey-Ann Deneault,https://profiles.ucalgary.ca/audrey-ann-deneault,Mental Health,mental health,declared_area_title,always_visible_source_declared,true,0,D008603,Mental Health,HBI-MED-001,Mental Health,accepted,exact MeSH preferred/entry-term match plus curated umbrella rule,2026-07-31T20:56:20.541600+00:00
mem_601dd6a6ac,Bin Hu,https://profiles.ucalgary.ca/bin-hu,Brain Development,brain development,declared_area_title,always_visible_source_declared,true,0,,,,,unresolved,no exact preferred-label or entry-term match in local MeSH 2026,2026-07-31T20:56:20.541600+00:00
mem_601dd6a6ac,Bin Hu,https://profiles.ucalgary.ca/bin-hu,Brain Stimulation,brain stimulation,declared_area_title,always_visible_source_declared,true,1,,,,,unresolved,no exact preferred-label or entry-term match in local MeSH 2026,2026-07-31T20:56:20.541600+00:00
mem_6da65fe265,Boguslaw Tomanek,https://profiles.ucalgary.ca/boguslaw-tomanek,Spinal Cord / Nerve Injury & Pain,spinal cord nerve injury pain,declared_area_title,always_visible_source_declared,true,0,,,,,unresolved,no exact preferred-label or entry-term match in local MeSH 2026,2026-07-31T20:56:20.541600+00:00
mem_7892ba722a,Bonnie Kaplan,https://profiles.ucalgary.ca/bonnie-kaplan,Behaviour,behaviour,declared_area_title,always_visible_source_declared,true,0,,,,,unresolved,no exact preferred-label or entry-term match in local MeSH 2026,2026-07-31T20:56:20.541600+00:00
mem_7892ba722a,Bonnie Kaplan,https://profiles.ucalgary.ca/bonnie-kaplan,Mental Health,mental health,declared_area_title,always_visible_source_declared,true,1,D008603,Mental Health,HBI-MED-001,Mental Health,accepted,exact MeSH preferred/entry-term match plus curated umbrella rule,2026-07-31T20:56:20.541600+00:00
mem_7892ba722a,Bonnie Kaplan,https://profiles.ucalgary.ca/bonnie-kaplan,Maternal Health,maternal health,declared_area_title,always_visible_source_declared,true,2,D000068097,Maternal Health,,,review,MeSH concept found; medical umbrella requires review,2026-07-31T20:56:20.541600+00:00
mem_7892ba722a,Bonnie Kaplan,https://profiles.ucalgary.ca/bonnie-kaplan,Nutrition,nutrition,declared_area_title,always_visible_source_declared,true,3,,,,,unresolved,no exact preferred-label or entry-term match in local MeSH 2026,2026-07-31T20:56:20.541600+00:00
mem_126415dca2,Bradley Gordon Goodyear,https://profiles.ucalgary.ca/bradley-gordon-goodyear,Epilepsy,epilepsy,declared_area_title,always_visible_source_declared,true,0,D004827,Epilepsy,HBI-MED-002,Neurological Disorders,accepted,exact MeSH preferred/entry-term match plus curated umbrella rule,2026-07-31T20:56:20.541600+00:00
mem_126415dca2,Bradley Gordon Goodyear,https://profiles.ucalgary.ca/bradley-gordon-goodyear,Movement Disorders,movement disorders,declared_area_title,always_visible_source_declared,true,1,D009069,Movement Disorders,HBI-MED-002,Neurological Disorders,accepted,exact MeSH preferred/entry-term match plus curated umbrella rule,2026-07-31T20:56:20.541600+00:00
mem_126415dca2,Bradley Gordon Goodyear,https://profiles.ucalgary.ca/bradley-gordon-goodyear,Multiple Sclerosis,multiple sclerosis,declared_area_title,always_visible_source_declared,true,2,D009103,Multiple Sclerosis,HBI-MED-002,Neurological Disorders,accepted,exact MeSH preferred/entry-term match plus curated umbrella rule,2026-07-31T20:56:20.541600+00:00
mem_126415dca2,Bradley Gordon Goodyear,https://profiles.ucalgary.ca/bradley-gordon-goodyear,Traumatic Brain Injury,traumatic brain injury,declared_area_title,always_visible_source_declared,true,3,D000070642,"Brain Injuries, Traumatic",HBI-MED-003,Brain Injury and Neurotrauma,accepted,exact MeSH preferred/entry-term match plus curated umbrella rule,2026-07-31T20:56:20.541600+00:00
mem_6dce23a68b,Brandy Callahan,https://profiles.ucalgary.ca/brandy-callahan,dementia,dementia,declared_area_title,always_visible_source_declared,true,0,D003704,Dementia,HBI-MED-002,Neurological Disorders,accepted,exact MeSH preferred/entry-term match plus curated umbrella rule,2026-07-31T20:56:20.541600+00:00
mem_0ba6f2386f,Brian Brooks,https://profiles.ucalgary.ca/brian-brooks,Brain Injury,brain injury,declared_area_title,always_visible_source_declared,true,0,D001930,Brain Injuries,HBI-MED-003,Brain Injury and Neurotrauma,accepted,exact MeSH preferred/entry-term match plus curated umbrella rule,2026-07-31T20:56:20.541600+00:00
mem_0ba6f2386f,Brian Brooks,https://profiles.ucalgary.ca/brian-brooks,Concussion,concussion,declared_area_title,always_visible_source_declared,true,1,,,,,unresolved,no exact preferred-label or entry-term match in local MeSH 2026,2026-07-31T20:56:20.541600+00:00
mem_0ba6f2386f,Brian Brooks,https://profiles.ucalgary.ca/brian-brooks,Health Outcomes,health outcomes,declared_area_title,always_visible_source_declared,true,2,,,,,unresolved,no exact preferred-label or entry-term match in local MeSH 2026,2026-07-31T20:56:20.541600+00:00
mem_0ba6f2386f,Brian Brooks,https://profiles.ucalgary.ca/brian-brooks,Psychosocial outcomes,psychosocial outcomes,declared_area_title,always_visible_source_declared,true,3,,,,,unresolved,no exact preferred-label or entry-term match in local MeSH 2026,2026-07-31T20:56:20.541600+00:00
mem_a80c7bc771,Brian Herbert Bland,https://profiles.ucalgary.ca/brian-herbert-bland,"Oscillation and synchrony in the limbic cortex, function of the posterior hypothalamus",oscillation and synchrony in the limbic cortex function of the posterior hypothalamus,declared_area_title,always_visible_source_declared,true,0,,,,,unresolved,delimited profile term; no exact preferred-label or entry-term match in local MeSH 2026,2026-07-31T20:56:20.541600+00:00
mem_1ae867ffe5,Brittany Martin,https://profiles.ucalgary.ca/brittany-martin,Interests,interests,declared_area_title,always_visible_source_declared,true,0,,,,,unresolved,no exact preferred-label or entry-term match in local MeSH 2026,2026-07-31T20:56:20.541600+00:00
mem_7a1797f182,Bryan Yipp,https://profiles.ucalgary.ca/bryan-yipp,Neuroimmunity,neuroimmunity,declared_area_title,always_visible_source_declared,true,0,,,,,unresolved,no exact preferred-label or entry-term match in local MeSH 2026,2026-07-31T20:56:20.541600+00:00
mem_df3ac5151d,Camila Aquino,https://profiles.ucalgary.ca/camila-aquino,Movement Disorders,movement disorders,declared_area_title,always_visible_source_declared,true,0,D009069,Movement Disorders,HBI-MED-002,Neurological Disorders,accepted,exact MeSH preferred/entry-term match plus curated umbrella rule,2026-07-31T20:56:20.541600+00:00
mem_8cb7ffa789,Carlos Camara-Lemarroy,https://profiles.ucalgary.ca/carlos-camara-lemarroy,Multiple Sclerosis,multiple sclerosis,declared_area_title,always_visible_source_declared,true,0,D009103,Multiple Sclerosis,HBI-MED-002,Neurological Disorders,accepted,exact MeSH preferred/entry-term match plus curated umbrella rule,2026-07-31T20:56:20.541600+00:00
mem_8cb7ffa789,Carlos Camara-Lemarroy,https://profiles.ucalgary.ca/carlos-camara-lemarroy,Neuroimmunology,neuroimmunology,declared_area_title,always_visible_source_declared,true,1,,,,,unresolved,no exact preferred-label or entry-term match in local MeSH 2026,2026-07-31T20:56:20.541600+00:00
mem_8cb7ffa789,Carlos Camara-Lemarroy,https://profiles.ucalgary.ca/carlos-camara-lemarroy,MS,ms,declared_area_title,always_visible_source_declared,true,2,,,,,unresolved,no exact preferred-label or entry-term match in local MeSH 2026,2026-07-31T20:56:20.541600+00:00
mem_de66826bad,Carly McMorris,https://profiles.ucalgary.ca/carly-mcmorris,Theoretical Orientations,theoretical orientations,declared_area_title,always_visible_source_declared,true,0,,,,,unresolved,no exact preferred-label or entry-term match in local MeSH 2026,2026-07-31T20:56:20.541600+00:00
mem_de66826bad,Carly McMorris,https://profiles.ucalgary.ca/carly-mcmorris,Scholarly Activity,scholarly activity,declared_area_title,always_visible_source_declared,true,1,,,,,unresolved,no exact preferred-label or entry-term match in local MeSH 2026,2026-07-31T20:56:20.541600+00:00
mem_de66826bad,Carly McMorris,https://profiles.ucalgary.ca/carly-mcmorris,Interests,interests,declared_area_title,always_visible_source_declared,true,2,,,,,unresolved,no exact preferred-label or entry-term match in local MeSH 2026,2026-07-31T20:56:20.541600+00:00
mem_5f8c42fffa,Catherine Lebel,https://profiles.ucalgary.ca/catherine-lebel,Brain,brain,declared_area_title,always_visible_source_declared,true,0,D001921,Brain,,,review,MeSH concept found; medical umbrella requires review,2026-07-31T20:56:20.541600+00:00
mem_5f8c42fffa,Catherine Lebel,https://profiles.ucalgary.ca/catherine-lebel,Brain Development,brain development,declared_area_title,always_visible_source_declared,true,1,,,,,unresolved,no exact preferred-label or entry-term match in local MeSH 2026,2026-07-31T20:56:20.541600+00:00
mem_5f8c42fffa,Catherine Lebel,https://profiles.ucalgary.ca/catherine-lebel,Neurodevelopment,neurodevelopment,declared_area_title,always_visible_source_declared,true,2,D000099203,Neurodevelopment,,,review,MeSH concept found; medical umbrella requires review,2026-07-31T20:56:20.541600+00:00
mem_5f8c42fffa,Catherine Lebel,https://profiles.ucalgary.ca/catherine-lebel,Neurodevelopmental disorders,neurodevelopmental disorders,declared_area_title,always_visible_source_declared,true,3,D065886,Neurodevelopmental Disorders,HBI-MED-001,Mental Health,accepted,exact MeSH preferred/entry-term match plus curated umbrella rule,2026-07-31T20:56:20.541600+00:00
mem_5f8c42fffa,Catherine Lebel,https://profiles.ucalgary.ca/catherine-lebel,Neuroimaging,neuroimaging,declared_area_title,always_visible_source_declared,true,4,D059906,Neuroimaging,HBI-MED-005,Imaging and Diagnostics,accepted,exact MeSH preferred/entry-term match plus curated umbrella rule,2026-07-31T20:56:20.541600+00:00
mem_d21327a3f5,Chad Bousman,https://profiles.ucalgary.ca/chad-bousman,Genomics,genomics,declared_area_list,always_visible_source_declared,true,0,D023281,Genomics,HBI-MED-009,Genetics and Genomics,accepted,exact MeSH preferred/entry-term match plus curated umbrella rule,2026-07-31T20:56:20.541600+00:00
mem_d21327a3f5,Chad Bousman,https://profiles.ucalgary.ca/chad-bousman,Mental Illness,mental illness,declared_area_list,always_visible_source_declared,true,1,D001523,Mental Disorders,HBI-MED-001,Mental Health,accepted,exact MeSH preferred/entry-term match plus curated umbrella rule,2026-07-31T20:56:20.541600+00:00
mem_d21327a3f5,Chad Bousman,https://profiles.ucalgary.ca/chad-bousman,Pharmacotherapy,pharmacotherapy,declared_area_list,always_visible_source_declared,true,2,D004358,Drug Therapy,HBI-MED-008,Pharmacology and Therapeutics,accepted,exact MeSH preferred/entry-term match plus curated umbrella rule,2026-07-31T20:56:20.541600+00:00
mem_d21327a3f5,Chad Bousman,https://profiles.ucalgary.ca/chad-bousman,Pharmacogenomics,pharmacogenomics,declared_area_list,always_visible_source_declared,true,3,D010597,Pharmacogenetics,HBI-MED-009,Genetics and Genomics,accepted,exact MeSH preferred/entry-term match plus curated umbrella rule,2026-07-31T20:56:20.541600+00:00
mem_12cfcd78b8,Chantel Debert,https://profiles.ucalgary.ca/chantel-debert,Biomarkers,biomarkers,declared_area_title,always_visible_source_declared,true,0,D015415,Biomarkers,,,review,MeSH concept found; medical umbrella requires review,2026-07-31T20:56:20.541600+00:00
mem_12cfcd78b8,Chantel Debert,https://profiles.ucalgary.ca/chantel-debert,Brain Injury,brain injury,declared_area_title,always_visible_source_declared,true,1,D001930,Brain Injuries,HBI-MED-003,Brain Injury and Neurotrauma,accepted,exact MeSH preferred/entry-term match plus curated umbrella rule,2026-07-31T20:56:20.541600+00:00
mem_12cfcd78b8,Chantel Debert,https://profiles.ucalgary.ca/chantel-debert,Concussion,concussion,declared_area_title,always_visible_source_declared,true,2,,,,,unresolved,no exact preferred-label or entry-term match in local MeSH 2026,2026-07-31T20:56:20.541600+00:00
mem_12cfcd78b8,Chantel Debert,https://profiles.ucalgary.ca/chantel-debert,Post-concussion symptoms,post concussion symptoms,declared_area_title,always_visible_source_declared,true,3,D038223,Post-Concussion Syndrome,HBI-MED-003,Brain Injury and Neurotrauma,accepted,exact MeSH preferred/entry-term match plus curated umbrella rule,2026-07-31T20:56:20.541600+00:00
mem_12cfcd78b8,Chantel Debert,https://profiles.ucalgary.ca/chantel-debert,Treatment,treatment,declared_area_title,always_visible_source_declared,true,4,D013812,Therapeutics,HBI-MED-008,Pharmacology and Therapeutics,accepted,exact MeSH preferred/entry-term match plus curated umbrella rule,2026-07-31T20:56:20.541600+00:00
mem_eb52ac9c29,Chathura Kumaragamage,https://profiles.ucalgary.ca/chathura-kumaragamage,Magnetic Resonance Imaging,magnetic resonance imaging,declared_area_title,always_visible_source_declared,true,0,D008279,Magnetic Resonance Imaging,HBI-MED-005,Imaging and Diagnostics,accepted,exact MeSH preferred/entry-term match plus curated umbrella rule,2026-07-31T20:56:20.541600+00:00
mem_eb52ac9c29,Chathura Kumaragamage,https://profiles.ucalgary.ca/chathura-kumaragamage,Brain,brain,declared_area_title,always_visible_source_declared,true,1,D001921,Brain,,,review,MeSH concept found; medical umbrella requires review,2026-07-31T20:56:20.541600+00:00
mem_eb52ac9c29,Chathura Kumaragamage,https://profiles.ucalgary.ca/chathura-kumaragamage,Neurodevelopment,neurodevelopment,declared_area_title,always_visible_source_declared,true,2,D000099203,Neurodevelopment,,,review,MeSH concept found; medical umbrella requires review,2026-07-31T20:56:20.541600+00:00
mem_eb52ac9c29,Chathura Kumaragamage,https://profiles.ucalgary.ca/chathura-kumaragamage,Neurodevelopmental Disorders,neurodevelopmental disorders,declared_area_title,always_visible_source_declared,true,3,D065886,Neurodevelopmental Disorders,HBI-MED-001,Mental Health,accepted,exact MeSH preferred/entry-term match plus curated umbrella rule,2026-07-31T20:56:20.541600+00:00
mem_eb52ac9c29,Chathura Kumaragamage,https://profiles.ucalgary.ca/chathura-kumaragamage,Cancer,cancer,declared_area_title,always_visible_source_declared,true,4,D009369,Neoplasms,HBI-MED-004,Cancer and Tumours,accepted,exact MeSH preferred/entry-term match plus curated umbrella rule,2026-07-31T20:56:20.541600+00:00
mem_2fc1b1d132,Chester Ho,https://profiles.ucalgary.ca/chester-ho,Movement Disorders,movement disorders,declared_area_title,always_visible_source_declared,true,0,D009069,Movement Disorders,HBI-MED-002,Neurological Disorders,accepted,exact MeSH preferred/entry-term match plus curated umbrella rule,2026-07-31T20:56:20.541600+00:00
mem_2fc1b1d132,Chester Ho,https://profiles.ucalgary.ca/chester-ho,Spinal Cord / Nerve Injury & Pain,spinal cord nerve injury pain,declared_area_title,always_visible_source_declared,true,1,,,,,unresolved,no exact preferred-label or entry-term match in local MeSH 2026,2026-07-31T20:56:20.541600+00:00
mem_f68a60fd9c,Christophe Altier,https://profiles.ucalgary.ca/christophe-altier,"Our research focus is on the neurobiology of pain, with a particular interest in understanding the plasticity of specialized sensory neurons (nociceptors) in chronic diseases (i.e arthritis, inflammatory bowel disease (IBD) or cancer)",our research focus is on the neurobiology of pain with a particular interest in understanding the plasticity of specialized sensory neurons nociceptors in chronic diseases i e arthritis inflammatory bowel disease ibd or cancer,declared_area_title,always_visible_source_declared,true,0,,,,,review,narrative fragment,2026-07-31T20:56:20.541600+00:00
mem_c2f73113e5,Christopher Sears,https://profiles.ucalgary.ca/christopher-sears,Cognition,cognition,declared_area_title,always_visible_source_declared,true,0,D003071,Cognition,HBI-MED-011,Cognitive and Behavioural Neuroscience,accepted,exact MeSH preferred/entry-term match plus curated umbrella rule,2026-07-31T20:56:20.541600+00:00
mem_c2f73113e5,Christopher Sears,https://profiles.ucalgary.ca/christopher-sears,Attention,attention,declared_area_title,always_visible_source_declared,true,1,D001288,Attention,HBI-MED-011,Cognitive and Behavioural Neuroscience,accepted,exact MeSH preferred/entry-term match plus curated umbrella rule,2026-07-31T20:56:20.541600+00:00
mem_c2f73113e5,Christopher Sears,https://profiles.ucalgary.ca/christopher-sears,Memory,memory,declared_area_title,always_visible_source_declared,true,2,D008568,Memory,HBI-MED-011,Cognitive and Behavioural Neuroscience,accepted,exact MeSH preferred/entry-term match plus curated umbrella rule,2026-07-31T20:56:20.541600+00:00
mem_c2f73113e5,Christopher Sears,https://profiles.ucalgary.ca/christopher-sears,Mood,mood,declared_area_title,always_visible_source_declared,true,3,D000339,Affect,,,review,MeSH concept found; medical umbrella requires review,2026-07-31T20:56:20.541600+00:00
mem_c2f73113e5,Christopher Sears,https://profiles.ucalgary.ca/christopher-sears,Emotion,emotion,declared_area_title,always_visible_source_declared,true,4,D004644,Emotions,,,review,MeSH concept found; medical umbrella requires review,2026-07-31T20:56:20.541600+00:00
mem_c2f73113e5,Christopher Sears,https://profiles.ucalgary.ca/christopher-sears,Depression,depression,declared_area_title,always_visible_source_declared,true,5,D003863,Depression,HBI-MED-001,Mental Health,accepted,exact MeSH preferred/entry-term match plus curated umbrella rule,2026-07-31T20:56:20.541600+00:00
mem_c2f73113e5,Christopher Sears,https://profiles.ucalgary.ca/christopher-sears,Vulnerability,vulnerability,declared_area_title,always_visible_source_declared,true,6,,,,,unresolved,no exact preferred-label or entry-term match in local MeSH 2026,2026-07-31T20:56:20.541600+00:00
mem_c2f73113e5,Christopher Sears,https://profiles.ucalgary.ca/christopher-sears,Individual Differences,individual differences,declared_area_title,always_visible_source_declared,true,7,D007206,Individuality,,,review,MeSH concept found; medical umbrella requires review,2026-07-31T20:56:20.541600+00:00
mem_c6790bf1f8,Cindy Barha,https://profiles.ucalgary.ca/cindy-barha,Brain health and exercise,brain health and exercise,declared_area_title,always_visible_source_declared,true,0,,,,,unresolved,no exact preferred-label or entry-term match in local MeSH 2026,2026-07-31T20:56:20.541600+00:00
mem_28a1b9d70f,Clare Gallagher,https://profiles.ucalgary.ca/clare-gallagher,Brain Injury,brain injury,declared_area_title,always_visible_source_declared,true,0,D001930,Brain Injuries,HBI-MED-003,Brain Injury and Neurotrauma,accepted,exact MeSH preferred/entry-term match plus curated umbrella rule,2026-07-31T20:56:20.541600+00:00
mem_e99045f0a4,Claudia Gomes da Rocha,https://profiles.ucalgary.ca/claudia-gomes-da-rocha,Theoretical condensed matter physics,theoretical condensed matter physics,declared_area_title,always_visible_source_declared,true,0,,,,,unresolved,no exact preferred-label or entry-term match in local MeSH 2026,2026-07-31T20:56:20.541600+00:00
mem_e99045f0a4,Claudia Gomes da Rocha,https://profiles.ucalgary.ca/claudia-gomes-da-rocha,Neuromorphic systems and brain-inspired technologies,neuromorphic systems and brain inspired technologies,declared_area_title,always_visible_source_declared,true,1,,,,,unresolved,no exact preferred-label or entry-term match in local MeSH 2026,2026-07-31T20:56:20.541600+00:00
mem_e99045f0a4,Claudia Gomes da Rocha,https://profiles.ucalgary.ca/claudia-gomes-da-rocha,Materials science and nanoscience,materials science and nanoscience,declared_area_title,always_visible_source_declared,true,2,,,,,unresolved,no exact preferred-label or entry-term match in local MeSH 2026,2026-07-31T20:56:20.541600+00:00
mem_e99045f0a4,Claudia Gomes da Rocha,https://profiles.ucalgary.ca/claudia-gomes-da-rocha,Quantum materials and sensing,quantum materials and sensing,declared_area_title,always_visible_source_declared,true,3,,,,,unresolved,no exact preferred-label or entry-term match in local MeSH 2026,2026-07-31T20:56:20.541600+00:00
mem_e99045f0a4,Claudia Gomes da Rocha,https://profiles.ucalgary.ca/claudia-gomes-da-rocha,Complex systems,complex systems,declared_area_title,always_visible_source_declared,true,4,,,,,unresolved,no exact preferred-label or entry-term match in local MeSH 2026,2026-07-31T20:56:20.541600+00:00
mem_92fd45a247,Colin Dalton,https://profiles.ucalgary.ca/colin-dalton,Biomedical Engineering,biomedical engineering,declared_area_title,always_visible_source_declared,true,0,D001698,Biomedical Engineering,,,review,MeSH concept found; medical umbrella requires review,2026-07-31T20:56:20.541600+00:00
mem_92fd45a247,Colin Dalton,https://profiles.ucalgary.ca/colin-dalton,Micro Nano Fabrication,micro nano fabrication,declared_area_title,always_visible_source_declared,true,1,,,,,unresolved,no exact preferred-label or entry-term match in local MeSH 2026,2026-07-31T20:56:20.541600+00:00
mem_92fd45a247,Colin Dalton,https://profiles.ucalgary.ca/colin-dalton,Microneedles,microneedles,declared_area_title,always_visible_source_declared,true,2,D000099098,Microneedle Drug Delivery,HBI-MED-008,Pharmacology and Therapeutics,accepted,exact MeSH preferred/entry-term match plus curated umbrella rule,2026-07-31T20:56:20.541600+00:00
mem_92fd45a247,Colin Dalton,https://profiles.ucalgary.ca/colin-dalton,Electrokinetics,electrokinetics,declared_area_title,always_visible_source_declared,true,3,,,,,unresolved,no exact preferred-label or entry-term match in local MeSH 2026,2026-07-31T20:56:20.541600+00:00
mem_92fd45a247,Colin Dalton,https://profiles.ucalgary.ca/colin-dalton,Brain Machine Interfaces,brain machine interfaces,declared_area_title,always_visible_source_declared,true,4,D062207,Brain-Computer Interfaces,,,review,MeSH concept found; medical umbrella requires review,2026-07-31T20:56:20.541600+00:00
mem_b4cf5563b0,Colin Josephson,https://profiles.ucalgary.ca/colin-josephson,Epilepsy,epilepsy,declared_area_title,always_visible_source_declared,true,0,D004827,Epilepsy,HBI-MED-002,Neurological Disorders,accepted,exact MeSH preferred/entry-term match plus curated umbrella rule,2026-07-31T20:56:20.541600+00:00
mem_e7c4e90dd1,Dallas Seitz,https://profiles.ucalgary.ca/dallas-seitz,Dementia and Cognitive Disorders,dementia and cognitive disorders,declared_area_title,always_visible_source_declared,true,0,D003704,Dementia,HBI-MED-002,Neurological Disorders,accepted,embedded medical phrase recovered from profile text; exact MeSH preferred/entry-term match plus curated umbrella rule,2026-07-31T20:56:20.541600+00:00
mem_e7c4e90dd1,Dallas Seitz,https://profiles.ucalgary.ca/dallas-seitz,Mental Health,mental health,declared_area_title,always_visible_source_declared,true,1,D008603,Mental Health,HBI-MED-001,Mental Health,accepted,exact MeSH preferred/entry-term match plus curated umbrella rule,2026-07-31T20:56:20.541600+00:00
mem_e7c4e90dd1,Dallas Seitz,https://profiles.ucalgary.ca/dallas-seitz,dementia,dementia,declared_area_title,always_visible_source_declared,true,2,D003704,Dementia,HBI-MED-002,Neurological Disorders,accepted,exact MeSH preferred/entry-term match plus curated umbrella rule,2026-07-31T20:56:20.541600+00:00
mem_e7c4e90dd1,Dallas Seitz,https://profiles.ucalgary.ca/dallas-seitz,Geriatric Mental Health,geriatric mental health,declared_area_title,always_visible_source_declared,true,3,D008603,Mental Health,HBI-MED-001,Mental Health,accepted,embedded medical phrase recovered from profile text; exact MeSH preferred/entry-term match plus curated umbrella rule,2026-07-31T20:56:20.541600+00:00
mem_bd39b96aae,Daniel Okoro,https://profiles.ucalgary.ca/daniel-okoro,Indigenous mental health,indigenous mental health,declared_area_title,always_visible_source_declared,true,0,D008603,Mental Health,HBI-MED-001,Mental Health,accepted,embedded medical phrase recovered from profile text; exact MeSH preferred/entry-term match plus curated umbrella rule,2026-07-31T20:56:20.541600+00:00
mem_bd39b96aae,Daniel Okoro,https://profiles.ucalgary.ca/daniel-okoro,Military psychiatry,military psychiatry,declared_area_title,always_visible_source_declared,true,1,D008890,Military Psychiatry,,,review,MeSH concept found; medical umbrella requires review,2026-07-31T20:56:20.541600+00:00
mem_bd39b96aae,Daniel Okoro,https://profiles.ucalgary.ca/daniel-okoro,Suicides,suicides,declared_area_title,always_visible_source_declared,true,2,D013405,Suicide,,,review,MeSH concept found; medical umbrella requires review,2026-07-31T20:56:20.541600+00:00
mem_bd39b96aae,Daniel Okoro,https://profiles.ucalgary.ca/daniel-okoro,Cultural psychiatry,cultural psychiatry,declared_area_title,always_visible_source_declared,true,3,D005008,Ethnopsychology,,,review,MeSH concept found; medical umbrella requires review,2026-07-31T20:56:20.541600+00:00
mem_bd39b96aae,Daniel Okoro,https://profiles.ucalgary.ca/daniel-okoro,Race and Professionalism in medical practice,race and professionalism in medical practice,declared_area_title,always_visible_source_declared,true,4,,,,,unresolved,no exact preferred-label or entry-term match in local MeSH 2026,2026-07-31T20:56:20.541600+00:00
mem_023bd77aa2,Daniel Pang,https://profiles.ucalgary.ca/daniel-pang,Clinical Science,clinical science,declared_area_title,always_visible_source_declared,true,0,,,,,unresolved,no exact preferred-label or entry-term match in local MeSH 2026,2026-07-31T20:56:20.541600+00:00
mem_023bd77aa2,Daniel Pang,https://profiles.ucalgary.ca/daniel-pang,Equine Health,equine health,declared_area_title,always_visible_source_declared,true,1,,,,,unresolved,no exact preferred-label or entry-term match in local MeSH 2026,2026-07-31T20:56:20.541600+00:00
mem_023bd77aa2,Daniel Pang,https://profiles.ucalgary.ca/daniel-pang,Veterinary Medical Education,veterinary medical education,declared_area_title,always_visible_source_declared,true,2,,,,,unresolved,no exact preferred-label or entry-term match in local MeSH 2026,2026-07-31T20:56:20.541600+00:00
mem_023bd77aa2,Daniel Pang,https://profiles.ucalgary.ca/daniel-pang,Neuroscience,neuroscience,declared_area_title,always_visible_source_declared,true,3,D009488,Neurosciences,,,review,MeSH concept found; medical umbrella requires review,2026-07-31T20:56:20.541600+00:00
mem_023bd77aa2,Daniel Pang,https://profiles.ucalgary.ca/daniel-pang,Spinal Cord / Nerve Injury & Pain,spinal cord nerve injury pain,declared_area_title,always_visible_source_declared,true,4,,,,,unresolved,no exact preferred-label or entry-term match in local MeSH 2026,2026-07-31T20:56:20.541600+00:00
mem_4fc16fbe9a,Danijela Piskulic,https://profiles.ucalgary.ca/danijela-piskulic,"Mental health, Health Systems",mental health health systems,declared_area_list,always_visible_source_declared,true,0,D008603,Mental Health,HBI-MED-001,Mental Health,accepted,delimited profile term; exact MeSH preferred/entry-term match plus curated umbrella rule | delimited profile term; no exact preferred-label or entry-term match in local MeSH 2026,2026-07-31T20:56:20.541600+00:00
mem_2561dcafb5,Darren Derksen,https://profiles.ucalgary.ca/darren-derksen,Novel Therapeutics and Medicinal Chemistry,novel therapeutics and medicinal chemistry,declared_area_detail,always_visible_source_declared,true,0,D013812,Therapeutics,HBI-MED-008,Pharmacology and Therapeutics,accepted,embedded medical phrase recovered from profile text; exact MeSH preferred/entry-term match plus curated umbrella rule,2026-07-31T20:56:20.541600+00:00
mem_c05467d02f,Davide Martino,https://profiles.ucalgary.ca/davide-martino,Clinical research: biomarkers,clinical research biomarkers,declared_area_title,always_visible_source_declared,true,0,,,,,unresolved,no exact preferred-label or entry-term match in local MeSH 2026,2026-07-31T20:56:20.541600+00:00
mem_c05467d02f,Davide Martino,https://profiles.ucalgary.ca/davide-martino,Implementation Science,implementation science,declared_area_title,always_visible_source_declared,true,1,D000077626,Implementation Science,,,review,MeSH concept found; medical umbrella requires review,2026-07-31T20:56:20.541600+00:00
mem_c05467d02f,Davide Martino,https://profiles.ucalgary.ca/davide-martino,Non-invasive neuro modulation,non invasive neuro modulation,declared_area_title,always_visible_source_declared,true,2,,,,,unresolved,no exact preferred-label or entry-term match in local MeSH 2026,2026-07-31T20:56:20.541600+00:00
mem_d670519f7b,David Hogan,https://profiles.ucalgary.ca/david-hogan,Aging,aging,declared_area_title,always_visible_source_declared,true,0,D000375,Aging,,,review,MeSH concept found; medical umbrella requires review,2026-07-31T20:56:20.541600+00:00
mem_3e0e98847e,David Nicholas,https://profiles.ucalgary.ca/david-nicholas,Autism,autism,declared_area_title,always_visible_source_declared,true,0,D001321,Autistic Disorder,HBI-MED-001,Mental Health,accepted,exact MeSH preferred/entry-term match plus curated umbrella rule,2026-07-31T20:56:20.541600+00:00
mem_3e0e98847e,David Nicholas,https://profiles.ucalgary.ca/david-nicholas,Determinants of Health,determinants of health,declared_area_title,always_visible_source_declared,true,1,,,,,unresolved,no exact preferred-label or entry-term match in local MeSH 2026,2026-07-31T20:56:20.541600+00:00
mem_3e0e98847e,David Nicholas,https://profiles.ucalgary.ca/david-nicholas,Health Services Research,health services research,declared_area_title,always_visible_source_declared,true,2,D006302,Health Services Research,HBI-MED-012,Population and Public Health,accepted,exact MeSH preferred/entry-term match plus curated umbrella rule,2026-07-31T20:56:20.541600+00:00
mem_3e0e98847e,David Nicholas,https://profiles.ucalgary.ca/david-nicholas,Neurodevelopmental Disorders,neurodevelopmental disorders,declared_area_title,always_visible_source_declared,true,3,D065886,Neurodevelopmental Disorders,HBI-MED-001,Mental Health,accepted,exact MeSH preferred/entry-term match plus curated umbrella rule,2026-07-31T20:56:20.541600+00:00
mem_3e0e98847e,David Nicholas,https://profiles.ucalgary.ca/david-nicholas,Patient and Family Centred Care,patient and family centred care,declared_area_title,always_visible_source_declared,true,4,,,,,unresolved,no exact preferred-label or entry-term match in local MeSH 2026,2026-07-31T20:56:20.541600+00:00
mem_f80aadfb52,David Park,https://profiles.ucalgary.ca/david-park,Genetic causes of Parkinson's disease,genetic causes of parkinson disease,declared_area_title,always_visible_source_declared,true,0,D010300,Parkinson Disease,HBI-MED-002,Neurological Disorders,accepted,embedded medical phrase recovered from profile text; exact MeSH preferred/entry-term match plus curated umbrella rule,2026-07-31T20:56:20.541600+00:00
mem_f80aadfb52,David Park,https://profiles.ucalgary.ca/david-park,Genetic links to familial Parkinson's disease,genetic links to familial parkinson disease,declared_area_title,always_visible_source_declared,true,1,D010300,Parkinson Disease,HBI-MED-002,Neurological Disorders,accepted,embedded medical phrase recovered from profile text; exact MeSH preferred/entry-term match plus curated umbrella rule,2026-07-31T20:56:20.541600+00:00
mem_f80aadfb52,David Park,https://profiles.ucalgary.ca/david-park,Cellular mechanisms to improve recovery after stroke,cellular mechanisms to improve recovery after stroke,declared_area_title,always_visible_source_declared,true,2,D020521,Stroke,HBI-MED-006,Cardiovascular Health,accepted,embedded medical phrase recovered from profile text; exact MeSH preferred/entry-term match plus curated umbrella rule,2026-07-31T20:56:20.541600+00:00
mem_f80aadfb52,David Park,https://profiles.ucalgary.ca/david-park,Stroke-related neurodegeneration,stroke related neurodegeneration,declared_area_title,always_visible_source_declared,true,3,D020521,Stroke,HBI-MED-006,Cardiovascular Health,accepted,embedded medical phrase recovered from profile text; exact MeSH preferred/entry-term match plus curated umbrella rule,2026-07-31T20:56:20.541600+00:00
mem_f80aadfb52,David Park,https://profiles.ucalgary.ca/david-park,Movement Disorders,movement disorders,declared_area_title,always_visible_source_declared,true,4,D009069,Movement Disorders,HBI-MED-002,Neurological Disorders,accepted,exact MeSH preferred/entry-term match plus curated umbrella rule,2026-07-31T20:56:20.541600+00:00
mem_f80aadfb52,David Park,https://profiles.ucalgary.ca/david-park,Stroke,stroke,declared_area_title,always_visible_source_declared,true,5,D020521,Stroke,HBI-MED-006,Cardiovascular Health,accepted,exact MeSH preferred/entry-term match plus curated umbrella rule,2026-07-31T20:56:20.541600+00:00
mem_c9fd274cf3,Dawn Kingston,https://profiles.ucalgary.ca/dawn-kingston,Child Development,child development,declared_area_list,always_visible_source_declared,true,0,D002657,Child Development,,,review,MeSH concept found; medical umbrella requires review,2026-07-31T20:56:20.541600+00:00
mem_c9fd274cf3,Dawn Kingston,https://profiles.ucalgary.ca/dawn-kingston,Health Services and Policy Research,health services and policy research,declared_area_list,always_visible_source_declared,true,1,,,,,unresolved,no exact preferred-label or entry-term match in local MeSH 2026,2026-07-31T20:56:20.541600+00:00
mem_c9fd274cf3,Dawn Kingston,https://profiles.ucalgary.ca/dawn-kingston,Maternal Health,maternal health,declared_area_list,always_visible_source_declared,true,2,D000068097,Maternal Health,,,review,MeSH concept found; medical umbrella requires review,2026-07-31T20:56:20.541600+00:00
mem_c9fd274cf3,Dawn Kingston,https://profiles.ucalgary.ca/dawn-kingston,Perinatal Mental Health,perinatal mental health,declared_area_list,always_visible_source_declared,true,3,D008603,Mental Health,HBI-MED-001,Mental Health,accepted,embedded medical phrase recovered from profile text; exact MeSH preferred/entry-term match plus curated umbrella rule,2026-07-31T20:56:20.541600+00:00
mem_c9fd274cf3,Dawn Kingston,https://profiles.ucalgary.ca/dawn-kingston,Pregnancy,pregnancy,declared_area_list,always_visible_source_declared,true,4,D011247,Pregnancy,,,review,MeSH concept found; medical umbrella requires review,2026-07-31T20:56:20.541600+00:00
mem_c9fd274cf3,Dawn Kingston,https://profiles.ucalgary.ca/dawn-kingston,Resiliency,resiliency,declared_area_list,always_visible_source_declared,true,5,D055500,"Resilience, Psychological",,,review,MeSH concept found; medical umbrella requires review,2026-07-31T20:56:20.541600+00:00
mem_c9fd274cf3,Dawn Kingston,https://profiles.ucalgary.ca/dawn-kingston,Application of e-technology to mental healthcare,application of e technology to mental healthcare,declared_area_list,always_visible_source_declared,true,6,,,,,unresolved,no exact preferred-label or entry-term match in local MeSH 2026,2026-07-31T20:56:20.541600+00:00
mem_bc444455ee,Deborah Kurrasch,https://profiles.ucalgary.ca/deborah-kurrasch,Developmental Genetics,developmental genetics,declared_area_title,always_visible_source_declared,true,0,D005823,Genetics,HBI-MED-009,Genetics and Genomics,accepted,embedded medical phrase recovered from profile text; exact MeSH preferred/entry-term match plus curated umbrella rule,2026-07-31T20:56:20.541600+00:00
mem_bc444455ee,Deborah Kurrasch,https://profiles.ucalgary.ca/deborah-kurrasch,Epilepsy,epilepsy,declared_area_title,always_visible_source_declared,true,1,D004827,Epilepsy,HBI-MED-002,Neurological Disorders,accepted,exact MeSH preferred/entry-term match plus curated umbrella rule,2026-07-31T20:56:20.541600+00:00
mem_bc444455ee,Deborah Kurrasch,https://profiles.ucalgary.ca/deborah-kurrasch,Model Organism,model organism,declared_area_title,always_visible_source_declared,true,2,,,,,unresolved,no exact preferred-label or entry-term match in local MeSH 2026,2026-07-31T20:56:20.541600+00:00
mem_bc444455ee,Deborah Kurrasch,https://profiles.ucalgary.ca/deborah-kurrasch,Novel Therapeutics,novel therapeutics,declared_area_title,always_visible_source_declared,true,3,D013812,Therapeutics,HBI-MED-008,Pharmacology and Therapeutics,accepted,embedded medical phrase recovered from profile text; exact MeSH preferred/entry-term match plus curated umbrella rule,2026-07-31T20:56:20.541600+00:00
mem_bc444455ee,Deborah Kurrasch,https://profiles.ucalgary.ca/deborah-kurrasch,Neurogenetics,neurogenetics,declared_area_title,always_visible_source_declared,true,4,,,,,unresolved,no exact preferred-label or entry-term match in local MeSH 2026,2026-07-31T20:56:20.541600+00:00
mem_bc444455ee,Deborah Kurrasch,https://profiles.ucalgary.ca/deborah-kurrasch,Developmental Neuroscience,developmental neuroscience,declared_area_title,always_visible_source_declared,true,5,,,,,unresolved,no exact preferred-label or entry-term match in local MeSH 2026,2026-07-31T20:56:20.541600+00:00
mem_bc444455ee,Deborah Kurrasch,https://profiles.ucalgary.ca/deborah-kurrasch,Neurodevelopmental Disorders,neurodevelopmental disorders,declared_area_title,always_visible_source_declared,true,6,D065886,Neurodevelopmental Disorders,HBI-MED-001,Mental Health,accepted,exact MeSH preferred/entry-term match plus curated umbrella rule,2026-07-31T20:56:20.541600+00:00
mem_bc444455ee,Deborah Kurrasch,https://profiles.ucalgary.ca/deborah-kurrasch,Neuroinflammation,neuroinflammation,declared_area_title,always_visible_source_declared,true,7,D000090862,Neuroinflammatory Diseases,,,review,MeSH concept found; medical umbrella requires review,2026-07-31T20:56:20.541600+00:00
mem_bc444455ee,Deborah Kurrasch,https://profiles.ucalgary.ca/deborah-kurrasch,Neural Stem Cells,neural stem cells,declared_area_title,always_visible_source_declared,true,8,D058953,Neural Stem Cells,HBI-MED-010,Cellular and Molecular Neuroscience,accepted,exact MeSH preferred/entry-term match plus curated umbrella rule,2026-07-31T20:56:20.541600+00:00
mem_bc444455ee,Deborah Kurrasch,https://profiles.ucalgary.ca/deborah-kurrasch,Cellular and Molecular Neuroscience,cellular and molecular neuroscience,declared_area_title,always_visible_source_declared,true,9,,,,,unresolved,no exact preferred-label or entry-term match in local MeSH 2026,2026-07-31T20:56:20.541600+00:00
mem_ee6b1c7368,Deborah Maryanne Dewey,https://profiles.ucalgary.ca/deborah-maryanne-dewey,Neurotoxicology,neurotoxicology,declared_area_title,always_visible_source_declared,true,0,,,,,unresolved,no exact preferred-label or entry-term match in local MeSH 2026,2026-07-31T20:56:20.541600+00:00
mem_ee6b1c7368,Deborah Maryanne Dewey,https://profiles.ucalgary.ca/deborah-maryanne-dewey,Neurodevelopment,neurodevelopment,declared_area_title,always_visible_source_declared,true,1,D000099203,Neurodevelopment,,,review,MeSH concept found; medical umbrella requires review,2026-07-31T20:56:20.541600+00:00
mem_ee6b1c7368,Deborah Maryanne Dewey,https://profiles.ucalgary.ca/deborah-maryanne-dewey,Neurodevelopmental Disorders,neurodevelopmental disorders,declared_area_title,always_visible_source_declared,true,2,D065886,Neurodevelopmental Disorders,HBI-MED-001,Mental Health,accepted,exact MeSH preferred/entry-term match plus curated umbrella rule,2026-07-31T20:56:20.541600+00:00
mem_ee6b1c7368,Deborah Maryanne Dewey,https://profiles.ucalgary.ca/deborah-maryanne-dewey,Global Health,global health,declared_area_title,always_visible_source_declared,true,3,D014943,Global Health,,,review,MeSH concept found; medical umbrella requires review,2026-07-31T20:56:20.541600+00:00
mem_ee6b1c7368,Deborah Maryanne Dewey,https://profiles.ucalgary.ca/deborah-maryanne-dewey,Mental Health,mental health,declared_area_title,always_visible_source_declared,true,4,D008603,Mental Health,HBI-MED-001,Mental Health,accepted,exact MeSH preferred/entry-term match plus curated umbrella rule,2026-07-31T20:56:20.541600+00:00
mem_95cc419952,Deinera Exner-Cortens,https://profiles.ucalgary.ca/deinera-exner-cortens,School Mental Health,school mental health,declared_area_list,always_visible_source_declared,true,0,,,,,review,organization or organizational unit,2026-07-31T20:56:20.541600+00:00
mem_95cc419952,Deinera Exner-Cortens,https://profiles.ucalgary.ca/deinera-exner-cortens,Violence Prevention,violence prevention,declared_area_list,always_visible_source_declared,true,1,,,,,unresolved,no exact preferred-label or entry-term match in local MeSH 2026,2026-07-31T20:56:20.541600+00:00
mem_95cc419952,Deinera Exner-Cortens,https://profiles.ucalgary.ca/deinera-exner-cortens,Healthy Relationships,healthy relationships,declared_area_list,always_visible_source_declared,true,2,,,,,unresolved,no exact preferred-label or entry-term match in local MeSH 2026,2026-07-31T20:56:20.541600+00:00
mem_95cc419952,Deinera Exner-Cortens,https://profiles.ucalgary.ca/deinera-exner-cortens,Suicide Prevention,suicide prevention,declared_area_list,always_visible_source_declared,true,3,D000092864,Suicide Prevention,,,review,MeSH concept found; medical umbrella requires review,2026-07-31T20:56:20.541600+00:00
mem_95cc419952,Deinera Exner-Cortens,https://profiles.ucalgary.ca/deinera-exner-cortens,Program Evaluation,program evaluation,declared_area_list,always_visible_source_declared,true,4,D015397,Program Evaluation,,,review,MeSH concept found; medical umbrella requires review,2026-07-31T20:56:20.541600+00:00
mem_95cc419952,Deinera Exner-Cortens,https://profiles.ucalgary.ca/deinera-exner-cortens,Adolescent Dating Violence,adolescent dating violence,declared_area_list,always_visible_source_declared,true,5,,,,,unresolved,no exact preferred-label or entry-term match in local MeSH 2026,2026-07-31T20:56:20.541600+00:00
mem_087ae95126,Derya Sargin,https://profiles.ucalgary.ca/derya-sargin,Behaviour,behaviour,declared_area_title,always_visible_source_declared,true,0,,,,,unresolved,no exact preferred-label or entry-term match in local MeSH 2026,2026-07-31T20:56:20.541600+00:00
mem_087ae95126,Derya Sargin,https://profiles.ucalgary.ca/derya-sargin,Brain Development,brain development,declared_area_title,always_visible_source_declared,true,1,,,,,unresolved,no exact preferred-label or entry-term match in local MeSH 2026,2026-07-31T20:56:20.541600+00:00
mem_087ae95126,Derya Sargin,https://profiles.ucalgary.ca/derya-sargin,Mental Health,mental health,declared_area_title,always_visible_source_declared,true,2,D008603,Mental Health,HBI-MED-001,Mental Health,accepted,exact MeSH preferred/entry-term match plus curated umbrella rule,2026-07-31T20:56:20.541600+00:00
mem_087ae95126,Derya Sargin,https://profiles.ucalgary.ca/derya-sargin,Molecular Mechanisms,molecular mechanisms,declared_area_title,always_visible_source_declared,true,3,,,,,unresolved,no exact preferred-label or entry-term match in local MeSH 2026,2026-07-31T20:56:20.541600+00:00
mem_087ae95126,Derya Sargin,https://profiles.ucalgary.ca/derya-sargin,Neuroplasticity,neuroplasticity,declared_area_title,always_visible_source_declared,true,4,D009473,Neuronal Plasticity,HBI-MED-010,Cellular and Molecular Neuroscience,accepted,exact MeSH preferred/entry-term match plus curated umbrella rule,2026-07-31T20:56:20.541600+00:00
mem_32edff8f29,Diwakar Krishnamurthy,https://profiles.ucalgary.ca/diwakar-krishnamurthy,The ETHEREAL Project - Enhancing Autistic Voices Through Extended Reality,the ethereal project enhancing autistic voices through extended reality,declared_area_title,always_visible_source_declared,true,0,,,,,unresolved,no exact preferred-label or entry-term match in local MeSH 2026,2026-07-31T20:56:20.541600+00:00
mem_32edff8f29,Diwakar Krishnamurthy,https://profiles.ucalgary.ca/diwakar-krishnamurthy,Performance optimization of next generation multimedia systems (XR and related technologies),performance optimization of next generation multimedia systems xr and related technologies,declared_area_title,always_visible_source_declared,true,1,,,,,review,no exact preferred-label or entry-term match in local MeSH 2026,2026-07-31T20:56:20.541600+00:00
mem_32edff8f29,Diwakar Krishnamurthy,https://profiles.ucalgary.ca/diwakar-krishnamurthy,Performance management of cloud,performance management of cloud,declared_area_title,always_visible_source_declared,true,2,,,,,unresolved,no exact preferred-label or entry-term match in local MeSH 2026,2026-07-31T20:56:20.541600+00:00
mem_32edff8f29,Diwakar Krishnamurthy,https://profiles.ucalgary.ca/diwakar-krishnamurthy,big data,big data,declared_area_title,always_visible_source_declared,true,3,D000077558,Big Data,,,review,MeSH concept found; medical umbrella requires review,2026-07-31T20:56:20.541600+00:00
mem_32edff8f29,Diwakar Krishnamurthy,https://profiles.ucalgary.ca/diwakar-krishnamurthy,and IoT systems,and iot systems,declared_area_title,always_visible_source_declared,true,4,,,,,unresolved,no exact preferred-label or entry-term match in local MeSH 2026,2026-07-31T20:56:20.541600+00:00
mem_32edff8f29,Diwakar Krishnamurthy,https://profiles.ucalgary.ca/diwakar-krishnamurthy,Software performance engineering,software performance engineering,declared_area_title,always_visible_source_declared,true,5,,,,,unresolved,no exact preferred-label or entry-term match in local MeSH 2026,2026-07-31T20:56:20.541600+00:00
mem_6a681336c2,Donald Emile Addington,https://profiles.ucalgary.ca/donald-emile-addington,Mental Health - Intergrating Clinical and Health Services Research,mental health intergrating clinical and health services research,declared_area_title,always_visible_source_declared,true,0,D008603 | D006302,Mental Health | Health Services Research,HBI-MED-001 | HBI-MED-012,Mental Health | Population and Public Health,accepted,embedded medical phrase recovered from profile text; exact MeSH preferred/entry-term match plus curated umbrella rule,2026-07-31T20:56:20.541600+00:00
mem_11c6e6d0a9,Douglas William Zochodne,https://profiles.ucalgary.ca/douglas-william-zochodne,"peripheral nervous system, diabetic polyneuropathy and peripheral neuron regeneration",peripheral nervous system diabetic polyneuropathy and peripheral neuron regeneration,declared_area_list,always_visible_source_declared,true,0,D017933 | D009474,Peripheral Nervous System | Neurons,HBI-MED-010,Cellular and Molecular Neuroscience,accepted,delimited profile term; MeSH concept found; medical umbrella requires review | delimited profile term; embedded medical phrase recovered from profile text; exact MeSH preferred/entry-term match plus curated umbrella rule,2026-07-31T20:56:20.541600+00:00
mem_f204657bcb,Eli Kinney-Lang,https://profiles.ucalgary.ca/eli-kinney-lang,Pediatric Brain-Computer Interfaces (BCIs),pediatric brain computer interfaces bcis,declared_area_title,always_visible_source_declared,true,0,,,,,unresolved,no exact preferred-label or entry-term match in local MeSH 2026,2026-07-31T20:56:20.541600+00:00
mem_06b710915b,Elizabeth Condliffe,https://profiles.ucalgary.ca/elizabeth-condliffe,Neurorehabilitation,neurorehabilitation,declared_area_title,always_visible_source_declared,true,0,D000066530,Neurological Rehabilitation,HBI-MED-007,Rehabilitation,accepted,exact MeSH preferred/entry-term match plus curated umbrella rule,2026-07-31T20:56:20.541600+00:00
mem_06b710915b,Elizabeth Condliffe,https://profiles.ucalgary.ca/elizabeth-condliffe,Exercise,exercise,declared_area_title,always_visible_source_declared,true,1,D015444,Exercise,,,review,MeSH concept found; medical umbrella requires review,2026-07-31T20:56:20.541600+00:00
mem_06b710915b,Elizabeth Condliffe,https://profiles.ucalgary.ca/elizabeth-condliffe,Movement Impairment,movement impairment,declared_area_title,always_visible_source_declared,true,2,,,,,unresolved,no exact preferred-label or entry-term match in local MeSH 2026,2026-07-31T20:56:20.541600+00:00
mem_06b710915b,Elizabeth Condliffe,https://profiles.ucalgary.ca/elizabeth-condliffe,Neuroplasticity,neuroplasticity,declared_area_title,always_visible_source_declared,true,3,D009473,Neuronal Plasticity,HBI-MED-010,Cellular and Molecular Neuroscience,accepted,exact MeSH preferred/entry-term match plus curated umbrella rule,2026-07-31T20:56:20.541600+00:00
mem_06b710915b,Elizabeth Condliffe,https://profiles.ucalgary.ca/elizabeth-condliffe,Robotic Rehabilitation,robotic rehabilitation,declared_area_title,always_visible_source_declared,true,4,D012046,Rehabilitation,HBI-MED-007,Rehabilitation,accepted,embedded medical phrase recovered from profile text; exact MeSH preferred/entry-term match plus curated umbrella rule,2026-07-31T20:56:20.541600+00:00
mem_06b710915b,Elizabeth Condliffe,https://profiles.ucalgary.ca/elizabeth-condliffe,Brain Stimulation,brain stimulation,declared_area_title,always_visible_source_declared,true,5,,,,,unresolved,no exact preferred-label or entry-term match in local MeSH 2026,2026-07-31T20:56:20.541600+00:00
mem_06b710915b,Elizabeth Condliffe,https://profiles.ucalgary.ca/elizabeth-condliffe,Cerebral Palsy,cerebral palsy,declared_area_title,always_visible_source_declared,true,6,D002547,Cerebral Palsy,,,review,MeSH concept found; medical umbrella requires review,2026-07-31T20:56:20.541600+00:00
mem_5357e9a762,Eloise Carr,https://profiles.ucalgary.ca/eloise-carr,Pain management,pain management,declared_area_list,always_visible_source_declared,true,0,D059408,Pain Management,,,review,MeSH concept found; medical umbrella requires review,2026-07-31T20:56:20.541600+00:00
mem_5357e9a762,Eloise Carr,https://profiles.ucalgary.ca/eloise-carr,Interprofessional education,interprofessional education,declared_area_list,always_visible_source_declared,true,1,D000081784,Interprofessional Education,,,review,MeSH concept found; medical umbrella requires review,2026-07-31T20:56:20.541600+00:00
mem_5357e9a762,Eloise Carr,https://profiles.ucalgary.ca/eloise-carr,Mixed methods research,mixed methods research,declared_area_list,always_visible_source_declared,true,2,,,,,unresolved,no exact preferred-label or entry-term match in local MeSH 2026,2026-07-31T20:56:20.541600+00:00
mem_5357e9a762,Eloise Carr,https://profiles.ucalgary.ca/eloise-carr,Knowledge Translation,knowledge translation,declared_area_list,always_visible_source_declared,true,3,D000090963,"Translational Science, Biomedical",,,review,MeSH concept found; medical umbrella requires review,2026-07-31T20:56:20.541600+00:00
mem_0dc9704372,Emily Wang,https://profiles.ucalgary.ca/emily-wang-0,complex trauma and mental health issues,complex trauma and mental health issues,declared_area_list,always_visible_source_declared,true,0,D008603,Mental Health,HBI-MED-001,Mental Health,accepted,embedded medical phrase recovered from profile text; exact MeSH preferred/entry-term match plus curated umbrella rule,2026-07-31T20:56:20.541600+00:00
mem_a04b5207a5,Emma Towlson,https://profiles.ucalgary.ca/emma-towlson,Biostatistics,biostatistics,declared_area_title,always_visible_source_declared,true,0,D056808,Biostatistics,,,review,MeSH concept found; medical umbrella requires review,2026-07-31T20:56:20.541600+00:00
mem_a04b5207a5,Emma Towlson,https://profiles.ucalgary.ca/emma-towlson,Brain,brain,declared_area_title,always_visible_source_declared,true,1,D001921,Brain,,,review,MeSH concept found; medical umbrella requires review,2026-07-31T20:56:20.541600+00:00
mem_a04b5207a5,Emma Towlson,https://profiles.ucalgary.ca/emma-towlson,Mental Health,mental health,declared_area_title,always_visible_source_declared,true,2,D008603,Mental Health,HBI-MED-001,Mental Health,accepted,exact MeSH preferred/entry-term match plus curated umbrella rule,2026-07-31T20:56:20.541600+00:00
mem_a04b5207a5,Emma Towlson,https://profiles.ucalgary.ca/emma-towlson,Mental Illness,mental illness,declared_area_title,always_visible_source_declared,true,3,D001523,Mental Disorders,HBI-MED-001,Mental Health,accepted,exact MeSH preferred/entry-term match plus curated umbrella rule,2026-07-31T20:56:20.541600+00:00
mem_a04b5207a5,Emma Towlson,https://profiles.ucalgary.ca/emma-towlson,Simulation,simulation,declared_area_title,always_visible_source_declared,true,4,,,,,unresolved,no exact preferred-label or entry-term match in local MeSH 2026,2026-07-31T20:56:20.541600+00:00
mem_cde9968348,Erica Makarenko,https://profiles.ucalgary.ca/erica-makarenko,Theoretical Orientations,theoretical orientations,declared_area_title,always_visible_source_declared,true,0,,,,,unresolved,no exact preferred-label or entry-term match in local MeSH 2026,2026-07-31T20:56:20.541600+00:00
mem_cde9968348,Erica Makarenko,https://profiles.ucalgary.ca/erica-makarenko,Interests,interests,declared_area_title,always_visible_source_declared,true,1,,,,,unresolved,no exact preferred-label or entry-term match in local MeSH 2026,2026-07-31T20:56:20.541600+00:00
mem_50e629396d,Eric Chan,https://profiles.ucalgary.ca/eric-chan,Suicide,suicide,declared_area_title,always_visible_source_declared,true,0,D013405,Suicide,,,review,MeSH concept found; medical umbrella requires review,2026-07-31T20:56:20.541600+00:00
mem_50e629396d,Eric Chan,https://profiles.ucalgary.ca/eric-chan,Psychiatric Rating Scales,psychiatric rating scales,declared_area_title,always_visible_source_declared,true,1,,,,,unresolved,no exact preferred-label or entry-term match in local MeSH 2026,2026-07-31T20:56:20.541600+00:00
mem_50e629396d,Eric Chan,https://profiles.ucalgary.ca/eric-chan,e-Mental Health,e mental health,declared_area_title,always_visible_source_declared,true,2,D008603,Mental Health,HBI-MED-001,Mental Health,accepted,embedded medical phrase recovered from profile text; exact MeSH preferred/entry-term match plus curated umbrella rule,2026-07-31T20:56:20.541600+00:00
mem_50e629396d,Eric Chan,https://profiles.ucalgary.ca/eric-chan,Bipolar Disorder,bipolar disorder,declared_area_title,always_visible_source_declared,true,3,D001714,Bipolar Disorder,HBI-MED-001,Mental Health,accepted,exact MeSH preferred/entry-term match plus curated umbrella rule,2026-07-31T20:56:20.541600+00:00
mem_50e629396d,Eric Chan,https://profiles.ucalgary.ca/eric-chan,Depression,depression,declared_area_title,always_visible_source_declared,true,4,D003863,Depression,HBI-MED-001,Mental Health,accepted,exact MeSH preferred/entry-term match plus curated umbrella rule,2026-07-31T20:56:20.541600+00:00
mem_50e629396d,Eric Chan,https://profiles.ucalgary.ca/eric-chan,Emergency Psychiatry,emergency psychiatry,declared_area_title,always_visible_source_declared,true,5,,,,,unresolved,no exact preferred-label or entry-term match in local MeSH 2026,2026-07-31T20:56:20.541600+00:00
mem_bd049b4c73,Eric Smith,https://profiles.ucalgary.ca/eric-smith,Dementia & Cognitive Disorders,dementia cognitive disorders,declared_area_title,always_visible_source_declared,true,0,D003704,Dementia,HBI-MED-002,Neurological Disorders,accepted,embedded medical phrase recovered from profile text; exact MeSH preferred/entry-term match plus curated umbrella rule,2026-07-31T20:56:20.541600+00:00
mem_bd049b4c73,Eric Smith,https://profiles.ucalgary.ca/eric-smith,Movement Disorders,movement disorders,declared_area_title,always_visible_source_declared,true,1,D009069,Movement Disorders,HBI-MED-002,Neurological Disorders,accepted,exact MeSH preferred/entry-term match plus curated umbrella rule,2026-07-31T20:56:20.541600+00:00
mem_bd049b4c73,Eric Smith,https://profiles.ucalgary.ca/eric-smith,Stroke,stroke,declared_area_title,always_visible_source_declared,true,2,D020521,Stroke,HBI-MED-006,Cardiovascular Health,accepted,exact MeSH preferred/entry-term match plus curated umbrella rule,2026-07-31T20:56:20.541600+00:00
mem_b07951c366,Farhad Maleki,https://profiles.ucalgary.ca/farhad-maleki,Artificial Intelligence,artificial intelligence,declared_area_list,always_visible_source_declared,true,0,D001185,Artificial Intelligence,,,review,MeSH concept found; medical umbrella requires review,2026-07-31T20:56:20.541600+00:00
mem_b07951c366,Farhad Maleki,https://profiles.ucalgary.ca/farhad-maleki,Machine Learning,machine learning,declared_area_list,always_visible_source_declared,true,1,D000069550,Machine Learning,,,review,MeSH concept found; medical umbrella requires review,2026-07-31T20:56:20.541600+00:00
mem_b07951c366,Farhad Maleki,https://profiles.ucalgary.ca/farhad-maleki,Computer Vision,computer vision,declared_area_list,always_visible_source_declared,true,2,,,,,unresolved,no exact preferred-label or entry-term match in local MeSH 2026,2026-07-31T20:56:20.541600+00:00
mem_b07951c366,Farhad Maleki,https://profiles.ucalgary.ca/farhad-maleki,Computational Neuroscience,computational neuroscience,declared_area_list,always_visible_source_declared,true,3,,,,,unresolved,no exact preferred-label or entry-term match in local MeSH 2026,2026-07-31T20:56:20.541600+00:00
mem_b07951c366,Farhad Maleki,https://profiles.ucalgary.ca/farhad-maleki,Biomedical Data Analysis,biomedical data analysis,declared_area_list,always_visible_source_declared,true,4,,,,,unresolved,no exact preferred-label or entry-term match in local MeSH 2026,2026-07-31T20:56:20.541600+00:00
mem_b07951c366,Farhad Maleki,https://profiles.ucalgary.ca/farhad-maleki,Applied Machine Learning,applied machine learning,declared_area_list,always_visible_source_declared,true,5,D007858,Learning,HBI-MED-011,Cognitive and Behavioural Neuroscience,accepted,embedded medical phrase recovered from profile text; exact MeSH preferred/entry-term match plus curated umbrella rule,2026-07-31T20:56:20.541600+00:00
mem_cb50148558,Farnaz Amoozegar,https://profiles.ucalgary.ca/farnaz-amoozegar,Spinal Cord / Nerve Injury & Pain,spinal cord nerve injury pain,declared_area_title,always_visible_source_declared,true,0,,,,,unresolved,no exact preferred-label or entry-term match in local MeSH 2026,2026-07-31T20:56:20.541600+00:00
mem_53c25f2cf7,Fiona Costello,https://profiles.ucalgary.ca/fiona-costello,Multiple Sclerosis,multiple sclerosis,declared_area_list,always_visible_source_declared,true,0,D009103,Multiple Sclerosis,HBI-MED-002,Neurological Disorders,accepted,exact MeSH preferred/entry-term match plus curated umbrella rule,2026-07-31T20:56:20.541600+00:00
mem_53c25f2cf7,Fiona Costello,https://profiles.ucalgary.ca/fiona-costello,Ophthalmology,ophthalmology,declared_area_list,always_visible_source_declared,true,1,D009885,Ophthalmology,,,review,MeSH concept found; medical umbrella requires review,2026-07-31T20:56:20.541600+00:00
mem_53c25f2cf7,Fiona Costello,https://profiles.ucalgary.ca/fiona-costello,Visual pathways,visual pathways,declared_area_list,always_visible_source_declared,true,2,D014795,Visual Pathways,,,review,MeSH concept found; medical umbrella requires review,2026-07-31T20:56:20.541600+00:00
mem_53c25f2cf7,Fiona Costello,https://profiles.ucalgary.ca/fiona-costello,Central nervous system,central nervous system,declared_area_list,always_visible_source_declared,true,3,D002490,Central Nervous System,,,review,MeSH concept found; medical umbrella requires review,2026-07-31T20:56:20.541600+00:00
mem_53c25f2cf7,Fiona Costello,https://profiles.ucalgary.ca/fiona-costello,MS,ms,declared_area_list,always_visible_source_declared,true,4,,,,,unresolved,no exact preferred-label or entry-term match in local MeSH 2026,2026-07-31T20:56:20.541600+00:00
mem_53c25f2cf7,Fiona Costello,https://profiles.ucalgary.ca/fiona-costello,Tumors,tumors,declared_area_list,always_visible_source_declared,true,5,D009369,Neoplasms,HBI-MED-004,Cancer and Tumours,accepted,exact MeSH preferred/entry-term match plus curated umbrella rule,2026-07-31T20:56:20.541600+00:00
mem_4fcca18975,Frank MacMaster,https://profiles.ucalgary.ca/frank-macmaster,Brain,brain,declared_area_title,always_visible_source_declared,true,0,D001921,Brain,,,review,MeSH concept found; medical umbrella requires review,2026-07-31T20:56:20.541600+00:00
mem_4fcca18975,Frank MacMaster,https://profiles.ucalgary.ca/frank-macmaster,Brain Stimulation,brain stimulation,declared_area_title,always_visible_source_declared,true,1,,,,,unresolved,no exact preferred-label or entry-term match in local MeSH 2026,2026-07-31T20:56:20.541600+00:00
mem_4fcca18975,Frank MacMaster,https://profiles.ucalgary.ca/frank-macmaster,Mental Illness,mental illness,declared_area_title,always_visible_source_declared,true,2,D001523,Mental Disorders,HBI-MED-001,Mental Health,accepted,exact MeSH preferred/entry-term match plus curated umbrella rule,2026-07-31T20:56:20.541600+00:00
mem_4fcca18975,Frank MacMaster,https://profiles.ucalgary.ca/frank-macmaster,Neurodevelopmental disorders,neurodevelopmental disorders,declared_area_title,always_visible_source_declared,true,3,D065886,Neurodevelopmental Disorders,HBI-MED-001,Mental Health,accepted,exact MeSH preferred/entry-term match plus curated umbrella rule,2026-07-31T20:56:20.541600+00:00
mem_4fcca18975,Frank MacMaster,https://profiles.ucalgary.ca/frank-macmaster,Neuroimaging,neuroimaging,declared_area_title,always_visible_source_declared,true,4,D059906,Neuroimaging,HBI-MED-005,Imaging and Diagnostics,accepted,exact MeSH preferred/entry-term match plus curated umbrella rule,2026-07-31T20:56:20.541600+00:00
mem_a0bb31cffa,Frank Stahnisch,https://profiles.ucalgary.ca/frank-stahnisch,C-STEMS Project as a CIH Working Group -- Centre for Science,c stems project as a cih working group centre for science,declared_area_title,always_visible_source_declared,true,0,,,,,review,organization or organizational unit,2026-07-31T20:56:20.541600+00:00
mem_a0bb31cffa,Frank Stahnisch,https://profiles.ucalgary.ca/frank-stahnisch,Technology,technology,declared_area_title,always_visible_source_declared,true,1,D013672,Technology,,,review,MeSH concept found; medical umbrella requires review,2026-07-31T20:56:20.541600+00:00
mem_a0bb31cffa,Frank Stahnisch,https://profiles.ucalgary.ca/frank-stahnisch,Environment,environment,declared_area_title,always_visible_source_declared,true,2,D004777,Environment,,,review,MeSH concept found; medical umbrella requires review,2026-07-31T20:56:20.541600+00:00
mem_a0bb31cffa,Frank Stahnisch,https://profiles.ucalgary.ca/frank-stahnisch,and Medicine Studies,and medicine studies,declared_area_title,always_visible_source_declared,true,3,,,,,review,sentence-like narrative fragment,2026-07-31T20:56:20.541600+00:00
mem_98307ce526,Gabrielle Wilcox,https://profiles.ucalgary.ca/gabrielle-wilcox,Theoretical Orientations,theoretical orientations,declared_area_title,always_visible_source_declared,true,0,,,,,unresolved,no exact preferred-label or entry-term match in local MeSH 2026,2026-07-31T20:56:20.541600+00:00
mem_98307ce526,Gabrielle Wilcox,https://profiles.ucalgary.ca/gabrielle-wilcox,Scholarly Activity,scholarly activity,declared_area_title,always_visible_source_declared,true,1,,,,,unresolved,no exact preferred-label or entry-term match in local MeSH 2026,2026-07-31T20:56:20.541600+00:00
mem_98307ce526,Gabrielle Wilcox,https://profiles.ucalgary.ca/gabrielle-wilcox,Interests,interests,declared_area_title,always_visible_source_declared,true,2,,,,,unresolved,no exact preferred-label or entry-term match in local MeSH 2026,2026-07-31T20:56:20.541600+00:00
mem_4517ebed1e,Garnette Roy Sutherland,https://profiles.ucalgary.ca/garnette-roy-sutherland,Brain Tumours,brain tumours,declared_area_detail,always_visible_source_declared,true,0,,,,,unresolved,no exact preferred-label or entry-term match in local MeSH 2026,2026-07-31T20:56:20.541600+00:00
mem_4517ebed1e,Garnette Roy Sutherland,https://profiles.ucalgary.ca/garnette-roy-sutherland,Skull Base,skull base,declared_area_detail,always_visible_source_declared,true,1,D019291,Skull Base,,,review,MeSH concept found; medical umbrella requires review,2026-07-31T20:56:20.541600+00:00
mem_4517ebed1e,Garnette Roy Sutherland,https://profiles.ucalgary.ca/garnette-roy-sutherland,Robotics-technology,robotics technology,declared_area_detail,always_visible_source_declared,true,2,,,,,unresolved,no exact preferred-label or entry-term match in local MeSH 2026,2026-07-31T20:56:20.541600+00:00
mem_4517ebed1e,Garnette Roy Sutherland,https://profiles.ucalgary.ca/garnette-roy-sutherland,Cerebrovascular disease,cerebrovascular disease,declared_area_detail,always_visible_source_declared,true,3,D002561,Cerebrovascular Disorders,,,review,MeSH concept found; medical umbrella requires review,2026-07-31T20:56:20.541600+00:00
mem_3ed07ce6c8,G. Bruce Pike,https://profiles.ucalgary.ca/g-bruce-pike,Dementia & Cognitive Disorders,dementia cognitive disorders,declared_area_title,always_visible_source_declared,true,0,D003704,Dementia,HBI-MED-002,Neurological Disorders,accepted,embedded medical phrase recovered from profile text; exact MeSH preferred/entry-term match plus curated umbrella rule,2026-07-31T20:56:20.541600+00:00
mem_3ed07ce6c8,G. Bruce Pike,https://profiles.ucalgary.ca/g-bruce-pike,Epilepsy,epilepsy,declared_area_title,always_visible_source_declared,true,1,D004827,Epilepsy,HBI-MED-002,Neurological Disorders,accepted,exact MeSH preferred/entry-term match plus curated umbrella rule,2026-07-31T20:56:20.541600+00:00
mem_3ed07ce6c8,G. Bruce Pike,https://profiles.ucalgary.ca/g-bruce-pike,Mental Health,mental health,declared_area_title,always_visible_source_declared,true,2,D008603,Mental Health,HBI-MED-001,Mental Health,accepted,exact MeSH preferred/entry-term match plus curated umbrella rule,2026-07-31T20:56:20.541600+00:00
mem_3ed07ce6c8,G. Bruce Pike,https://profiles.ucalgary.ca/g-bruce-pike,Movement Disorders,movement disorders,declared_area_title,always_visible_source_declared,true,3,D009069,Movement Disorders,HBI-MED-002,Neurological Disorders,accepted,exact MeSH preferred/entry-term match plus curated umbrella rule,2026-07-31T20:56:20.541600+00:00
mem_3ed07ce6c8,G. Bruce Pike,https://profiles.ucalgary.ca/g-bruce-pike,Multiple Sclerosis,multiple sclerosis,declared_area_title,always_visible_source_declared,true,4,D009103,Multiple Sclerosis,HBI-MED-002,Neurological Disorders,accepted,exact MeSH preferred/entry-term match plus curated umbrella rule,2026-07-31T20:56:20.541600+00:00
mem_3ed07ce6c8,G. Bruce Pike,https://profiles.ucalgary.ca/g-bruce-pike,Magnetic Resonance Imaging,magnetic resonance imaging,declared_area_title,always_visible_source_declared,true,5,D008279,Magnetic Resonance Imaging,HBI-MED-005,Imaging and Diagnostics,accepted,exact MeSH preferred/entry-term match plus curated umbrella rule,2026-07-31T20:56:20.541600+00:00
mem_3ed07ce6c8,G. Bruce Pike,https://profiles.ucalgary.ca/g-bruce-pike,MRI,mri,declared_area_title,always_visible_source_declared,true,6,,,,,unresolved,no exact preferred-label or entry-term match in local MeSH 2026,2026-07-31T20:56:20.541600+00:00
mem_3ed07ce6c8,G. Bruce Pike,https://profiles.ucalgary.ca/g-bruce-pike,Cerebral Blood Flow,cerebral blood flow,declared_area_title,always_visible_source_declared,true,7,D002560,Cerebrovascular Circulation,,,review,MeSH concept found; medical umbrella requires review,2026-07-31T20:56:20.541600+00:00
mem_bb45f29b7a,Geoffrey Messier,https://profiles.ucalgary.ca/geoffrey-messier,"Data Science for Mental Health, Addiction and Homelessness",data science for mental health addiction and homelessness,declared_area_title,always_visible_source_declared,true,0,D008603,Mental Health,HBI-MED-001,Mental Health,accepted,delimited profile term; embedded medical phrase recovered from profile text; exact MeSH preferred/entry-term match plus curated umbrella rule | delimited profile term; no exact preferred-label or entry-term match in local MeSH 2026,2026-07-31T20:56:20.541600+00:00
mem_0be3586361,Gerald Giesbrecht,https://profiles.ucalgary.ca/gerald-giesbrecht,Neurodevelopment,neurodevelopment,declared_area_title,always_visible_source_declared,true,0,D000099203,Neurodevelopment,,,review,MeSH concept found; medical umbrella requires review,2026-07-31T20:56:20.541600+00:00
mem_0be3586361,Gerald Giesbrecht,https://profiles.ucalgary.ca/gerald-giesbrecht,Nutrition,nutrition,declared_area_title,always_visible_source_declared,true,1,,,,,unresolved,no exact preferred-label or entry-term match in local MeSH 2026,2026-07-31T20:56:20.541600+00:00
mem_0be3586361,Gerald Giesbrecht,https://profiles.ucalgary.ca/gerald-giesbrecht,Pregnancy,pregnancy,declared_area_title,always_visible_source_declared,true,2,D011247,Pregnancy,,,review,MeSH concept found; medical umbrella requires review,2026-07-31T20:56:20.541600+00:00
mem_0be3586361,Gerald Giesbrecht,https://profiles.ucalgary.ca/gerald-giesbrecht,Psychosocial outcomes,psychosocial outcomes,declared_area_title,always_visible_source_declared,true,3,,,,,unresolved,no exact preferred-label or entry-term match in local MeSH 2026,2026-07-31T20:56:20.541600+00:00
mem_0be3586361,Gerald Giesbrecht,https://profiles.ucalgary.ca/gerald-giesbrecht,Resiliency,resiliency,declared_area_title,always_visible_source_declared,true,4,D055500,"Resilience, Psychological",,,review,MeSH concept found; medical umbrella requires review,2026-07-31T20:56:20.541600+00:00
mem_0be3586361,Gerald Giesbrecht,https://profiles.ucalgary.ca/gerald-giesbrecht,Microbiota-gut-brain axis,microbiota gut brain axis,declared_area_title,always_visible_source_declared,true,5,D000087502,Brain-Gut Axis,,,review,MeSH concept found; medical umbrella requires review,2026-07-31T20:56:20.541600+00:00
mem_a5c016ebe3,Gerald Pfeffer,https://profiles.ucalgary.ca/gerald-pfeffer,Genetic Disorders,genetic disorders,declared_area_title,always_visible_source_declared,true,0,D030342,"Genetic Diseases, Inborn",,,review,MeSH concept found; medical umbrella requires review,2026-07-31T20:56:20.541600+00:00
mem_a5c016ebe3,Gerald Pfeffer,https://profiles.ucalgary.ca/gerald-pfeffer,Mitochondria,mitochondria,declared_area_title,always_visible_source_declared,true,1,D008928,Mitochondria,HBI-MED-010,Cellular and Molecular Neuroscience,accepted,exact MeSH preferred/entry-term match plus curated umbrella rule,2026-07-31T20:56:20.541600+00:00
mem_a5c016ebe3,Gerald Pfeffer,https://profiles.ucalgary.ca/gerald-pfeffer,Neuromuscular function and disease,neuromuscular function and disease,declared_area_title,always_visible_source_declared,true,2,,,,,unresolved,no exact preferred-label or entry-term match in local MeSH 2026,2026-07-31T20:56:20.541600+00:00
mem_3cc315d4d3,Gerald Zamponi,https://profiles.ucalgary.ca/gerald-zamponi,Brain,brain,declared_area_title,always_visible_source_declared,true,0,D001921,Brain,,,review,MeSH concept found; medical umbrella requires review,2026-07-31T20:56:20.541600+00:00
mem_3cc315d4d3,Gerald Zamponi,https://profiles.ucalgary.ca/gerald-zamponi,Molecular Mechanisms,molecular mechanisms,declared_area_title,always_visible_source_declared,true,1,,,,,unresolved,no exact preferred-label or entry-term match in local MeSH 2026,2026-07-31T20:56:20.541600+00:00
mem_3cc315d4d3,Gerald Zamponi,https://profiles.ucalgary.ca/gerald-zamponi,Pain,pain,declared_area_title,always_visible_source_declared,true,2,D010146,Pain,,,review,MeSH concept found; medical umbrella requires review,2026-07-31T20:56:20.541600+00:00
mem_c4a9f6ea6f,Giuseppe Iaria,https://profiles.ucalgary.ca/giuseppe-iaria,Brain and Cognition,brain and cognition,declared_area_title,always_visible_source_declared,true,0,D003071,Cognition,HBI-MED-011,Cognitive and Behavioural Neuroscience,accepted,embedded medical phrase recovered from profile text; exact MeSH preferred/entry-term match plus curated umbrella rule,2026-07-31T20:56:20.541600+00:00
mem_c4a9f6ea6f,Giuseppe Iaria,https://profiles.ucalgary.ca/giuseppe-iaria,Neuroimaging,neuroimaging,declared_area_title,always_visible_source_declared,true,1,D059906,Neuroimaging,HBI-MED-005,Imaging and Diagnostics,accepted,exact MeSH preferred/entry-term match plus curated umbrella rule,2026-07-31T20:56:20.541600+00:00
mem_c4a9f6ea6f,Giuseppe Iaria,https://profiles.ucalgary.ca/giuseppe-iaria,Space Health,space health,declared_area_title,always_visible_source_declared,true,2,,,,,unresolved,no exact preferred-label or entry-term match in local MeSH 2026,2026-07-31T20:56:20.541600+00:00
mem_4ee060e99b,Gloria Roldan Urgoiti,https://profiles.ucalgary.ca/gloria-roldan-urgoiti,Neuro-Oncology,neuro oncology,declared_area_detail,always_visible_source_declared,true,0,,,,,unresolved,no exact preferred-label or entry-term match in local MeSH 2026,2026-07-31T20:56:20.541600+00:00
mem_4ee060e99b,Gloria Roldan Urgoiti,https://profiles.ucalgary.ca/gloria-roldan-urgoiti,Breast Cancer,breast cancer,declared_area_detail,always_visible_source_declared,true,1,D001943,Breast Neoplasms,HBI-MED-004,Cancer and Tumours,accepted,exact MeSH preferred/entry-term match plus curated umbrella rule,2026-07-31T20:56:20.541600+00:00
mem_ccd6df0b53,Gordon Campbell Teskey,https://profiles.ucalgary.ca/gordon-campbell-teskey,NSERC-funded Activities,nserc funded activities,declared_area_title,always_visible_source_declared,true,0,,,,,unresolved,no exact preferred-label or entry-term match in local MeSH 2026,2026-07-31T20:56:20.541600+00:00
mem_ccd6df0b53,Gordon Campbell Teskey,https://profiles.ucalgary.ca/gordon-campbell-teskey,CIHR Activities,cihr activities,declared_area_title,always_visible_source_declared,true,1,,,,,unresolved,no exact preferred-label or entry-term match in local MeSH 2026,2026-07-31T20:56:20.541600+00:00
mem_82005c4912,Grant Robert Gordon,https://profiles.ucalgary.ca/grant-robert-gordon,Neurovascular coupling,neurovascular coupling,declared_area_title,always_visible_source_declared,true,0,D000069336,Neurovascular Coupling,,,review,MeSH concept found; medical umbrella requires review,2026-07-31T20:56:20.541600+00:00
mem_82005c4912,Grant Robert Gordon,https://profiles.ucalgary.ca/grant-robert-gordon,Stress,stress,declared_area_title,always_visible_source_declared,true,1,,,,,unresolved,no exact preferred-label or entry-term match in local MeSH 2026,2026-07-31T20:56:20.541600+00:00
mem_82005c4912,Grant Robert Gordon,https://profiles.ucalgary.ca/grant-robert-gordon,Alzheimer's disease,alzheimer disease,declared_area_title,always_visible_source_declared,true,2,D000544,Alzheimer Disease,HBI-MED-002,Neurological Disorders,accepted,exact MeSH preferred/entry-term match plus curated umbrella rule,2026-07-31T20:56:20.541600+00:00
mem_8466f664c9,Guang Yang,https://profiles.ucalgary.ca/guang-yang-0,Brain development,brain development,declared_area_title,always_visible_source_declared,true,0,,,,,unresolved,no exact preferred-label or entry-term match in local MeSH 2026,2026-07-31T20:56:20.541600+00:00
mem_8466f664c9,Guang Yang,https://profiles.ucalgary.ca/guang-yang-0,Neurodevelopmental disorder,neurodevelopmental disorder,declared_area_title,always_visible_source_declared,true,1,D065886,Neurodevelopmental Disorders,HBI-MED-001,Mental Health,accepted,exact MeSH preferred/entry-term match plus curated umbrella rule,2026-07-31T20:56:20.541600+00:00
mem_8466f664c9,Guang Yang,https://profiles.ucalgary.ca/guang-yang-0,Gene Regulation,gene regulation,declared_area_title,always_visible_source_declared,true,2,D005796,Genes,HBI-MED-009,Genetics and Genomics,accepted,embedded medical phrase recovered from profile text; exact MeSH preferred/entry-term match plus curated umbrella rule,2026-07-31T20:56:20.541600+00:00
mem_8466f664c9,Guang Yang,https://profiles.ucalgary.ca/guang-yang-0,Neural stem cell,neural stem cell,declared_area_title,always_visible_source_declared,true,3,D058953,Neural Stem Cells,HBI-MED-010,Cellular and Molecular Neuroscience,accepted,exact MeSH preferred/entry-term match plus curated umbrella rule,2026-07-31T20:56:20.541600+00:00
mem_8466f664c9,Guang Yang,https://profiles.ucalgary.ca/guang-yang-0,Neuronal function,neuronal function,declared_area_title,always_visible_source_declared,true,4,,,,,unresolved,no exact preferred-label or entry-term match in local MeSH 2026,2026-07-31T20:56:20.541600+00:00
mem_8466f664c9,Guang Yang,https://profiles.ucalgary.ca/guang-yang-0,Rare disease,rare disease,declared_area_title,always_visible_source_declared,true,5,D035583,Rare Diseases,,,review,MeSH concept found; medical umbrella requires review,2026-07-31T20:56:20.541600+00:00
mem_830cb17f4e,Guillaume Millet,https://profiles.ucalgary.ca/guillaume-millet,Neuromuscular function and disease,neuromuscular function and disease,declared_area_title,always_visible_source_declared,true,0,,,,,unresolved,no exact preferred-label or entry-term match in local MeSH 2026,2026-07-31T20:56:20.541600+00:00
mem_fc7a9521ff,Haixu Wang,https://profiles.ucalgary.ca/haixu-wang,Machine learning,machine learning,declared_area_list,always_visible_source_declared,true,0,D000069550,Machine Learning,,,review,MeSH concept found; medical umbrella requires review,2026-07-31T20:56:20.541600+00:00
mem_fc7a9521ff,Haixu Wang,https://profiles.ucalgary.ca/haixu-wang,Funcitonal data analysis,funcitonal data analysis,declared_area_list,always_visible_source_declared,true,1,,,,,unresolved,no exact preferred-label or entry-term match in local MeSH 2026,2026-07-31T20:56:20.541600+00:00
mem_fc7a9521ff,Haixu Wang,https://profiles.ucalgary.ca/haixu-wang,Bayesian analysis,bayesian analysis,declared_area_list,always_visible_source_declared,true,2,D001499,Bayes Theorem,,,review,MeSH concept found; medical umbrella requires review,2026-07-31T20:56:20.541600+00:00
mem_fc7a9521ff,Haixu Wang,https://profiles.ucalgary.ca/haixu-wang,Generative models,generative models,declared_area_list,always_visible_source_declared,true,3,,,,,unresolved,no exact preferred-label or entry-term match in local MeSH 2026,2026-07-31T20:56:20.541600+00:00
mem_fc7a9521ff,Haixu Wang,https://profiles.ucalgary.ca/haixu-wang,Longitudinal/Spatial/Spatial-temporal data,longitudinal spatial spatial temporal data,declared_area_list,always_visible_source_declared,true,4,,,,,unresolved,no exact preferred-label or entry-term match in local MeSH 2026,2026-07-31T20:56:20.541600+00:00
mem_fc7a9521ff,Haixu Wang,https://profiles.ucalgary.ca/haixu-wang,Computational neuroscience,computational neuroscience,declared_area_list,always_visible_source_declared,true,5,,,,,unresolved,no exact preferred-label or entry-term match in local MeSH 2026,2026-07-31T20:56:20.541600+00:00
mem_fc7a9521ff,Haixu Wang,https://profiles.ucalgary.ca/haixu-wang,Monte Carlo methods,monte carlo methods,declared_area_list,always_visible_source_declared,true,6,D009010,Monte Carlo Method,,,review,MeSH concept found; medical umbrella requires review,2026-07-31T20:56:20.541600+00:00
mem_fc7a9521ff,Haixu Wang,https://profiles.ucalgary.ca/haixu-wang,Network analysis,network analysis,declared_area_list,always_visible_source_declared,true,7,,,,,unresolved,no exact preferred-label or entry-term match in local MeSH 2026,2026-07-31T20:56:20.541600+00:00
mem_fc7a9521ff,Haixu Wang,https://profiles.ucalgary.ca/haixu-wang,High-dimensional and complex data analysis,high dimensional and complex data analysis,declared_area_list,always_visible_source_declared,true,8,,,,,unresolved,no exact preferred-label or entry-term match in local MeSH 2026,2026-07-31T20:56:20.541600+00:00
mem_c2e555277c,Harry Peery,https://profiles.ucalgary.ca/harry-peery,Imaging tumors with a cell mass of less than a million cells,imaging tumors with a cell mass of less than a million cells,declared_area_detail,always_visible_source_declared,true,0,D009369,Neoplasms,HBI-MED-004,Cancer and Tumours,accepted,embedded medical phrase recovered from profile text; exact MeSH preferred/entry-term match plus curated umbrella rule,2026-07-31T20:56:20.541600+00:00
mem_c2e555277c,Harry Peery,https://profiles.ucalgary.ca/harry-peery,Effect of INGs on stem cells,effect of ings on stem cells,declared_area_detail,always_visible_source_declared,true,1,,,,,unresolved,no exact preferred-label or entry-term match in local MeSH 2026,2026-07-31T20:56:20.541600+00:00
mem_514df516d2,H. Artee Luchman,https://profiles.ucalgary.ca/h-artee-luchman,Signal transduction,signal transduction,declared_area_detail,always_visible_source_declared,true,0,D015398,Signal Transduction,,,review,MeSH concept found; medical umbrella requires review,2026-07-31T20:56:20.541600+00:00
mem_514df516d2,H. Artee Luchman,https://profiles.ucalgary.ca/h-artee-luchman,Oncology,oncology,declared_area_detail,always_visible_source_declared,true,1,,,,,unresolved,no exact preferred-label or entry-term match in local MeSH 2026,2026-07-31T20:56:20.541600+00:00
mem_514df516d2,H. Artee Luchman,https://profiles.ucalgary.ca/h-artee-luchman,Disease Models,disease models,declared_area_detail,always_visible_source_declared,true,2,,,,,unresolved,no exact preferred-label or entry-term match in local MeSH 2026,2026-07-31T20:56:20.541600+00:00
mem_514df516d2,H. Artee Luchman,https://profiles.ucalgary.ca/h-artee-luchman,Therapeutics,therapeutics,declared_area_detail,always_visible_source_declared,true,3,D013812,Therapeutics,HBI-MED-008,Pharmacology and Therapeutics,accepted,exact MeSH preferred/entry-term match plus curated umbrella rule,2026-07-31T20:56:20.541600+00:00
mem_514df516d2,H. Artee Luchman,https://profiles.ucalgary.ca/h-artee-luchman,Developmental Biology,developmental biology,declared_area_detail,always_visible_source_declared,true,4,D015509,Developmental Biology,,,review,MeSH concept found; medical umbrella requires review,2026-07-31T20:56:20.541600+00:00
mem_514df516d2,H. Artee Luchman,https://profiles.ucalgary.ca/h-artee-luchman,Genetics,genetics,declared_area_detail,always_visible_source_declared,true,5,D005823,Genetics,HBI-MED-009,Genetics and Genomics,accepted,exact MeSH preferred/entry-term match plus curated umbrella rule,2026-07-31T20:56:20.541600+00:00
mem_514df516d2,H. Artee Luchman,https://profiles.ucalgary.ca/h-artee-luchman,Precision Medicine,precision medicine,declared_area_detail,always_visible_source_declared,true,6,D057285,Precision Medicine,,,review,MeSH concept found; medical umbrella requires review,2026-07-31T20:56:20.541600+00:00
mem_3453676d84,Hedwich Kuipers,https://profiles.ucalgary.ca/hedwich-kuipers,Multiple Sclerosis,multiple sclerosis,declared_area_title,always_visible_source_declared,true,0,D009103,Multiple Sclerosis,HBI-MED-002,Neurological Disorders,accepted,exact MeSH preferred/entry-term match plus curated umbrella rule,2026-07-31T20:56:20.541600+00:00
mem_3453676d84,Hedwich Kuipers,https://profiles.ucalgary.ca/hedwich-kuipers,Neuroinflammatory diseases,neuroinflammatory diseases,declared_area_title,always_visible_source_declared,true,1,D000090862,Neuroinflammatory Diseases,,,review,MeSH concept found; medical umbrella requires review,2026-07-31T20:56:20.541600+00:00
mem_3453676d84,Hedwich Kuipers,https://profiles.ucalgary.ca/hedwich-kuipers,Interaction of immune & resident cells in the central nervous system,interaction of immune resident cells in the central nervous system,declared_area_title,always_visible_source_declared,true,2,,,,,unresolved,no exact preferred-label or entry-term match in local MeSH 2026,2026-07-31T20:56:20.541600+00:00
mem_b71fb09d51,Helen Carlson,https://profiles.ucalgary.ca/helen-carlson,Neuroimaging,neuroimaging,declared_area_title,always_visible_source_declared,true,0,D059906,Neuroimaging,HBI-MED-005,Imaging and Diagnostics,accepted,exact MeSH preferred/entry-term match plus curated umbrella rule,2026-07-31T20:56:20.541600+00:00
mem_b71fb09d51,Helen Carlson,https://profiles.ucalgary.ca/helen-carlson,neuroplasticity,neuroplasticity,declared_area_title,always_visible_source_declared,true,1,D009473,Neuronal Plasticity,HBI-MED-010,Cellular and Molecular Neuroscience,accepted,exact MeSH preferred/entry-term match plus curated umbrella rule,2026-07-31T20:56:20.541600+00:00
mem_b71fb09d51,Helen Carlson,https://profiles.ucalgary.ca/helen-carlson,brain development,brain development,declared_area_title,always_visible_source_declared,true,2,,,,,unresolved,no exact preferred-label or entry-term match in local MeSH 2026,2026-07-31T20:56:20.541600+00:00
mem_b71fb09d51,Helen Carlson,https://profiles.ucalgary.ca/helen-carlson,brain stimulation,brain stimulation,declared_area_title,always_visible_source_declared,true,3,,,,,unresolved,no exact preferred-label or entry-term match in local MeSH 2026,2026-07-31T20:56:20.541600+00:00
mem_b71fb09d51,Helen Carlson,https://profiles.ucalgary.ca/helen-carlson,stroke,stroke,declared_area_title,always_visible_source_declared,true,4,D020521,Stroke,HBI-MED-006,Cardiovascular Health,accepted,exact MeSH preferred/entry-term match plus curated umbrella rule,2026-07-31T20:56:20.541600+00:00
mem_b71fb09d51,Helen Carlson,https://profiles.ucalgary.ca/helen-carlson,epilepsy,epilepsy,declared_area_title,always_visible_source_declared,true,5,D004827,Epilepsy,HBI-MED-002,Neurological Disorders,accepted,exact MeSH preferred/entry-term match plus curated umbrella rule,2026-07-31T20:56:20.541600+00:00
mem_b71fb09d51,Helen Carlson,https://profiles.ucalgary.ca/helen-carlson,traumatic brain injury,traumatic brain injury,declared_area_title,always_visible_source_declared,true,6,D000070642,"Brain Injuries, Traumatic",HBI-MED-003,Brain Injury and Neurotrauma,accepted,exact MeSH preferred/entry-term match plus curated umbrella rule,2026-07-31T20:56:20.541600+00:00
mem_b71fb09d51,Helen Carlson,https://profiles.ucalgary.ca/helen-carlson,cognition,cognition,declared_area_title,always_visible_source_declared,true,7,D003071,Cognition,HBI-MED-011,Cognitive and Behavioural Neuroscience,accepted,exact MeSH preferred/entry-term match plus curated umbrella rule,2026-07-31T20:56:20.541600+00:00
mem_b71fb09d51,Helen Carlson,https://profiles.ucalgary.ca/helen-carlson,quality of life,quality of life,declared_area_title,always_visible_source_declared,true,8,D011788,Quality of Life,,,review,MeSH concept found; medical umbrella requires review,2026-07-31T20:56:20.541600+00:00
mem_f736a5948e,Hermann Schaetzl,https://profiles.ucalgary.ca/hermann-schaetzl,Prion diseases,prion diseases,declared_area_title,always_visible_source_declared,true,0,D017096,Prion Diseases,,,review,MeSH concept found; medical umbrella requires review,2026-07-31T20:56:20.541600+00:00
mem_05a8774842,Jacqueline Smith,https://profiles.ucalgary.ca/jacqueline-smith-0,"Mental illness bias, discrimination and stigma within Emergency settings",mental illness bias discrimination and stigma within emergency settings,declared_area_title,always_visible_source_declared,true,0,D001523,Mental Disorders,HBI-MED-001,Mental Health,accepted,delimited profile term; embedded medical phrase recovered from profile text; exact MeSH preferred/entry-term match plus curated umbrella rule | delimited profile term; no exact preferred-label or entry-term match in local MeSH 2026,2026-07-31T20:56:20.541600+00:00
mem_05a8774842,Jacqueline Smith,https://profiles.ucalgary.ca/jacqueline-smith-0,Mental health and stress related experiences within post secondary settings,mental health and stress related experiences within post secondary settings,declared_area_title,always_visible_source_declared,true,1,D008603,Mental Health,HBI-MED-001,Mental Health,accepted,embedded medical phrase recovered from profile text; exact MeSH preferred/entry-term match plus curated umbrella rule,2026-07-31T20:56:20.541600+00:00
mem_05a8774842,Jacqueline Smith,https://profiles.ucalgary.ca/jacqueline-smith-0,Addiction,addiction,declared_area_title,always_visible_source_declared,true,2,,,,,unresolved,no exact preferred-label or entry-term match in local MeSH 2026,2026-07-31T20:56:20.541600+00:00
mem_05a8774842,Jacqueline Smith,https://profiles.ucalgary.ca/jacqueline-smith-0,family care givers,family care givers,declared_area_title,always_visible_source_declared,true,3,,,,,unresolved,no exact preferred-label or entry-term match in local MeSH 2026,2026-07-31T20:56:20.541600+00:00
mem_05a8774842,Jacqueline Smith,https://profiles.ucalgary.ca/jacqueline-smith-0,mindfulness,mindfulness,declared_area_title,always_visible_source_declared,true,4,D064866,Mindfulness,,,review,MeSH concept found; medical umbrella requires review,2026-07-31T20:56:20.541600+00:00
mem_05a8774842,Jacqueline Smith,https://profiles.ucalgary.ca/jacqueline-smith-0,emotional health & wellbeing,emotional health wellbeing,declared_area_title,always_visible_source_declared,true,5,,,,,unresolved,no exact preferred-label or entry-term match in local MeSH 2026,2026-07-31T20:56:20.541600+00:00
mem_05a8774842,Jacqueline Smith,https://profiles.ucalgary.ca/jacqueline-smith-0,Narrative Inquiry,narrative inquiry,declared_area_title,always_visible_source_declared,true,6,,,,,unresolved,no exact preferred-label or entry-term match in local MeSH 2026,2026-07-31T20:56:20.541600+00:00
mem_05a8774842,Jacqueline Smith,https://profiles.ucalgary.ca/jacqueline-smith-0,Cannabis harm reduction & educational tools for university students,cannabis harm reduction educational tools for university students,declared_area_title,always_visible_source_declared,true,7,,,,,review,organization or organizational unit,2026-07-31T20:56:20.541600+00:00
mem_085f530390,Jaideep Bains,https://profiles.ucalgary.ca/jaideep-bains,Autism,autism,declared_area_title,always_visible_source_declared,true,0,D001321,Autistic Disorder,HBI-MED-001,Mental Health,accepted,exact MeSH preferred/entry-term match plus curated umbrella rule,2026-07-31T20:56:20.541600+00:00
mem_085f530390,Jaideep Bains,https://profiles.ucalgary.ca/jaideep-bains,Behaviour,behaviour,declared_area_title,always_visible_source_declared,true,1,,,,,unresolved,no exact preferred-label or entry-term match in local MeSH 2026,2026-07-31T20:56:20.541600+00:00
mem_085f530390,Jaideep Bains,https://profiles.ucalgary.ca/jaideep-bains,Brain,brain,declared_area_title,always_visible_source_declared,true,2,D001921,Brain,,,review,MeSH concept found; medical umbrella requires review,2026-07-31T20:56:20.541600+00:00
mem_085f530390,Jaideep Bains,https://profiles.ucalgary.ca/jaideep-bains,Neuroplasticity,neuroplasticity,declared_area_title,always_visible_source_declared,true,3,D009473,Neuronal Plasticity,HBI-MED-010,Cellular and Molecular Neuroscience,accepted,exact MeSH preferred/entry-term match plus curated umbrella rule,2026-07-31T20:56:20.541600+00:00
mem_085f530390,Jaideep Bains,https://profiles.ucalgary.ca/jaideep-bains,Synapses,synapses,declared_area_title,always_visible_source_declared,true,4,D013569,Synapses,HBI-MED-010,Cellular and Molecular Neuroscience,accepted,exact MeSH preferred/entry-term match plus curated umbrella rule,2026-07-31T20:56:20.541600+00:00
mem_3d341c6e6a,Jane Shearer,https://profiles.ucalgary.ca/jane-shearer,Metabolic Physiology,metabolic physiology,declared_area_list,always_visible_source_declared,true,0,,,,,unresolved,no exact preferred-label or entry-term match in local MeSH 2026,2026-07-31T20:56:20.541600+00:00
mem_af812170e5,Janet de Groot,https://profiles.ucalgary.ca/janet-de-groot,Psychosocial oncology,psychosocial oncology,declared_area_detail,always_visible_source_declared,true,0,D000073320,Psycho-Oncology,,,review,MeSH concept found; medical umbrella requires review,2026-07-31T20:56:20.541600+00:00
mem_af812170e5,Janet de Groot,https://profiles.ucalgary.ca/janet-de-groot,Advanced cancer,advanced cancer,declared_area_detail,always_visible_source_declared,true,1,D009369,Neoplasms,HBI-MED-004,Cancer and Tumours,accepted,embedded medical phrase recovered from profile text; exact MeSH preferred/entry-term match plus curated umbrella rule,2026-07-31T20:56:20.541600+00:00
mem_92099adba8,Javier Orlandi,https://profiles.ucalgary.ca/javier-orlandi,Computational and Systems Neuroscience,computational and systems neuroscience,declared_area_list,always_visible_source_declared,true,0,,,,,unresolved,no exact preferred-label or entry-term match in local MeSH 2026,2026-07-31T20:56:20.541600+00:00
mem_92099adba8,Javier Orlandi,https://profiles.ucalgary.ca/javier-orlandi,Network neuroscience,network neuroscience,declared_area_list,always_visible_source_declared,true,1,,,,,unresolved,no exact preferred-label or entry-term match in local MeSH 2026,2026-07-31T20:56:20.541600+00:00
mem_92099adba8,Javier Orlandi,https://profiles.ucalgary.ca/javier-orlandi,Complexity Science,complexity science,declared_area_list,always_visible_source_declared,true,2,,,,,unresolved,no exact preferred-label or entry-term match in local MeSH 2026,2026-07-31T20:56:20.541600+00:00
mem_6abb226805,Jayna Holroyd-Leduc,https://profiles.ucalgary.ca/jayna-holroyd-leduc,Dementia & Cognitive Disorders,dementia cognitive disorders,declared_area_title,always_visible_source_declared,true,0,D003704,Dementia,HBI-MED-002,Neurological Disorders,accepted,embedded medical phrase recovered from profile text; exact MeSH preferred/entry-term match plus curated umbrella rule,2026-07-31T20:56:20.541600+00:00
mem_6abb226805,Jayna Holroyd-Leduc,https://profiles.ucalgary.ca/jayna-holroyd-leduc,Seniors,seniors,declared_area_title,always_visible_source_declared,true,1,,,,,unresolved,no exact preferred-label or entry-term match in local MeSH 2026,2026-07-31T20:56:20.541600+00:00
mem_2a3fddd6a7,Jean Kit-Wah Mah,https://profiles.ucalgary.ca/jean-kit-wah-mah-0,pediatric neuromuscular and pediatric demyelinating diseases,pediatric neuromuscular and pediatric demyelinating diseases,declared_area_list,always_visible_source_declared,true,0,,,,,unresolved,no exact preferred-label or entry-term match in local MeSH 2026,2026-07-31T20:56:20.541600+00:00
mem_40840edc6a,Jean Margaret Addington,https://profiles.ucalgary.ca/jean-margaret-addington,Mental Health,mental health,declared_area_title,always_visible_source_declared,true,0,D008603,Mental Health,HBI-MED-001,Mental Health,accepted,exact MeSH preferred/entry-term match plus curated umbrella rule,2026-07-31T20:56:20.541600+00:00
mem_40840edc6a,Jean Margaret Addington,https://profiles.ucalgary.ca/jean-margaret-addington,Schizophrenia and other psychoses,schizophrenia and other psychoses,declared_area_title,always_visible_source_declared,true,1,D012559,Schizophrenia,HBI-MED-001,Mental Health,accepted,embedded medical phrase recovered from profile text; exact MeSH preferred/entry-term match plus curated umbrella rule,2026-07-31T20:56:20.541600+00:00
mem_40840edc6a,Jean Margaret Addington,https://profiles.ucalgary.ca/jean-margaret-addington,Risk of developing serious mental illness,risk of developing serious mental illness,declared_area_title,always_visible_source_declared,true,2,D001523,Mental Disorders,HBI-MED-001,Mental Health,accepted,embedded medical phrase recovered from profile text; exact MeSH preferred/entry-term match plus curated umbrella rule,2026-07-31T20:56:20.541600+00:00
mem_40840edc6a,Jean Margaret Addington,https://profiles.ucalgary.ca/jean-margaret-addington,Psychosocial treatments for youth at risk of psychosis,psychosocial treatments for youth at risk of psychosis,declared_area_title,always_visible_source_declared,true,3,D013812,Therapeutics,HBI-MED-008,Pharmacology and Therapeutics,accepted,embedded medical phrase recovered from profile text; exact MeSH preferred/entry-term match plus curated umbrella rule,2026-07-31T20:56:20.541600+00:00
mem_0bae7d82da,Jeffrey Biernaskie,https://profiles.ucalgary.ca/jeffrey-biernaskie,Tissue Regeneration,tissue regeneration,declared_area_title,always_visible_source_declared,true,0,,,,,unresolved,no exact preferred-label or entry-term match in local MeSH 2026,2026-07-31T20:56:20.541600+00:00
mem_0bae7d82da,Jeffrey Biernaskie,https://profiles.ucalgary.ca/jeffrey-biernaskie,Stem Cells,stem cells,declared_area_title,always_visible_source_declared,true,1,D013234,Stem Cells,,,review,MeSH concept found; medical umbrella requires review,2026-07-31T20:56:20.541600+00:00
mem_4031282ea1,Jeffrey Frank Dunn,https://profiles.ucalgary.ca/jeffrey-frank-dunn,Brain,brain,declared_area_title,always_visible_source_declared,true,0,D001921,Brain,,,review,MeSH concept found; medical umbrella requires review,2026-07-31T20:56:20.541600+00:00
mem_4031282ea1,Jeffrey Frank Dunn,https://profiles.ucalgary.ca/jeffrey-frank-dunn,Brain Injury,brain injury,declared_area_title,always_visible_source_declared,true,1,D001930,Brain Injuries,HBI-MED-003,Brain Injury and Neurotrauma,accepted,exact MeSH preferred/entry-term match plus curated umbrella rule,2026-07-31T20:56:20.541600+00:00
mem_4031282ea1,Jeffrey Frank Dunn,https://profiles.ucalgary.ca/jeffrey-frank-dunn,Inflammation,inflammation,declared_area_title,always_visible_source_declared,true,2,D007249,Inflammation,,,review,MeSH concept found; medical umbrella requires review,2026-07-31T20:56:20.541600+00:00
mem_4031282ea1,Jeffrey Frank Dunn,https://profiles.ucalgary.ca/jeffrey-frank-dunn,Magnetic Resonance Imaging,magnetic resonance imaging,declared_area_title,always_visible_source_declared,true,3,D008279,Magnetic Resonance Imaging,HBI-MED-005,Imaging and Diagnostics,accepted,exact MeSH preferred/entry-term match plus curated umbrella rule,2026-07-31T20:56:20.541600+00:00
mem_4031282ea1,Jeffrey Frank Dunn,https://profiles.ucalgary.ca/jeffrey-frank-dunn,Mitochondria,mitochondria,declared_area_title,always_visible_source_declared,true,4,D008928,Mitochondria,HBI-MED-010,Cellular and Molecular Neuroscience,accepted,exact MeSH preferred/entry-term match plus curated umbrella rule,2026-07-31T20:56:20.541600+00:00
mem_4031282ea1,Jeffrey Frank Dunn,https://profiles.ucalgary.ca/jeffrey-frank-dunn,Neuroimaging,neuroimaging,declared_area_title,always_visible_source_declared,true,5,D059906,Neuroimaging,HBI-MED-005,Imaging and Diagnostics,accepted,exact MeSH preferred/entry-term match plus curated umbrella rule,2026-07-31T20:56:20.541600+00:00
mem_4031282ea1,Jeffrey Frank Dunn,https://profiles.ucalgary.ca/jeffrey-frank-dunn,Stroke,stroke,declared_area_title,always_visible_source_declared,true,6,D020521,Stroke,HBI-MED-006,Cardiovascular Health,accepted,exact MeSH preferred/entry-term match plus curated umbrella rule,2026-07-31T20:56:20.541600+00:00
mem_8e0084f520,Jennifer Chan,https://profiles.ucalgary.ca/jennifer-chan,Brain Tumorigenesis,brain tumorigenesis,declared_area_detail,always_visible_source_declared,true,0,D063646,Carcinogenesis,HBI-MED-004,Cancer and Tumours,accepted,embedded medical phrase recovered from profile text; exact MeSH preferred/entry-term match plus curated umbrella rule,2026-07-31T20:56:20.541600+00:00
mem_8e0084f520,Jennifer Chan,https://profiles.ucalgary.ca/jennifer-chan,Molecular Mechanisms,molecular mechanisms,declared_area_detail,always_visible_source_declared,true,1,,,,,unresolved,no exact preferred-label or entry-term match in local MeSH 2026,2026-07-31T20:56:20.541600+00:00
mem_fe45b26c09,Jennifer Jackson,https://profiles.ucalgary.ca/jennifer-jackson,Nursing workforce,nursing workforce,declared_area_list,always_visible_source_declared,true,0,,,,,unresolved,no exact preferred-label or entry-term match in local MeSH 2026,2026-07-31T20:56:20.541600+00:00
mem_fe45b26c09,Jennifer Jackson,https://profiles.ucalgary.ca/jennifer-jackson,Health systems,health systems,declared_area_list,always_visible_source_declared,true,1,,,,,unresolved,no exact preferred-label or entry-term match in local MeSH 2026,2026-07-31T20:56:20.541600+00:00
mem_fe45b26c09,Jennifer Jackson,https://profiles.ucalgary.ca/jennifer-jackson,Social Vulnerability,social vulnerability,declared_area_list,always_visible_source_declared,true,2,D000091482,Social Vulnerability,,,review,MeSH concept found; medical umbrella requires review,2026-07-31T20:56:20.541600+00:00
mem_fe45b26c09,Jennifer Jackson,https://profiles.ucalgary.ca/jennifer-jackson,Harm Reduction,harm reduction,declared_area_list,always_visible_source_declared,true,3,D040261,Harm Reduction,,,review,MeSH concept found; medical umbrella requires review,2026-07-31T20:56:20.541600+00:00
mem_3f62008a1f,Jennifer Thannhauser,https://profiles.ucalgary.ca/jennifer-thannhauser,Post-secondary mental health and well-being,post secondary mental health and well being,declared_area_list,always_visible_source_declared,true,0,D008603,Mental Health,HBI-MED-001,Mental Health,accepted,embedded medical phrase recovered from profile text; exact MeSH preferred/entry-term match plus curated umbrella rule,2026-07-31T20:56:20.541600+00:00
mem_3f62008a1f,Jennifer Thannhauser,https://profiles.ucalgary.ca/jennifer-thannhauser,Resilience in the post-secondary context,resilience in the post secondary context,declared_area_list,always_visible_source_declared,true,1,,,,,unresolved,no exact preferred-label or entry-term match in local MeSH 2026,2026-07-31T20:56:20.541600+00:00
mem_3f62008a1f,Jennifer Thannhauser,https://profiles.ucalgary.ca/jennifer-thannhauser,Pediatric chronic illness,pediatric chronic illness,declared_area_list,always_visible_source_declared,true,2,,,,,unresolved,no exact preferred-label or entry-term match in local MeSH 2026,2026-07-31T20:56:20.541600+00:00
mem_3f62008a1f,Jennifer Thannhauser,https://profiles.ucalgary.ca/jennifer-thannhauser,Post-secondary mental health evaluation,post secondary mental health evaluation,declared_area_list,always_visible_source_declared,true,3,D008603,Mental Health,HBI-MED-001,Mental Health,accepted,embedded medical phrase recovered from profile text; exact MeSH preferred/entry-term match plus curated umbrella rule,2026-07-31T20:56:20.541600+00:00
mem_707257fb34,Jenny Godley,https://profiles.ucalgary.ca/jenny-godley,Social determinants of health,social determinants of health,declared_area_list,always_visible_source_declared,true,0,D064890,Social Determinants of Health,,,review,MeSH concept found; medical umbrella requires review,2026-07-31T20:56:20.541600+00:00
mem_707257fb34,Jenny Godley,https://profiles.ucalgary.ca/jenny-godley,Social network analysis,social network analysis,declared_area_list,always_visible_source_declared,true,1,D000083482,Social Network Analysis,,,review,MeSH concept found; medical umbrella requires review,2026-07-31T20:56:20.541600+00:00
mem_707257fb34,Jenny Godley,https://profiles.ucalgary.ca/jenny-godley,Gender,gender,declared_area_list,always_visible_source_declared,true,2,D005783,Gender Identity,,,review,MeSH concept found; medical umbrella requires review,2026-07-31T20:56:20.541600+00:00
mem_707257fb34,Jenny Godley,https://profiles.ucalgary.ca/jenny-godley,Stigma and discrimination,stigma and discrimination,declared_area_list,always_visible_source_declared,true,3,,,,,unresolved,no exact preferred-label or entry-term match in local MeSH 2026,2026-07-31T20:56:20.541600+00:00
mem_707257fb34,Jenny Godley,https://profiles.ucalgary.ca/jenny-godley,Demography,demography,declared_area_list,always_visible_source_declared,true,4,D003710,Demography,,,review,MeSH concept found; medical umbrella requires review,2026-07-31T20:56:20.541600+00:00
mem_707257fb34,Jenny Godley,https://profiles.ucalgary.ca/jenny-godley,Weight-related health,weight related health,declared_area_list,always_visible_source_declared,true,5,,,,,unresolved,no exact preferred-label or entry-term match in local MeSH 2026,2026-07-31T20:56:20.541600+00:00
mem_707257fb34,Jenny Godley,https://profiles.ucalgary.ca/jenny-godley,Ethics of research with human participants,ethics of research with human participants,declared_area_list,always_visible_source_declared,true,6,,,,,unresolved,no exact preferred-label or entry-term match in local MeSH 2026,2026-07-31T20:56:20.541600+00:00
mem_707257fb34,Jenny Godley,https://profiles.ucalgary.ca/jenny-godley,Transdisciplinary research evaluation,transdisciplinary research evaluation,declared_area_list,always_visible_source_declared,true,7,,,,,unresolved,no exact preferred-label or entry-term match in local MeSH 2026,2026-07-31T20:56:20.541600+00:00
mem_37dd23d078,Jessalyn Holodinsky,https://profiles.ucalgary.ca/jessalyn-holodinsky,Healthcare delivery optimization,healthcare delivery optimization,declared_area_list,always_visible_source_declared,true,0,,,,,unresolved,no exact preferred-label or entry-term match in local MeSH 2026,2026-07-31T20:56:20.541600+00:00
mem_37dd23d078,Jessalyn Holodinsky,https://profiles.ucalgary.ca/jessalyn-holodinsky,Prediction of Emergency Department resource utilization,prediction of emergency department resource utilization,declared_area_list,always_visible_source_declared,true,1,,,,,review,organization or organizational unit,2026-07-31T20:56:20.541600+00:00
mem_37dd23d078,Jessalyn Holodinsky,https://profiles.ucalgary.ca/jessalyn-holodinsky,Emergency Department throughput,emergency department throughput,declared_area_list,always_visible_source_declared,true,2,,,,,review,organization or organizational unit,2026-07-31T20:56:20.541600+00:00
mem_37dd23d078,Jessalyn Holodinsky,https://profiles.ucalgary.ca/jessalyn-holodinsky,Electronic medical record data,electronic medical record data,declared_area_list,always_visible_source_declared,true,3,,,,,unresolved,no exact preferred-label or entry-term match in local MeSH 2026,2026-07-31T20:56:20.541600+00:00
mem_37dd23d078,Jessalyn Holodinsky,https://profiles.ucalgary.ca/jessalyn-holodinsky,Supervised and unsupervised machine learning,supervised and unsupervised machine learning,declared_area_list,always_visible_source_declared,true,4,D007858,Learning,HBI-MED-011,Cognitive and Behavioural Neuroscience,accepted,embedded medical phrase recovered from profile text; exact MeSH preferred/entry-term match plus curated umbrella rule,2026-07-31T20:56:20.541600+00:00
mem_37dd23d078,Jessalyn Holodinsky,https://profiles.ucalgary.ca/jessalyn-holodinsky,Survival analysis & generalized linear models,survival analysis generalized linear models,declared_area_list,always_visible_source_declared,true,5,,,,,unresolved,no exact preferred-label or entry-term match in local MeSH 2026,2026-07-31T20:56:20.541600+00:00
mem_37dd23d078,Jessalyn Holodinsky,https://profiles.ucalgary.ca/jessalyn-holodinsky,Respiratory vaccinations and the prevention of cardiovascular events,respiratory vaccinations and the prevention of cardiovascular events,declared_area_list,always_visible_source_declared,true,6,,,,,unresolved,no exact preferred-label or entry-term match in local MeSH 2026,2026-07-31T20:56:20.541600+00:00
mem_37dd23d078,Jessalyn Holodinsky,https://profiles.ucalgary.ca/jessalyn-holodinsky,Prehospital transportation of suspected stroke patients,prehospital transportation of suspected stroke patients,declared_area_list,always_visible_source_declared,true,7,D020521,Stroke,HBI-MED-006,Cardiovascular Health,accepted,embedded medical phrase recovered from profile text; exact MeSH preferred/entry-term match plus curated umbrella rule,2026-07-31T20:56:20.541600+00:00
mem_1a8581bdce,Fetch Failed,https://profiles.ucalgary.ca/jiami-guo,Brain development,brain development,declared_area_title,always_visible_source_declared,true,0,,,,,unresolved,no exact preferred-label or entry-term match in local MeSH 2026,2026-07-31T20:56:20.541600+00:00
mem_1a8581bdce,Fetch Failed,https://profiles.ucalgary.ca/jiami-guo,neurodevelopmental disorders,neurodevelopmental disorders,declared_area_title,always_visible_source_declared,true,1,D065886,Neurodevelopmental Disorders,HBI-MED-001,Mental Health,accepted,exact MeSH preferred/entry-term match plus curated umbrella rule,2026-07-31T20:56:20.541600+00:00
mem_1a8581bdce,Fetch Failed,https://profiles.ucalgary.ca/jiami-guo,autism,autism,declared_area_title,always_visible_source_declared,true,2,D001321,Autistic Disorder,HBI-MED-001,Mental Health,accepted,exact MeSH preferred/entry-term match plus curated umbrella rule,2026-07-31T20:56:20.541600+00:00
mem_1a8581bdce,Fetch Failed,https://profiles.ucalgary.ca/jiami-guo,ciliopathies,ciliopathies,declared_area_title,always_visible_source_declared,true,3,D000072661,Ciliopathies,,,review,MeSH concept found; medical umbrella requires review,2026-07-31T20:56:20.541600+00:00
mem_1a8581bdce,Fetch Failed,https://profiles.ucalgary.ca/jiami-guo,neurodegenerative disorders,neurodegenerative disorders,declared_area_title,always_visible_source_declared,true,4,D019636,Neurodegenerative Diseases,HBI-MED-002,Neurological Disorders,accepted,exact MeSH preferred/entry-term match plus curated umbrella rule,2026-07-31T20:56:20.541600+00:00
mem_1a8581bdce,Fetch Failed,https://profiles.ucalgary.ca/jiami-guo,Glial cells,glial cells,declared_area_title,always_visible_source_declared,true,5,D009457,Neuroglia,,,review,MeSH concept found; medical umbrella requires review,2026-07-31T20:56:20.541600+00:00
mem_1a8581bdce,Fetch Failed,https://profiles.ucalgary.ca/jiami-guo,Neuroinflammation,neuroinflammation,declared_area_title,always_visible_source_declared,true,6,D000090862,Neuroinflammatory Diseases,,,review,MeSH concept found; medical umbrella requires review,2026-07-31T20:56:20.541600+00:00
mem_1a8581bdce,Fetch Failed,https://profiles.ucalgary.ca/jiami-guo,Stroke,stroke,declared_area_title,always_visible_source_declared,true,7,D020521,Stroke,HBI-MED-006,Cardiovascular Health,accepted,exact MeSH preferred/entry-term match plus curated umbrella rule,2026-07-31T20:56:20.541600+00:00
mem_22a4e04503,Jillian Miller,https://profiles.ucalgary.ca/jillian-miller,Pediatric Pain,pediatric pain,declared_area_title,always_visible_source_declared,true,0,,,,,unresolved,no exact preferred-label or entry-term match in local MeSH 2026,2026-07-31T20:56:20.541600+00:00
mem_b49402b919,Joanne Park,https://profiles.ucalgary.ca/joanne-park,Mental Health,mental health,declared_area_title,always_visible_source_declared,true,0,D008603,Mental Health,HBI-MED-001,Mental Health,accepted,exact MeSH preferred/entry-term match plus curated umbrella rule,2026-07-31T20:56:20.541600+00:00
mem_7d3968111f,Jodie Roberts,https://profiles.ucalgary.ca/jodie-roberts,Neuroepidemiology and Health Services Research,neuroepidemiology and health services research,declared_area_list,always_visible_source_declared,true,0,D006302,Health Services Research,HBI-MED-012,Population and Public Health,accepted,embedded medical phrase recovered from profile text; exact MeSH preferred/entry-term match plus curated umbrella rule,2026-07-31T20:56:20.541600+00:00
mem_7d3968111f,Jodie Roberts,https://profiles.ucalgary.ca/jodie-roberts,Causal Inference,causal inference,declared_area_list,always_visible_source_declared,true,1,,,,,unresolved,no exact preferred-label or entry-term match in local MeSH 2026,2026-07-31T20:56:20.541600+00:00
mem_7d3968111f,Jodie Roberts,https://profiles.ucalgary.ca/jodie-roberts,Multiple Sclerosis,multiple sclerosis,declared_area_list,always_visible_source_declared,true,2,D009103,Multiple Sclerosis,HBI-MED-002,Neurological Disorders,accepted,exact MeSH preferred/entry-term match plus curated umbrella rule,2026-07-31T20:56:20.541600+00:00
mem_7d3968111f,Jodie Roberts,https://profiles.ucalgary.ca/jodie-roberts,Neurosarcoidosis,neurosarcoidosis,declared_area_list,always_visible_source_declared,true,3,,,,,unresolved,no exact preferred-label or entry-term match in local MeSH 2026,2026-07-31T20:56:20.541600+00:00
mem_7d3968111f,Jodie Roberts,https://profiles.ucalgary.ca/jodie-roberts,Autoimmune Encephalitis,autoimmune encephalitis,declared_area_list,always_visible_source_declared,true,4,D020274,Autoimmune Diseases of the Nervous System,,,review,MeSH concept found; medical umbrella requires review,2026-07-31T20:56:20.541600+00:00
mem_36447b4ebf,Joern Davidsen,https://profiles.ucalgary.ca/joern-davidsen,Complexity Science,complexity science,declared_area_title,always_visible_source_declared,true,0,,,,,unresolved,no exact preferred-label or entry-term match in local MeSH 2026,2026-07-31T20:56:20.541600+00:00
mem_36447b4ebf,Joern Davidsen,https://profiles.ucalgary.ca/joern-davidsen,Spreading & triggering processes,spreading triggering processes,declared_area_title,always_visible_source_declared,true,1,,,,,unresolved,no exact preferred-label or entry-term match in local MeSH 2026,2026-07-31T20:56:20.541600+00:00
mem_36447b4ebf,Joern Davidsen,https://profiles.ucalgary.ca/joern-davidsen,Fluid-induced seismicity,fluid induced seismicity,declared_area_title,always_visible_source_declared,true,2,,,,,unresolved,no exact preferred-label or entry-term match in local MeSH 2026,2026-07-31T20:56:20.541600+00:00
mem_36447b4ebf,Joern Davidsen,https://profiles.ucalgary.ca/joern-davidsen,Computational neuroscience & the critical brain,computational neuroscience the critical brain,declared_area_title,always_visible_source_declared,true,3,,,,,unresolved,no exact preferred-label or entry-term match in local MeSH 2026,2026-07-31T20:56:20.541600+00:00
mem_36447b4ebf,Joern Davidsen,https://profiles.ucalgary.ca/joern-davidsen,Rock fracture & frictional sliding,rock fracture frictional sliding,declared_area_title,always_visible_source_declared,true,4,,,,,unresolved,no exact preferred-label or entry-term match in local MeSH 2026,2026-07-31T20:56:20.541600+00:00
mem_36447b4ebf,Joern Davidsen,https://profiles.ucalgary.ca/joern-davidsen,Statistical seismology,statistical seismology,declared_area_title,always_visible_source_declared,true,5,,,,,unresolved,no exact preferred-label or entry-term match in local MeSH 2026,2026-07-31T20:56:20.541600+00:00
mem_36447b4ebf,Joern Davidsen,https://profiles.ucalgary.ca/joern-davidsen,Network neuroscience,network neuroscience,declared_area_title,always_visible_source_declared,true,6,,,,,unresolved,no exact preferred-label or entry-term match in local MeSH 2026,2026-07-31T20:56:20.541600+00:00
mem_36447b4ebf,Joern Davidsen,https://profiles.ucalgary.ca/joern-davidsen,Synchronization & chimera states,synchronization chimera states,declared_area_title,always_visible_source_declared,true,7,,,,,unresolved,no exact preferred-label or entry-term match in local MeSH 2026,2026-07-31T20:56:20.541600+00:00
mem_36447b4ebf,Joern Davidsen,https://profiles.ucalgary.ca/joern-davidsen,Sociophysics,sociophysics,declared_area_title,always_visible_source_declared,true,8,,,,,unresolved,no exact preferred-label or entry-term match in local MeSH 2026,2026-07-31T20:56:20.541600+00:00
mem_36447b4ebf,Joern Davidsen,https://profiles.ucalgary.ca/joern-davidsen,Climate dynamics & climate networks,climate dynamics climate networks,declared_area_title,always_visible_source_declared,true,9,,,,,unresolved,no exact preferred-label or entry-term match in local MeSH 2026,2026-07-31T20:56:20.541600+00:00
mem_36447b4ebf,Joern Davidsen,https://profiles.ucalgary.ca/joern-davidsen,Extreme events and records,extreme events and records,declared_area_title,always_visible_source_declared,true,10,,,,,unresolved,no exact preferred-label or entry-term match in local MeSH 2026,2026-07-31T20:56:20.541600+00:00
mem_36447b4ebf,Joern Davidsen,https://profiles.ucalgary.ca/joern-davidsen,Pattern formation & cardiac arrhythmia,pattern formation cardiac arrhythmia,declared_area_title,always_visible_source_declared,true,11,D001145,"Arrhythmias, Cardiac",HBI-MED-006,Cardiovascular Health,accepted,embedded medical phrase recovered from profile text; exact MeSH preferred/entry-term match plus curated umbrella rule,2026-07-31T20:56:20.541600+00:00
mem_c3e463f320,John (Gregory) Cairncross,https://profiles.ucalgary.ca/john-gregory-cairncross,Modeling the initiation of Glioblastoma,modeling the initiation of glioblastoma,declared_area_detail,always_visible_source_declared,true,0,D005909,Glioblastoma,HBI-MED-004,Cancer and Tumours,accepted,embedded medical phrase recovered from profile text; exact MeSH preferred/entry-term match plus curated umbrella rule,2026-07-31T20:56:20.541600+00:00
mem_c3e463f320,John (Gregory) Cairncross,https://profiles.ucalgary.ca/john-gregory-cairncross,Preventing resistance to Temozolomide,preventing resistance to temozolomide,declared_area_detail,always_visible_source_declared,true,1,D000077204,Temozolomide,HBI-MED-008,Pharmacology and Therapeutics,accepted,embedded medical phrase recovered from profile text; exact MeSH preferred/entry-term match plus curated umbrella rule,2026-07-31T20:56:20.541600+00:00
mem_f7f8d26dcb,Jonathan Epp,https://profiles.ucalgary.ca/jonathan-epp,Dementia & Cognitive Disorders,dementia cognitive disorders,declared_area_title,always_visible_source_declared,true,0,D003704,Dementia,HBI-MED-002,Neurological Disorders,accepted,embedded medical phrase recovered from profile text; exact MeSH preferred/entry-term match plus curated umbrella rule,2026-07-31T20:56:20.541600+00:00
mem_f7f8d26dcb,Jonathan Epp,https://profiles.ucalgary.ca/jonathan-epp,Neurodevelopment,neurodevelopment,declared_area_title,always_visible_source_declared,true,1,D000099203,Neurodevelopment,,,review,MeSH concept found; medical umbrella requires review,2026-07-31T20:56:20.541600+00:00
mem_f7f8d26dcb,Jonathan Epp,https://profiles.ucalgary.ca/jonathan-epp,Memory,memory,declared_area_title,always_visible_source_declared,true,2,D008568,Memory,HBI-MED-011,Cognitive and Behavioural Neuroscience,accepted,exact MeSH preferred/entry-term match plus curated umbrella rule,2026-07-31T20:56:20.541600+00:00
mem_6d56bbe087,Jonathan Lytton,https://profiles.ucalgary.ca/jonathan-lytton,"Molecular physiology of the K-dependent Na/Ca-exchanger, subtype 4, NCKX4",molecular physiology of the k dependent na ca exchanger subtype 4 nckx4,declared_area_detail,always_visible_source_declared,true,0,,,,,unresolved,delimited profile term; no exact preferred-label or entry-term match in local MeSH 2026,2026-07-31T20:56:20.541600+00:00
mem_32d283f76b,Jos Jan Eggermont,https://profiles.ucalgary.ca/jos-jan-eggermont,Electrophysiology of the auditory system,electrophysiology of the auditory system,declared_area_title,always_visible_source_declared,true,0,,,,,unresolved,no exact preferred-label or entry-term match in local MeSH 2026,2026-07-31T20:56:20.541600+00:00
mem_32d283f76b,Jos Jan Eggermont,https://profiles.ucalgary.ca/jos-jan-eggermont,Hearing and its disorders,hearing and its disorders,declared_area_title,always_visible_source_declared,true,1,,,,,unresolved,no exact preferred-label or entry-term match in local MeSH 2026,2026-07-31T20:56:20.541600+00:00
mem_58625c2ce5,Julia Jacobs-Levan,https://profiles.ucalgary.ca/julia-jacobs-levan,Epilepsy,epilepsy,declared_area_title,always_visible_source_declared,true,0,D004827,Epilepsy,HBI-MED-002,Neurological Disorders,accepted,exact MeSH preferred/entry-term match plus curated umbrella rule,2026-07-31T20:56:20.541600+00:00
mem_58625c2ce5,Julia Jacobs-Levan,https://profiles.ucalgary.ca/julia-jacobs-levan,Seizures,seizures,declared_area_title,always_visible_source_declared,true,1,D012640,Seizures,,,review,MeSH concept found; medical umbrella requires review,2026-07-31T20:56:20.541600+00:00
mem_58625c2ce5,Julia Jacobs-Levan,https://profiles.ucalgary.ca/julia-jacobs-levan,Neuroimaging,neuroimaging,declared_area_title,always_visible_source_declared,true,2,D059906,Neuroimaging,HBI-MED-005,Imaging and Diagnostics,accepted,exact MeSH preferred/entry-term match plus curated umbrella rule,2026-07-31T20:56:20.541600+00:00
mem_58625c2ce5,Julia Jacobs-Levan,https://profiles.ucalgary.ca/julia-jacobs-levan,Neurodevelopment,neurodevelopment,declared_area_title,always_visible_source_declared,true,3,D000099203,Neurodevelopment,,,review,MeSH concept found; medical umbrella requires review,2026-07-31T20:56:20.541600+00:00
mem_58625c2ce5,Julia Jacobs-Levan,https://profiles.ucalgary.ca/julia-jacobs-levan,Sleep,sleep,declared_area_title,always_visible_source_declared,true,4,D012890,Sleep,,,review,MeSH concept found; medical umbrella requires review,2026-07-31T20:56:20.541600+00:00
mem_6b37eba80f,Julia Kam,https://profiles.ucalgary.ca/julia-kam,Internal Attention,internal attention,declared_area_list,always_visible_source_declared,true,0,D001288,Attention,HBI-MED-011,Cognitive and Behavioural Neuroscience,accepted,embedded medical phrase recovered from profile text; exact MeSH preferred/entry-term match plus curated umbrella rule,2026-07-31T20:56:20.541600+00:00
mem_6b37eba80f,Julia Kam,https://profiles.ucalgary.ca/julia-kam,Mind Wandering,mind wandering,declared_area_list,always_visible_source_declared,true,1,,,,,unresolved,no exact preferred-label or entry-term match in local MeSH 2026,2026-07-31T20:56:20.541600+00:00
mem_6b37eba80f,Julia Kam,https://profiles.ucalgary.ca/julia-kam,Scalp and Intracranial EEG,scalp and intracranial eeg,declared_area_list,always_visible_source_declared,true,2,,,,,unresolved,no exact preferred-label or entry-term match in local MeSH 2026,2026-07-31T20:56:20.541600+00:00
mem_6b37eba80f,Julia Kam,https://profiles.ucalgary.ca/julia-kam,Stroke,stroke,declared_area_list,always_visible_source_declared,true,3,D020521,Stroke,HBI-MED-006,Cardiovascular Health,accepted,exact MeSH preferred/entry-term match plus curated umbrella rule,2026-07-31T20:56:20.541600+00:00
mem_01f8882e68,Julia Kirkham,https://profiles.ucalgary.ca/julia-kirkham,"Dementia, mental healthcare quality",dementia mental healthcare quality,declared_area_title,always_visible_source_declared,true,0,D003704,Dementia,HBI-MED-002,Neurological Disorders,accepted,delimited profile term; exact MeSH preferred/entry-term match plus curated umbrella rule | delimited profile term; no exact preferred-label or entry-term match in local MeSH 2026,2026-07-31T20:56:20.541600+00:00
mem_37b64942a2,Jun Yan,https://profiles.ucalgary.ca/jun-yan,Neural mechanism of auditory perception and hearing deficiencies,neural mechanism of auditory perception and hearing deficiencies,declared_area_title,always_visible_source_declared,true,0,D001307,Auditory Perception,HBI-MED-011,Cognitive and Behavioural Neuroscience,accepted,embedded medical phrase recovered from profile text; exact MeSH preferred/entry-term match plus curated umbrella rule,2026-07-31T20:56:20.541600+00:00
mem_fe67f51d1b,Justyna Sarna,https://profiles.ucalgary.ca/justyna-sarna,Movement Disorders,movement disorders,declared_area_title,always_visible_source_declared,true,0,D009069,Movement Disorders,HBI-MED-002,Neurological Disorders,accepted,exact MeSH preferred/entry-term match plus curated umbrella rule,2026-07-31T20:56:20.541600+00:00
mem_fe67f51d1b,Justyna Sarna,https://profiles.ucalgary.ca/justyna-sarna,Parkinson's Disease,parkinson disease,declared_area_title,always_visible_source_declared,true,1,D010300,Parkinson Disease,HBI-MED-002,Neurological Disorders,accepted,exact MeSH preferred/entry-term match plus curated umbrella rule,2026-07-31T20:56:20.541600+00:00
mem_fe67f51d1b,Justyna Sarna,https://profiles.ucalgary.ca/justyna-sarna,Neurodegeneration,neurodegeneration,declared_area_title,always_visible_source_declared,true,2,,,,,unresolved,no exact preferred-label or entry-term match in local MeSH 2026,2026-07-31T20:56:20.541600+00:00
mem_c8e755d8b2,Kamala Devi Patel,https://profiles.ucalgary.ca/kamala-devi-patel,"Leukocyte trafficking, inflammation",leukocyte trafficking inflammation,declared_area_title,always_visible_source_declared,true,0,D007249,Inflammation,,,review,delimited profile term; no exact preferred-label or entry-term match in local MeSH 2026 | delimited profile term; MeSH concept found; medical umbrella requires review,2026-07-31T20:56:20.541600+00:00
mem_338f9f338e,Kara Murias,https://profiles.ucalgary.ca/kara-murias,Brain,brain,declared_area_title,always_visible_source_declared,true,0,D001921,Brain,,,review,MeSH concept found; medical umbrella requires review,2026-07-31T20:56:20.541600+00:00
mem_338f9f338e,Kara Murias,https://profiles.ucalgary.ca/kara-murias,Cognitive Development,cognitive development,declared_area_title,always_visible_source_declared,true,1,,,,,unresolved,no exact preferred-label or entry-term match in local MeSH 2026,2026-07-31T20:56:20.541600+00:00
mem_338f9f338e,Kara Murias,https://profiles.ucalgary.ca/kara-murias,Neurodevelopmental disorders,neurodevelopmental disorders,declared_area_title,always_visible_source_declared,true,2,D065886,Neurodevelopmental Disorders,HBI-MED-001,Mental Health,accepted,exact MeSH preferred/entry-term match plus curated umbrella rule,2026-07-31T20:56:20.541600+00:00
mem_338f9f338e,Kara Murias,https://profiles.ucalgary.ca/kara-murias,Neuroimaging,neuroimaging,declared_area_title,always_visible_source_declared,true,3,D059906,Neuroimaging,HBI-MED-005,Imaging and Diagnostics,accepted,exact MeSH preferred/entry-term match plus curated umbrella rule,2026-07-31T20:56:20.541600+00:00
mem_1a2035eb16,Karl Klein,https://profiles.ucalgary.ca/karl-klein,Genetics of epilepsy,genetics of epilepsy,declared_area_list,always_visible_source_declared,true,0,D005823 | D004827,Genetics | Epilepsy,HBI-MED-009 | HBI-MED-002,Genetics and Genomics | Neurological Disorders,accepted,embedded medical phrase recovered from profile text; exact MeSH preferred/entry-term match plus curated umbrella rule,2026-07-31T20:56:20.541600+00:00
mem_1a2035eb16,Karl Klein,https://profiles.ucalgary.ca/karl-klein,Precision medicine in epilepsy,precision medicine in epilepsy,declared_area_list,always_visible_source_declared,true,1,D004827,Epilepsy,HBI-MED-002,Neurological Disorders,accepted,embedded medical phrase recovered from profile text; exact MeSH preferred/entry-term match plus curated umbrella rule,2026-07-31T20:56:20.541600+00:00
mem_1a2035eb16,Karl Klein,https://profiles.ucalgary.ca/karl-klein,Brain somatic variatis causing epilepsy,brain somatic variatis causing epilepsy,declared_area_list,always_visible_source_declared,true,2,D004827,Epilepsy,HBI-MED-002,Neurological Disorders,accepted,embedded medical phrase recovered from profile text; exact MeSH preferred/entry-term match plus curated umbrella rule,2026-07-31T20:56:20.541600+00:00
mem_3faa6c8292,Kartikeya Murari,https://profiles.ucalgary.ca/kartikeya-murari,Electrical and Optical Instrumentation,electrical and optical instrumentation,declared_area_title,always_visible_source_declared,true,0,,,,,unresolved,no exact preferred-label or entry-term match in local MeSH 2026,2026-07-31T20:56:20.541600+00:00
mem_53e60fab63,Katayoun Alikhani,https://profiles.ucalgary.ca/katayoun-alikhani,Multiple Sclerosis,multiple sclerosis,declared_area_list,always_visible_source_declared,true,0,D009103,Multiple Sclerosis,HBI-MED-002,Neurological Disorders,accepted,exact MeSH preferred/entry-term match plus curated umbrella rule,2026-07-31T20:56:20.541600+00:00
mem_6e27953757,Katherine Bright,https://profiles.ucalgary.ca/katherine-bright,Mental Health,mental health,declared_area_list,always_visible_source_declared,true,0,D008603,Mental Health,HBI-MED-001,Mental Health,accepted,exact MeSH preferred/entry-term match plus curated umbrella rule,2026-07-31T20:56:20.541600+00:00
mem_2bd0db628a,Kathleen Chaput,https://profiles.ucalgary.ca/kathleen-chaput,Maternal and infant mental health and wellbeing,maternal and infant mental health and wellbeing,declared_area_list,always_visible_source_declared,true,0,D008603,Mental Health,HBI-MED-001,Mental Health,accepted,embedded medical phrase recovered from profile text; exact MeSH preferred/entry-term match plus curated umbrella rule,2026-07-31T20:56:20.541600+00:00
mem_2bd0db628a,Kathleen Chaput,https://profiles.ucalgary.ca/kathleen-chaput,Substance use/addictions in pregnancy,substance use addictions in pregnancy,declared_area_list,always_visible_source_declared,true,1,,,,,unresolved,no exact preferred-label or entry-term match in local MeSH 2026,2026-07-31T20:56:20.541600+00:00
mem_2bd0db628a,Kathleen Chaput,https://profiles.ucalgary.ca/kathleen-chaput,Maternal perinatal mental health,maternal perinatal mental health,declared_area_list,always_visible_source_declared,true,2,D008603,Mental Health,HBI-MED-001,Mental Health,accepted,embedded medical phrase recovered from profile text; exact MeSH preferred/entry-term match plus curated umbrella rule,2026-07-31T20:56:20.541600+00:00
mem_2bd0db628a,Kathleen Chaput,https://profiles.ucalgary.ca/kathleen-chaput,infant neurodevelopment,infant neurodevelopment,declared_area_list,always_visible_source_declared,true,3,,,,,unresolved,no exact preferred-label or entry-term match in local MeSH 2026,2026-07-31T20:56:20.541600+00:00
mem_2bd0db628a,Kathleen Chaput,https://profiles.ucalgary.ca/kathleen-chaput,Breastfeeding,breastfeeding,declared_area_list,always_visible_source_declared,true,4,D001942,Breast Feeding,,,review,MeSH concept found; medical umbrella requires review,2026-07-31T20:56:20.541600+00:00
mem_e203a7a335,Kathryn Birnie,https://profiles.ucalgary.ca/kathryn-birnie,Health Services Research,health services research,declared_area_list,always_visible_source_declared,true,0,D006302,Health Services Research,HBI-MED-012,Population and Public Health,accepted,exact MeSH preferred/entry-term match plus curated umbrella rule,2026-07-31T20:56:20.541600+00:00
mem_e203a7a335,Kathryn Birnie,https://profiles.ucalgary.ca/kathryn-birnie,Knowledge Mobilization,knowledge mobilization,declared_area_list,always_visible_source_declared,true,1,,,,,unresolved,no exact preferred-label or entry-term match in local MeSH 2026,2026-07-31T20:56:20.541600+00:00
mem_e203a7a335,Kathryn Birnie,https://profiles.ucalgary.ca/kathryn-birnie,Mental Health,mental health,declared_area_list,always_visible_source_declared,true,2,D008603,Mental Health,HBI-MED-001,Mental Health,accepted,exact MeSH preferred/entry-term match plus curated umbrella rule,2026-07-31T20:56:20.541600+00:00
mem_e203a7a335,Kathryn Birnie,https://profiles.ucalgary.ca/kathryn-birnie,Pain,pain,declared_area_list,always_visible_source_declared,true,3,D010146,Pain,,,review,MeSH concept found; medical umbrella requires review,2026-07-31T20:56:20.541600+00:00
mem_e203a7a335,Kathryn Birnie,https://profiles.ucalgary.ca/kathryn-birnie,Psychosocial outcomes,psychosocial outcomes,declared_area_list,always_visible_source_declared,true,4,,,,,unresolved,no exact preferred-label or entry-term match in local MeSH 2026,2026-07-31T20:56:20.541600+00:00
mem_e203a7a335,Kathryn Birnie,https://profiles.ucalgary.ca/kathryn-birnie,Community partnered research,community partnered research,declared_area_list,always_visible_source_declared,true,5,,,,,unresolved,no exact preferred-label or entry-term match in local MeSH 2026,2026-07-31T20:56:20.541600+00:00
mem_e203a7a335,Kathryn Birnie,https://profiles.ucalgary.ca/kathryn-birnie,Health equity,health equity,declared_area_list,always_visible_source_declared,true,6,D000069576,Health Equity,,,review,MeSH concept found; medical umbrella requires review,2026-07-31T20:56:20.541600+00:00
mem_a3c1370499,Kathryn Schneider,https://profiles.ucalgary.ca/kathryn-schneider,Concussion,concussion,declared_area_title,always_visible_source_declared,true,0,,,,,unresolved,no exact preferred-label or entry-term match in local MeSH 2026,2026-07-31T20:56:20.541600+00:00
mem_a3c1370499,Kathryn Schneider,https://profiles.ucalgary.ca/kathryn-schneider,Rehabilitation,rehabilitation,declared_area_title,always_visible_source_declared,true,1,D012046,Rehabilitation,HBI-MED-007,Rehabilitation,accepted,exact MeSH preferred/entry-term match plus curated umbrella rule,2026-07-31T20:56:20.541600+00:00
mem_90269b0602,Keith Alexander Sharkey,https://profiles.ucalgary.ca/keith-alexander-sharkey,Enteric nervous system,enteric nervous system,declared_area_title,always_visible_source_declared,true,0,D017615,Enteric Nervous System,,,review,MeSH concept found; medical umbrella requires review,2026-07-31T20:56:20.541600+00:00
mem_90269b0602,Keith Alexander Sharkey,https://profiles.ucalgary.ca/keith-alexander-sharkey,Gut-brain axis,gut brain axis,declared_area_title,always_visible_source_declared,true,1,D000087502,Brain-Gut Axis,,,review,MeSH concept found; medical umbrella requires review,2026-07-31T20:56:20.541600+00:00
mem_90269b0602,Keith Alexander Sharkey,https://profiles.ucalgary.ca/keith-alexander-sharkey,Endocannabinoid system,endocannabinoid system,declared_area_title,always_visible_source_declared,true,2,,,,,unresolved,no exact preferred-label or entry-term match in local MeSH 2026,2026-07-31T20:56:20.541600+00:00
mem_a2b493336b,Keith Yeates,https://profiles.ucalgary.ca/keith-yeates,Childhood Brain Injury,childhood brain injury,declared_area_title,always_visible_source_declared,true,0,D001930,Brain Injuries,HBI-MED-003,Brain Injury and Neurotrauma,accepted,embedded medical phrase recovered from profile text; exact MeSH preferred/entry-term match plus curated umbrella rule,2026-07-31T20:56:20.541600+00:00
mem_414b7b0e40,Kelly Dean Schwartz,https://profiles.ucalgary.ca/kelly-dean-schwartz,Theoretical Orientations,theoretical orientations,declared_area_title,always_visible_source_declared,true,0,,,,,unresolved,no exact preferred-label or entry-term match in local MeSH 2026,2026-07-31T20:56:20.541600+00:00
mem_414b7b0e40,Kelly Dean Schwartz,https://profiles.ucalgary.ca/kelly-dean-schwartz,Scholarly Activity,scholarly activity,declared_area_title,always_visible_source_declared,true,1,,,,,unresolved,no exact preferred-label or entry-term match in local MeSH 2026,2026-07-31T20:56:20.541600+00:00
mem_414b7b0e40,Kelly Dean Schwartz,https://profiles.ucalgary.ca/kelly-dean-schwartz,Interests,interests,declared_area_title,always_visible_source_declared,true,2,,,,,unresolved,no exact preferred-label or entry-term match in local MeSH 2026,2026-07-31T20:56:20.541600+00:00
mem_599092b85f,Kelly Larkin-Kaiser,https://profiles.ucalgary.ca/kelly-larkin-kaiser,Neuroscience and Rehabilitation,neuroscience and rehabilitation,declared_area_title,always_visible_source_declared,true,0,D012046,Rehabilitation,HBI-MED-007,Rehabilitation,accepted,embedded medical phrase recovered from profile text; exact MeSH preferred/entry-term match plus curated umbrella rule,2026-07-31T20:56:20.541600+00:00
mem_9211234ed6,Kenneth Lukowiak,https://profiles.ucalgary.ca/kenneth-lukowiak,Behavioural ecology of stress,behavioural ecology of stress,declared_area_title,always_visible_source_declared,true,0,,,,,unresolved,no exact preferred-label or entry-term match in local MeSH 2026,2026-07-31T20:56:20.541600+00:00
mem_6c0f4891e4,Kimberley Smaniotto - Holmes,https://profiles.ucalgary.ca/kimberley-smaniotto-holmes,Mental health Research and Education,mental health research and education,declared_area_list,always_visible_source_declared,true,0,D008603,Mental Health,HBI-MED-001,Mental Health,accepted,embedded medical phrase recovered from profile text; exact MeSH preferred/entry-term match plus curated umbrella rule,2026-07-31T20:56:20.541600+00:00
mem_5df4c5aac6,Kirstie Lithgow,https://profiles.ucalgary.ca/kirstie-lithgow,Neuroendocrine tumours (Gastroenteropancreatic),neuroendocrine tumours gastroenteropancreatic,declared_area_detail,always_visible_source_declared,true,0,,,,,unresolved,no exact preferred-label or entry-term match in local MeSH 2026,2026-07-31T20:56:20.541600+00:00
mem_05362065f8,Kristin von Ranson,https://profiles.ucalgary.ca/kristin-von-ranson,Eating Disorders and Body Image,eating disorders and body image,declared_area_title,always_visible_source_declared,true,0,,,,,unresolved,no exact preferred-label or entry-term match in local MeSH 2026,2026-07-31T20:56:20.541600+00:00
mem_9c853bf265,Lara Leijser,https://profiles.ucalgary.ca/lara-leijser,Brain Injury and Development,brain injury and development,declared_area_title,always_visible_source_declared,true,0,D001930,Brain Injuries,HBI-MED-003,Brain Injury and Neurotrauma,accepted,embedded medical phrase recovered from profile text; exact MeSH preferred/entry-term match plus curated umbrella rule,2026-07-31T20:56:20.541600+00:00
mem_9c853bf265,Lara Leijser,https://profiles.ucalgary.ca/lara-leijser,Preterm birth,preterm birth,declared_area_title,always_visible_source_declared,true,1,D047928,Premature Birth,,,review,MeSH concept found; medical umbrella requires review,2026-07-31T20:56:20.541600+00:00
mem_9c853bf265,Lara Leijser,https://profiles.ucalgary.ca/lara-leijser,Neuro-imaging,neuro imaging,declared_area_title,always_visible_source_declared,true,2,,,,,unresolved,no exact preferred-label or entry-term match in local MeSH 2026,2026-07-31T20:56:20.541600+00:00
mem_9c853bf265,Lara Leijser,https://profiles.ucalgary.ca/lara-leijser,Neurodevelopment,neurodevelopment,declared_area_title,always_visible_source_declared,true,3,D000099203,Neurodevelopment,,,review,MeSH concept found; medical umbrella requires review,2026-07-31T20:56:20.541600+00:00
mem_7be3b79e71,Laura Curiel,https://profiles.ucalgary.ca/laura-curiel,Mental Health,mental health,declared_area_title,always_visible_source_declared,true,0,D008603,Mental Health,HBI-MED-001,Mental Health,accepted,exact MeSH preferred/entry-term match plus curated umbrella rule,2026-07-31T20:56:20.541600+00:00
mem_aa5f0f5195,Lenora Brown,https://profiles.ucalgary.ca/lenora-brown,Multiple Sclerosis,multiple sclerosis,declared_area_list,always_visible_source_declared,true,0,D009103,Multiple Sclerosis,HBI-MED-002,Neurological Disorders,accepted,exact MeSH preferred/entry-term match plus curated umbrella rule,2026-07-31T20:56:20.541600+00:00
mem_a68812ef9c,Leticia Radin Pereira,https://profiles.ucalgary.ca/leticia-radin-pereira,Diet,diet,declared_area_title,always_visible_source_declared,true,0,D004032,Diet,,,review,MeSH concept found; medical umbrella requires review,2026-07-31T20:56:20.541600+00:00
mem_a68812ef9c,Leticia Radin Pereira,https://profiles.ucalgary.ca/leticia-radin-pereira,Maternal Health,maternal health,declared_area_title,always_visible_source_declared,true,1,D000068097,Maternal Health,,,review,MeSH concept found; medical umbrella requires review,2026-07-31T20:56:20.541600+00:00
mem_a68812ef9c,Leticia Radin Pereira,https://profiles.ucalgary.ca/leticia-radin-pereira,Nutrition,nutrition,declared_area_title,always_visible_source_declared,true,2,,,,,unresolved,no exact preferred-label or entry-term match in local MeSH 2026,2026-07-31T20:56:20.541600+00:00
mem_a68812ef9c,Leticia Radin Pereira,https://profiles.ucalgary.ca/leticia-radin-pereira,Obesity,obesity,declared_area_title,always_visible_source_declared,true,3,D009765,Obesity,,,review,MeSH concept found; medical umbrella requires review,2026-07-31T20:56:20.541600+00:00
mem_7467cd8626,Lori Montgomery,https://profiles.ucalgary.ca/lori-montgomery,Mental Health,mental health,declared_area_title,always_visible_source_declared,true,0,D008603,Mental Health,HBI-MED-001,Mental Health,accepted,exact MeSH preferred/entry-term match plus curated umbrella rule,2026-07-31T20:56:20.541600+00:00
mem_7467cd8626,Lori Montgomery,https://profiles.ucalgary.ca/lori-montgomery,Spinal Cord / Nerve Injury & Pain,spinal cord nerve injury pain,declared_area_title,always_visible_source_declared,true,1,,,,,unresolved,no exact preferred-label or entry-term match in local MeSH 2026,2026-07-31T20:56:20.541600+00:00
mem_7467cd8626,Lori Montgomery,https://profiles.ucalgary.ca/lori-montgomery,pain,pain,declared_area_title,always_visible_source_declared,true,2,D010146,Pain,,,review,MeSH concept found; medical umbrella requires review,2026-07-31T20:56:20.541600+00:00
mem_7467cd8626,Lori Montgomery,https://profiles.ucalgary.ca/lori-montgomery,Chronic Pain,chronic pain,declared_area_title,always_visible_source_declared,true,3,D059350,Chronic Pain,,,review,MeSH concept found; medical umbrella requires review,2026-07-31T20:56:20.541600+00:00
mem_7467cd8626,Lori Montgomery,https://profiles.ucalgary.ca/lori-montgomery,post-traumatic headache,post traumatic headache,declared_area_title,always_visible_source_declared,true,4,D051298,Post-Traumatic Headache,,,review,MeSH concept found; medical umbrella requires review,2026-07-31T20:56:20.541600+00:00
mem_7467cd8626,Lori Montgomery,https://profiles.ucalgary.ca/lori-montgomery,Opioids,opioids,declared_area_title,always_visible_source_declared,true,5,D000701,"Analgesics, Opioid",,,review,MeSH concept found; medical umbrella requires review,2026-07-31T20:56:20.541600+00:00
mem_ffc70c151e,Lorraine Venturato,https://profiles.ucalgary.ca/lorraine-venturato,Dementia and Cognitive Disorders,dementia and cognitive disorders,declared_area_title,always_visible_source_declared,true,0,D003704,Dementia,HBI-MED-002,Neurological Disorders,accepted,embedded medical phrase recovered from profile text; exact MeSH preferred/entry-term match plus curated umbrella rule,2026-07-31T20:56:20.541600+00:00
mem_ffc70c151e,Lorraine Venturato,https://profiles.ucalgary.ca/lorraine-venturato,Gerontology,gerontology,declared_area_title,always_visible_source_declared,true,1,D005853,Geriatrics,,,review,MeSH concept found; medical umbrella requires review,2026-07-31T20:56:20.541600+00:00
mem_ffc70c151e,Lorraine Venturato,https://profiles.ucalgary.ca/lorraine-venturato,Qualitative research approaches,qualitative research approaches,declared_area_title,always_visible_source_declared,true,2,,,,,unresolved,no exact preferred-label or entry-term match in local MeSH 2026,2026-07-31T20:56:20.541600+00:00
mem_ffc70c151e,Lorraine Venturato,https://profiles.ucalgary.ca/lorraine-venturato,Culture change and practice development,culture change and practice development,declared_area_title,always_visible_source_declared,true,3,,,,,unresolved,no exact preferred-label or entry-term match in local MeSH 2026,2026-07-31T20:56:20.541600+00:00
mem_b1e13c5609,Luanne Marie Metz,https://profiles.ucalgary.ca/luanne-marie-metz,Multiple Sclerosis,multiple sclerosis,declared_area_title,always_visible_source_declared,true,0,D009103,Multiple Sclerosis,HBI-MED-002,Neurological Disorders,accepted,exact MeSH preferred/entry-term match plus curated umbrella rule,2026-07-31T20:56:20.541600+00:00
mem_fc8bf2f9b6,Manuel Hulliger,https://profiles.ucalgary.ca/manuel-hulliger,Movement control and rehabilitation,movement control and rehabilitation,declared_area_title,always_visible_source_declared,true,0,D012046,Rehabilitation,HBI-MED-007,Rehabilitation,accepted,embedded medical phrase recovered from profile text; exact MeSH preferred/entry-term match plus curated umbrella rule,2026-07-31T20:56:20.541600+00:00
mem_d71eba52b6,Marc Poulin,https://profiles.ucalgary.ca/marc-poulin,Healthy Brain Aging and Dementia,healthy brain aging and dementia,declared_area_title,always_visible_source_declared,true,0,D003704,Dementia,HBI-MED-002,Neurological Disorders,accepted,embedded medical phrase recovered from profile text; exact MeSH preferred/entry-term match plus curated umbrella rule,2026-07-31T20:56:20.541600+00:00
mem_d71eba52b6,Marc Poulin,https://profiles.ucalgary.ca/marc-poulin,Integrative Human Physiology,integrative human physiology,declared_area_title,always_visible_source_declared,true,1,,,,,unresolved,no exact preferred-label or entry-term match in local MeSH 2026,2026-07-31T20:56:20.541600+00:00
mem_d71eba52b6,Marc Poulin,https://profiles.ucalgary.ca/marc-poulin,Sleep,sleep,declared_area_title,always_visible_source_declared,true,2,D012890,Sleep,,,review,MeSH concept found; medical umbrella requires review,2026-07-31T20:56:20.541600+00:00
mem_d71eba52b6,Marc Poulin,https://profiles.ucalgary.ca/marc-poulin,High Altitude Physiology,high altitude physiology,declared_area_title,always_visible_source_declared,true,3,,,,,unresolved,no exact preferred-label or entry-term match in local MeSH 2026,2026-07-31T20:56:20.541600+00:00
mem_d71eba52b6,Marc Poulin,https://profiles.ucalgary.ca/marc-poulin,Role of Exercise in Prevention and Management of Chronic Diseases,role of exercise in prevention and management of chronic diseases,declared_area_title,always_visible_source_declared,true,4,,,,,unresolved,no exact preferred-label or entry-term match in local MeSH 2026,2026-07-31T20:56:20.541600+00:00
mem_95295c7522,Marcus Koch,https://profiles.ucalgary.ca/marcus-koch,Multiple Sclerosis,multiple sclerosis,declared_area_title,always_visible_source_declared,true,0,D009103,Multiple Sclerosis,HBI-MED-002,Neurological Disorders,accepted,exact MeSH preferred/entry-term match plus curated umbrella rule,2026-07-31T20:56:20.541600+00:00
mem_581f118e90,Mariana Pinheiro Bento,https://profiles.ucalgary.ca/mariana-pinheiro-bento,Biomedical Engineering,biomedical engineering,declared_area_title,always_visible_source_declared,true,0,D001698,Biomedical Engineering,,,review,MeSH concept found; medical umbrella requires review,2026-07-31T20:56:20.541600+00:00
mem_581f118e90,Mariana Pinheiro Bento,https://profiles.ucalgary.ca/mariana-pinheiro-bento,Artificial Intelligence,artificial intelligence,declared_area_title,always_visible_source_declared,true,1,D001185,Artificial Intelligence,,,review,MeSH concept found; medical umbrella requires review,2026-07-31T20:56:20.541600+00:00
mem_581f118e90,Mariana Pinheiro Bento,https://profiles.ucalgary.ca/mariana-pinheiro-bento,Computer Vision,computer vision,declared_area_title,always_visible_source_declared,true,2,,,,,unresolved,no exact preferred-label or entry-term match in local MeSH 2026,2026-07-31T20:56:20.541600+00:00
mem_581f118e90,Mariana Pinheiro Bento,https://profiles.ucalgary.ca/mariana-pinheiro-bento,Brain Magnetic Resonance Imaging,brain magnetic resonance imaging,declared_area_title,always_visible_source_declared,true,3,D008279,Magnetic Resonance Imaging,HBI-MED-005,Imaging and Diagnostics,accepted,embedded medical phrase recovered from profile text; exact MeSH preferred/entry-term match plus curated umbrella rule,2026-07-31T20:56:20.541600+00:00
mem_27ca2caae0,Mark Colijn,https://profiles.ucalgary.ca/mark-colijn,Schizophrenia genetics,schizophrenia genetics,declared_area_list,always_visible_source_declared,true,0,D012559 | D005823,Schizophrenia | Genetics,HBI-MED-001 | HBI-MED-009,Mental Health | Genetics and Genomics,accepted,embedded medical phrase recovered from profile text; exact MeSH preferred/entry-term match plus curated umbrella rule,2026-07-31T20:56:20.541600+00:00
mem_e5fb693498,Mark Giles Hamilton,https://profiles.ucalgary.ca/mark-giles-hamilton,Brain Tumour patient treatment response (clinical trials),brain tumour patient treatment response clinical trials,declared_area_detail,always_visible_source_declared,true,0,D013812,Therapeutics,HBI-MED-008,Pharmacology and Therapeutics,accepted,embedded medical phrase recovered from profile text; exact MeSH preferred/entry-term match plus curated umbrella rule,2026-07-31T20:56:20.541600+00:00
mem_e5fb693498,Mark Giles Hamilton,https://profiles.ucalgary.ca/mark-giles-hamilton,Deep vein thrombosis prophylaxis in brain tumor patients,deep vein thrombosis prophylaxis in brain tumor patients,declared_area_detail,always_visible_source_declared,true,1,D001932,Brain Neoplasms,HBI-MED-004,Cancer and Tumours,accepted,embedded medical phrase recovered from profile text; exact MeSH preferred/entry-term match plus curated umbrella rule,2026-07-31T20:56:20.541600+00:00
mem_e5fb693498,Mark Giles Hamilton,https://profiles.ucalgary.ca/mark-giles-hamilton,"Adult hydrocephalus diagnosis, treatment and outcomes",adult hydrocephalus diagnosis treatment and outcomes,declared_area_detail,always_visible_source_declared,true,2,D003933 | D013812,Diagnosis | Therapeutics,HBI-MED-005 | HBI-MED-008,Imaging and Diagnostics | Pharmacology and Therapeutics,accepted,delimited profile term; embedded medical phrase recovered from profile text; exact MeSH preferred/entry-term match plus curated umbrella rule,2026-07-31T20:56:20.541600+00:00
mem_aa8dee36aa,Mary Dunbar,https://profiles.ucalgary.ca/mary-dunbar,Fetal Neurology,fetal neurology,declared_area_title,always_visible_source_declared,true,0,,,,,unresolved,no exact preferred-label or entry-term match in local MeSH 2026,2026-07-31T20:56:20.541600+00:00
mem_aa8dee36aa,Mary Dunbar,https://profiles.ucalgary.ca/mary-dunbar,Perinatal brain injury,perinatal brain injury,declared_area_title,always_visible_source_declared,true,1,D001930,Brain Injuries,HBI-MED-003,Brain Injury and Neurotrauma,accepted,embedded medical phrase recovered from profile text; exact MeSH preferred/entry-term match plus curated umbrella rule,2026-07-31T20:56:20.541600+00:00
mem_f8e008892b,Matthew Hill,https://profiles.ucalgary.ca/matthew-hill,Behaviour,behaviour,declared_area_title,always_visible_source_declared,true,0,,,,,unresolved,no exact preferred-label or entry-term match in local MeSH 2026,2026-07-31T20:56:20.541600+00:00
mem_f8e008892b,Matthew Hill,https://profiles.ucalgary.ca/matthew-hill,Brain Development,brain development,declared_area_title,always_visible_source_declared,true,1,,,,,unresolved,no exact preferred-label or entry-term match in local MeSH 2026,2026-07-31T20:56:20.541600+00:00
mem_f8e008892b,Matthew Hill,https://profiles.ucalgary.ca/matthew-hill,Endocrinology,endocrinology,declared_area_title,always_visible_source_declared,true,2,D004704,Endocrinology,,,review,MeSH concept found; medical umbrella requires review,2026-07-31T20:56:20.541600+00:00
mem_f8e008892b,Matthew Hill,https://profiles.ucalgary.ca/matthew-hill,Mental Health,mental health,declared_area_title,always_visible_source_declared,true,3,D008603,Mental Health,HBI-MED-001,Mental Health,accepted,exact MeSH preferred/entry-term match plus curated umbrella rule,2026-07-31T20:56:20.541600+00:00
mem_f8e008892b,Matthew Hill,https://profiles.ucalgary.ca/matthew-hill,Neuroplasticity,neuroplasticity,declared_area_title,always_visible_source_declared,true,4,D009473,Neuronal Plasticity,HBI-MED-010,Cellular and Molecular Neuroscience,accepted,exact MeSH preferred/entry-term match plus curated umbrella rule,2026-07-31T20:56:20.541600+00:00
mem_d994767332,Mayank Goyal,https://profiles.ucalgary.ca/mayank-goyal,Stroke,stroke,declared_area_title,always_visible_source_declared,true,0,D020521,Stroke,HBI-MED-006,Cardiovascular Health,accepted,exact MeSH preferred/entry-term match plus curated umbrella rule,2026-07-31T20:56:20.541600+00:00
mem_d994767332,Mayank Goyal,https://profiles.ucalgary.ca/mayank-goyal,diagnostic imaging,diagnostic imaging,declared_area_title,always_visible_source_declared,true,1,D003952,Diagnostic Imaging,HBI-MED-005,Imaging and Diagnostics,accepted,exact MeSH preferred/entry-term match plus curated umbrella rule,2026-07-31T20:56:20.541600+00:00
mem_d994767332,Mayank Goyal,https://profiles.ucalgary.ca/mayank-goyal,hyperacute stroke,hyperacute stroke,declared_area_title,always_visible_source_declared,true,2,D020521,Stroke,HBI-MED-006,Cardiovascular Health,accepted,embedded medical phrase recovered from profile text; exact MeSH preferred/entry-term match plus curated umbrella rule,2026-07-31T20:56:20.541600+00:00
mem_4393bff7a6,Meghan McDonough,https://profiles.ucalgary.ca/meghan-mcdonough,"Health, Exercise and Sport Psychology",health exercise and sport psychology,declared_area_title,always_visible_source_declared,true,0,D006262,Health,,,review,delimited profile term; MeSH concept found; medical umbrella requires review | delimited profile term; no exact preferred-label or entry-term match in local MeSH 2026,2026-07-31T20:56:20.541600+00:00
mem_0f24dba938,Melanie Noel,https://profiles.ucalgary.ca/melanie-noel,Determinants of Health,determinants of health,declared_area_title,always_visible_source_declared,true,0,,,,,unresolved,no exact preferred-label or entry-term match in local MeSH 2026,2026-07-31T20:56:20.541600+00:00
mem_0f24dba938,Melanie Noel,https://profiles.ucalgary.ca/melanie-noel,Pain,pain,declared_area_title,always_visible_source_declared,true,1,D010146,Pain,,,review,MeSH concept found; medical umbrella requires review,2026-07-31T20:56:20.541600+00:00
mem_0f24dba938,Melanie Noel,https://profiles.ucalgary.ca/melanie-noel,Psychosocial outcomes,psychosocial outcomes,declared_area_title,always_visible_source_declared,true,2,,,,,unresolved,no exact preferred-label or entry-term match in local MeSH 2026,2026-07-31T20:56:20.541600+00:00
mem_5fb66a15c5,Melinda Jane Davis,https://profiles.ucalgary.ca/melinda-jane-davis,anesthesia,anesthesia,declared_area_title,always_visible_source_declared,true,0,D000758,Anesthesia,,,review,MeSH concept found; medical umbrella requires review,2026-07-31T20:56:20.541600+00:00
mem_5fb66a15c5,Melinda Jane Davis,https://profiles.ucalgary.ca/melinda-jane-davis,neuroradiology,neuroradiology,declared_area_title,always_visible_source_declared,true,1,,,,,unresolved,no exact preferred-label or entry-term match in local MeSH 2026,2026-07-31T20:56:20.541600+00:00
mem_5fb66a15c5,Melinda Jane Davis,https://profiles.ucalgary.ca/melinda-jane-davis,Neurosurgery,neurosurgery,declared_area_title,always_visible_source_declared,true,2,D009493,Neurosurgery,,,review,MeSH concept found; medical umbrella requires review,2026-07-31T20:56:20.541600+00:00
mem_86be4543f1,Michael Adrian Colicos,https://profiles.ucalgary.ca/michael-adrian-colicos,Autism,autism,declared_area_title,always_visible_source_declared,true,0,D001321,Autistic Disorder,HBI-MED-001,Mental Health,accepted,exact MeSH preferred/entry-term match plus curated umbrella rule,2026-07-31T20:56:20.541600+00:00
mem_86be4543f1,Michael Adrian Colicos,https://profiles.ucalgary.ca/michael-adrian-colicos,Epilepsy,epilepsy,declared_area_title,always_visible_source_declared,true,1,D004827,Epilepsy,HBI-MED-002,Neurological Disorders,accepted,exact MeSH preferred/entry-term match plus curated umbrella rule,2026-07-31T20:56:20.541600+00:00
mem_86be4543f1,Michael Adrian Colicos,https://profiles.ucalgary.ca/michael-adrian-colicos,Molecular Mechanisms,molecular mechanisms,declared_area_title,always_visible_source_declared,true,2,,,,,unresolved,no exact preferred-label or entry-term match in local MeSH 2026,2026-07-31T20:56:20.541600+00:00
mem_86be4543f1,Michael Adrian Colicos,https://profiles.ucalgary.ca/michael-adrian-colicos,Neuroplasticity,neuroplasticity,declared_area_title,always_visible_source_declared,true,3,D009473,Neuronal Plasticity,HBI-MED-010,Cellular and Molecular Neuroscience,accepted,exact MeSH preferred/entry-term match plus curated umbrella rule,2026-07-31T20:56:20.541600+00:00
mem_86be4543f1,Michael Adrian Colicos,https://profiles.ucalgary.ca/michael-adrian-colicos,Synapsis,synapsis,declared_area_title,always_visible_source_declared,true,4,D023902,Chromosome Pairing,HBI-MED-010,Cellular and Molecular Neuroscience,accepted,exact MeSH preferred/entry-term match plus curated umbrella rule,2026-07-31T20:56:20.541600+00:00
mem_9d290c25df,Michael Esser,https://profiles.ucalgary.ca/michael-esser,Brain Injury,brain injury,declared_area_title,always_visible_source_declared,true,0,D001930,Brain Injuries,HBI-MED-003,Brain Injury and Neurotrauma,accepted,exact MeSH preferred/entry-term match plus curated umbrella rule,2026-07-31T20:56:20.541600+00:00
mem_9d290c25df,Michael Esser,https://profiles.ucalgary.ca/michael-esser,Neurocritical Care,neurocritical care,declared_area_title,always_visible_source_declared,true,1,,,,,unresolved,no exact preferred-label or entry-term match in local MeSH 2026,2026-07-31T20:56:20.541600+00:00
mem_9d290c25df,Michael Esser,https://profiles.ucalgary.ca/michael-esser,Translational Biology,translational biology,declared_area_title,always_visible_source_declared,true,2,,,,,unresolved,no exact preferred-label or entry-term match in local MeSH 2026,2026-07-31T20:56:20.541600+00:00
mem_9d290c25df,Michael Esser,https://profiles.ucalgary.ca/michael-esser,Determinants of Health,determinants of health,declared_area_title,always_visible_source_declared,true,3,,,,,unresolved,no exact preferred-label or entry-term match in local MeSH 2026,2026-07-31T20:56:20.541600+00:00
mem_9d290c25df,Michael Esser,https://profiles.ucalgary.ca/michael-esser,Health Outcomes,health outcomes,declared_area_title,always_visible_source_declared,true,4,,,,,unresolved,no exact preferred-label or entry-term match in local MeSH 2026,2026-07-31T20:56:20.541600+00:00
mem_9d290c25df,Michael Esser,https://profiles.ucalgary.ca/michael-esser,Knowledge Translation,knowledge translation,declared_area_title,always_visible_source_declared,true,5,D000090963,"Translational Science, Biomedical",,,review,MeSH concept found; medical umbrella requires review,2026-07-31T20:56:20.541600+00:00
mem_9d290c25df,Michael Esser,https://profiles.ucalgary.ca/michael-esser,Novel Therapeutics,novel therapeutics,declared_area_title,always_visible_source_declared,true,6,D013812,Therapeutics,HBI-MED-008,Pharmacology and Therapeutics,accepted,embedded medical phrase recovered from profile text; exact MeSH preferred/entry-term match plus curated umbrella rule,2026-07-31T20:56:20.541600+00:00
mem_a055827ead,Michael Hill,https://profiles.ucalgary.ca/michael-hill,"Stroke and cerebro-vascular disorders, Epidemiology of stroke and vascular diseases",stroke and cerebro vascular disorders epidemiology of stroke and vascular diseases,declared_area_list,always_visible_source_declared,true,0,D020521 | D014652,Stroke | Vascular Diseases,HBI-MED-006,Cardiovascular Health,accepted,delimited profile term; embedded medical phrase recovered from profile text; exact MeSH preferred/entry-term match plus curated umbrella rule,2026-07-31T20:56:20.541600+00:00
mem_3d17c87dc2,Michael Patrick Walsh,https://profiles.ucalgary.ca/michael-patrick-walsh,"Signaling, Regulation of muscle contraction",signaling regulation of muscle contraction,declared_area_title,always_visible_source_declared,true,0,,,,,unresolved,delimited profile term; no exact preferred-label or entry-term match in local MeSH 2026,2026-07-31T20:56:20.541600+00:00
mem_a1ecc4eb97,Micheil Innes,https://profiles.ucalgary.ca/micheil-innes,Genetic Disorders,genetic disorders,declared_area_title,always_visible_source_declared,true,0,D030342,"Genetic Diseases, Inborn",,,review,MeSH concept found; medical umbrella requires review,2026-07-31T20:56:20.541600+00:00
mem_a1ecc4eb97,Micheil Innes,https://profiles.ucalgary.ca/micheil-innes,Rare diseases,rare diseases,declared_area_title,always_visible_source_declared,true,1,D035583,Rare Diseases,,,review,MeSH concept found; medical umbrella requires review,2026-07-31T20:56:20.541600+00:00
mem_e92a3a57cf,Minh Dang Nguyen,https://profiles.ucalgary.ca/minh-dang-nguyen,Neurosciences,neurosciences,declared_area_title,always_visible_source_declared,true,0,D009488,Neurosciences,,,review,MeSH concept found; medical umbrella requires review,2026-07-31T20:56:20.541600+00:00
mem_e92a3a57cf,Minh Dang Nguyen,https://profiles.ucalgary.ca/minh-dang-nguyen,Neurodegeneration,neurodegeneration,declared_area_title,always_visible_source_declared,true,1,,,,,unresolved,no exact preferred-label or entry-term match in local MeSH 2026,2026-07-31T20:56:20.541600+00:00
mem_e92a3a57cf,Minh Dang Nguyen,https://profiles.ucalgary.ca/minh-dang-nguyen,Amyotrophic Lateral Sclerosis,amyotrophic lateral sclerosis,declared_area_title,always_visible_source_declared,true,2,D000690,Amyotrophic Lateral Sclerosis,,,review,MeSH concept found; medical umbrella requires review,2026-07-31T20:56:20.541600+00:00
mem_e92a3a57cf,Minh Dang Nguyen,https://profiles.ucalgary.ca/minh-dang-nguyen,Alzheimer's Disease,alzheimer disease,declared_area_title,always_visible_source_declared,true,3,D000544,Alzheimer Disease,HBI-MED-002,Neurological Disorders,accepted,exact MeSH preferred/entry-term match plus curated umbrella rule,2026-07-31T20:56:20.541600+00:00
mem_e92a3a57cf,Minh Dang Nguyen,https://profiles.ucalgary.ca/minh-dang-nguyen,Sexual Dimorphism,sexual dimorphism,declared_area_title,always_visible_source_declared,true,4,D000099100,Sex Differences,,,review,MeSH concept found; medical umbrella requires review,2026-07-31T20:56:20.541600+00:00
mem_1715d89fe0,Mohammed Almekhlafi,https://profiles.ucalgary.ca/mohammed-almekhlafi,Stroke,stroke,declared_area_title,always_visible_source_declared,true,0,D020521,Stroke,HBI-MED-006,Cardiovascular Health,accepted,exact MeSH preferred/entry-term match plus curated umbrella rule,2026-07-31T20:56:20.541600+00:00
mem_1715d89fe0,Mohammed Almekhlafi,https://profiles.ucalgary.ca/mohammed-almekhlafi,Endovascular thrombectomy,endovascular thrombectomy,declared_area_title,always_visible_source_declared,true,1,,,,,unresolved,no exact preferred-label or entry-term match in local MeSH 2026,2026-07-31T20:56:20.541600+00:00
mem_1715d89fe0,Mohammed Almekhlafi,https://profiles.ucalgary.ca/mohammed-almekhlafi,Brain aneurysms,brain aneurysms,declared_area_title,always_visible_source_declared,true,2,D002532,Intracranial Aneurysm,,,review,MeSH concept found; medical umbrella requires review,2026-07-31T20:56:20.541600+00:00
mem_1715d89fe0,Mohammed Almekhlafi,https://profiles.ucalgary.ca/mohammed-almekhlafi,Carotid stenosis,carotid stenosis,declared_area_title,always_visible_source_declared,true,3,D016893,Carotid Stenosis,,,review,MeSH concept found; medical umbrella requires review,2026-07-31T20:56:20.541600+00:00
mem_1715d89fe0,Mohammed Almekhlafi,https://profiles.ucalgary.ca/mohammed-almekhlafi,Cerebral arteriovenous malformation,cerebral arteriovenous malformation,declared_area_title,always_visible_source_declared,true,4,D002538,Intracranial Arteriovenous Malformations,,,review,MeSH concept found; medical umbrella requires review,2026-07-31T20:56:20.541600+00:00
mem_ecc4765dd3,Mohammed Kalathil,https://profiles.ucalgary.ca/mohammed-kalathil,Mental Health,mental health,declared_area_title,always_visible_source_declared,true,0,D008603,Mental Health,HBI-MED-001,Mental Health,accepted,exact MeSH preferred/entry-term match plus curated umbrella rule,2026-07-31T20:56:20.541600+00:00
mem_6f76ca3c25,Monty Ghosh,https://profiles.ucalgary.ca/monty-ghosh,Addiction including methamphetamines,addiction including methamphetamines,declared_area_title,always_visible_source_declared,true,0,,,,,unresolved,no exact preferred-label or entry-term match in local MeSH 2026,2026-07-31T20:56:20.541600+00:00
mem_6f76ca3c25,Monty Ghosh,https://profiles.ucalgary.ca/monty-ghosh,opioids,opioids,declared_area_title,always_visible_source_declared,true,1,D000701,"Analgesics, Opioid",,,review,MeSH concept found; medical umbrella requires review,2026-07-31T20:56:20.541600+00:00
mem_6f76ca3c25,Monty Ghosh,https://profiles.ucalgary.ca/monty-ghosh,and alcohol,and alcohol,declared_area_title,always_visible_source_declared,true,2,,,,,unresolved,no exact preferred-label or entry-term match in local MeSH 2026,2026-07-31T20:56:20.541600+00:00
mem_6f76ca3c25,Monty Ghosh,https://profiles.ucalgary.ca/monty-ghosh,Healthcare and Homelessness,healthcare and homelessness,declared_area_title,always_visible_source_declared,true,3,,,,,unresolved,no exact preferred-label or entry-term match in local MeSH 2026,2026-07-31T20:56:20.541600+00:00
mem_6f76ca3c25,Monty Ghosh,https://profiles.ucalgary.ca/monty-ghosh,Health and Corrections,health and corrections,declared_area_title,always_visible_source_declared,true,4,,,,,unresolved,no exact preferred-label or entry-term match in local MeSH 2026,2026-07-31T20:56:20.541600+00:00
mem_6f76ca3c25,Monty Ghosh,https://profiles.ucalgary.ca/monty-ghosh,Harm Reduction,harm reduction,declared_area_title,always_visible_source_declared,true,5,D040261,Harm Reduction,,,review,MeSH concept found; medical umbrella requires review,2026-07-31T20:56:20.541600+00:00
mem_6f76ca3c25,Monty Ghosh,https://profiles.ucalgary.ca/monty-ghosh,Recovery Oriented Treatments,recovery oriented treatments,declared_area_title,always_visible_source_declared,true,6,D013812,Therapeutics,HBI-MED-008,Pharmacology and Therapeutics,accepted,embedded medical phrase recovered from profile text; exact MeSH preferred/entry-term match plus curated umbrella rule,2026-07-31T20:56:20.541600+00:00
mem_6f76ca3c25,Monty Ghosh,https://profiles.ucalgary.ca/monty-ghosh,Linkage to Care and Transitions in Care,linkage to care and transitions in care,declared_area_title,always_visible_source_declared,true,7,,,,,unresolved,no exact preferred-label or entry-term match in local MeSH 2026,2026-07-31T20:56:20.541600+00:00
mem_902f442140,Morris Scantlebury,https://profiles.ucalgary.ca/morris-scantlebury,Epilepsy,epilepsy,declared_area_title,always_visible_source_declared,true,0,D004827,Epilepsy,HBI-MED-002,Neurological Disorders,accepted,exact MeSH preferred/entry-term match plus curated umbrella rule,2026-07-31T20:56:20.541600+00:00
mem_473d2f19dd,Nathalie Jette,https://profiles.ucalgary.ca/nathalie-jette,Epilepsy & other neuro conditions,epilepsy other neuro conditions,declared_area_title,always_visible_source_declared,true,0,D004827,Epilepsy,HBI-MED-002,Neurological Disorders,accepted,embedded medical phrase recovered from profile text; exact MeSH preferred/entry-term match plus curated umbrella rule,2026-07-31T20:56:20.541600+00:00
mem_953f193ead,Naweed Imam Syed,https://profiles.ucalgary.ca/naweed-imam-syed,Brain,brain,declared_area_title,always_visible_source_declared,true,0,D001921,Brain,,,review,MeSH concept found; medical umbrella requires review,2026-07-31T20:56:20.541600+00:00
mem_953f193ead,Naweed Imam Syed,https://profiles.ucalgary.ca/naweed-imam-syed,Molecular Mechanisms,molecular mechanisms,declared_area_title,always_visible_source_declared,true,1,,,,,unresolved,no exact preferred-label or entry-term match in local MeSH 2026,2026-07-31T20:56:20.541600+00:00
mem_953f193ead,Naweed Imam Syed,https://profiles.ucalgary.ca/naweed-imam-syed,Neurodevelopment,neurodevelopment,declared_area_title,always_visible_source_declared,true,2,D000099203,Neurodevelopment,,,review,MeSH concept found; medical umbrella requires review,2026-07-31T20:56:20.541600+00:00
mem_953f193ead,Naweed Imam Syed,https://profiles.ucalgary.ca/naweed-imam-syed,Neuroplasticity,neuroplasticity,declared_area_title,always_visible_source_declared,true,3,D009473,Neuronal Plasticity,HBI-MED-010,Cellular and Molecular Neuroscience,accepted,exact MeSH preferred/entry-term match plus curated umbrella rule,2026-07-31T20:56:20.541600+00:00
mem_953f193ead,Naweed Imam Syed,https://profiles.ucalgary.ca/naweed-imam-syed,Synapsis,synapsis,declared_area_title,always_visible_source_declared,true,4,D023902,Chromosome Pairing,HBI-MED-010,Cellular and Molecular Neuroscience,accepted,exact MeSH preferred/entry-term match plus curated umbrella rule,2026-07-31T20:56:20.541600+00:00
mem_cce204cb8c,Nicole Letourneau,https://profiles.ucalgary.ca/nicole-letourneau,Vulnerable children,vulnerable children,declared_area_list,always_visible_source_declared,true,0,,,,,unresolved,no exact preferred-label or entry-term match in local MeSH 2026,2026-07-31T20:56:20.541600+00:00
mem_cce204cb8c,Nicole Letourneau,https://profiles.ucalgary.ca/nicole-letourneau,Social support,social support,declared_area_list,always_visible_source_declared,true,1,D012944,Social Support,,,review,MeSH concept found; medical umbrella requires review,2026-07-31T20:56:20.541600+00:00
mem_cce204cb8c,Nicole Letourneau,https://profiles.ucalgary.ca/nicole-letourneau,Parent-infant/child relationships,parent infant child relationships,declared_area_list,always_visible_source_declared,true,2,,,,,unresolved,no exact preferred-label or entry-term match in local MeSH 2026,2026-07-31T20:56:20.541600+00:00
mem_cce204cb8c,Nicole Letourneau,https://profiles.ucalgary.ca/nicole-letourneau,Maternal mental health,maternal mental health,declared_area_list,always_visible_source_declared,true,3,D008603,Mental Health,HBI-MED-001,Mental Health,accepted,embedded medical phrase recovered from profile text; exact MeSH preferred/entry-term match plus curated umbrella rule,2026-07-31T20:56:20.541600+00:00
mem_cce204cb8c,Nicole Letourneau,https://profiles.ucalgary.ca/nicole-letourneau,Domestic abuse,domestic abuse,declared_area_list,always_visible_source_declared,true,4,,,,,unresolved,no exact preferred-label or entry-term match in local MeSH 2026,2026-07-31T20:56:20.541600+00:00
mem_cce204cb8c,Nicole Letourneau,https://profiles.ucalgary.ca/nicole-letourneau,Family environmental effects on child development,family environmental effects on child development,declared_area_list,always_visible_source_declared,true,5,,,,,unresolved,no exact preferred-label or entry-term match in local MeSH 2026,2026-07-31T20:56:20.541600+00:00
mem_cce204cb8c,Nicole Letourneau,https://profiles.ucalgary.ca/nicole-letourneau,Genetics and epigenetics,genetics and epigenetics,declared_area_list,always_visible_source_declared,true,6,D005823 | D057890,Genetics | Epigenomics,HBI-MED-009,Genetics and Genomics,accepted,embedded medical phrase recovered from profile text; exact MeSH preferred/entry-term match plus curated umbrella rule,2026-07-31T20:56:20.541600+00:00
mem_57d1619bfe,Nicole Racine,https://profiles.ucalgary.ca/nicole-racine-0,Neurodevelopment,neurodevelopment,declared_area_title,always_visible_source_declared,true,0,D000099203,Neurodevelopment,,,review,MeSH concept found; medical umbrella requires review,2026-07-31T20:56:20.541600+00:00
mem_c695f19acd,Nils Daniel Forkert,https://profiles.ucalgary.ca/nils-daniel-forkert,Machine Learning,machine learning,declared_area_title,always_visible_source_declared,true,0,D000069550,Machine Learning,,,review,MeSH concept found; medical umbrella requires review,2026-07-31T20:56:20.541600+00:00
mem_c695f19acd,Nils Daniel Forkert,https://profiles.ucalgary.ca/nils-daniel-forkert,Deep Learning,deep learning,declared_area_title,always_visible_source_declared,true,1,D000077321,Deep Learning,,,review,MeSH concept found; medical umbrella requires review,2026-07-31T20:56:20.541600+00:00
mem_c695f19acd,Nils Daniel Forkert,https://profiles.ucalgary.ca/nils-daniel-forkert,Artificial Intelligence,artificial intelligence,declared_area_title,always_visible_source_declared,true,2,D001185,Artificial Intelligence,,,review,MeSH concept found; medical umbrella requires review,2026-07-31T20:56:20.541600+00:00
mem_c695f19acd,Nils Daniel Forkert,https://profiles.ucalgary.ca/nils-daniel-forkert,Medical Image Analysis,medical image analysis,declared_area_title,always_visible_source_declared,true,3,,,,,unresolved,no exact preferred-label or entry-term match in local MeSH 2026,2026-07-31T20:56:20.541600+00:00
mem_c695f19acd,Nils Daniel Forkert,https://profiles.ucalgary.ca/nils-daniel-forkert,Precision Medicine,precision medicine,declared_area_title,always_visible_source_declared,true,4,D057285,Precision Medicine,,,review,MeSH concept found; medical umbrella requires review,2026-07-31T20:56:20.541600+00:00
mem_c695f19acd,Nils Daniel Forkert,https://profiles.ucalgary.ca/nils-daniel-forkert,Digital Twin Technologies,digital twin technologies,declared_area_title,always_visible_source_declared,true,5,,,,,unresolved,no exact preferred-label or entry-term match in local MeSH 2026,2026-07-31T20:56:20.541600+00:00
mem_c6655391af,Nils Torben Bech-Hansen,https://profiles.ucalgary.ca/nils-torben-bech-hansen,Genomics,genomics,declared_area_title,always_visible_source_declared,true,0,D023281,Genomics,HBI-MED-009,Genetics and Genomics,accepted,exact MeSH preferred/entry-term match plus curated umbrella rule,2026-07-31T20:56:20.541600+00:00
mem_c6655391af,Nils Torben Bech-Hansen,https://profiles.ucalgary.ca/nils-torben-bech-hansen,Molecular Mechanisms,molecular mechanisms,declared_area_title,always_visible_source_declared,true,1,,,,,unresolved,no exact preferred-label or entry-term match in local MeSH 2026,2026-07-31T20:56:20.541600+00:00
mem_c6655391af,Nils Torben Bech-Hansen,https://profiles.ucalgary.ca/nils-torben-bech-hansen,Synapsis,synapsis,declared_area_title,always_visible_source_declared,true,2,D023902,Chromosome Pairing,HBI-MED-010,Cellular and Molecular Neuroscience,accepted,exact MeSH preferred/entry-term match plus curated umbrella rule,2026-07-31T20:56:20.541600+00:00
mem_c6655391af,Nils Torben Bech-Hansen,https://profiles.ucalgary.ca/nils-torben-bech-hansen,Vision,vision,declared_area_title,always_visible_source_declared,true,3,D014785,"Vision, Ocular",,,review,MeSH concept found; medical umbrella requires review,2026-07-31T20:56:20.541600+00:00
mem_a27c0b453b,Ning Cheng,https://profiles.ucalgary.ca/ning-cheng,Autism,autism,declared_area_title,always_visible_source_declared,true,0,D001321,Autistic Disorder,HBI-MED-001,Mental Health,accepted,exact MeSH preferred/entry-term match plus curated umbrella rule,2026-07-31T20:56:20.541600+00:00
mem_a27c0b453b,Ning Cheng,https://profiles.ucalgary.ca/ning-cheng,Behavior,behavior,declared_area_title,always_visible_source_declared,true,1,D001519,Behavior,,,review,MeSH concept found; medical umbrella requires review,2026-07-31T20:56:20.541600+00:00
mem_a27c0b453b,Ning Cheng,https://profiles.ucalgary.ca/ning-cheng,Model organisms,model organisms,declared_area_title,always_visible_source_declared,true,2,,,,,unresolved,no exact preferred-label or entry-term match in local MeSH 2026,2026-07-31T20:56:20.541600+00:00
mem_a27c0b453b,Ning Cheng,https://profiles.ucalgary.ca/ning-cheng,Neural circuit and molecular mechanisms,neural circuit and molecular mechanisms,declared_area_title,always_visible_source_declared,true,3,,,,,unresolved,no exact preferred-label or entry-term match in local MeSH 2026,2026-07-31T20:56:20.541600+00:00
mem_a27c0b453b,Ning Cheng,https://profiles.ucalgary.ca/ning-cheng,Neurodevelopmental disorders,neurodevelopmental disorders,declared_area_title,always_visible_source_declared,true,4,D065886,Neurodevelopmental Disorders,HBI-MED-001,Mental Health,accepted,exact MeSH preferred/entry-term match plus curated umbrella rule,2026-07-31T20:56:20.541600+00:00
mem_d3afbe9061,Novarun Deb,https://profiles.ucalgary.ca/novarun-deb,Memory Empowerment,memory empowerment,declared_area_title,always_visible_source_declared,true,0,D008568,Memory,HBI-MED-011,Cognitive and Behavioural Neuroscience,accepted,embedded medical phrase recovered from profile text; exact MeSH preferred/entry-term match plus curated umbrella rule,2026-07-31T20:56:20.541600+00:00
mem_d3afbe9061,Novarun Deb,https://profiles.ucalgary.ca/novarun-deb,Sustainable Software Engineering,sustainable software engineering,declared_area_title,always_visible_source_declared,true,1,,,,,unresolved,no exact preferred-label or entry-term match in local MeSH 2026,2026-07-31T20:56:20.541600+00:00
mem_d3afbe9061,Novarun Deb,https://profiles.ucalgary.ca/novarun-deb,Requirements Engineering,requirements engineering,declared_area_title,always_visible_source_declared,true,2,,,,,unresolved,no exact preferred-label or entry-term match in local MeSH 2026,2026-07-31T20:56:20.541600+00:00
mem_d3afbe9061,Novarun Deb,https://profiles.ucalgary.ca/novarun-deb,Transient Micro-services,transient micro services,declared_area_title,always_visible_source_declared,true,3,,,,,unresolved,no exact preferred-label or entry-term match in local MeSH 2026,2026-07-31T20:56:20.541600+00:00
mem_d3afbe9061,Novarun Deb,https://profiles.ucalgary.ca/novarun-deb,Green DevOps,green devops,declared_area_title,always_visible_source_declared,true,4,,,,,unresolved,no exact preferred-label or entry-term match in local MeSH 2026,2026-07-31T20:56:20.541600+00:00
mem_3a936b52e4,Oluwabukola Salami,https://profiles.ucalgary.ca/oluwabukola-salami,Areas of Focus,areas of focus,declared_area_title,always_visible_source_declared,true,0,,,,,unresolved,no exact preferred-label or entry-term match in local MeSH 2026,2026-07-31T20:56:20.541600+00:00
mem_8d1d2f6903,Omid Kiamanesh,https://profiles.ucalgary.ca/omid-kiamanesh,Cardiology,cardiology,declared_area_list,always_visible_source_declared,true,0,D002309,Cardiology,,,review,MeSH concept found; medical umbrella requires review,2026-07-31T20:56:20.541600+00:00
mem_1da9136136,Oury Monchi,https://profiles.ucalgary.ca/oury-monchi,Parkinsons Disease,parkinsons disease,declared_area_title,always_visible_source_declared,true,0,,,,,unresolved,no exact preferred-label or entry-term match in local MeSH 2026,2026-07-31T20:56:20.541600+00:00
mem_1da9136136,Oury Monchi,https://profiles.ucalgary.ca/oury-monchi,dementia,dementia,declared_area_title,always_visible_source_declared,true,1,D003704,Dementia,HBI-MED-002,Neurological Disorders,accepted,exact MeSH preferred/entry-term match plus curated umbrella rule,2026-07-31T20:56:20.541600+00:00
mem_1da9136136,Oury Monchi,https://profiles.ucalgary.ca/oury-monchi,Neuroimaging,neuroimaging,declared_area_title,always_visible_source_declared,true,2,D059906,Neuroimaging,HBI-MED-005,Imaging and Diagnostics,accepted,exact MeSH preferred/entry-term match plus curated umbrella rule,2026-07-31T20:56:20.541600+00:00
mem_1da9136136,Oury Monchi,https://profiles.ucalgary.ca/oury-monchi,Transcranial Magnetic Stimulation,transcranial magnetic stimulation,declared_area_title,always_visible_source_declared,true,3,D050781,Transcranial Magnetic Stimulation,,,review,MeSH concept found; medical umbrella requires review,2026-07-31T20:56:20.541600+00:00
mem_1da9136136,Oury Monchi,https://profiles.ucalgary.ca/oury-monchi,TMS,tms,declared_area_title,always_visible_source_declared,true,4,,,,,unresolved,no exact preferred-label or entry-term match in local MeSH 2026,2026-07-31T20:56:20.541600+00:00
mem_1da9136136,Oury Monchi,https://profiles.ucalgary.ca/oury-monchi,Dementia & Cognitive Disorders,dementia cognitive disorders,declared_area_title,always_visible_source_declared,true,5,D003704,Dementia,HBI-MED-002,Neurological Disorders,accepted,embedded medical phrase recovered from profile text; exact MeSH preferred/entry-term match plus curated umbrella rule,2026-07-31T20:56:20.541600+00:00
mem_1da9136136,Oury Monchi,https://profiles.ucalgary.ca/oury-monchi,Movement Disorders,movement disorders,declared_area_title,always_visible_source_declared,true,6,D009069,Movement Disorders,HBI-MED-002,Neurological Disorders,accepted,exact MeSH preferred/entry-term match plus curated umbrella rule,2026-07-31T20:56:20.541600+00:00
mem_010c48c43f,Pamela Roach,https://profiles.ucalgary.ca/pamela-roach,Dementia and Cognitive Disorders,dementia and cognitive disorders,declared_area_list,always_visible_source_declared,true,0,D003704,Dementia,HBI-MED-002,Neurological Disorders,accepted,embedded medical phrase recovered from profile text; exact MeSH preferred/entry-term match plus curated umbrella rule,2026-07-31T20:56:20.541600+00:00
mem_010c48c43f,Pamela Roach,https://profiles.ucalgary.ca/pamela-roach,Mental Health,mental health,declared_area_list,always_visible_source_declared,true,1,D008603,Mental Health,HBI-MED-001,Mental Health,accepted,exact MeSH preferred/entry-term match plus curated umbrella rule,2026-07-31T20:56:20.541600+00:00
mem_010c48c43f,Pamela Roach,https://profiles.ucalgary.ca/pamela-roach,patient and family centered care,patient and family centered care,declared_area_list,always_visible_source_declared,true,2,,,,,unresolved,no exact preferred-label or entry-term match in local MeSH 2026,2026-07-31T20:56:20.541600+00:00
mem_010c48c43f,Pamela Roach,https://profiles.ucalgary.ca/pamela-roach,early onset dementia,early onset dementia,declared_area_list,always_visible_source_declared,true,3,D003704,Dementia,HBI-MED-002,Neurological Disorders,accepted,embedded medical phrase recovered from profile text; exact MeSH preferred/entry-term match plus curated umbrella rule,2026-07-31T20:56:20.541600+00:00
mem_3146e74c2b,Paolo Federico,https://profiles.ucalgary.ca/paolo-federico,Epilepsy,epilepsy,declared_area_title,always_visible_source_declared,true,0,D004827,Epilepsy,HBI-MED-002,Neurological Disorders,accepted,exact MeSH preferred/entry-term match plus curated umbrella rule,2026-07-31T20:56:20.541600+00:00
mem_0f847603bd,Patrick Whelan,https://profiles.ucalgary.ca/patrick-whelan,Overall Activities,overall activities,declared_area_title,always_visible_source_declared,true,0,,,,,unresolved,no exact preferred-label or entry-term match in local MeSH 2026,2026-07-31T20:56:20.541600+00:00
mem_0f847603bd,Patrick Whelan,https://profiles.ucalgary.ca/patrick-whelan,Parkinson's Disease,parkinson disease,declared_area_title,always_visible_source_declared,true,1,D010300,Parkinson Disease,HBI-MED-002,Neurological Disorders,accepted,exact MeSH preferred/entry-term match plus curated umbrella rule,2026-07-31T20:56:20.541600+00:00
mem_0f847603bd,Patrick Whelan,https://profiles.ucalgary.ca/patrick-whelan,Spinal Cord Injury,spinal cord injury,declared_area_title,always_visible_source_declared,true,2,D013119,Spinal Cord Injuries,,,review,MeSH concept found; medical umbrella requires review,2026-07-31T20:56:20.541600+00:00
mem_e48b8f0a4b,Paul Arnold,https://profiles.ucalgary.ca/paul-arnold,Behaviour,behaviour,declared_area_title,always_visible_source_declared,true,0,,,,,unresolved,no exact preferred-label or entry-term match in local MeSH 2026,2026-07-31T20:56:20.541600+00:00
mem_e48b8f0a4b,Paul Arnold,https://profiles.ucalgary.ca/paul-arnold,Brain,brain,declared_area_title,always_visible_source_declared,true,1,D001921,Brain,,,review,MeSH concept found; medical umbrella requires review,2026-07-31T20:56:20.541600+00:00
mem_e48b8f0a4b,Paul Arnold,https://profiles.ucalgary.ca/paul-arnold,Mental Health,mental health,declared_area_title,always_visible_source_declared,true,2,D008603,Mental Health,HBI-MED-001,Mental Health,accepted,exact MeSH preferred/entry-term match plus curated umbrella rule,2026-07-31T20:56:20.541600+00:00
mem_e48b8f0a4b,Paul Arnold,https://profiles.ucalgary.ca/paul-arnold,Mental Illness,mental illness,declared_area_title,always_visible_source_declared,true,3,D001523,Mental Disorders,HBI-MED-001,Mental Health,accepted,exact MeSH preferred/entry-term match plus curated umbrella rule,2026-07-31T20:56:20.541600+00:00
mem_e48b8f0a4b,Paul Arnold,https://profiles.ucalgary.ca/paul-arnold,Genomics,genomics,declared_area_title,always_visible_source_declared,true,4,D023281,Genomics,HBI-MED-009,Genetics and Genomics,accepted,exact MeSH preferred/entry-term match plus curated umbrella rule,2026-07-31T20:56:20.541600+00:00
mem_98015aef5e,Pedro Santamaria,https://profiles.ucalgary.ca/pedro-santamaria,Autoimmunity,autoimmunity,declared_area_list,always_visible_source_declared,true,0,D015551,Autoimmunity,,,review,MeSH concept found; medical umbrella requires review,2026-07-31T20:56:20.541600+00:00
mem_98015aef5e,Pedro Santamaria,https://profiles.ucalgary.ca/pedro-santamaria,Antigen-specific Therapy,antigen specific therapy,declared_area_list,always_visible_source_declared,true,1,D013812,Therapeutics,HBI-MED-008,Pharmacology and Therapeutics,accepted,embedded medical phrase recovered from profile text; exact MeSH preferred/entry-term match plus curated umbrella rule,2026-07-31T20:56:20.541600+00:00
mem_98015aef5e,Pedro Santamaria,https://profiles.ucalgary.ca/pedro-santamaria,Nanotechnology,nanotechnology,declared_area_list,always_visible_source_declared,true,2,D036103,Nanotechnology,,,review,MeSH concept found; medical umbrella requires review,2026-07-31T20:56:20.541600+00:00
mem_3d16baf56d,Perri Tutelman,https://profiles.ucalgary.ca/perri-tutelman,"Child, adolescent, and young adult psychosocial oncology",child adolescent and young adult psychosocial oncology,declared_area_detail,always_visible_source_declared,true,0,D002648 | D000293,Child | Adolescent,,,review,delimited profile term; MeSH concept found; medical umbrella requires review | delimited profile term; no exact preferred-label or entry-term match in local MeSH 2026,2026-07-31T20:56:20.541600+00:00
mem_3d16baf56d,Perri Tutelman,https://profiles.ucalgary.ca/perri-tutelman,Digital mental health,digital mental health,declared_area_detail,always_visible_source_declared,true,1,D008603,Mental Health,HBI-MED-001,Mental Health,accepted,embedded medical phrase recovered from profile text; exact MeSH preferred/entry-term match plus curated umbrella rule,2026-07-31T20:56:20.541600+00:00
mem_53686b30d5,Pierre LeVan,https://profiles.ucalgary.ca/pierre-levan,Brain Stimulation,brain stimulation,declared_area_title,always_visible_source_declared,true,0,,,,,unresolved,no exact preferred-label or entry-term match in local MeSH 2026,2026-07-31T20:56:20.541600+00:00
mem_53686b30d5,Pierre LeVan,https://profiles.ucalgary.ca/pierre-levan,Epilepsy,epilepsy,declared_area_title,always_visible_source_declared,true,1,D004827,Epilepsy,HBI-MED-002,Neurological Disorders,accepted,exact MeSH preferred/entry-term match plus curated umbrella rule,2026-07-31T20:56:20.541600+00:00
mem_53686b30d5,Pierre LeVan,https://profiles.ucalgary.ca/pierre-levan,Magnetic Resonance Imaging,magnetic resonance imaging,declared_area_title,always_visible_source_declared,true,2,D008279,Magnetic Resonance Imaging,HBI-MED-005,Imaging and Diagnostics,accepted,exact MeSH preferred/entry-term match plus curated umbrella rule,2026-07-31T20:56:20.541600+00:00
mem_53686b30d5,Pierre LeVan,https://profiles.ucalgary.ca/pierre-levan,Neuroimaging,neuroimaging,declared_area_title,always_visible_source_declared,true,3,D059906,Neuroimaging,HBI-MED-005,Imaging and Diagnostics,accepted,exact MeSH preferred/entry-term match plus curated umbrella rule,2026-07-31T20:56:20.541600+00:00
mem_53686b30d5,Pierre LeVan,https://profiles.ucalgary.ca/pierre-levan,Stroke,stroke,declared_area_title,always_visible_source_declared,true,4,D020521,Stroke,HBI-MED-006,Cardiovascular Health,accepted,exact MeSH preferred/entry-term match plus curated umbrella rule,2026-07-31T20:56:20.541600+00:00
mem_f36bd582f4,Qingrun Zhang,https://profiles.ucalgary.ca/qingrun-zhang,Representation Learning,representation learning,declared_area_detail,always_visible_source_declared,true,0,D007858,Learning,HBI-MED-011,Cognitive and Behavioural Neuroscience,accepted,embedded medical phrase recovered from profile text; exact MeSH preferred/entry-term match plus curated umbrella rule,2026-07-31T20:56:20.541600+00:00
mem_f36bd582f4,Qingrun Zhang,https://profiles.ucalgary.ca/qingrun-zhang,Discover associations and causal factors in multi-scale omics data,discover associations and causal factors in multi scale omics data,declared_area_detail,always_visible_source_declared,true,1,,,,,unresolved,no exact preferred-label or entry-term match in local MeSH 2026,2026-07-31T20:56:20.541600+00:00
mem_750ab2b996,Quan Long,https://profiles.ucalgary.ca/quan-long,Please refer to my Google Site for details,please refer to my google site for details,declared_area_title,always_visible_source_declared,true,0,,,,,unresolved,no exact preferred-label or entry-term match in local MeSH 2026,2026-07-31T20:56:20.541600+00:00
mem_e4ccd8bf83,Quentin Jerome Pittman,https://profiles.ucalgary.ca/quentin-jerome-pittman,Inflammation,inflammation,declared_area_title,always_visible_source_declared,true,0,D007249,Inflammation,,,review,MeSH concept found; medical umbrella requires review,2026-07-31T20:56:20.541600+00:00
mem_e4ccd8bf83,Quentin Jerome Pittman,https://profiles.ucalgary.ca/quentin-jerome-pittman,Synaptic and Neuronal Function,synaptic and neuronal function,declared_area_title,always_visible_source_declared,true,1,,,,,unresolved,no exact preferred-label or entry-term match in local MeSH 2026,2026-07-31T20:56:20.541600+00:00
mem_e4ccd8bf83,Quentin Jerome Pittman,https://profiles.ucalgary.ca/quentin-jerome-pittman,Summary,summary,declared_area_title,always_visible_source_declared,true,2,,,,,unresolved,no exact preferred-label or entry-term match in local MeSH 2026,2026-07-31T20:56:20.541600+00:00
mem_ee14a139dc,Rajamannar Ramasubbu,https://profiles.ucalgary.ca/rajamannar-ramasubbu,Mental Health,mental health,declared_area_title,always_visible_source_declared,true,0,D008603,Mental Health,HBI-MED-001,Mental Health,accepted,exact MeSH preferred/entry-term match plus curated umbrella rule,2026-07-31T20:56:20.541600+00:00
mem_ee14a139dc,Rajamannar Ramasubbu,https://profiles.ucalgary.ca/rajamannar-ramasubbu,Stress,stress,declared_area_title,always_visible_source_declared,true,1,,,,,unresolved,no exact preferred-label or entry-term match in local MeSH 2026,2026-07-31T20:56:20.541600+00:00
mem_ee14a139dc,Rajamannar Ramasubbu,https://profiles.ucalgary.ca/rajamannar-ramasubbu,Activities and Mood Disorders,activities and mood disorders,declared_area_title,always_visible_source_declared,true,2,D019964,Mood Disorders,HBI-MED-001,Mental Health,accepted,embedded medical phrase recovered from profile text; exact MeSH preferred/entry-term match plus curated umbrella rule,2026-07-31T20:56:20.541600+00:00
mem_ab971ed904,Rajiv Midha,https://profiles.ucalgary.ca/rajiv-midha,Nerve Injury,nerve injury,declared_area_title,always_visible_source_declared,true,0,,,,,unresolved,no exact preferred-label or entry-term match in local MeSH 2026,2026-07-31T20:56:20.541600+00:00
mem_ab971ed904,Rajiv Midha,https://profiles.ucalgary.ca/rajiv-midha,Nerve Regeneration,nerve regeneration,declared_area_title,always_visible_source_declared,true,1,D009416,Nerve Regeneration,,,review,MeSH concept found; medical umbrella requires review,2026-07-31T20:56:20.541600+00:00
mem_ab971ed904,Rajiv Midha,https://profiles.ucalgary.ca/rajiv-midha,Nerve Surgery,nerve surgery,declared_area_title,always_visible_source_declared,true,2,,,,,unresolved,no exact preferred-label or entry-term match in local MeSH 2026,2026-07-31T20:56:20.541600+00:00
mem_ab971ed904,Rajiv Midha,https://profiles.ucalgary.ca/rajiv-midha,Stem Cells,stem cells,declared_area_title,always_visible_source_declared,true,3,D013234,Stem Cells,,,review,MeSH concept found; medical umbrella requires review,2026-07-31T20:56:20.541600+00:00
mem_ab971ed904,Rajiv Midha,https://profiles.ucalgary.ca/rajiv-midha,Axon Myelination,axon myelination,declared_area_title,always_visible_source_declared,true,4,,,,,unresolved,no exact preferred-label or entry-term match in local MeSH 2026,2026-07-31T20:56:20.541600+00:00
mem_ab971ed904,Rajiv Midha,https://profiles.ucalgary.ca/rajiv-midha,Multiple Sclerosis,multiple sclerosis,declared_area_title,always_visible_source_declared,true,5,D009103,Multiple Sclerosis,HBI-MED-002,Neurological Disorders,accepted,exact MeSH preferred/entry-term match plus curated umbrella rule,2026-07-31T20:56:20.541600+00:00
mem_ab971ed904,Rajiv Midha,https://profiles.ucalgary.ca/rajiv-midha,Spinal Cord / Nerve Injury & Pain,spinal cord nerve injury pain,declared_area_title,always_visible_source_declared,true,6,,,,,unresolved,no exact preferred-label or entry-term match in local MeSH 2026,2026-07-31T20:56:20.541600+00:00
mem_79f23a1fd5,Ranita Manocha,https://profiles.ucalgary.ca/ranita-manocha,Conditions Causing Ligamentous Laxity,conditions causing ligamentous laxity,declared_area_list,always_visible_source_declared,true,0,,,,,unresolved,no exact preferred-label or entry-term match in local MeSH 2026,2026-07-31T20:56:20.541600+00:00
mem_79f23a1fd5,Ranita Manocha,https://profiles.ucalgary.ca/ranita-manocha,Bracing,bracing,declared_area_list,always_visible_source_declared,true,1,,,,,unresolved,no exact preferred-label or entry-term match in local MeSH 2026,2026-07-31T20:56:20.541600+00:00
mem_79f23a1fd5,Ranita Manocha,https://profiles.ucalgary.ca/ranita-manocha,Gait and Walking Aids,gait and walking aids,declared_area_list,always_visible_source_declared,true,2,,,,,unresolved,no exact preferred-label or entry-term match in local MeSH 2026,2026-07-31T20:56:20.541600+00:00
mem_79f23a1fd5,Ranita Manocha,https://profiles.ucalgary.ca/ranita-manocha,Upper Limb Biomechanics,upper limb biomechanics,declared_area_list,always_visible_source_declared,true,3,,,,,unresolved,no exact preferred-label or entry-term match in local MeSH 2026,2026-07-31T20:56:20.541600+00:00
mem_cf878ce2e9,Raymond Turner,https://profiles.ucalgary.ca/raymond-turner,Interactions of microbes with metals,interactions of microbes with metals,declared_area_title,always_visible_source_declared,true,0,,,,,unresolved,no exact preferred-label or entry-term match in local MeSH 2026,2026-07-31T20:56:20.541600+00:00
mem_cf878ce2e9,Raymond Turner,https://profiles.ucalgary.ca/raymond-turner,Biotechnology of biogenic nanomaterial,biotechnology of biogenic nanomaterial,declared_area_title,always_visible_source_declared,true,1,,,,,unresolved,no exact preferred-label or entry-term match in local MeSH 2026,2026-07-31T20:56:20.541600+00:00
mem_cf878ce2e9,Raymond Turner,https://profiles.ucalgary.ca/raymond-turner,Microbial biofilms,microbial biofilms,declared_area_title,always_visible_source_declared,true,2,,,,,unresolved,no exact preferred-label or entry-term match in local MeSH 2026,2026-07-31T20:56:20.541600+00:00
mem_cf878ce2e9,Raymond Turner,https://profiles.ucalgary.ca/raymond-turner,Antimicrobial Materials,antimicrobial materials,declared_area_title,always_visible_source_declared,true,3,,,,,unresolved,no exact preferred-label or entry-term match in local MeSH 2026,2026-07-31T20:56:20.541600+00:00
mem_cf878ce2e9,Raymond Turner,https://profiles.ucalgary.ca/raymond-turner,translocation of proteins and solutes across biological membranes,translocation of proteins and solutes across biological membranes,declared_area_title,always_visible_source_declared,true,4,,,,,unresolved,no exact preferred-label or entry-term match in local MeSH 2026,2026-07-31T20:56:20.541600+00:00
mem_6a980d0db4,Rebecca Charbonneau,https://profiles.ucalgary.ca/rebecca-charbonneau,Spinal Cord / Nerve Injury & Pain,spinal cord nerve injury pain,declared_area_title,always_visible_source_declared,true,0,,,,,unresolved,no exact preferred-label or entry-term match in local MeSH 2026,2026-07-31T20:56:20.541600+00:00
mem_6a980d0db4,Rebecca Charbonneau,https://profiles.ucalgary.ca/rebecca-charbonneau,Spinal cord injury,spinal cord injury,declared_area_title,always_visible_source_declared,true,1,D013119,Spinal Cord Injuries,,,review,MeSH concept found; medical umbrella requires review,2026-07-31T20:56:20.541600+00:00
mem_6a980d0db4,Rebecca Charbonneau,https://profiles.ucalgary.ca/rebecca-charbonneau,Acute spinal cord injury,acute spinal cord injury,declared_area_title,always_visible_source_declared,true,2,,,,,unresolved,no exact preferred-label or entry-term match in local MeSH 2026,2026-07-31T20:56:20.541600+00:00
mem_6a980d0db4,Rebecca Charbonneau,https://profiles.ucalgary.ca/rebecca-charbonneau,FES,fes,declared_area_title,always_visible_source_declared,true,3,,,,,unresolved,no exact preferred-label or entry-term match in local MeSH 2026,2026-07-31T20:56:20.541600+00:00
mem_6a980d0db4,Rebecca Charbonneau,https://profiles.ucalgary.ca/rebecca-charbonneau,exoskeletons,exoskeletons,declared_area_title,always_visible_source_declared,true,4,,,,,unresolved,no exact preferred-label or entry-term match in local MeSH 2026,2026-07-31T20:56:20.541600+00:00
mem_6a980d0db4,Rebecca Charbonneau,https://profiles.ucalgary.ca/rebecca-charbonneau,Neuropathic pain,neuropathic pain,declared_area_title,always_visible_source_declared,true,5,D009437,Neuralgia,HBI-MED-010,Cellular and Molecular Neuroscience,accepted,exact MeSH preferred/entry-term match plus curated umbrella rule,2026-07-31T20:56:20.541600+00:00
mem_6a980d0db4,Rebecca Charbonneau,https://profiles.ucalgary.ca/rebecca-charbonneau,Neurogenic bladder and pressure injuries,neurogenic bladder and pressure injuries,declared_area_title,always_visible_source_declared,true,6,,,,,unresolved,no exact preferred-label or entry-term match in local MeSH 2026,2026-07-31T20:56:20.541600+00:00
mem_3a1d20823e,Richa Pandey,https://profiles.ucalgary.ca/richa-pandey,Wearable biosensors,wearable biosensors,declared_area_list,always_visible_source_declared,true,0,,,,,unresolved,no exact preferred-label or entry-term match in local MeSH 2026,2026-07-31T20:56:20.541600+00:00
mem_3a1d20823e,Richa Pandey,https://profiles.ucalgary.ca/richa-pandey,Point of care technologies,point of care technologies,declared_area_list,always_visible_source_declared,true,1,D019095,Point-of-Care Systems,,,review,MeSH concept found; medical umbrella requires review,2026-07-31T20:56:20.541600+00:00
mem_3a1d20823e,Richa Pandey,https://profiles.ucalgary.ca/richa-pandey,Biosensors,biosensors,declared_area_list,always_visible_source_declared,true,2,D015374,Biosensing Techniques,,,review,MeSH concept found; medical umbrella requires review,2026-07-31T20:56:20.541600+00:00
mem_3a1d20823e,Richa Pandey,https://profiles.ucalgary.ca/richa-pandey,Lateral flow assays,lateral flow assays,declared_area_list,always_visible_source_declared,true,3,,,,,unresolved,no exact preferred-label or entry-term match in local MeSH 2026,2026-07-31T20:56:20.541600+00:00
mem_3a1d20823e,Richa Pandey,https://profiles.ucalgary.ca/richa-pandey,Functional Nucleic Acid,functional nucleic acid,declared_area_list,always_visible_source_declared,true,4,,,,,unresolved,no exact preferred-label or entry-term match in local MeSH 2026,2026-07-31T20:56:20.541600+00:00
mem_81c06ea20f,Richard Bernard Hawkes,https://profiles.ucalgary.ca/richard-bernard-hawkes,Brain Development,brain development,declared_area_title,always_visible_source_declared,true,0,,,,,unresolved,no exact preferred-label or entry-term match in local MeSH 2026,2026-07-31T20:56:20.541600+00:00
mem_81c06ea20f,Richard Bernard Hawkes,https://profiles.ucalgary.ca/richard-bernard-hawkes,Molecular Mechanisms,molecular mechanisms,declared_area_title,always_visible_source_declared,true,1,,,,,unresolved,no exact preferred-label or entry-term match in local MeSH 2026,2026-07-31T20:56:20.541600+00:00
mem_2b973efd83,Richard Dyck,https://profiles.ucalgary.ca/richard-dyck,Zinc neurobiology,zinc neurobiology,declared_area_title,always_visible_source_declared,true,0,,,,,unresolved,no exact preferred-label or entry-term match in local MeSH 2026,2026-07-31T20:56:20.541600+00:00
mem_2b973efd83,Richard Dyck,https://profiles.ucalgary.ca/richard-dyck,Experience-dependent plasticity,experience dependent plasticity,declared_area_title,always_visible_source_declared,true,1,,,,,unresolved,no exact preferred-label or entry-term match in local MeSH 2026,2026-07-31T20:56:20.541600+00:00
mem_2b973efd83,Richard Dyck,https://profiles.ucalgary.ca/richard-dyck,Adult Neurogenesis,adult neurogenesis,declared_area_title,always_visible_source_declared,true,2,,,,,unresolved,no exact preferred-label or entry-term match in local MeSH 2026,2026-07-31T20:56:20.541600+00:00
mem_2b973efd83,Richard Dyck,https://profiles.ucalgary.ca/richard-dyck,Brain Development,brain development,declared_area_title,always_visible_source_declared,true,3,,,,,unresolved,no exact preferred-label or entry-term match in local MeSH 2026,2026-07-31T20:56:20.541600+00:00
mem_2b973efd83,Richard Dyck,https://profiles.ucalgary.ca/richard-dyck,Brain Injury,brain injury,declared_area_title,always_visible_source_declared,true,4,D001930,Brain Injuries,HBI-MED-003,Brain Injury and Neurotrauma,accepted,exact MeSH preferred/entry-term match plus curated umbrella rule,2026-07-31T20:56:20.541600+00:00
mem_84f207cee7,Richard Frayne,https://profiles.ucalgary.ca/richard-frayne,Development and application of new imaging techniques and tools in humans,development and application of new imaging techniques and tools in humans,declared_area_title,always_visible_source_declared,true,0,,,,,review,no exact preferred-label or entry-term match in local MeSH 2026,2026-07-31T20:56:20.541600+00:00
mem_84f207cee7,Richard Frayne,https://profiles.ucalgary.ca/richard-frayne,"Study, detection and treatment of neurovascular disease and brain cancer",study detection and treatment of neurovascular disease and brain cancer,declared_area_title,always_visible_source_declared,true,1,D013812 | D001932,Therapeutics | Brain Neoplasms,HBI-MED-008 | HBI-MED-004,Pharmacology and Therapeutics | Cancer and Tumours,accepted,delimited profile term; no exact preferred-label or entry-term match in local MeSH 2026 | delimited profile term; embedded medical phrase recovered from profile text; exact MeSH preferred/entry-term match plus curated umbrella rule,2026-07-31T20:56:20.541600+00:00
mem_84f207cee7,Richard Frayne,https://profiles.ucalgary.ca/richard-frayne,Bridging natural science and engineering through to clinical application,bridging natural science and engineering through to clinical application,declared_area_title,always_visible_source_declared,true,2,,,,,unresolved,no exact preferred-label or entry-term match in local MeSH 2026,2026-07-31T20:56:20.541600+00:00
mem_84f207cee7,Richard Frayne,https://profiles.ucalgary.ca/richard-frayne,Collaborates with other researchers on the imaging of ALS,collaborates with other researchers on the imaging of als,declared_area_title,always_visible_source_declared,true,3,,,,,unresolved,no exact preferred-label or entry-term match in local MeSH 2026,2026-07-31T20:56:20.541600+00:00
mem_84f207cee7,Richard Frayne,https://profiles.ucalgary.ca/richard-frayne,concussion,concussion,declared_area_title,always_visible_source_declared,true,4,,,,,unresolved,no exact preferred-label or entry-term match in local MeSH 2026,2026-07-31T20:56:20.541600+00:00
mem_84f207cee7,Richard Frayne,https://profiles.ucalgary.ca/richard-frayne,and epilepsy,and epilepsy,declared_area_title,always_visible_source_declared,true,5,D004827,Epilepsy,HBI-MED-002,Neurological Disorders,accepted,embedded medical phrase recovered from profile text; exact MeSH preferred/entry-term match plus curated umbrella rule,2026-07-31T20:56:20.541600+00:00
mem_c162955191,Richard James Alfred Wilson,https://profiles.ucalgary.ca/richard-james-alfred-wilson,Cardiorespiratory control: neuronal circuits and cellular sensors,cardiorespiratory control neuronal circuits and cellular sensors,declared_area_title,always_visible_source_declared,true,0,,,,,unresolved,no exact preferred-label or entry-term match in local MeSH 2026,2026-07-31T20:56:20.541600+00:00
mem_c162955191,Richard James Alfred Wilson,https://profiles.ucalgary.ca/richard-james-alfred-wilson,Sympathetic and parasympathetic nervous systems,sympathetic and parasympathetic nervous systems,declared_area_title,always_visible_source_declared,true,1,,,,,unresolved,no exact preferred-label or entry-term match in local MeSH 2026,2026-07-31T20:56:20.541600+00:00
mem_c162955191,Richard James Alfred Wilson,https://profiles.ucalgary.ca/richard-james-alfred-wilson,Respiratory rhythm generation and chemosensitivity,respiratory rhythm generation and chemosensitivity,declared_area_title,always_visible_source_declared,true,2,,,,,unresolved,no exact preferred-label or entry-term match in local MeSH 2026,2026-07-31T20:56:20.541600+00:00
mem_c162955191,Richard James Alfred Wilson,https://profiles.ucalgary.ca/richard-james-alfred-wilson,Comparative physiology,comparative physiology,declared_area_title,always_visible_source_declared,true,3,D010828,"Physiology, Comparative",,,review,MeSH concept found; medical umbrella requires review,2026-07-31T20:56:20.541600+00:00
mem_c162955191,Richard James Alfred Wilson,https://profiles.ucalgary.ca/richard-james-alfred-wilson,Translation and drug discovery,translation and drug discovery,declared_area_title,always_visible_source_declared,true,4,D004364,Pharmaceutical Preparations,HBI-MED-008,Pharmacology and Therapeutics,accepted,embedded medical phrase recovered from profile text; exact MeSH preferred/entry-term match plus curated umbrella rule,2026-07-31T20:56:20.541600+00:00
mem_c162955191,Richard James Alfred Wilson,https://profiles.ucalgary.ca/richard-james-alfred-wilson,Functional Optical Coherence Tomography (fOCT),functional optical coherence tomography foct,declared_area_title,always_visible_source_declared,true,5,D041623,"Tomography, Optical Coherence",HBI-MED-005,Imaging and Diagnostics,accepted,embedded medical phrase recovered from profile text; exact MeSH preferred/entry-term match plus curated umbrella rule,2026-07-31T20:56:20.541600+00:00
mem_c162955191,Richard James Alfred Wilson,https://profiles.ucalgary.ca/richard-james-alfred-wilson,Foundational discoveries of importance to serious and prevalent cardiorespiratory diseases,foundational discoveries of importance to serious and prevalent cardiorespiratory diseases,declared_area_title,always_visible_source_declared,true,6,,,,,unresolved,no exact preferred-label or entry-term match in local MeSH 2026,2026-07-31T20:56:20.541600+00:00
mem_bdcc331ca3,Richard (Stewart) Longman,https://profiles.ucalgary.ca/richard-stewart-longman,Neuropsychology,neuropsychology,declared_area_title,always_visible_source_declared,true,0,D009484,Neuropsychology,,,review,MeSH concept found; medical umbrella requires review,2026-07-31T20:56:20.541600+00:00
mem_0ba27398f2,Richelle Mychasiuk,https://profiles.ucalgary.ca/richelle-mychasiuk,neuroplasticity,neuroplasticity,declared_area_title,always_visible_source_declared,true,0,D009473,Neuronal Plasticity,HBI-MED-010,Cellular and Molecular Neuroscience,accepted,exact MeSH preferred/entry-term match plus curated umbrella rule,2026-07-31T20:56:20.541600+00:00
mem_0ba27398f2,Richelle Mychasiuk,https://profiles.ucalgary.ca/richelle-mychasiuk,Neurodevelopment,neurodevelopment,declared_area_title,always_visible_source_declared,true,1,D000099203,Neurodevelopment,,,review,MeSH concept found; medical umbrella requires review,2026-07-31T20:56:20.541600+00:00
mem_f082dc6264,Rita Henderson,https://profiles.ucalgary.ca/rita-henderson,Health inequities research,health inequities research,declared_area_title,always_visible_source_declared,true,0,,,,,unresolved,no exact preferred-label or entry-term match in local MeSH 2026,2026-07-31T20:56:20.541600+00:00
mem_f082dc6264,Rita Henderson,https://profiles.ucalgary.ca/rita-henderson,Mental Health,mental health,declared_area_title,always_visible_source_declared,true,1,D008603,Mental Health,HBI-MED-001,Mental Health,accepted,exact MeSH preferred/entry-term match plus curated umbrella rule,2026-07-31T20:56:20.541600+00:00
mem_f082dc6264,Rita Henderson,https://profiles.ucalgary.ca/rita-henderson,Stress,stress,declared_area_title,always_visible_source_declared,true,2,,,,,unresolved,no exact preferred-label or entry-term match in local MeSH 2026,2026-07-31T20:56:20.541600+00:00
mem_f082dc6264,Rita Henderson,https://profiles.ucalgary.ca/rita-henderson,Indigenous health,indigenous health,declared_area_title,always_visible_source_declared,true,3,,,,,unresolved,no exact preferred-label or entry-term match in local MeSH 2026,2026-07-31T20:56:20.541600+00:00
mem_f082dc6264,Rita Henderson,https://profiles.ucalgary.ca/rita-henderson,population health,population health,declared_area_title,always_visible_source_declared,true,4,D000075485,Population Health,HBI-MED-012,Population and Public Health,accepted,exact MeSH preferred/entry-term match plus curated umbrella rule,2026-07-31T20:56:20.541600+00:00
mem_f082dc6264,Rita Henderson,https://profiles.ucalgary.ca/rita-henderson,clinical intervention research,clinical intervention research,declared_area_title,always_visible_source_declared,true,5,,,,,unresolved,no exact preferred-label or entry-term match in local MeSH 2026,2026-07-31T20:56:20.541600+00:00
mem_e5d438a73d,Robert John French,https://profiles.ucalgary.ca/robert-john-french,Molecular mechanisms,molecular mechanisms,declared_area_title,always_visible_source_declared,true,0,,,,,unresolved,no exact preferred-label or entry-term match in local MeSH 2026,2026-07-31T20:56:20.541600+00:00
mem_dd9d2855a1,Roberto Souza,https://profiles.ucalgary.ca/roberto-souza,Machine Learning,machine learning,declared_area_list,always_visible_source_declared,true,0,D000069550,Machine Learning,,,review,MeSH concept found; medical umbrella requires review,2026-07-31T20:56:20.541600+00:00
mem_dd9d2855a1,Roberto Souza,https://profiles.ucalgary.ca/roberto-souza,Computer Vision and Image Processing,computer vision and image processing,declared_area_list,always_visible_source_declared,true,1,,,,,unresolved,no exact preferred-label or entry-term match in local MeSH 2026,2026-07-31T20:56:20.541600+00:00
mem_dd9d2855a1,Roberto Souza,https://profiles.ucalgary.ca/roberto-souza,Medical Imaging,medical imaging,declared_area_list,always_visible_source_declared,true,2,D003952,Diagnostic Imaging,HBI-MED-005,Imaging and Diagnostics,accepted,exact MeSH preferred/entry-term match plus curated umbrella rule,2026-07-31T20:56:20.541600+00:00
mem_dd9d2855a1,Roberto Souza,https://profiles.ucalgary.ca/roberto-souza,Ageing and Dementia,ageing and dementia,declared_area_list,always_visible_source_declared,true,3,D003704,Dementia,HBI-MED-002,Neurological Disorders,accepted,embedded medical phrase recovered from profile text; exact MeSH preferred/entry-term match plus curated umbrella rule,2026-07-31T20:56:20.541600+00:00
mem_e11e633737,Robert Tanguay,https://profiles.ucalgary.ca/robert-tanguay,Mental Health,mental health,declared_area_title,always_visible_source_declared,true,0,D008603,Mental Health,HBI-MED-001,Mental Health,accepted,exact MeSH preferred/entry-term match plus curated umbrella rule,2026-07-31T20:56:20.541600+00:00
mem_e11e633737,Robert Tanguay,https://profiles.ucalgary.ca/robert-tanguay,Pain,pain,declared_area_title,always_visible_source_declared,true,1,D010146,Pain,,,review,MeSH concept found; medical umbrella requires review,2026-07-31T20:56:20.541600+00:00
mem_e11e633737,Robert Tanguay,https://profiles.ucalgary.ca/robert-tanguay,Addiction,addiction,declared_area_title,always_visible_source_declared,true,2,,,,,unresolved,no exact preferred-label or entry-term match in local MeSH 2026,2026-07-31T20:56:20.541600+00:00
mem_e11e633737,Robert Tanguay,https://profiles.ucalgary.ca/robert-tanguay,Opioids,opioids,declared_area_title,always_visible_source_declared,true,3,D000701,"Analgesics, Opioid",,,review,MeSH concept found; medical umbrella requires review,2026-07-31T20:56:20.541600+00:00
mem_e11e633737,Robert Tanguay,https://profiles.ucalgary.ca/robert-tanguay,Cannabis,cannabis,declared_area_title,always_visible_source_declared,true,4,D002188,Cannabis,,,review,MeSH concept found; medical umbrella requires review,2026-07-31T20:56:20.541600+00:00
mem_e11e633737,Robert Tanguay,https://profiles.ucalgary.ca/robert-tanguay,Chronic opioid therapy,chronic opioid therapy,declared_area_title,always_visible_source_declared,true,5,D013812,Therapeutics,HBI-MED-008,Pharmacology and Therapeutics,accepted,embedded medical phrase recovered from profile text; exact MeSH preferred/entry-term match plus curated umbrella rule,2026-07-31T20:56:20.541600+00:00
mem_e11e633737,Robert Tanguay,https://profiles.ucalgary.ca/robert-tanguay,Opioid use disorder,opioid use disorder,declared_area_title,always_visible_source_declared,true,6,D009293,Opioid-Related Disorders,,,review,MeSH concept found; medical umbrella requires review,2026-07-31T20:56:20.541600+00:00
mem_e11e633737,Robert Tanguay,https://profiles.ucalgary.ca/robert-tanguay,Psychedelics,psychedelics,declared_area_title,always_visible_source_declared,true,7,D006213,Hallucinogens,,,review,MeSH concept found; medical umbrella requires review,2026-07-31T20:56:20.541600+00:00
mem_38b1f148ac,Rochelle Bonnie Babins-Wagner,https://profiles.ucalgary.ca/rochelle-bonnie-babins-wagner,Mental Health,mental health,declared_area_list,always_visible_source_declared,true,0,D008603,Mental Health,HBI-MED-001,Mental Health,accepted,exact MeSH preferred/entry-term match plus curated umbrella rule,2026-07-31T20:56:20.541600+00:00
mem_9a7286569d,Rodney Li Pi Shan,https://profiles.ucalgary.ca/rodney-li-pi-shan,Traumatic Brain Injury,traumatic brain injury,declared_area_title,always_visible_source_declared,true,0,D000070642,"Brain Injuries, Traumatic",HBI-MED-003,Brain Injury and Neurotrauma,accepted,exact MeSH preferred/entry-term match plus curated umbrella rule,2026-07-31T20:56:20.541600+00:00
mem_9a7286569d,Rodney Li Pi Shan,https://profiles.ucalgary.ca/rodney-li-pi-shan,Brain Injury,brain injury,declared_area_title,always_visible_source_declared,true,1,D001930,Brain Injuries,HBI-MED-003,Brain Injury and Neurotrauma,accepted,exact MeSH preferred/entry-term match plus curated umbrella rule,2026-07-31T20:56:20.541600+00:00
mem_9a7286569d,Rodney Li Pi Shan,https://profiles.ucalgary.ca/rodney-li-pi-shan,Neuromuscular diseases,neuromuscular diseases,declared_area_title,always_visible_source_declared,true,2,D009468,Neuromuscular Diseases,,,review,MeSH concept found; medical umbrella requires review,2026-07-31T20:56:20.541600+00:00
mem_9a7286569d,Rodney Li Pi Shan,https://profiles.ucalgary.ca/rodney-li-pi-shan,ALS,als,declared_area_title,always_visible_source_declared,true,3,,,,,unresolved,no exact preferred-label or entry-term match in local MeSH 2026,2026-07-31T20:56:20.541600+00:00
mem_9a7286569d,Rodney Li Pi Shan,https://profiles.ucalgary.ca/rodney-li-pi-shan,Neuromusculoskeletal disorders,neuromusculoskeletal disorders,declared_area_title,always_visible_source_declared,true,4,,,,,unresolved,no exact preferred-label or entry-term match in local MeSH 2026,2026-07-31T20:56:20.541600+00:00
mem_60ca7c3bc6,Roger Thompson,https://profiles.ucalgary.ca/roger-thompson,Dementia,dementia,declared_area_title,always_visible_source_declared,true,0,D003704,Dementia,HBI-MED-002,Neurological Disorders,accepted,exact MeSH preferred/entry-term match plus curated umbrella rule,2026-07-31T20:56:20.541600+00:00
mem_60ca7c3bc6,Roger Thompson,https://profiles.ucalgary.ca/roger-thompson,Stroke,stroke,declared_area_title,always_visible_source_declared,true,1,D020521,Stroke,HBI-MED-006,Cardiovascular Health,accepted,exact MeSH preferred/entry-term match plus curated umbrella rule,2026-07-31T20:56:20.541600+00:00
mem_53d8f553c6,Ronda Lun,https://profiles.ucalgary.ca/ronda-lun,Improving the diagnosis of occult malignancy in cryptogenic ischemic stroke patients,improving the diagnosis of occult malignancy in cryptogenic ischemic stroke patients,declared_area_detail,always_visible_source_declared,true,0,,,,,review,narrative fragment,2026-07-31T20:56:20.541600+00:00
mem_53d8f553c6,Ronda Lun,https://profiles.ucalgary.ca/ronda-lun,Optimizing treatment strategies of ischemic stroke in cancer patients,optimizing treatment strategies of ischemic stroke in cancer patients,declared_area_detail,always_visible_source_declared,true,1,D013812 | D000083242 | D009369,Therapeutics | Ischemic Stroke | Neoplasms,HBI-MED-008 | HBI-MED-006 | HBI-MED-004,Pharmacology and Therapeutics | Cardiovascular Health | Cancer and Tumours,accepted,embedded medical phrase recovered from profile text; exact MeSH preferred/entry-term match plus curated umbrella rule,2026-07-31T20:56:20.541600+00:00
mem_53d8f553c6,Ronda Lun,https://profiles.ucalgary.ca/ronda-lun,Prevention strategies for stroke in cancer patients,prevention strategies for stroke in cancer patients,declared_area_detail,always_visible_source_declared,true,2,D020521 | D009369,Stroke | Neoplasms,HBI-MED-006 | HBI-MED-004,Cardiovascular Health | Cancer and Tumours,accepted,embedded medical phrase recovered from profile text; exact MeSH preferred/entry-term match plus curated umbrella rule,2026-07-31T20:56:20.541600+00:00
mem_544d7ede34,Ryan Peters,https://profiles.ucalgary.ca/ryan-peters,Neuroscience - Motor Control,neuroscience motor control,declared_area_title,always_visible_source_declared,true,0,,,,,unresolved,no exact preferred-label or entry-term match in local MeSH 2026,2026-07-31T20:56:20.541600+00:00
mem_cc41b0bf3b,Sabine Gilch,https://profiles.ucalgary.ca/sabine-gilch,Prion and prion-like diseases,prion and prion like diseases,declared_area_title,always_visible_source_declared,true,0,,,,,unresolved,no exact preferred-label or entry-term match in local MeSH 2026,2026-07-31T20:56:20.541600+00:00
mem_32fb421d6b,Samuel Pichardo,https://profiles.ucalgary.ca/samuel-pichardo,Focused Ultrasound as non-invasive treatment for brain disorders,focused ultrasound as non invasive treatment for brain disorders,declared_area_title,always_visible_source_declared,true,0,D013812,Therapeutics,HBI-MED-008,Pharmacology and Therapeutics,accepted,embedded medical phrase recovered from profile text; exact MeSH preferred/entry-term match plus curated umbrella rule,2026-07-31T20:56:20.541600+00:00
mem_32fb421d6b,Samuel Pichardo,https://profiles.ucalgary.ca/samuel-pichardo,Dementia & Cognitive Disorders,dementia cognitive disorders,declared_area_title,always_visible_source_declared,true,1,D003704,Dementia,HBI-MED-002,Neurological Disorders,accepted,embedded medical phrase recovered from profile text; exact MeSH preferred/entry-term match plus curated umbrella rule,2026-07-31T20:56:20.541600+00:00
mem_32fb421d6b,Samuel Pichardo,https://profiles.ucalgary.ca/samuel-pichardo,Epilepsy,epilepsy,declared_area_title,always_visible_source_declared,true,2,D004827,Epilepsy,HBI-MED-002,Neurological Disorders,accepted,exact MeSH preferred/entry-term match plus curated umbrella rule,2026-07-31T20:56:20.541600+00:00
mem_32fb421d6b,Samuel Pichardo,https://profiles.ucalgary.ca/samuel-pichardo,Mental Health,mental health,declared_area_title,always_visible_source_declared,true,3,D008603,Mental Health,HBI-MED-001,Mental Health,accepted,exact MeSH preferred/entry-term match plus curated umbrella rule,2026-07-31T20:56:20.541600+00:00
mem_b8b5362a3f,Samuel Wiebe,https://profiles.ucalgary.ca/samuel-wiebe,Epidemiology,epidemiology,declared_area_title,always_visible_source_declared,true,0,D004813,Epidemiology,,,review,MeSH concept found; medical umbrella requires review,2026-07-31T20:56:20.541600+00:00
mem_b8b5362a3f,Samuel Wiebe,https://profiles.ucalgary.ca/samuel-wiebe,Epilepsy,epilepsy,declared_area_title,always_visible_source_declared,true,1,D004827,Epilepsy,HBI-MED-002,Neurological Disorders,accepted,exact MeSH preferred/entry-term match plus curated umbrella rule,2026-07-31T20:56:20.541600+00:00
mem_b8b5362a3f,Samuel Wiebe,https://profiles.ucalgary.ca/samuel-wiebe,Health Outcomes,health outcomes,declared_area_title,always_visible_source_declared,true,2,,,,,unresolved,no exact preferred-label or entry-term match in local MeSH 2026,2026-07-31T20:56:20.541600+00:00
mem_b8b5362a3f,Samuel Wiebe,https://profiles.ucalgary.ca/samuel-wiebe,Population Health,population health,declared_area_title,always_visible_source_declared,true,3,D000075485,Population Health,HBI-MED-012,Population and Public Health,accepted,exact MeSH preferred/entry-term match plus curated umbrella rule,2026-07-31T20:56:20.541600+00:00
mem_35a08188c0,Sarah McFarlane,https://profiles.ucalgary.ca/sarah-mcfarlane,Synapsis,synapsis,declared_area_title,always_visible_source_declared,true,0,D023902,Chromosome Pairing,HBI-MED-010,Cellular and Molecular Neuroscience,accepted,exact MeSH preferred/entry-term match plus curated umbrella rule,2026-07-31T20:56:20.541600+00:00
mem_35a08188c0,Sarah McFarlane,https://profiles.ucalgary.ca/sarah-mcfarlane,Vision,vision,declared_area_title,always_visible_source_declared,true,1,D014785,"Vision, Ocular",,,review,MeSH concept found; medical umbrella requires review,2026-07-31T20:56:20.541600+00:00
mem_c6249ccf21,Sarah Morrow,https://profiles.ucalgary.ca/sarah-morrow,"Cognition in PwMS, corticosteroids use for relapses in MS",cognition in pwms corticosteroids use for relapses in ms,declared_area_list,always_visible_source_declared,true,0,D003071,Cognition,HBI-MED-011,Cognitive and Behavioural Neuroscience,accepted,delimited profile term; embedded medical phrase recovered from profile text; exact MeSH preferred/entry-term match plus curated umbrella rule | delimited profile term; no exact preferred-label or entry-term match in local MeSH 2026,2026-07-31T20:56:20.541600+00:00
mem_4f4215a32e,Sayeh Bayat,https://profiles.ucalgary.ca/sayeh-bayat,Digital Health,digital health,declared_area_list,always_visible_source_declared,true,0,D000097103,Digital Health,,,review,MeSH concept found; medical umbrella requires review,2026-07-31T20:56:20.541600+00:00
mem_4f4215a32e,Sayeh Bayat,https://profiles.ucalgary.ca/sayeh-bayat,AI in Medicine,ai in medicine,declared_area_list,always_visible_source_declared,true,1,,,,,unresolved,no exact preferred-label or entry-term match in local MeSH 2026,2026-07-31T20:56:20.541600+00:00
mem_4f4215a32e,Sayeh Bayat,https://profiles.ucalgary.ca/sayeh-bayat,Digital Biomarkers,digital biomarkers,declared_area_list,always_visible_source_declared,true,2,,,,,unresolved,no exact preferred-label or entry-term match in local MeSH 2026,2026-07-31T20:56:20.541600+00:00
mem_4f4215a32e,Sayeh Bayat,https://profiles.ucalgary.ca/sayeh-bayat,Human-centred Machine Learning,human centred machine learning,declared_area_list,always_visible_source_declared,true,3,D007858,Learning,HBI-MED-011,Cognitive and Behavioural Neuroscience,accepted,embedded medical phrase recovered from profile text; exact MeSH preferred/entry-term match plus curated umbrella rule,2026-07-31T20:56:20.541600+00:00
mem_4f4215a32e,Sayeh Bayat,https://profiles.ucalgary.ca/sayeh-bayat,Smart Mobility,smart mobility,declared_area_list,always_visible_source_declared,true,4,,,,,unresolved,no exact preferred-label or entry-term match in local MeSH 2026,2026-07-31T20:56:20.541600+00:00
mem_4f4215a32e,Sayeh Bayat,https://profiles.ucalgary.ca/sayeh-bayat,Healthy Aging,healthy aging,declared_area_list,always_visible_source_declared,true,5,D000073656,Healthy Aging,,,review,MeSH concept found; medical umbrella requires review,2026-07-31T20:56:20.541600+00:00
mem_9afdacf59c,Scott Burton Patten,https://profiles.ucalgary.ca/scott-burton-patten,Epidemiology,epidemiology,declared_area_list,always_visible_source_declared,true,0,D004813,Epidemiology,,,review,MeSH concept found; medical umbrella requires review,2026-07-31T20:56:20.541600+00:00
mem_9afdacf59c,Scott Burton Patten,https://profiles.ucalgary.ca/scott-burton-patten,Mental Illness,mental illness,declared_area_list,always_visible_source_declared,true,1,D001523,Mental Disorders,HBI-MED-001,Mental Health,accepted,exact MeSH preferred/entry-term match plus curated umbrella rule,2026-07-31T20:56:20.541600+00:00
mem_9afdacf59c,Scott Burton Patten,https://profiles.ucalgary.ca/scott-burton-patten,Population Health,population health,declared_area_list,always_visible_source_declared,true,2,D000075485,Population Health,HBI-MED-012,Population and Public Health,accepted,exact MeSH preferred/entry-term match plus curated umbrella rule,2026-07-31T20:56:20.541600+00:00
mem_9afdacf59c,Scott Burton Patten,https://profiles.ucalgary.ca/scott-burton-patten,Major Depression,major depression,declared_area_list,always_visible_source_declared,true,3,D003863,Depression,HBI-MED-001,Mental Health,accepted,embedded medical phrase recovered from profile text; exact MeSH preferred/entry-term match plus curated umbrella rule,2026-07-31T20:56:20.541600+00:00
mem_9afdacf59c,Scott Burton Patten,https://profiles.ucalgary.ca/scott-burton-patten,Bipolar Disorder,bipolar disorder,declared_area_list,always_visible_source_declared,true,4,D001714,Bipolar Disorder,HBI-MED-001,Mental Health,accepted,exact MeSH preferred/entry-term match plus curated umbrella rule,2026-07-31T20:56:20.541600+00:00
mem_aab2d35ab1,Scott Jarvis,https://profiles.ucalgary.ca/scott-jarvis,Multiple Sclerosis,multiple sclerosis,declared_area_title,always_visible_source_declared,true,0,D009103,Multiple Sclerosis,HBI-MED-002,Neurological Disorders,accepted,exact MeSH preferred/entry-term match plus curated umbrella rule,2026-07-31T20:56:20.541600+00:00
mem_aab2d35ab1,Scott Jarvis,https://profiles.ucalgary.ca/scott-jarvis,symptom management,symptom management,declared_area_title,always_visible_source_declared,true,1,,,,,unresolved,no exact preferred-label or entry-term match in local MeSH 2026,2026-07-31T20:56:20.541600+00:00
mem_aab2d35ab1,Scott Jarvis,https://profiles.ucalgary.ca/scott-jarvis,pain,pain,declared_area_title,always_visible_source_declared,true,2,D010146,Pain,,,review,MeSH concept found; medical umbrella requires review,2026-07-31T20:56:20.541600+00:00
mem_eba13da887,Serena Orr,https://profiles.ucalgary.ca/serena-orr,Brain,brain,declared_area_title,always_visible_source_declared,true,0,D001921,Brain,,,review,MeSH concept found; medical umbrella requires review,2026-07-31T20:56:20.541600+00:00
mem_eba13da887,Serena Orr,https://profiles.ucalgary.ca/serena-orr,Determinants of Health,determinants of health,declared_area_title,always_visible_source_declared,true,1,,,,,unresolved,no exact preferred-label or entry-term match in local MeSH 2026,2026-07-31T20:56:20.541600+00:00
mem_eba13da887,Serena Orr,https://profiles.ucalgary.ca/serena-orr,Epidemiology,epidemiology,declared_area_title,always_visible_source_declared,true,2,D004813,Epidemiology,,,review,MeSH concept found; medical umbrella requires review,2026-07-31T20:56:20.541600+00:00
mem_eba13da887,Serena Orr,https://profiles.ucalgary.ca/serena-orr,Health Outcomes,health outcomes,declared_area_title,always_visible_source_declared,true,3,,,,,unresolved,no exact preferred-label or entry-term match in local MeSH 2026,2026-07-31T20:56:20.541600+00:00
mem_eba13da887,Serena Orr,https://profiles.ucalgary.ca/serena-orr,Pain,pain,declared_area_title,always_visible_source_declared,true,4,D010146,Pain,,,review,MeSH concept found; medical umbrella requires review,2026-07-31T20:56:20.541600+00:00
mem_4598061484,Serge Mrkobrada,https://profiles.ucalgary.ca/serge-mrkobrada,"Electromyography, Peripheral Nervous System disorders and Ultrasound Imaging Techniques",electromyography peripheral nervous system disorders and ultrasound imaging techniques,declared_area_title,always_visible_source_declared,true,0,D004576 | D014463,Electromyography | Ultrasonography,HBI-MED-005,Imaging and Diagnostics,accepted,delimited profile term; MeSH concept found; medical umbrella requires review | delimited profile term; embedded medical phrase recovered from profile text; exact MeSH preferred/entry-term match plus curated umbrella rule,2026-07-31T20:56:20.541600+00:00
mem_6d98d2c6bc,Sheldon Roth,https://profiles.ucalgary.ca/sheldon-roth,Neuropharmacology,neuropharmacology,declared_area_list,always_visible_source_declared,true,0,D009480,Neuropharmacology,,,review,MeSH concept found; medical umbrella requires review,2026-07-31T20:56:20.541600+00:00
mem_6d98d2c6bc,Sheldon Roth,https://profiles.ucalgary.ca/sheldon-roth,Environmental toxicology,environmental toxicology,declared_area_list,always_visible_source_declared,true,1,D054750,Ecotoxicology,,,review,MeSH concept found; medical umbrella requires review,2026-07-31T20:56:20.541600+00:00
mem_6d98d2c6bc,Sheldon Roth,https://profiles.ucalgary.ca/sheldon-roth,Medical pharmacology,medical pharmacology,declared_area_list,always_visible_source_declared,true,2,,,,,unresolved,no exact preferred-label or entry-term match in local MeSH 2026,2026-07-31T20:56:20.541600+00:00
mem_6d98d2c6bc,Sheldon Roth,https://profiles.ucalgary.ca/sheldon-roth,and Anesthetic agents,and anesthetic agents,declared_area_list,always_visible_source_declared,true,3,,,,,unresolved,no exact preferred-label or entry-term match in local MeSH 2026,2026-07-31T20:56:20.541600+00:00
mem_65229f6177,Sheri Madigan,https://profiles.ucalgary.ca/sheri-madigan,Child Mental Health,child mental health,declared_area_title,always_visible_source_declared,true,0,D008603,Mental Health,HBI-MED-001,Mental Health,accepted,embedded medical phrase recovered from profile text; exact MeSH preferred/entry-term match plus curated umbrella rule,2026-07-31T20:56:20.541600+00:00
mem_65229f6177,Sheri Madigan,https://profiles.ucalgary.ca/sheri-madigan,Parenting,parenting,declared_area_title,always_visible_source_declared,true,1,D016487,Parenting,,,review,MeSH concept found; medical umbrella requires review,2026-07-31T20:56:20.541600+00:00
mem_65229f6177,Sheri Madigan,https://profiles.ucalgary.ca/sheri-madigan,and Parent-Child Relationships,and parent child relationships,declared_area_title,always_visible_source_declared,true,2,,,,,unresolved,no exact preferred-label or entry-term match in local MeSH 2026,2026-07-31T20:56:20.541600+00:00
mem_65229f6177,Sheri Madigan,https://profiles.ucalgary.ca/sheri-madigan,Child Maltreatment and Intergenerational Effects,child maltreatment and intergenerational effects,declared_area_title,always_visible_source_declared,true,3,,,,,unresolved,no exact preferred-label or entry-term match in local MeSH 2026,2026-07-31T20:56:20.541600+00:00
mem_65229f6177,Sheri Madigan,https://profiles.ucalgary.ca/sheri-madigan,Digital Media,digital media,declared_area_title,always_visible_source_declared,true,4,D000098624,Digital Media,,,review,MeSH concept found; medical umbrella requires review,2026-07-31T20:56:20.541600+00:00
mem_65229f6177,Sheri Madigan,https://profiles.ucalgary.ca/sheri-madigan,Screen Use,screen use,declared_area_title,always_visible_source_declared,true,5,D000077705,Screen Time,,,review,MeSH concept found; medical umbrella requires review,2026-07-31T20:56:20.541600+00:00
mem_65229f6177,Sheri Madigan,https://profiles.ucalgary.ca/sheri-madigan,and Technoference,and technoference,declared_area_title,always_visible_source_declared,true,6,,,,,unresolved,no exact preferred-label or entry-term match in local MeSH 2026,2026-07-31T20:56:20.541600+00:00
mem_65229f6177,Sheri Madigan,https://profiles.ucalgary.ca/sheri-madigan,Community Partnerships and Digital Health Solutions,community partnerships and digital health solutions,declared_area_title,always_visible_source_declared,true,7,,,,,unresolved,no exact preferred-label or entry-term match in local MeSH 2026,2026-07-31T20:56:20.541600+00:00
mem_65229f6177,Sheri Madigan,https://profiles.ucalgary.ca/sheri-madigan,Research program,research program,declared_area_title,always_visible_source_declared,true,8,,,,,unresolved,no exact preferred-label or entry-term match in local MeSH 2026,2026-07-31T20:56:20.541600+00:00
mem_65229f6177,Sheri Madigan,https://profiles.ucalgary.ca/sheri-madigan,contributions,contributions,declared_area_title,always_visible_source_declared,true,9,,,,,unresolved,no exact preferred-label or entry-term match in local MeSH 2026,2026-07-31T20:56:20.541600+00:00
mem_65229f6177,Sheri Madigan,https://profiles.ucalgary.ca/sheri-madigan,outreach,outreach,declared_area_title,always_visible_source_declared,true,10,,,,,unresolved,no exact preferred-label or entry-term match in local MeSH 2026,2026-07-31T20:56:20.541600+00:00
mem_65229f6177,Sheri Madigan,https://profiles.ucalgary.ca/sheri-madigan,and team,and team,declared_area_title,always_visible_source_declared,true,11,,,,,unresolved,no exact preferred-label or entry-term match in local MeSH 2026,2026-07-31T20:56:20.541600+00:00
mem_622613bf11,Signe Bray,https://profiles.ucalgary.ca/signe-bray,Brain,brain,declared_area_title,always_visible_source_declared,true,0,D001921,Brain,,,review,MeSH concept found; medical umbrella requires review,2026-07-31T20:56:20.541600+00:00
mem_622613bf11,Signe Bray,https://profiles.ucalgary.ca/signe-bray,Cognitive Development,cognitive development,declared_area_title,always_visible_source_declared,true,1,,,,,unresolved,no exact preferred-label or entry-term match in local MeSH 2026,2026-07-31T20:56:20.541600+00:00
mem_622613bf11,Signe Bray,https://profiles.ucalgary.ca/signe-bray,Magnetic Resonance Imaging,magnetic resonance imaging,declared_area_title,always_visible_source_declared,true,2,D008279,Magnetic Resonance Imaging,HBI-MED-005,Imaging and Diagnostics,accepted,exact MeSH preferred/entry-term match plus curated umbrella rule,2026-07-31T20:56:20.541600+00:00
mem_622613bf11,Signe Bray,https://profiles.ucalgary.ca/signe-bray,Neurodevelopment,neurodevelopment,declared_area_title,always_visible_source_declared,true,3,D000099203,Neurodevelopment,,,review,MeSH concept found; medical umbrella requires review,2026-07-31T20:56:20.541600+00:00
mem_622613bf11,Signe Bray,https://profiles.ucalgary.ca/signe-bray,Neurodevelopmental disorders,neurodevelopmental disorders,declared_area_title,always_visible_source_declared,true,4,D065886,Neurodevelopmental Disorders,HBI-MED-001,Mental Health,accepted,exact MeSH preferred/entry-term match plus curated umbrella rule,2026-07-31T20:56:20.541600+00:00
mem_622613bf11,Signe Bray,https://profiles.ucalgary.ca/signe-bray,Neuroimaging,neuroimaging,declared_area_title,always_visible_source_declared,true,5,D059906,Neuroimaging,HBI-MED-005,Imaging and Diagnostics,accepted,exact MeSH preferred/entry-term match plus curated umbrella rule,2026-07-31T20:56:20.541600+00:00
mem_980064fac2,Stefanie Hassel,https://profiles.ucalgary.ca/stefanie-hassel,"Canadian Biomarker Integration Network in Depression (www.canbind.ca), Mental Health",canadian biomarker integration network in depression www canbind ca mental health,declared_area_list,always_visible_source_declared,true,0,D003863 | D008603,Depression | Mental Health,HBI-MED-001,Mental Health,accepted,delimited profile term; embedded medical phrase recovered from profile text; exact MeSH preferred/entry-term match plus curated umbrella rule | delimited profile term; exact MeSH preferred/entry-term match plus curated umbrella rule,2026-07-31T20:56:20.541600+00:00
mem_da080c48f2,Stephanie Ann Plamondon,https://profiles.ucalgary.ca/stephanie-ann-plamondon,neuromuscular disease,neuromuscular disease,declared_area_title,always_visible_source_declared,true,0,D009468,Neuromuscular Diseases,,,review,MeSH concept found; medical umbrella requires review,2026-07-31T20:56:20.541600+00:00
mem_da080c48f2,Stephanie Ann Plamondon,https://profiles.ucalgary.ca/stephanie-ann-plamondon,neurorehab,neurorehab,declared_area_title,always_visible_source_declared,true,1,,,,,unresolved,no exact preferred-label or entry-term match in local MeSH 2026,2026-07-31T20:56:20.541600+00:00
mem_da080c48f2,Stephanie Ann Plamondon,https://profiles.ucalgary.ca/stephanie-ann-plamondon,QI,qi,declared_area_title,always_visible_source_declared,true,2,D019413,Qi,,,review,MeSH concept found; medical umbrella requires review,2026-07-31T20:56:20.541600+00:00
mem_da080c48f2,Stephanie Ann Plamondon,https://profiles.ucalgary.ca/stephanie-ann-plamondon,medical education,medical education,declared_area_title,always_visible_source_declared,true,3,D004501,"Education, Medical",,,review,MeSH concept found; medical umbrella requires review,2026-07-31T20:56:20.541600+00:00
mem_da080c48f2,Stephanie Ann Plamondon,https://profiles.ucalgary.ca/stephanie-ann-plamondon,Music therapy in healthcare,music therapy in healthcare,declared_area_title,always_visible_source_declared,true,4,D009147,Music Therapy,HBI-MED-008,Pharmacology and Therapeutics,accepted,embedded medical phrase recovered from profile text; exact MeSH preferred/entry-term match plus curated umbrella rule,2026-07-31T20:56:20.541600+00:00
mem_fb9b9dd954,Stephanie Borgland,https://profiles.ucalgary.ca/stephanie-borgland,Addiction,addiction,declared_area_title,always_visible_source_declared,true,0,,,,,unresolved,no exact preferred-label or entry-term match in local MeSH 2026,2026-07-31T20:56:20.541600+00:00
mem_fb9b9dd954,Stephanie Borgland,https://profiles.ucalgary.ca/stephanie-borgland,Behaviour,behaviour,declared_area_title,always_visible_source_declared,true,1,,,,,unresolved,no exact preferred-label or entry-term match in local MeSH 2026,2026-07-31T20:56:20.541600+00:00
mem_fb9b9dd954,Stephanie Borgland,https://profiles.ucalgary.ca/stephanie-borgland,Diet,diet,declared_area_title,always_visible_source_declared,true,2,D004032,Diet,,,review,MeSH concept found; medical umbrella requires review,2026-07-31T20:56:20.541600+00:00
mem_fb9b9dd954,Stephanie Borgland,https://profiles.ucalgary.ca/stephanie-borgland,Mental Health,mental health,declared_area_title,always_visible_source_declared,true,3,D008603,Mental Health,HBI-MED-001,Mental Health,accepted,exact MeSH preferred/entry-term match plus curated umbrella rule,2026-07-31T20:56:20.541600+00:00
mem_fb9b9dd954,Stephanie Borgland,https://profiles.ucalgary.ca/stephanie-borgland,Neuroplasticity,neuroplasticity,declared_area_title,always_visible_source_declared,true,4,D009473,Neuronal Plasticity,HBI-MED-010,Cellular and Molecular Neuroscience,accepted,exact MeSH preferred/entry-term match plus curated umbrella rule,2026-07-31T20:56:20.541600+00:00
mem_fb9b9dd954,Stephanie Borgland,https://profiles.ucalgary.ca/stephanie-borgland,Obesity,obesity,declared_area_title,always_visible_source_declared,true,5,D009765,Obesity,,,review,MeSH concept found; medical umbrella requires review,2026-07-31T20:56:20.541600+00:00
mem_6734c9213c,Stephanie Dotchin,https://profiles.ucalgary.ca/stephanie-dotchin,Clinical Care,clinical care,declared_area_title,always_visible_source_declared,true,0,,,,,unresolved,no exact preferred-label or entry-term match in local MeSH 2026,2026-07-31T20:56:20.541600+00:00
mem_6734c9213c,Stephanie Dotchin,https://profiles.ucalgary.ca/stephanie-dotchin,Neonatology,neonatology,declared_area_title,always_visible_source_declared,true,1,D009359,Neonatology,,,review,MeSH concept found; medical umbrella requires review,2026-07-31T20:56:20.541600+00:00
mem_6734c9213c,Stephanie Dotchin,https://profiles.ucalgary.ca/stephanie-dotchin,Patient and Family Centered Care,patient and family centered care,declared_area_title,always_visible_source_declared,true,2,,,,,unresolved,no exact preferred-label or entry-term match in local MeSH 2026,2026-07-31T20:56:20.541600+00:00
mem_6734c9213c,Stephanie Dotchin,https://profiles.ucalgary.ca/stephanie-dotchin,Quality Improvement,quality improvement,declared_area_title,always_visible_source_declared,true,3,D058996,Quality Improvement,,,review,MeSH concept found; medical umbrella requires review,2026-07-31T20:56:20.541600+00:00
mem_6734c9213c,Stephanie Dotchin,https://profiles.ucalgary.ca/stephanie-dotchin,Vision,vision,declared_area_title,always_visible_source_declared,true,4,D014785,"Vision, Ocular",,,review,MeSH concept found; medical umbrella requires review,2026-07-31T20:56:20.541600+00:00
mem_d4fd16a2fe,Stephen Michael McNeil,https://profiles.ucalgary.ca/stephen-michael-mcneil,"Clinical trials in stroke rehabilitation, spasticity and peripheral nerve injury",clinical trials in stroke rehabilitation spasticity and peripheral nerve injury,declared_area_list,always_visible_source_declared,true,0,D000071939,Stroke Rehabilitation,HBI-MED-007,Rehabilitation,accepted,delimited profile term; embedded medical phrase recovered from profile text; exact MeSH preferred/entry-term match plus curated umbrella rule | delimited profile term; no exact preferred-label or entry-term match in local MeSH 2026,2026-07-31T20:56:20.541600+00:00
mem_b738ee42b4,Stephen West,https://profiles.ucalgary.ca/stephen-west,Injury & Concussion Prevention,injury concussion prevention,declared_area_list,always_visible_source_declared,true,0,,,,,unresolved,no exact preferred-label or entry-term match in local MeSH 2026,2026-07-31T20:56:20.541600+00:00
mem_b738ee42b4,Stephen West,https://profiles.ucalgary.ca/stephen-west,Injury Epidemiology,injury epidemiology,declared_area_list,always_visible_source_declared,true,1,,,,,unresolved,no exact preferred-label or entry-term match in local MeSH 2026,2026-07-31T20:56:20.541600+00:00
mem_b738ee42b4,Stephen West,https://profiles.ucalgary.ca/stephen-west,Training Load/Athlete Management,training load athlete management,declared_area_list,always_visible_source_declared,true,2,,,,,unresolved,no exact preferred-label or entry-term match in local MeSH 2026,2026-07-31T20:56:20.541600+00:00
mem_684e36a1b2,Steven Casha,https://profiles.ucalgary.ca/steven-casha,Spinal Cord / Nerve Injury & Pain,spinal cord nerve injury pain,declared_area_title,always_visible_source_declared,true,0,,,,,unresolved,no exact preferred-label or entry-term match in local MeSH 2026,2026-07-31T20:56:20.541600+00:00
mem_834ac572c9,Steven Peters,https://profiles.ucalgary.ca/steven-peters,Stroke,stroke,declared_area_title,always_visible_source_declared,true,0,D020521,Stroke,HBI-MED-006,Cardiovascular Health,accepted,exact MeSH preferred/entry-term match plus curated umbrella rule,2026-07-31T20:56:20.541600+00:00
mem_61578b7504,Susan Annetta Graham,https://profiles.ucalgary.ca/susan-annetta-graham,Cognitive Development,cognitive development,declared_area_title,always_visible_source_declared,true,0,,,,,unresolved,no exact preferred-label or entry-term match in local MeSH 2026,2026-07-31T20:56:20.541600+00:00
mem_61578b7504,Susan Annetta Graham,https://profiles.ucalgary.ca/susan-annetta-graham,Speech/Language Development,speech language development,declared_area_title,always_visible_source_declared,true,1,,,,,unresolved,no exact preferred-label or entry-term match in local MeSH 2026,2026-07-31T20:56:20.541600+00:00
mem_61578b7504,Susan Annetta Graham,https://profiles.ucalgary.ca/susan-annetta-graham,Summary,summary,declared_area_title,always_visible_source_declared,true,2,,,,,unresolved,no exact preferred-label or entry-term match in local MeSH 2026,2026-07-31T20:56:20.541600+00:00
mem_39fb2e4858,Svetlana Yanushkevich,https://profiles.ucalgary.ca/svetlana-yanushkevich,Biometric technologies,biometric technologies,declared_area_title,always_visible_source_declared,true,0,,,,,unresolved,no exact preferred-label or entry-term match in local MeSH 2026,2026-07-31T20:56:20.541600+00:00
mem_39fb2e4858,Svetlana Yanushkevich,https://profiles.ucalgary.ca/svetlana-yanushkevich,Decision support systems,decision support systems,declared_area_title,always_visible_source_declared,true,1,,,,,unresolved,no exact preferred-label or entry-term match in local MeSH 2026,2026-07-31T20:56:20.541600+00:00
mem_39fb2e4858,Svetlana Yanushkevich,https://profiles.ucalgary.ca/svetlana-yanushkevich,Biomedical application,biomedical application,declared_area_title,always_visible_source_declared,true,2,,,,,unresolved,no exact preferred-label or entry-term match in local MeSH 2026,2026-07-31T20:56:20.541600+00:00
mem_39fb2e4858,Svetlana Yanushkevich,https://profiles.ucalgary.ca/svetlana-yanushkevich,Computational intelligence (CI),computational intelligence ci,declared_area_title,always_visible_source_declared,true,3,,,,,unresolved,no exact preferred-label or entry-term match in local MeSH 2026,2026-07-31T20:56:20.541600+00:00
mem_33d5559424,Tamara Bodnar,https://profiles.ucalgary.ca/tamara-bodnar,Developmental Origins of Health and Disease,developmental origins of health and disease,declared_area_title,always_visible_source_declared,true,0,D000098845,Developmental Origins of Health and Disease,,,review,MeSH concept found; medical umbrella requires review,2026-07-31T20:56:20.541600+00:00
mem_c41824b375,Tamara Pringsheim,https://profiles.ucalgary.ca/tamara-pringsheim,Neurology and mental health,neurology and mental health,declared_area_title,always_visible_source_declared,true,0,D008603,Mental Health,HBI-MED-001,Mental Health,accepted,embedded medical phrase recovered from profile text; exact MeSH preferred/entry-term match plus curated umbrella rule,2026-07-31T20:56:20.541600+00:00
mem_8777c1db23,Tanya Mudry,https://profiles.ucalgary.ca/tanya-mudry,Scholarly Activity,scholarly activity,declared_area_title,always_visible_source_declared,true,0,,,,,unresolved,no exact preferred-label or entry-term match in local MeSH 2026,2026-07-31T20:56:20.541600+00:00
mem_8777c1db23,Tanya Mudry,https://profiles.ucalgary.ca/tanya-mudry,Interests,interests,declared_area_title,always_visible_source_declared,true,1,,,,,unresolved,no exact preferred-label or entry-term match in local MeSH 2026,2026-07-31T20:56:20.541600+00:00
mem_3873666ecc,Theresa Green,https://profiles.ucalgary.ca/theresa-green,Stroke Recovery & Community Reintegration,stroke recovery community reintegration,declared_area_title,always_visible_source_declared,true,0,D020521,Stroke,HBI-MED-006,Cardiovascular Health,accepted,embedded medical phrase recovered from profile text; exact MeSH preferred/entry-term match plus curated umbrella rule,2026-07-31T20:56:20.541600+00:00
mem_3873666ecc,Theresa Green,https://profiles.ucalgary.ca/theresa-green,Complexity and chronic care nursing,complexity and chronic care nursing,declared_area_title,always_visible_source_declared,true,1,,,,,unresolved,no exact preferred-label or entry-term match in local MeSH 2026,2026-07-31T20:56:20.541600+00:00
mem_3873666ecc,Theresa Green,https://profiles.ucalgary.ca/theresa-green,Rehabilitation Nursing,rehabilitation nursing,declared_area_title,always_visible_source_declared,true,2,D019145,Rehabilitation Nursing,HBI-MED-007,Rehabilitation,accepted,exact MeSH preferred/entry-term match plus curated umbrella rule,2026-07-31T20:56:20.541600+00:00
mem_ae209aa8cc,Timothy Shutt,https://profiles.ucalgary.ca/timothy-shutt,Mitochondria,mitochondria,declared_area_title,always_visible_source_declared,true,0,D008928,Mitochondria,HBI-MED-010,Cellular and Molecular Neuroscience,accepted,exact MeSH preferred/entry-term match plus curated umbrella rule,2026-07-31T20:56:20.541600+00:00
mem_38fab37327,Tolulope Sajobi,https://profiles.ucalgary.ca/tolulope-sajobi,Biostatistics,biostatistics,declared_area_list,always_visible_source_declared,true,0,D056808,Biostatistics,,,review,MeSH concept found; medical umbrella requires review,2026-07-31T20:56:20.541600+00:00
mem_38fab37327,Tolulope Sajobi,https://profiles.ucalgary.ca/tolulope-sajobi,patient-reported outcomes,patient reported outcomes,declared_area_list,always_visible_source_declared,true,1,D000071066,Patient Reported Outcome Measures,,,review,MeSH concept found; medical umbrella requires review,2026-07-31T20:56:20.541600+00:00
mem_38fab37327,Tolulope Sajobi,https://profiles.ucalgary.ca/tolulope-sajobi,clinical trials,clinical trials,declared_area_list,always_visible_source_declared,true,2,D016430,Clinical Trial,,,review,MeSH concept found; medical umbrella requires review,2026-07-31T20:56:20.541600+00:00
mem_a4dc36ebf7,Tuan Trang,https://profiles.ucalgary.ca/tuan-trang,Pain and opioids,pain and opioids,declared_area_title,always_visible_source_declared,true,0,,,,,unresolved,no exact preferred-label or entry-term match in local MeSH 2026,2026-07-31T20:56:20.541600+00:00
mem_f4ed9da557,Tyler Cluff,https://profiles.ucalgary.ca/tyler-cluff,Neuroscience - Motor Control,neuroscience motor control,declared_area_title,always_visible_source_declared,true,0,,,,,unresolved,no exact preferred-label or entry-term match in local MeSH 2026,2026-07-31T20:56:20.541600+00:00
mem_f4ed9da557,Tyler Cluff,https://profiles.ucalgary.ca/tyler-cluff,Computational Biology,computational biology,declared_area_title,always_visible_source_declared,true,1,D019295,Computational Biology,,,review,MeSH concept found; medical umbrella requires review,2026-07-31T20:56:20.541600+00:00
mem_5f0bb4bf6e,Valerie Taylor,https://profiles.ucalgary.ca/valerie-taylor,Cardiovascular disease,cardiovascular disease,declared_area_title,always_visible_source_declared,true,0,D002318,Cardiovascular Diseases,HBI-MED-006,Cardiovascular Health,accepted,exact MeSH preferred/entry-term match plus curated umbrella rule,2026-07-31T20:56:20.541600+00:00
mem_5f0bb4bf6e,Valerie Taylor,https://profiles.ucalgary.ca/valerie-taylor,Diabetes,diabetes,declared_area_title,always_visible_source_declared,true,1,,,,,unresolved,no exact preferred-label or entry-term match in local MeSH 2026,2026-07-31T20:56:20.541600+00:00
mem_5f0bb4bf6e,Valerie Taylor,https://profiles.ucalgary.ca/valerie-taylor,Obesity,obesity,declared_area_title,always_visible_source_declared,true,2,D009765,Obesity,,,review,MeSH concept found; medical umbrella requires review,2026-07-31T20:56:20.541600+00:00
mem_5f0bb4bf6e,Valerie Taylor,https://profiles.ucalgary.ca/valerie-taylor,Clinical Trial,clinical trial,declared_area_title,always_visible_source_declared,true,3,D016430,Clinical Trial,,,review,MeSH concept found; medical umbrella requires review,2026-07-31T20:56:20.541600+00:00
mem_5f0bb4bf6e,Valerie Taylor,https://profiles.ucalgary.ca/valerie-taylor,fMRI,fmri,declared_area_title,always_visible_source_declared,true,4,D008279,Magnetic Resonance Imaging,HBI-MED-005,Imaging and Diagnostics,accepted,exact MeSH preferred/entry-term match plus curated umbrella rule,2026-07-31T20:56:20.541600+00:00
mem_5f0bb4bf6e,Valerie Taylor,https://profiles.ucalgary.ca/valerie-taylor,Bipolar diseases,bipolar diseases,declared_area_title,always_visible_source_declared,true,5,,,,,unresolved,no exact preferred-label or entry-term match in local MeSH 2026,2026-07-31T20:56:20.541600+00:00
mem_5f0bb4bf6e,Valerie Taylor,https://profiles.ucalgary.ca/valerie-taylor,Depression,depression,declared_area_title,always_visible_source_declared,true,6,D003863,Depression,HBI-MED-001,Mental Health,accepted,exact MeSH preferred/entry-term match plus curated umbrella rule,2026-07-31T20:56:20.541600+00:00
mem_5f0bb4bf6e,Valerie Taylor,https://profiles.ucalgary.ca/valerie-taylor,Microbiome,microbiome,declared_area_title,always_visible_source_declared,true,7,D064307,Microbiota,,,review,MeSH concept found; medical umbrella requires review,2026-07-31T20:56:20.541600+00:00
mem_d63e7deb2d,Veronica Bruno,https://profiles.ucalgary.ca/veronica-bruno,Movement Disorders Pain and related nonmotor symptoms,movement disorders pain and related nonmotor symptoms,declared_area_title,always_visible_source_declared,true,0,D009069,Movement Disorders,HBI-MED-002,Neurological Disorders,accepted,embedded medical phrase recovered from profile text; exact MeSH preferred/entry-term match plus curated umbrella rule,2026-07-31T20:56:20.541600+00:00
mem_e29ecf6f48,Victoria Burns,https://profiles.ucalgary.ca/victoria-burns,Addiction-Recovery,addiction recovery,declared_area_title,always_visible_source_declared,true,0,,,,,unresolved,no exact preferred-label or entry-term match in local MeSH 2026,2026-07-31T20:56:20.541600+00:00
mem_e29ecf6f48,Victoria Burns,https://profiles.ucalgary.ca/victoria-burns,Mental Health and Wellness,mental health and wellness,declared_area_title,always_visible_source_declared,true,1,D008603,Mental Health,HBI-MED-001,Mental Health,accepted,embedded medical phrase recovered from profile text; exact MeSH preferred/entry-term match plus curated umbrella rule,2026-07-31T20:56:20.541600+00:00
mem_e29ecf6f48,Victoria Burns,https://profiles.ucalgary.ca/victoria-burns,Housing and Homelessness,housing and homelessness,declared_area_title,always_visible_source_declared,true,2,,,,,unresolved,no exact preferred-label or entry-term match in local MeSH 2026,2026-07-31T20:56:20.541600+00:00
mem_e29ecf6f48,Victoria Burns,https://profiles.ucalgary.ca/victoria-burns,Aging in place,aging in place,declared_area_title,always_visible_source_declared,true,3,D000099093,Aging in Place,,,review,MeSH concept found; medical umbrella requires review,2026-07-31T20:56:20.541600+00:00
mem_e29ecf6f48,Victoria Burns,https://profiles.ucalgary.ca/victoria-burns,Qualitative Research,qualitative research,declared_area_title,always_visible_source_declared,true,4,D036301,Qualitative Research,,,review,MeSH concept found; medical umbrella requires review,2026-07-31T20:56:20.541600+00:00
mem_e29ecf6f48,Victoria Burns,https://profiles.ucalgary.ca/victoria-burns,Community-Based Participatory Research,community based participatory research,declared_area_title,always_visible_source_declared,true,5,D055812,Community-Based Participatory Research,,,review,MeSH concept found; medical umbrella requires review,2026-07-31T20:56:20.541600+00:00
mem_8b49df0680,Voon Wee Yong,https://profiles.ucalgary.ca/voon-wee-yong,neuroimmunology,neuroimmunology,declared_area_detail,always_visible_source_declared,true,0,,,,,unresolved,no exact preferred-label or entry-term match in local MeSH 2026,2026-07-31T20:56:20.541600+00:00
mem_8b49df0680,Voon Wee Yong,https://profiles.ucalgary.ca/voon-wee-yong,neuroprotection,neuroprotection,declared_area_detail,always_visible_source_declared,true,1,D000066829,Neuroprotection,HBI-MED-008,Pharmacology and Therapeutics,accepted,exact MeSH preferred/entry-term match plus curated umbrella rule,2026-07-31T20:56:20.541600+00:00
mem_8b49df0680,Voon Wee Yong,https://profiles.ucalgary.ca/voon-wee-yong,CNS regeneration,cns regeneration,declared_area_detail,always_visible_source_declared,true,2,,,,,unresolved,no exact preferred-label or entry-term match in local MeSH 2026,2026-07-31T20:56:20.541600+00:00
mem_8b49df0680,Voon Wee Yong,https://profiles.ucalgary.ca/voon-wee-yong,MS and brain tumors,ms and brain tumors,declared_area_detail,always_visible_source_declared,true,3,D001932,Brain Neoplasms,HBI-MED-004,Cancer and Tumours,accepted,embedded medical phrase recovered from profile text; exact MeSH preferred/entry-term match plus curated umbrella rule,2026-07-31T20:56:20.541600+00:00
mem_99694aed87,Willem Wildering,https://profiles.ucalgary.ca/willem-wildering,"Cellular and molecular mechanisms of neuronal aging and neurodegeneration, Neurotoxicology of aquatic pollutants",cellular and molecular mechanisms of neuronal aging and neurodegeneration neurotoxicology of aquatic pollutants,declared_area_list,always_visible_source_declared,true,0,,,,,unresolved,delimited profile term; no exact preferred-label or entry-term match in local MeSH 2026,2026-07-31T20:56:20.541600+00:00
mem_6a59c524fe,William Alexander Fletcher,https://profiles.ucalgary.ca/william-alexander-fletcher,Adaptive sensorimotor system for walking,adaptive sensorimotor system for walking,declared_area_list,always_visible_source_declared,true,0,,,,,unresolved,no exact preferred-label or entry-term match in local MeSH 2026,2026-07-31T20:56:20.541600+00:00
mem_6a59c524fe,William Alexander Fletcher,https://profiles.ucalgary.ca/william-alexander-fletcher,Vestibular function,vestibular function,declared_area_list,always_visible_source_declared,true,1,,,,,unresolved,no exact preferred-label or entry-term match in local MeSH 2026,2026-07-31T20:56:20.541600+00:00
mem_6a59c524fe,William Alexander Fletcher,https://profiles.ucalgary.ca/william-alexander-fletcher,Oculomotor function,oculomotor function,declared_area_list,always_visible_source_declared,true,2,,,,,unresolved,no exact preferred-label or entry-term match in local MeSH 2026,2026-07-31T20:56:20.541600+00:00
mem_6a59c524fe,William Alexander Fletcher,https://profiles.ucalgary.ca/william-alexander-fletcher,Movement disorders,movement disorders,declared_area_list,always_visible_source_declared,true,3,D009069,Movement Disorders,HBI-MED-002,Neurological Disorders,accepted,exact MeSH preferred/entry-term match plus curated umbrella rule,2026-07-31T20:56:20.541600+00:00
mem_14c5161155,Wilten Nicola,https://profiles.ucalgary.ca/wilten-nicola,Computational Neuroscience,computational neuroscience,declared_area_title,always_visible_source_declared,true,0,,,,,unresolved,no exact preferred-label or entry-term match in local MeSH 2026,2026-07-31T20:56:20.541600+00:00
mem_14c5161155,Wilten Nicola,https://profiles.ucalgary.ca/wilten-nicola,Dementia & Cognitive Disorders,dementia cognitive disorders,declared_area_title,always_visible_source_declared,true,1,D003704,Dementia,HBI-MED-002,Neurological Disorders,accepted,embedded medical phrase recovered from profile text; exact MeSH preferred/entry-term match plus curated umbrella rule,2026-07-31T20:56:20.541600+00:00
mem_14c5161155,Wilten Nicola,https://profiles.ucalgary.ca/wilten-nicola,Epilepsy,epilepsy,declared_area_title,always_visible_source_declared,true,2,D004827,Epilepsy,HBI-MED-002,Neurological Disorders,accepted,exact MeSH preferred/entry-term match plus curated umbrella rule,2026-07-31T20:56:20.541600+00:00
mem_14c5161155,Wilten Nicola,https://profiles.ucalgary.ca/wilten-nicola,Learning and Memory,learning and memory,declared_area_title,always_visible_source_declared,true,3,D007858 | D008568,Learning | Memory,HBI-MED-011,Cognitive and Behavioural Neuroscience,accepted,embedded medical phrase recovered from profile text; exact MeSH preferred/entry-term match plus curated umbrella rule,2026-07-31T20:56:20.541600+00:00
mem_14c5161155,Wilten Nicola,https://profiles.ucalgary.ca/wilten-nicola,the Hippocampus,the hippocampus,declared_area_title,always_visible_source_declared,true,4,,,,,unresolved,no exact preferred-label or entry-term match in local MeSH 2026,2026-07-31T20:56:20.541600+00:00
mem_068c3d4ab0,Yaoping Hu,https://profiles.ucalgary.ca/yaoping-hu,Brain-Machine Interfaces,brain machine interfaces,declared_area_title,always_visible_source_declared,true,0,D062207,Brain-Computer Interfaces,,,review,MeSH concept found; medical umbrella requires review,2026-07-31T20:56:20.541600+00:00
mem_068c3d4ab0,Yaoping Hu,https://profiles.ucalgary.ca/yaoping-hu,Mutil-sensory User Interaction in XR (Virtual/Mixed/Augumented Reality),mutil sensory user interaction in xr virtual mixed augumented reality,declared_area_title,always_visible_source_declared,true,1,,,,,unresolved,no exact preferred-label or entry-term match in local MeSH 2026,2026-07-31T20:56:20.541600+00:00
mem_068c3d4ab0,Yaoping Hu,https://profiles.ucalgary.ca/yaoping-hu,Immersive Analytics,immersive analytics,declared_area_title,always_visible_source_declared,true,2,,,,,unresolved,no exact preferred-label or entry-term match in local MeSH 2026,2026-07-31T20:56:20.541600+00:00
mem_74c0a59289,Yingxu Wang,https://profiles.ucalgary.ca/yingxu-wang,cognitive informatics,cognitive informatics,declared_area_title,always_visible_source_declared,true,0,,,,,unresolved,no exact preferred-label or entry-term match in local MeSH 2026,2026-07-31T20:56:20.541600+00:00
mem_74c0a59289,Yingxu Wang,https://profiles.ucalgary.ca/yingxu-wang,cognitive robotics,cognitive robotics,declared_area_title,always_visible_source_declared,true,1,,,,,unresolved,no exact preferred-label or entry-term match in local MeSH 2026,2026-07-31T20:56:20.541600+00:00
mem_6bb59a60cb,Yves Starreveld,https://profiles.ucalgary.ca/yves-starreveld,Epilepsy,epilepsy,declared_area_title,always_visible_source_declared,true,0,D004827,Epilepsy,HBI-MED-002,Neurological Disorders,accepted,exact MeSH preferred/entry-term match plus curated umbrella rule,2026-07-31T20:56:20.541600+00:00
mem_4bb4b4c5df,Zahra Clayborne,https://profiles.ucalgary.ca/zahra-clayborne,Child and adolescent development,child and adolescent development,declared_area_list,always_visible_source_declared,true,0,,,,,unresolved,no exact preferred-label or entry-term match in local MeSH 2026,2026-07-31T20:56:20.541600+00:00
mem_4bb4b4c5df,Zahra Clayborne,https://profiles.ucalgary.ca/zahra-clayborne,women's health,women health,declared_area_list,always_visible_source_declared,true,1,D016387,Women's Health,,,review,MeSH concept found; medical umbrella requires review,2026-07-31T20:56:20.541600+00:00
mem_4bb4b4c5df,Zahra Clayborne,https://profiles.ucalgary.ca/zahra-clayborne,life course epidemiology,life course epidemiology,declared_area_list,always_visible_source_declared,true,2,,,,,unresolved,no exact preferred-label or entry-term match in local MeSH 2026,2026-07-31T20:56:20.541600+00:00
mem_4bb4b4c5df,Zahra Clayborne,https://profiles.ucalgary.ca/zahra-clayborne,mental health,mental health,declared_area_list,always_visible_source_declared,true,3,D008603,Mental Health,HBI-MED-001,Mental Health,accepted,exact MeSH preferred/entry-term match plus curated umbrella rule,2026-07-31T20:56:20.541600+00:00
mem_4bb4b4c5df,Zahra Clayborne,https://profiles.ucalgary.ca/zahra-clayborne,well-being,well being,declared_area_list,always_visible_source_declared,true,4,,,,,unresolved,no exact preferred-label or entry-term match in local MeSH 2026,2026-07-31T20:56:20.541600+00:00
mem_4bb4b4c5df,Zahra Clayborne,https://profiles.ucalgary.ca/zahra-clayborne,flourishing,flourishing,declared_area_list,always_visible_source_declared,true,5,,,,,unresolved,no exact preferred-label or entry-term match in local MeSH 2026,2026-07-31T20:56:20.541600+00:00
mem_4bb4b4c5df,Zahra Clayborne,https://profiles.ucalgary.ca/zahra-clayborne,resilience,resilience,declared_area_list,always_visible_source_declared,true,6,D055500,"Resilience, Psychological",,,review,MeSH concept found; medical umbrella requires review,2026-07-31T20:56:20.541600+00:00
mem_4435cc366f,Zahra Goodarzi,https://profiles.ucalgary.ca/zahra-goodarzi,Dementia or Cognitive Disorders,dementia or cognitive disorders,declared_area_list,always_visible_source_declared,true,0,D003704,Dementia,HBI-MED-002,Neurological Disorders,accepted,embedded medical phrase recovered from profile text; exact MeSH preferred/entry-term match plus curated umbrella rule,2026-07-31T20:56:20.541600+00:00
mem_4435cc366f,Zahra Goodarzi,https://profiles.ucalgary.ca/zahra-goodarzi,Parkinson's Disease,parkinson disease,declared_area_list,always_visible_source_declared,true,1,D010300,Parkinson Disease,HBI-MED-002,Neurological Disorders,accepted,exact MeSH preferred/entry-term match plus curated umbrella rule,2026-07-31T20:56:20.541600+00:00
mem_4435cc366f,Zahra Goodarzi,https://profiles.ucalgary.ca/zahra-goodarzi,Geriatric Medicine Across Care Continuum,geriatric medicine across care continuum,declared_area_list,always_visible_source_declared,true,2,,,,,unresolved,no exact preferred-label or entry-term match in local MeSH 2026,2026-07-31T20:56:20.541600+00:00
mem_4435cc366f,Zahra Goodarzi,https://profiles.ucalgary.ca/zahra-goodarzi,Long Term Care Evidence Based Practice,long term care evidence based practice,declared_area_list,always_visible_source_declared,true,3,,,,,unresolved,no exact preferred-label or entry-term match in local MeSH 2026,2026-07-31T20:56:20.541600+00:00
mem_4435cc366f,Zahra Goodarzi,https://profiles.ucalgary.ca/zahra-goodarzi,Emergency Care or Acute Care Issues for Older Adults,emergency care or acute care issues for older adults,declared_area_list,always_visible_source_declared,true,4,,,,,unresolved,no exact preferred-label or entry-term match in local MeSH 2026,2026-07-31T20:56:20.541600+00:00
mem_4435cc366f,Zahra Goodarzi,https://profiles.ucalgary.ca/zahra-goodarzi,Mood Disorders,mood disorders,declared_area_list,always_visible_source_declared,true,5,D019964,Mood Disorders,HBI-MED-001,Mental Health,accepted,exact MeSH preferred/entry-term match plus curated umbrella rule,2026-07-31T20:56:20.541600+00:00
mem_4435cc366f,Zahra Goodarzi,https://profiles.ucalgary.ca/zahra-goodarzi,Systematic Review and Meta-Analysis,systematic review and meta analysis,declared_area_list,always_visible_source_declared,true,6,,,,,unresolved,no exact preferred-label or entry-term match in local MeSH 2026,2026-07-31T20:56:20.541600+00:00
mem_4435cc366f,Zahra Goodarzi,https://profiles.ucalgary.ca/zahra-goodarzi,Guidelines,guidelines,declared_area_list,always_visible_source_declared,true,7,D016431,Guideline,,,review,MeSH concept found; medical umbrella requires review,2026-07-31T20:56:20.541600+00:00
mem_dfec7f0e37,Zelma Kiss,https://profiles.ucalgary.ca/zelma-kiss,Mental Health,mental health,declared_area_title,always_visible_source_declared,true,0,D008603,Mental Health,HBI-MED-001,Mental Health,accepted,exact MeSH preferred/entry-term match plus curated umbrella rule,2026-07-31T20:56:20.541600+00:00
mem_dfec7f0e37,Zelma Kiss,https://profiles.ucalgary.ca/zelma-kiss,Movement Disorders,movement disorders,declared_area_title,always_visible_source_declared,true,1,D009069,Movement Disorders,HBI-MED-002,Neurological Disorders,accepted,exact MeSH preferred/entry-term match plus curated umbrella rule,2026-07-31T20:56:20.541600+00:00
mem_dfec7f0e37,Zelma Kiss,https://profiles.ucalgary.ca/zelma-kiss,Spinal Cord/Never Injury & Pain,spinal cord never injury pain,declared_area_title,always_visible_source_declared,true,2,,,,,unresolved,no exact preferred-label or entry-term match in local MeSH 2026,2026-07-31T20:56:20.541600+00:00
mem_dfec7f0e37,Zelma Kiss,https://profiles.ucalgary.ca/zelma-kiss,electrophysiology,electrophysiology,declared_area_title,always_visible_source_declared,true,3,D004594,Electrophysiology,,,review,MeSH concept found; medical umbrella requires review,2026-07-31T20:56:20.541600+00:00
mem_dfec7f0e37,Zelma Kiss,https://profiles.ucalgary.ca/zelma-kiss,neuromodulation,neuromodulation,declared_area_title,always_visible_source_declared,true,4,,,,,unresolved,no exact preferred-label or entry-term match in local MeSH 2026,2026-07-31T20:56:20.541600+00:00
mem_dfec7f0e37,Zelma Kiss,https://profiles.ucalgary.ca/zelma-kiss,optical imaging,optical imaging,declared_area_title,always_visible_source_declared,true,5,D061848,Optical Imaging,HBI-MED-005,Imaging and Diagnostics,accepted,exact MeSH preferred/entry-term match plus curated umbrella rule,2026-07-31T20:56:20.541600+00:00
mem_dfec7f0e37,Zelma Kiss,https://profiles.ucalgary.ca/zelma-kiss,biomedical imaging,biomedical imaging,declared_area_title,always_visible_source_declared,true,6,,,,,unresolved,no exact preferred-label or entry-term match in local MeSH 2026,2026-07-31T20:56:20.541600+00:00
mem_dfec7f0e37,Zelma Kiss,https://profiles.ucalgary.ca/zelma-kiss,biomedical engineering,biomedical engineering,declared_area_title,always_visible_source_declared,true,7,D001698,Biomedical Engineering,,,review,MeSH concept found; medical umbrella requires review,2026-07-31T20:56:20.541600+00:00
mem_dfec7f0e37,Zelma Kiss,https://profiles.ucalgary.ca/zelma-kiss,neural prostheses,neural prostheses,declared_area_title,always_visible_source_declared,true,8,D058117,Neural Prostheses,,,review,MeSH concept found; medical umbrella requires review,2026-07-31T20:56:20.541600+00:00
mem_dfec7f0e37,Zelma Kiss,https://profiles.ucalgary.ca/zelma-kiss,depression,depression,declared_area_title,always_visible_source_declared,true,9,D003863,Depression,HBI-MED-001,Mental Health,accepted,exact MeSH preferred/entry-term match plus curated umbrella rule,2026-07-31T20:56:20.541600+00:00
mem_dfec7f0e37,Zelma Kiss,https://profiles.ucalgary.ca/zelma-kiss,pain,pain,declared_area_title,always_visible_source_declared,true,10,D010146,Pain,,,review,MeSH concept found; medical umbrella requires review,2026-07-31T20:56:20.541600+00:00
