member_id,publication_year,publication_count,publications_with_keywords
mem_010c48c43f,2008,3,0
mem_010c48c43f,2009,2,0
mem_010c48c43f,2010,2,1
mem_010c48c43f,2012,1,1
mem_010c48c43f,2014,5,4
mem_010c48c43f,2016,2,1
mem_010c48c43f,2017,1,0
mem_010c48c43f,2018,1,0
mem_010c48c43f,2019,1,1
mem_010c48c43f,2020,5,5
mem_010c48c43f,2021,4,4
mem_010c48c43f,2022,11,5
mem_010c48c43f,2023,12,5
mem_010c48c43f,2024,10,9
mem_010c48c43f,2025,14,12
mem_010c48c43f,2026,9,7
mem_01f8882e68,2015,1,0
mem_01f8882e68,2016,2,1
mem_01f8882e68,2017,4,3
mem_01f8882e68,2018,2,0
mem_01f8882e68,2019,2,1
mem_01f8882e68,2020,1,1
mem_01f8882e68,2021,2,1
mem_01f8882e68,2022,8,5
mem_01f8882e68,2023,2,1
mem_01f8882e68,2024,6,4
mem_01f8882e68,2025,5,5
mem_01f8882e68,2026,2,2
mem_023bd77aa2,2005,2,0
mem_023bd77aa2,2006,4,3
mem_023bd77aa2,2007,2,1
mem_023bd77aa2,2008,1,0
mem_023bd77aa2,2009,3,3
mem_023bd77aa2,2010,2,1
mem_023bd77aa2,2011,2,1
mem_023bd77aa2,2012,1,1
mem_023bd77aa2,2013,2,2
mem_023bd77aa2,2014,3,1
mem_023bd77aa2,2015,3,2
mem_023bd77aa2,2016,10,1
mem_023bd77aa2,2017,10,5
mem_023bd77aa2,2018,7,3
mem_023bd77aa2,2019,9,5
mem_023bd77aa2,2020,20,11
mem_023bd77aa2,2021,6,2
mem_023bd77aa2,2022,8,3
mem_023bd77aa2,2023,8,2
mem_023bd77aa2,2024,14,11
mem_023bd77aa2,2025,10,6
mem_023bd77aa2,2026,4,3
mem_02e49536b8,1991,1,1
mem_02e49536b8,1992,4,1
mem_02e49536b8,1993,1,0
mem_02e49536b8,1994,2,0
mem_02e49536b8,1995,1,1
mem_02e49536b8,1996,1,0
mem_02e49536b8,1998,1,1
mem_02e49536b8,2000,4,2
mem_02e49536b8,2002,1,1
mem_02e49536b8,2003,5,2
mem_02e49536b8,2004,2,2
mem_02e49536b8,2005,2,0
mem_02e49536b8,2006,2,2
mem_02e49536b8,2007,2,2
mem_02e49536b8,2008,3,3
mem_02e49536b8,2009,2,2
mem_02e49536b8,2010,4,3
mem_02e49536b8,2011,1,0
mem_02e49536b8,2012,2,1
mem_02e49536b8,2013,1,0
mem_02e49536b8,2014,3,2
mem_02e49536b8,2015,2,0
mem_02e49536b8,2017,2,1
mem_02e49536b8,2022,1,1
mem_02e49536b8,2023,1,1
mem_02e49536b8,2024,1,1
mem_05362065f8,1993,1,1
mem_05362065f8,1999,1,0
mem_05362065f8,2001,2,0
mem_05362065f8,2002,1,1
mem_05362065f8,2003,1,0
mem_05362065f8,2005,3,3
mem_05362065f8,2006,3,3
mem_05362065f8,2007,4,1
mem_05362065f8,2008,3,3
mem_05362065f8,2009,1,0
mem_05362065f8,2010,2,2
mem_05362065f8,2011,3,3
mem_05362065f8,2012,4,4
mem_05362065f8,2013,5,4
mem_05362065f8,2014,3,3
mem_05362065f8,2015,3,3
mem_05362065f8,2016,6,5
mem_05362065f8,2017,2,2
mem_05362065f8,2018,9,6
mem_05362065f8,2019,6,6
mem_05362065f8,2020,1,1
mem_05362065f8,2021,8,7
mem_05362065f8,2022,1,1
mem_05362065f8,2023,3,3
mem_05362065f8,2024,1,1
mem_05362065f8,2025,3,3
mem_05362065f8,2026,1,1
mem_057ed15a6a,1997,2,2
mem_057ed15a6a,1998,1,0
mem_057ed15a6a,1999,1,1
mem_057ed15a6a,2000,2,2
mem_057ed15a6a,2001,3,3
mem_057ed15a6a,2002,1,1
mem_057ed15a6a,2003,4,2
mem_057ed15a6a,2004,4,2
mem_057ed15a6a,2005,3,2
mem_057ed15a6a,2006,5,3
mem_057ed15a6a,2007,6,4
mem_057ed15a6a,2008,4,2
mem_057ed15a6a,2010,1,1
mem_057ed15a6a,2011,2,0
mem_057ed15a6a,2012,2,1
mem_057ed15a6a,2013,2,0
mem_057ed15a6a,2015,1,0
mem_057ed15a6a,2017,3,3
mem_057ed15a6a,2019,2,1
mem_057ed15a6a,2025,2,1
mem_057ed15a6a,2026,2,0
mem_05a8774842,2001,1,0
mem_05a8774842,2013,1,0
mem_05a8774842,2014,1,1
mem_05a8774842,2017,1,1
mem_05a8774842,2018,1,1
mem_05a8774842,2019,2,2
mem_05a8774842,2020,3,3
mem_05a8774842,2021,2,2
mem_05a8774842,2022,4,2
mem_05a8774842,2023,1,1
mem_05a8774842,2025,1,1
mem_05a8774842,2026,1,1
mem_068c3d4ab0,1999,3,1
mem_068c3d4ab0,2000,2,0
mem_068c3d4ab0,2005,3,1
mem_068c3d4ab0,2006,2,2
mem_068c3d4ab0,2007,7,4
mem_068c3d4ab0,2008,2,2
mem_068c3d4ab0,2009,3,3
mem_068c3d4ab0,2010,6,6
mem_068c3d4ab0,2011,6,5
mem_068c3d4ab0,2012,3,1
mem_068c3d4ab0,2013,4,2
mem_068c3d4ab0,2014,3,3
mem_068c3d4ab0,2015,2,2
mem_068c3d4ab0,2016,3,3
mem_068c3d4ab0,2017,11,11
mem_068c3d4ab0,2018,7,7
mem_068c3d4ab0,2019,2,2
mem_068c3d4ab0,2020,5,5
mem_068c3d4ab0,2021,5,4
mem_068c3d4ab0,2022,4,4
mem_068c3d4ab0,2023,3,2
mem_068c3d4ab0,2024,5,3
mem_068c3d4ab0,2025,1,1
mem_06b710915b,2005,1,1
mem_06b710915b,2006,2,2
mem_06b710915b,2012,1,1
mem_06b710915b,2013,1,0
mem_06b710915b,2014,1,1
mem_06b710915b,2016,1,0
mem_06b710915b,2019,1,1
mem_06b710915b,2021,6,6
mem_06b710915b,2022,4,4
mem_06b710915b,2023,4,4
mem_06b710915b,2024,3,3
mem_06b710915b,2025,5,3
mem_06b710915b,2026,8,8
mem_085f530390,1992,1,1
mem_085f530390,1993,1,1
mem_085f530390,1994,1,1
mem_085f530390,1995,2,2
mem_085f530390,1996,1,0
mem_085f530390,1997,5,4
mem_085f530390,1998,2,1
mem_085f530390,1999,3,1
mem_085f530390,2001,2,1
mem_085f530390,2002,1,1
mem_085f530390,2003,2,1
mem_085f530390,2004,1,1
mem_085f530390,2005,3,1
mem_085f530390,2006,3,0
mem_085f530390,2007,4,2
mem_085f530390,2008,1,1
mem_085f530390,2009,4,2
mem_085f530390,2010,7,3
mem_085f530390,2011,5,0
mem_085f530390,2012,3,2
mem_085f530390,2013,5,2
mem_085f530390,2014,5,3
mem_085f530390,2015,11,3
mem_085f530390,2016,4,0
mem_085f530390,2017,4,1
mem_085f530390,2018,8,6
mem_085f530390,2019,3,1
mem_085f530390,2020,6,2
mem_085f530390,2021,9,4
mem_085f530390,2022,4,2
mem_085f530390,2023,7,5
mem_085f530390,2024,9,5
mem_085f530390,2025,2,0
mem_085f530390,2026,2,1
mem_087ae95126,2006,1,1
mem_087ae95126,2008,3,0
mem_087ae95126,2009,1,1
mem_087ae95126,2010,1,1
mem_087ae95126,2011,1,0
mem_087ae95126,2012,3,0
mem_087ae95126,2013,3,3
mem_087ae95126,2014,2,2
mem_087ae95126,2016,1,0
mem_087ae95126,2018,2,2
mem_087ae95126,2019,3,2
mem_087ae95126,2020,5,4
mem_087ae95126,2022,1,0
mem_087ae95126,2023,3,3
mem_087ae95126,2024,3,2
mem_087ae95126,2025,3,2
mem_087ae95126,2026,2,2
mem_0aa82264fe,2003,1,1
mem_0aa82264fe,2004,1,1
mem_0aa82264fe,2007,1,1
mem_0aa82264fe,2008,2,1
mem_0aa82264fe,2009,2,2
mem_0aa82264fe,2010,1,1
mem_0aa82264fe,2011,1,1
mem_0aa82264fe,2013,3,3
mem_0aa82264fe,2014,2,1
mem_0aa82264fe,2015,1,1
mem_0aa82264fe,2016,2,2
mem_0aa82264fe,2017,1,0
mem_0aa82264fe,2018,2,2
mem_0aa82264fe,2019,1,1
mem_0aa82264fe,2020,2,2
mem_0aa82264fe,2021,3,1
mem_0aa82264fe,2022,2,1
mem_0aa82264fe,2023,6,4
mem_0aa82264fe,2024,6,3
mem_0aa82264fe,2025,7,6
mem_0b284f6c80,1983,1,0
mem_0b284f6c80,1987,1,0
mem_0b284f6c80,1990,3,1
mem_0b284f6c80,1991,5,2
mem_0b284f6c80,1992,3,1
mem_0b284f6c80,1994,3,2
mem_0b284f6c80,1995,2,1
mem_0b284f6c80,1996,3,1
mem_0b284f6c80,1997,4,3
mem_0b284f6c80,1998,3,3
mem_0b284f6c80,1999,2,0
mem_0b284f6c80,2000,2,0
mem_0b284f6c80,2001,4,0
mem_0b284f6c80,2002,6,2
mem_0b284f6c80,2003,2,1
mem_0b284f6c80,2004,4,2
mem_0b284f6c80,2005,1,0
mem_0b284f6c80,2006,3,0
mem_0b284f6c80,2007,2,2
mem_0b284f6c80,2008,1,0
mem_0b284f6c80,2010,1,1
mem_0b284f6c80,2017,1,0
mem_0b284f6c80,2018,4,2
mem_0b284f6c80,2019,1,1
mem_0b284f6c80,2023,1,0
mem_0b284f6c80,2026,1,0
mem_0ba27398f2,2009,1,1
mem_0ba27398f2,2011,6,5
mem_0ba27398f2,2012,8,8
mem_0ba27398f2,2013,9,8
mem_0ba27398f2,2014,8,8
mem_0ba27398f2,2015,7,6
mem_0ba27398f2,2016,9,9
mem_0ba27398f2,2017,9,6
mem_0ba27398f2,2018,6,4
mem_0ba27398f2,2019,8,7
mem_0ba27398f2,2020,29,25
mem_0ba27398f2,2021,17,17
mem_0ba27398f2,2022,10,9
mem_0ba27398f2,2023,18,18
mem_0ba27398f2,2024,17,17
mem_0ba27398f2,2025,19,15
mem_0ba27398f2,2026,7,5
mem_0ba6f2386f,2004,1,0
mem_0ba6f2386f,2005,1,1
mem_0ba6f2386f,2006,4,2
mem_0ba6f2386f,2007,1,1
mem_0ba6f2386f,2008,2,1
mem_0ba6f2386f,2009,10,9
mem_0ba6f2386f,2010,9,9
mem_0ba6f2386f,2011,6,6
mem_0ba6f2386f,2012,5,5
mem_0ba6f2386f,2013,3,3
mem_0ba6f2386f,2014,15,14
mem_0ba6f2386f,2015,7,5
mem_0ba6f2386f,2016,11,10
mem_0ba6f2386f,2017,13,9
mem_0ba6f2386f,2018,10,9
mem_0ba6f2386f,2019,17,16
mem_0ba6f2386f,2020,9,8
mem_0ba6f2386f,2021,13,12
mem_0ba6f2386f,2022,7,6
mem_0ba6f2386f,2023,8,6
mem_0ba6f2386f,2024,10,9
mem_0ba6f2386f,2025,6,4
mem_0ba6f2386f,2026,5,5
mem_0bae7d82da,2001,2,2
mem_0bae7d82da,2004,2,1
mem_0bae7d82da,2005,2,2
mem_0bae7d82da,2006,3,3
mem_0bae7d82da,2007,2,1
mem_0bae7d82da,2008,2,2
mem_0bae7d82da,2009,5,4
mem_0bae7d82da,2010,3,1
mem_0bae7d82da,2012,1,1
mem_0bae7d82da,2013,1,1
mem_0bae7d82da,2014,4,2
mem_0bae7d82da,2015,2,1
mem_0bae7d82da,2016,14,9
mem_0bae7d82da,2017,12,10
mem_0bae7d82da,2018,11,7
mem_0bae7d82da,2019,8,7
mem_0bae7d82da,2020,9,7
mem_0bae7d82da,2021,14,8
mem_0bae7d82da,2022,10,5
mem_0bae7d82da,2023,10,5
mem_0bae7d82da,2024,7,1
mem_0bae7d82da,2025,10,7
mem_0bae7d82da,2026,5,3
mem_0be3586361,2004,1,0
mem_0be3586361,2006,1,1
mem_0be3586361,2007,1,1
mem_0be3586361,2008,1,0
mem_0be3586361,2010,2,2
mem_0be3586361,2011,2,0
mem_0be3586361,2012,3,2
mem_0be3586361,2013,6,6
mem_0be3586361,2014,3,3
mem_0be3586361,2015,8,8
mem_0be3586361,2016,7,6
mem_0be3586361,2017,8,7
mem_0be3586361,2018,7,5
mem_0be3586361,2019,9,9
mem_0be3586361,2020,14,13
mem_0be3586361,2021,22,17
mem_0be3586361,2022,19,18
mem_0be3586361,2023,20,19
mem_0be3586361,2024,18,14
mem_0be3586361,2025,14,9
mem_0be3586361,2026,10,8
mem_0f24dba938,2008,1,0
mem_0f24dba938,2010,3,2
mem_0f24dba938,2011,2,2
mem_0f24dba938,2012,8,8
mem_0f24dba938,2013,2,1
mem_0f24dba938,2014,2,2
mem_0f24dba938,2015,19,15
mem_0f24dba938,2016,11,9
mem_0f24dba938,2017,5,3
mem_0f24dba938,2018,14,11
mem_0f24dba938,2019,14,11
mem_0f24dba938,2020,20,17
mem_0f24dba938,2021,26,20
mem_0f24dba938,2022,26,18
mem_0f24dba938,2023,24,20
mem_0f24dba938,2024,28,27
mem_0f24dba938,2025,29,25
mem_0f24dba938,2026,17,14
mem_0f73a389b6,1998,3,1
mem_0f73a389b6,1999,6,3
mem_0f73a389b6,2000,22,10
mem_0f73a389b6,2001,13,5
mem_0f73a389b6,2002,11,8
mem_0f73a389b6,2003,7,2
mem_0f73a389b6,2004,13,5
mem_0f73a389b6,2005,20,9
mem_0f73a389b6,2006,15,5
mem_0f73a389b6,2007,14,8
mem_0f73a389b6,2008,22,13
mem_0f73a389b6,2009,21,14
mem_0f73a389b6,2010,17,11
mem_0f73a389b6,2011,23,16
mem_0f73a389b6,2012,22,15
mem_0f73a389b6,2013,27,17
mem_0f73a389b6,2014,34,22
mem_0f73a389b6,2015,42,31
mem_0f73a389b6,2016,33,20
mem_0f73a389b6,2017,31,23
mem_0f73a389b6,2018,33,19
mem_0f73a389b6,2019,39,22
mem_0f73a389b6,2020,43,33
mem_0f73a389b6,2021,48,33
mem_0f73a389b6,2022,31,20
mem_0f73a389b6,2023,32,21
mem_0f73a389b6,2024,31,20
mem_0f73a389b6,2025,42,29
mem_0f73a389b6,2026,32,24
mem_0f847603bd,1989,1,0
mem_0f847603bd,1993,1,1
mem_0f847603bd,1995,3,1
mem_0f847603bd,1996,2,0
mem_0f847603bd,1997,2,1
mem_0f847603bd,1999,2,2
mem_0f847603bd,2000,1,0
mem_0f847603bd,2001,1,1
mem_0f847603bd,2002,3,2
mem_0f847603bd,2003,4,2
mem_0f847603bd,2004,1,0
mem_0f847603bd,2005,2,0
mem_0f847603bd,2006,2,1
mem_0f847603bd,2007,1,1
mem_0f847603bd,2008,2,0
mem_0f847603bd,2009,4,3
mem_0f847603bd,2010,5,3
mem_0f847603bd,2012,4,4
mem_0f847603bd,2013,5,1
mem_0f847603bd,2014,2,1
mem_0f847603bd,2015,1,1
mem_0f847603bd,2016,1,0
mem_0f847603bd,2017,4,3
mem_0f847603bd,2018,6,5
mem_0f847603bd,2019,2,1
mem_0f847603bd,2020,8,5
mem_0f847603bd,2022,3,3
mem_0f847603bd,2023,1,0
mem_0f847603bd,2024,1,0
mem_0f847603bd,2025,2,2
mem_105244bf73,1989,1,0
mem_105244bf73,1993,1,0
mem_105244bf73,1994,1,1
mem_105244bf73,1997,1,0
mem_105244bf73,1998,2,2
mem_105244bf73,1999,2,1
mem_105244bf73,2000,3,3
mem_105244bf73,2001,3,2
mem_105244bf73,2002,2,2
mem_105244bf73,2003,1,0
mem_105244bf73,2004,1,0
mem_105244bf73,2006,4,3
mem_105244bf73,2008,6,5
mem_105244bf73,2009,3,3
mem_105244bf73,2010,6,4
mem_105244bf73,2011,8,7
mem_105244bf73,2012,1,1
mem_105244bf73,2013,1,1
mem_105244bf73,2014,3,2
mem_105244bf73,2015,10,6
mem_105244bf73,2016,5,4
mem_105244bf73,2017,6,4
mem_105244bf73,2018,6,4
mem_105244bf73,2019,14,13
mem_105244bf73,2020,10,6
mem_105244bf73,2021,7,2
mem_105244bf73,2022,6,1
mem_105244bf73,2023,6,3
mem_105244bf73,2024,6,3
mem_105244bf73,2025,7,3
mem_105244bf73,2026,2,2
mem_126415dca2,1997,2,1
mem_126415dca2,1998,3,1
mem_126415dca2,1999,1,1
mem_126415dca2,2000,1,0
mem_126415dca2,2001,2,1
mem_126415dca2,2002,1,1
mem_126415dca2,2003,2,2
mem_126415dca2,2004,3,3
mem_126415dca2,2005,2,2
mem_126415dca2,2007,4,0
mem_126415dca2,2008,5,2
mem_126415dca2,2009,1,1
mem_126415dca2,2010,1,1
mem_126415dca2,2011,6,6
mem_126415dca2,2012,8,7
mem_126415dca2,2013,4,2
mem_126415dca2,2014,8,6
mem_126415dca2,2015,7,5
mem_126415dca2,2016,9,9
mem_126415dca2,2017,10,7
mem_126415dca2,2018,4,2
mem_126415dca2,2019,6,5
mem_126415dca2,2020,5,3
mem_126415dca2,2021,7,7
mem_126415dca2,2022,7,5
mem_126415dca2,2023,10,7
mem_126415dca2,2024,10,8
mem_126415dca2,2025,6,2
mem_126415dca2,2026,1,1
mem_126bc39f5f,1986,1,0
mem_126bc39f5f,1988,1,0
mem_126bc39f5f,1990,1,0
mem_126bc39f5f,1991,3,1
mem_126bc39f5f,1992,1,1
mem_126bc39f5f,1997,1,1
mem_126bc39f5f,1999,1,1
mem_126bc39f5f,2000,1,0
mem_12cfcd78b8,2005,1,1
mem_12cfcd78b8,2006,1,1
mem_12cfcd78b8,2007,1,0
mem_12cfcd78b8,2008,3,2
mem_12cfcd78b8,2012,2,2
mem_12cfcd78b8,2014,3,1
mem_12cfcd78b8,2016,1,1
mem_12cfcd78b8,2017,3,3
mem_12cfcd78b8,2018,7,5
mem_12cfcd78b8,2019,7,7
mem_12cfcd78b8,2020,6,6
mem_12cfcd78b8,2021,11,10
mem_12cfcd78b8,2022,12,11
mem_12cfcd78b8,2023,10,8
mem_12cfcd78b8,2024,13,12
mem_12cfcd78b8,2025,15,13
mem_12cfcd78b8,2026,6,5
mem_14c5161155,2012,1,1
mem_14c5161155,2013,2,2
mem_14c5161155,2015,2,2
mem_14c5161155,2016,2,2
mem_14c5161155,2017,1,0
mem_14c5161155,2018,2,0
mem_14c5161155,2019,2,0
mem_14c5161155,2021,3,3
mem_14c5161155,2022,2,0
mem_14c5161155,2023,2,1
mem_14c5161155,2024,3,0
mem_14c5161155,2025,6,4
mem_14c5161155,2026,3,2
mem_14f73a10d6,2015,1,0
mem_14f73a10d6,2016,1,0
mem_14f73a10d6,2017,7,6
mem_14f73a10d6,2019,4,2
mem_14f73a10d6,2020,5,3
mem_14f73a10d6,2021,8,7
mem_14f73a10d6,2022,11,8
mem_14f73a10d6,2023,15,12
mem_14f73a10d6,2024,9,8
mem_14f73a10d6,2025,6,4
mem_14f73a10d6,2026,2,2
mem_1715d89fe0,2007,1,1
mem_1715d89fe0,2008,2,0
mem_1715d89fe0,2009,1,0
mem_1715d89fe0,2010,3,1
mem_1715d89fe0,2011,5,0
mem_1715d89fe0,2012,8,6
mem_1715d89fe0,2013,8,2
mem_1715d89fe0,2014,15,5
mem_1715d89fe0,2015,6,3
mem_1715d89fe0,2016,8,5
mem_1715d89fe0,2017,6,3
mem_1715d89fe0,2018,10,3
mem_1715d89fe0,2019,22,12
mem_1715d89fe0,2020,33,23
mem_1715d89fe0,2021,29,18
mem_1715d89fe0,2022,27,17
mem_1715d89fe0,2023,21,15
mem_1715d89fe0,2024,20,18
mem_1715d89fe0,2025,35,29
mem_1715d89fe0,2026,20,20
mem_1a2035eb16,2003,2,1
mem_1a2035eb16,2004,2,2
mem_1a2035eb16,2005,1,1
mem_1a2035eb16,2007,1,1
mem_1a2035eb16,2008,4,1
mem_1a2035eb16,2009,2,1
mem_1a2035eb16,2010,1,1
mem_1a2035eb16,2011,2,1
mem_1a2035eb16,2012,5,2
mem_1a2035eb16,2013,5,2
mem_1a2035eb16,2014,5,4
mem_1a2035eb16,2015,6,4
mem_1a2035eb16,2016,6,4
mem_1a2035eb16,2017,14,9
mem_1a2035eb16,2018,9,6
mem_1a2035eb16,2019,19,14
mem_1a2035eb16,2020,7,6
mem_1a2035eb16,2021,11,7
mem_1a2035eb16,2022,7,5
mem_1a2035eb16,2023,10,7
mem_1a2035eb16,2024,4,3
mem_1a2035eb16,2025,6,6
mem_1a2035eb16,2026,6,5
mem_1ae867ffe5,2012,1,1
mem_1ae867ffe5,2017,2,2
mem_1ae867ffe5,2018,1,1
mem_1ae867ffe5,2019,1,1
mem_1ae867ffe5,2021,1,1
mem_1ae867ffe5,2022,1,1
mem_1ae867ffe5,2026,1,1
mem_1d2325ddda,2001,1,0
mem_1d2325ddda,2003,1,1
mem_1d2325ddda,2007,1,1
mem_1d2325ddda,2008,1,0
mem_1d2325ddda,2010,3,1
mem_1d2325ddda,2011,3,0
mem_1d2325ddda,2012,2,1
mem_1d2325ddda,2014,3,1
mem_1d2325ddda,2015,2,1
mem_1d2325ddda,2017,1,1
mem_1d2325ddda,2018,2,2
mem_1d2325ddda,2019,1,0
mem_1d2325ddda,2023,1,1
mem_1d2325ddda,2025,1,0
mem_1da9136136,1998,1,0
mem_1da9136136,1999,1,0
mem_1da9136136,2000,1,1
mem_1da9136136,2001,1,1
mem_1da9136136,2004,1,1
mem_1da9136136,2005,4,1
mem_1da9136136,2006,3,2
mem_1da9136136,2007,2,2
mem_1da9136136,2008,5,3
mem_1da9136136,2009,6,3
mem_1da9136136,2010,3,3
mem_1da9136136,2011,4,3
mem_1da9136136,2012,10,7
mem_1da9136136,2013,8,7
mem_1da9136136,2014,11,7
mem_1da9136136,2015,7,6
mem_1da9136136,2016,4,2
mem_1da9136136,2017,6,6
mem_1da9136136,2018,4,3
mem_1da9136136,2019,15,12
mem_1da9136136,2020,13,11
mem_1da9136136,2021,10,7
mem_1da9136136,2022,3,3
mem_1da9136136,2023,12,7
mem_1da9136136,2024,14,7
mem_1da9136136,2025,8,3
mem_1da9136136,2026,13,9
mem_21acc57639,1989,1,0
mem_21acc57639,1991,1,0
mem_21acc57639,1996,1,1
mem_21acc57639,1999,1,0
mem_21acc57639,2009,2,2
mem_21acc57639,2015,2,2
mem_21acc57639,2016,1,1
mem_21acc57639,2019,1,1
mem_21acc57639,2020,1,0
mem_21acc57639,2022,2,2
mem_21acc57639,2024,1,0
mem_21e7f187f5,2008,1,0
mem_21e7f187f5,2009,2,1
mem_21e7f187f5,2010,2,0
mem_21e7f187f5,2011,3,1
mem_21e7f187f5,2012,1,1
mem_21e7f187f5,2013,2,0
mem_21e7f187f5,2014,2,1
mem_21e7f187f5,2015,1,1
mem_21e7f187f5,2016,2,1
mem_21e7f187f5,2017,1,0
mem_21e7f187f5,2018,2,1
mem_21e7f187f5,2019,1,1
mem_21e7f187f5,2020,1,1
mem_21e7f187f5,2021,5,5
mem_21e7f187f5,2022,4,3
mem_21e7f187f5,2023,2,1
mem_21e7f187f5,2024,1,1
mem_21e7f187f5,2025,6,5
mem_21e7f187f5,2026,1,1
mem_233f37a4ef,2002,1,1
mem_233f37a4ef,2004,2,1
mem_233f37a4ef,2006,1,1
mem_233f37a4ef,2007,1,1
mem_233f37a4ef,2008,2,1
mem_233f37a4ef,2009,3,2
mem_233f37a4ef,2010,2,1
mem_233f37a4ef,2011,2,1
mem_233f37a4ef,2013,4,4
mem_233f37a4ef,2014,3,3
mem_233f37a4ef,2015,8,5
mem_233f37a4ef,2016,10,7
mem_233f37a4ef,2017,12,12
mem_233f37a4ef,2018,9,8
mem_233f37a4ef,2019,4,3
mem_233f37a4ef,2020,9,7
mem_233f37a4ef,2021,14,11
mem_233f37a4ef,2022,10,9
mem_233f37a4ef,2023,13,11
mem_233f37a4ef,2024,15,12
mem_233f37a4ef,2025,15,10
mem_233f37a4ef,2026,8,6
mem_2434ffebd2,2011,1,1
mem_2434ffebd2,2012,2,2
mem_2434ffebd2,2013,5,3
mem_2434ffebd2,2014,13,11
mem_2434ffebd2,2015,9,8
mem_2434ffebd2,2016,17,12
mem_2434ffebd2,2017,15,12
mem_2434ffebd2,2018,11,6
mem_2434ffebd2,2019,9,8
mem_2434ffebd2,2020,29,19
mem_2434ffebd2,2021,32,29
mem_2434ffebd2,2022,37,28
mem_2434ffebd2,2023,25,18
mem_2434ffebd2,2024,27,23
mem_2434ffebd2,2025,29,27
mem_2434ffebd2,2026,20,19
mem_2561dcafb5,2003,1,0
mem_2561dcafb5,2006,2,0
mem_2561dcafb5,2007,2,0
mem_2561dcafb5,2008,1,1
mem_2561dcafb5,2010,1,0
mem_2561dcafb5,2013,1,0
mem_2561dcafb5,2014,3,3
mem_2561dcafb5,2016,3,1
mem_2561dcafb5,2017,2,1
mem_2561dcafb5,2018,1,0
mem_2561dcafb5,2019,1,0
mem_2561dcafb5,2020,1,1
mem_2561dcafb5,2021,3,1
mem_2561dcafb5,2022,3,0
mem_2561dcafb5,2023,2,0
mem_2561dcafb5,2024,3,2
mem_2561dcafb5,2025,2,1
mem_27ca2caae0,2010,1,1
mem_27ca2caae0,2013,2,2
mem_27ca2caae0,2015,3,3
mem_27ca2caae0,2019,1,1
mem_27ca2caae0,2020,2,1
mem_27ca2caae0,2022,5,3
mem_27ca2caae0,2023,2,2
mem_27ca2caae0,2024,9,8
mem_27ca2caae0,2025,15,7
mem_27ca2caae0,2026,5,4
mem_28292f693f,2000,1,1
mem_28292f693f,2003,2,2
mem_28292f693f,2005,4,1
mem_28292f693f,2006,4,1
mem_28292f693f,2007,2,1
mem_28292f693f,2008,1,1
mem_28292f693f,2009,4,3
mem_28292f693f,2010,6,5
mem_28292f693f,2011,8,3
mem_28292f693f,2012,7,3
mem_28292f693f,2013,7,6
mem_28292f693f,2014,3,2
mem_28292f693f,2015,5,5
mem_28292f693f,2016,9,7
mem_28292f693f,2017,5,5
mem_28292f693f,2018,5,5
mem_28292f693f,2019,6,5
mem_28292f693f,2020,7,5
mem_28292f693f,2021,3,3
mem_28292f693f,2022,7,5
mem_28292f693f,2023,1,0
mem_28292f693f,2024,1,0
mem_28292f693f,2025,1,0
mem_28292f693f,2026,1,1
mem_285408d323,2011,3,1
mem_285408d323,2013,1,1
mem_285408d323,2015,1,0
mem_285408d323,2016,3,1
mem_285408d323,2018,3,1
mem_285408d323,2019,6,5
mem_285408d323,2020,3,2
mem_285408d323,2021,7,3
mem_285408d323,2022,4,4
mem_285408d323,2023,5,4
mem_285408d323,2024,8,5
mem_285408d323,2025,14,9
mem_285408d323,2026,8,5
mem_28a1b9d70f,1994,1,0
mem_28a1b9d70f,1997,1,0
mem_28a1b9d70f,1998,1,1
mem_28a1b9d70f,1999,1,1
mem_28a1b9d70f,2003,1,1
mem_28a1b9d70f,2006,1,0
mem_28a1b9d70f,2007,1,1
mem_28a1b9d70f,2009,3,2
mem_28a1b9d70f,2010,1,0
mem_28a1b9d70f,2011,1,1
mem_28a1b9d70f,2013,3,3
mem_28a1b9d70f,2014,4,1
mem_28a1b9d70f,2015,2,2
mem_28a1b9d70f,2016,2,2
mem_28a1b9d70f,2017,5,3
mem_28a1b9d70f,2018,3,1
mem_28a1b9d70f,2019,3,3
mem_28a1b9d70f,2020,3,2
mem_28a1b9d70f,2021,1,1
mem_28a1b9d70f,2022,3,2
mem_28a1b9d70f,2023,4,4
mem_28a1b9d70f,2024,5,4
mem_28a1b9d70f,2025,3,3
mem_28a1b9d70f,2026,2,2
mem_29212b7883,2000,1,1
mem_29212b7883,2001,1,0
mem_29212b7883,2002,1,1
mem_29212b7883,2003,1,0
mem_29212b7883,2005,1,0
mem_29212b7883,2006,4,2
mem_29212b7883,2007,4,2
mem_29212b7883,2008,2,2
mem_29212b7883,2009,8,7
mem_29212b7883,2010,6,4
mem_29212b7883,2011,3,2
mem_29212b7883,2012,3,2
mem_29212b7883,2013,5,3
mem_29212b7883,2014,5,2
mem_29212b7883,2015,5,3
mem_29212b7883,2016,6,5
mem_29212b7883,2017,8,5
mem_29212b7883,2018,6,2
mem_29212b7883,2019,4,2
mem_29212b7883,2020,7,2
mem_29212b7883,2021,11,9
mem_29212b7883,2022,7,7
mem_29212b7883,2023,6,6
mem_29212b7883,2024,3,3
mem_29212b7883,2025,1,1
mem_29212b7883,2026,1,1
mem_2a3fddd6a7,1999,1,0
mem_2a3fddd6a7,2003,3,0
mem_2a3fddd6a7,2005,6,0
mem_2a3fddd6a7,2006,5,4
mem_2a3fddd6a7,2007,4,1
mem_2a3fddd6a7,2008,2,1
mem_2a3fddd6a7,2009,4,2
mem_2a3fddd6a7,2010,4,2
mem_2a3fddd6a7,2011,5,2
mem_2a3fddd6a7,2012,3,0
mem_2a3fddd6a7,2013,9,4
mem_2a3fddd6a7,2014,10,6
mem_2a3fddd6a7,2015,6,4
mem_2a3fddd6a7,2016,13,5
mem_2a3fddd6a7,2017,11,9
mem_2a3fddd6a7,2018,17,12
mem_2a3fddd6a7,2019,5,2
mem_2a3fddd6a7,2020,9,6
mem_2a3fddd6a7,2021,12,9
mem_2a3fddd6a7,2022,14,7
mem_2a3fddd6a7,2023,3,3
mem_2a3fddd6a7,2024,8,3
mem_2a3fddd6a7,2025,8,8
mem_2a3fddd6a7,2026,8,4
mem_2b62d32b15,2006,1,1
mem_2b62d32b15,2008,2,2
mem_2b62d32b15,2009,1,0
mem_2b62d32b15,2010,1,0
mem_2b62d32b15,2011,1,1
mem_2b62d32b15,2014,3,0
mem_2b62d32b15,2017,2,0
mem_2b62d32b15,2018,1,1
mem_2b62d32b15,2019,2,2
mem_2b62d32b15,2020,3,2
mem_2b62d32b15,2021,3,3
mem_2b62d32b15,2022,4,4
mem_2b62d32b15,2023,4,3
mem_2b62d32b15,2024,2,2
mem_2b62d32b15,2025,4,3
mem_2b973efd83,1984,1,0
mem_2b973efd83,1988,1,1
mem_2b973efd83,1991,1,1
mem_2b973efd83,1992,1,1
mem_2b973efd83,1993,4,4
mem_2b973efd83,1994,2,1
mem_2b973efd83,1998,1,1
mem_2b973efd83,1999,1,1
mem_2b973efd83,2000,2,1
mem_2b973efd83,2002,3,2
mem_2b973efd83,2003,8,6
mem_2b973efd83,2004,7,5
mem_2b973efd83,2005,5,5
mem_2b973efd83,2006,1,1
mem_2b973efd83,2007,3,1
mem_2b973efd83,2008,3,3
mem_2b973efd83,2009,3,3
mem_2b973efd83,2010,4,4
mem_2b973efd83,2011,2,2
mem_2b973efd83,2012,2,1
mem_2b973efd83,2013,4,3
mem_2b973efd83,2014,4,3
mem_2b973efd83,2015,4,3
mem_2b973efd83,2016,1,1
mem_2b973efd83,2017,6,5
mem_2b973efd83,2018,3,3
mem_2b973efd83,2020,4,4
mem_2b973efd83,2022,1,1
mem_2b973efd83,2023,2,2
mem_2bd0db628a,2009,1,1
mem_2bd0db628a,2015,1,0
mem_2bd0db628a,2017,4,3
mem_2bd0db628a,2018,2,1
mem_2bd0db628a,2019,4,3
mem_2bd0db628a,2020,4,3
mem_2bd0db628a,2021,8,5
mem_2bd0db628a,2022,10,5
mem_2bd0db628a,2023,7,6
mem_2bd0db628a,2024,3,2
mem_2bd0db628a,2025,2,1
mem_2bd0db628a,2026,2,1
mem_2fc1b1d132,2017,1,0
mem_3146e74c2b,1989,1,1
mem_3146e74c2b,1991,1,0
mem_3146e74c2b,1992,2,2
mem_3146e74c2b,1993,1,0
mem_3146e74c2b,1994,1,0
mem_3146e74c2b,1996,1,0
mem_3146e74c2b,2000,1,0
mem_3146e74c2b,2001,2,1
mem_3146e74c2b,2002,1,1
mem_3146e74c2b,2003,1,0
mem_3146e74c2b,2004,2,2
mem_3146e74c2b,2005,4,2
mem_3146e74c2b,2006,2,2
mem_3146e74c2b,2007,2,0
mem_3146e74c2b,2008,2,0
mem_3146e74c2b,2009,3,3
mem_3146e74c2b,2010,2,2
mem_3146e74c2b,2011,9,9
mem_3146e74c2b,2012,13,7
mem_3146e74c2b,2013,3,2
mem_3146e74c2b,2014,10,6
mem_3146e74c2b,2015,6,4
mem_3146e74c2b,2016,10,6
mem_3146e74c2b,2017,14,13
mem_3146e74c2b,2018,1,1
mem_3146e74c2b,2019,11,9
mem_3146e74c2b,2020,9,6
mem_3146e74c2b,2021,5,5
mem_3146e74c2b,2022,4,4
mem_3146e74c2b,2023,3,3
mem_3146e74c2b,2024,6,6
mem_3146e74c2b,2025,8,7
mem_3146e74c2b,2026,5,5
mem_32fb421d6b,2002,1,0
mem_32fb421d6b,2004,2,2
mem_32fb421d6b,2005,1,1
mem_32fb421d6b,2006,4,2
mem_32fb421d6b,2007,4,1
mem_32fb421d6b,2008,1,1
mem_32fb421d6b,2009,2,1
mem_32fb421d6b,2010,3,3
mem_32fb421d6b,2011,1,0
mem_32fb421d6b,2012,5,4
mem_32fb421d6b,2013,7,4
mem_32fb421d6b,2014,5,4
mem_32fb421d6b,2015,3,2
mem_32fb421d6b,2016,6,3
mem_32fb421d6b,2017,3,2
mem_32fb421d6b,2018,3,2
mem_32fb421d6b,2019,9,8
mem_32fb421d6b,2020,6,6
mem_32fb421d6b,2021,5,5
mem_32fb421d6b,2022,7,6
mem_32fb421d6b,2023,7,6
mem_32fb421d6b,2024,9,8
mem_32fb421d6b,2025,7,6
mem_32fb421d6b,2026,9,6
mem_338f9f338e,2014,1,0
mem_338f9f338e,2015,1,1
mem_338f9f338e,2016,1,1
mem_338f9f338e,2017,2,1
mem_338f9f338e,2019,1,1
mem_338f9f338e,2020,1,0
mem_338f9f338e,2021,3,3
mem_338f9f338e,2022,3,2
mem_338f9f338e,2023,2,2
mem_338f9f338e,2024,3,3
mem_338f9f338e,2025,5,5
mem_338f9f338e,2026,2,1
mem_33d5559424,2010,1,1
mem_33d5559424,2013,1,0
mem_33d5559424,2014,3,3
mem_33d5559424,2015,4,3
mem_33d5559424,2016,4,4
mem_33d5559424,2017,2,1
mem_33d5559424,2018,2,2
mem_33d5559424,2019,2,2
mem_33d5559424,2020,2,2
mem_33d5559424,2021,2,2
mem_33d5559424,2022,4,4
mem_33d5559424,2023,2,2
mem_33d5559424,2024,2,1
mem_33d5559424,2025,6,6
mem_33d5559424,2026,3,1
mem_3453676d84,2003,1,1
mem_3453676d84,2004,1,0
mem_3453676d84,2005,2,1
mem_3453676d84,2006,2,2
mem_3453676d84,2007,1,1
mem_3453676d84,2008,1,0
mem_3453676d84,2011,2,0
mem_3453676d84,2012,3,2
mem_3453676d84,2013,1,1
mem_3453676d84,2015,2,1
mem_3453676d84,2016,2,2
mem_3453676d84,2017,1,1
mem_3453676d84,2019,3,1
mem_3453676d84,2020,1,1
mem_3453676d84,2021,4,3
mem_3453676d84,2022,1,1
mem_3453676d84,2023,1,1
mem_3453676d84,2024,4,0
mem_3453676d84,2026,1,1
mem_35a08188c0,1995,1,0
mem_35a08188c0,1996,2,0
mem_35a08188c0,1997,2,1
mem_35a08188c0,1998,2,2
mem_35a08188c0,2000,4,4
mem_35a08188c0,2002,3,3
mem_35a08188c0,2003,2,1
mem_35a08188c0,2004,1,0
mem_35a08188c0,2005,4,2
mem_35a08188c0,2007,5,4
mem_35a08188c0,2008,5,3
mem_35a08188c0,2009,2,2
mem_35a08188c0,2010,2,1
mem_35a08188c0,2011,2,2
mem_35a08188c0,2012,4,4
mem_35a08188c0,2013,2,2
mem_35a08188c0,2014,3,3
mem_35a08188c0,2015,2,2
mem_35a08188c0,2016,5,4
mem_35a08188c0,2017,3,3
mem_35a08188c0,2018,3,3
mem_35a08188c0,2019,2,2
mem_35a08188c0,2020,2,2
mem_35a08188c0,2021,6,5
mem_35a08188c0,2022,3,3
mem_35a08188c0,2023,3,2
mem_35a08188c0,2024,1,1
mem_35a08188c0,2025,3,2
mem_35a08188c0,2026,1,1
mem_36447b4ebf,2000,1,0
mem_36447b4ebf,2001,1,0
mem_36447b4ebf,2002,7,1
mem_36447b4ebf,2003,4,0
mem_36447b4ebf,2004,5,1
mem_36447b4ebf,2005,2,0
mem_36447b4ebf,2006,2,0
mem_36447b4ebf,2007,2,0
mem_36447b4ebf,2008,4,0
mem_36447b4ebf,2009,3,0
mem_36447b4ebf,2010,6,0
mem_36447b4ebf,2011,5,0
mem_36447b4ebf,2012,3,0
mem_36447b4ebf,2013,8,2
mem_36447b4ebf,2014,6,3
mem_36447b4ebf,2015,2,1
mem_36447b4ebf,2016,4,1
mem_36447b4ebf,2017,4,0
mem_36447b4ebf,2018,6,1
mem_36447b4ebf,2019,3,1
mem_36447b4ebf,2020,2,0
mem_36447b4ebf,2021,7,3
mem_36447b4ebf,2022,6,3
mem_36447b4ebf,2023,7,1
mem_36447b4ebf,2024,9,4
mem_36447b4ebf,2025,4,2
mem_37b64942a2,1996,2,1
mem_37b64942a2,1997,3,0
mem_37b64942a2,1999,1,0
mem_37b64942a2,2001,1,1
mem_37b64942a2,2002,2,1
mem_37b64942a2,2003,2,1
mem_37b64942a2,2005,5,4
mem_37b64942a2,2006,2,2
mem_37b64942a2,2007,4,4
mem_37b64942a2,2008,6,4
mem_37b64942a2,2009,4,3
mem_37b64942a2,2010,2,0
mem_37b64942a2,2011,4,3
mem_37b64942a2,2012,2,1
mem_37b64942a2,2013,1,1
mem_37b64942a2,2014,1,1
mem_37b64942a2,2015,6,4
mem_37b64942a2,2016,1,0
mem_37b64942a2,2017,2,2
mem_37b64942a2,2018,2,2
mem_37b64942a2,2019,3,2
mem_37b64942a2,2020,6,3
mem_37b64942a2,2021,4,3
mem_37b64942a2,2022,4,3
mem_37b64942a2,2023,4,3
mem_37b64942a2,2024,3,2
mem_37b64942a2,2025,3,3
mem_37b64942a2,2026,9,9
mem_37dd23d078,2013,1,0
mem_37dd23d078,2014,1,1
mem_37dd23d078,2015,5,4
mem_37dd23d078,2016,3,2
mem_37dd23d078,2017,5,5
mem_37dd23d078,2018,4,3
mem_37dd23d078,2019,4,3
mem_37dd23d078,2020,6,5
mem_37dd23d078,2021,5,4
mem_37dd23d078,2022,5,1
mem_37dd23d078,2023,7,5
mem_37dd23d078,2024,11,7
mem_37dd23d078,2025,17,15
mem_37dd23d078,2026,14,13
mem_3873666ecc,2000,1,0
mem_3873666ecc,2003,2,0
mem_3873666ecc,2004,2,0
mem_3873666ecc,2006,1,0
mem_3873666ecc,2007,4,1
mem_3873666ecc,2008,2,0
mem_3873666ecc,2009,3,3
mem_3873666ecc,2010,5,2
mem_3873666ecc,2011,5,0
mem_3873666ecc,2012,1,0
mem_3873666ecc,2013,2,1
mem_3873666ecc,2014,6,5
mem_3873666ecc,2015,5,4
mem_3873666ecc,2016,3,2
mem_3873666ecc,2017,2,2
mem_3873666ecc,2018,2,2
mem_3873666ecc,2019,5,4
mem_3873666ecc,2020,5,5
mem_3873666ecc,2021,6,5
mem_3873666ecc,2022,13,10
mem_3873666ecc,2023,6,6
mem_3873666ecc,2024,10,5
mem_3873666ecc,2025,12,6
mem_3873666ecc,2026,2,1
mem_38fab37327,2008,1,0
mem_38fab37327,2010,2,2
mem_38fab37327,2011,1,1
mem_38fab37327,2012,2,2
mem_38fab37327,2013,5,5
mem_38fab37327,2014,4,3
mem_38fab37327,2015,11,10
mem_38fab37327,2016,11,9
mem_38fab37327,2017,18,14
mem_38fab37327,2018,17,13
mem_38fab37327,2019,20,14
mem_38fab37327,2020,13,10
mem_38fab37327,2021,22,19
mem_38fab37327,2022,18,14
mem_38fab37327,2023,22,16
mem_38fab37327,2024,20,19
mem_38fab37327,2025,29,23
mem_38fab37327,2026,21,20
mem_39fb2e4858,1990,1,0
mem_39fb2e4858,1993,1,0
mem_39fb2e4858,1994,2,0
mem_39fb2e4858,1996,3,0
mem_39fb2e4858,1997,2,1
mem_39fb2e4858,1998,1,0
mem_39fb2e4858,1999,2,2
mem_39fb2e4858,2000,6,3
mem_39fb2e4858,2001,3,1
mem_39fb2e4858,2002,5,1
mem_39fb2e4858,2003,3,1
mem_39fb2e4858,2004,7,1
mem_39fb2e4858,2005,3,0
mem_39fb2e4858,2006,5,1
mem_39fb2e4858,2007,9,3
mem_39fb2e4858,2008,9,4
mem_39fb2e4858,2009,3,2
mem_39fb2e4858,2010,1,1
mem_39fb2e4858,2011,9,5
mem_39fb2e4858,2012,9,6
mem_39fb2e4858,2013,7,5
mem_39fb2e4858,2014,11,7
mem_39fb2e4858,2015,8,4
mem_39fb2e4858,2016,9,5
mem_39fb2e4858,2017,7,1
mem_39fb2e4858,2018,8,7
mem_39fb2e4858,2019,13,10
mem_39fb2e4858,2020,14,8
mem_39fb2e4858,2021,17,12
mem_39fb2e4858,2022,14,13
mem_39fb2e4858,2023,25,19
mem_39fb2e4858,2024,9,8
mem_39fb2e4858,2025,12,10
mem_39fb2e4858,2026,3,2
mem_3a1d20823e,2015,1,0
mem_3a1d20823e,2017,4,2
mem_3a1d20823e,2018,3,2
mem_3a1d20823e,2019,1,1
mem_3a1d20823e,2020,5,3
mem_3a1d20823e,2021,6,3
mem_3a1d20823e,2022,8,7
mem_3a1d20823e,2023,2,2
mem_3a1d20823e,2024,8,8
mem_3a1d20823e,2025,5,5
mem_3a1d20823e,2026,3,3
mem_3a936b52e4,2009,1,1
mem_3a936b52e4,2010,1,0
mem_3a936b52e4,2012,1,0
mem_3a936b52e4,2014,4,3
mem_3a936b52e4,2015,1,1
mem_3a936b52e4,2016,4,3
mem_3a936b52e4,2017,6,5
mem_3a936b52e4,2018,8,8
mem_3a936b52e4,2019,6,5
mem_3a936b52e4,2020,16,16
mem_3a936b52e4,2021,20,17
mem_3a936b52e4,2022,18,13
mem_3a936b52e4,2023,24,19
mem_3a936b52e4,2024,26,24
mem_3a936b52e4,2025,30,29
mem_3a936b52e4,2026,20,15
mem_3cc315d4d3,1992,1,0
mem_3cc315d4d3,1993,4,0
mem_3cc315d4d3,1994,5,1
mem_3cc315d4d3,1995,2,1
mem_3cc315d4d3,1996,5,4
mem_3cc315d4d3,1997,2,1
mem_3cc315d4d3,1998,4,1
mem_3cc315d4d3,1999,8,2
mem_3cc315d4d3,2000,7,1
mem_3cc315d4d3,2001,14,6
mem_3cc315d4d3,2002,8,3
mem_3cc315d4d3,2003,15,4
mem_3cc315d4d3,2004,13,3
mem_3cc315d4d3,2005,12,7
mem_3cc315d4d3,2006,21,10
mem_3cc315d4d3,2007,9,2
mem_3cc315d4d3,2008,17,6
mem_3cc315d4d3,2009,10,5
mem_3cc315d4d3,2010,14,5
mem_3cc315d4d3,2011,12,7
mem_3cc315d4d3,2012,19,11
mem_3cc315d4d3,2013,12,7
mem_3cc315d4d3,2014,18,12
mem_3cc315d4d3,2015,20,14
mem_3cc315d4d3,2016,12,11
mem_3cc315d4d3,2017,18,12
mem_3cc315d4d3,2018,12,8
mem_3cc315d4d3,2019,25,21
mem_3cc315d4d3,2020,12,8
mem_3cc315d4d3,2021,18,16
mem_3cc315d4d3,2022,24,18
mem_3cc315d4d3,2023,10,9
mem_3cc315d4d3,2024,25,19
mem_3cc315d4d3,2025,14,11
mem_3cc315d4d3,2026,9,7
mem_3d341c6e6a,2000,1,1
mem_3d341c6e6a,2001,3,3
mem_3d341c6e6a,2002,2,2
mem_3d341c6e6a,2003,1,1
mem_3d341c6e6a,2004,6,4
mem_3d341c6e6a,2005,7,3
mem_3d341c6e6a,2006,1,0
mem_3d341c6e6a,2007,3,1
mem_3d341c6e6a,2008,5,5
mem_3d341c6e6a,2009,3,1
mem_3d341c6e6a,2010,3,3
mem_3d341c6e6a,2011,4,4
mem_3d341c6e6a,2012,3,3
mem_3d341c6e6a,2013,6,6
mem_3d341c6e6a,2014,13,9
mem_3d341c6e6a,2015,3,1
mem_3d341c6e6a,2016,10,7
mem_3d341c6e6a,2017,7,5
mem_3d341c6e6a,2018,7,5
mem_3d341c6e6a,2019,7,5
mem_3d341c6e6a,2020,10,6
mem_3d341c6e6a,2021,6,4
mem_3d341c6e6a,2022,14,12
mem_3d341c6e6a,2023,7,7
mem_3d341c6e6a,2024,5,5
mem_3d341c6e6a,2025,10,10
mem_3d341c6e6a,2026,3,3
mem_3dd7b96dcd,2001,3,1
mem_3dd7b96dcd,2002,2,1
mem_3dd7b96dcd,2003,1,0
mem_3dd7b96dcd,2004,3,3
mem_3dd7b96dcd,2005,3,2
mem_3dd7b96dcd,2006,2,2
mem_3dd7b96dcd,2007,5,3
mem_3dd7b96dcd,2008,1,0
mem_3dd7b96dcd,2009,1,0
mem_3dd7b96dcd,2011,4,2
mem_3dd7b96dcd,2012,3,1
mem_3dd7b96dcd,2013,5,4
mem_3dd7b96dcd,2014,4,4
mem_3dd7b96dcd,2015,2,2
mem_3dd7b96dcd,2016,5,2
mem_3dd7b96dcd,2017,3,3
mem_3dd7b96dcd,2018,4,4
mem_3dd7b96dcd,2019,3,2
mem_3dd7b96dcd,2020,6,6
mem_3dd7b96dcd,2021,7,7
mem_3dd7b96dcd,2022,4,4
mem_3dd7b96dcd,2023,1,1
mem_3dd7b96dcd,2024,6,4
mem_3dd7b96dcd,2025,6,4
mem_3dd7b96dcd,2026,3,2
mem_3e0e98847e,1998,2,0
mem_3e0e98847e,1999,2,1
mem_3e0e98847e,2002,1,1
mem_3e0e98847e,2004,1,1
mem_3e0e98847e,2006,3,3
mem_3e0e98847e,2007,4,3
mem_3e0e98847e,2008,3,1
mem_3e0e98847e,2009,8,6
mem_3e0e98847e,2010,8,4
mem_3e0e98847e,2011,5,4
mem_3e0e98847e,2012,7,6
mem_3e0e98847e,2013,11,7
mem_3e0e98847e,2014,11,8
mem_3e0e98847e,2015,10,7
mem_3e0e98847e,2016,17,16
mem_3e0e98847e,2017,15,12
mem_3e0e98847e,2018,11,9
mem_3e0e98847e,2019,14,12
mem_3e0e98847e,2020,9,7
mem_3e0e98847e,2021,14,14
mem_3e0e98847e,2022,15,12
mem_3e0e98847e,2023,15,14
mem_3e0e98847e,2024,10,8
mem_3e0e98847e,2025,15,12
mem_3e0e98847e,2026,5,3
mem_3e0ef14a60,2006,1,0
mem_3e0ef14a60,2007,1,1
mem_3e0ef14a60,2010,1,1
mem_3e0ef14a60,2012,1,1
mem_3e0ef14a60,2013,1,0
mem_3e0ef14a60,2014,2,2
mem_3e0ef14a60,2015,1,1
mem_3e0ef14a60,2017,1,1
mem_3e0ef14a60,2018,3,2
mem_3e0ef14a60,2019,1,0
mem_3e0ef14a60,2020,1,1
mem_3e0ef14a60,2021,4,3
mem_3e0ef14a60,2022,3,3
mem_3e0ef14a60,2023,6,4
mem_3e0ef14a60,2024,2,2
mem_3e0ef14a60,2026,4,4
mem_3f1cca7ee5,2009,1,1
mem_3f1cca7ee5,2010,2,2
mem_3f1cca7ee5,2011,2,2
mem_3f1cca7ee5,2012,5,4
mem_3f1cca7ee5,2013,1,1
mem_3f1cca7ee5,2014,1,1
mem_3f1cca7ee5,2015,2,2
mem_3f1cca7ee5,2016,1,1
mem_3f1cca7ee5,2017,2,2
mem_3f1cca7ee5,2018,11,7
mem_3f1cca7ee5,2019,8,8
mem_3f1cca7ee5,2020,4,4
mem_3f1cca7ee5,2021,8,6
mem_3f1cca7ee5,2022,11,8
mem_3f1cca7ee5,2023,7,6
mem_3f1cca7ee5,2024,6,5
mem_3f1cca7ee5,2025,6,6
mem_3f1cca7ee5,2026,6,6
mem_3f62008a1f,2008,2,1
mem_3f62008a1f,2009,2,1
mem_3f62008a1f,2010,1,1
mem_3f62008a1f,2013,2,2
mem_3f62008a1f,2014,2,2
mem_3f62008a1f,2017,1,1
mem_3f62008a1f,2022,1,1
mem_3f62008a1f,2023,2,1
mem_3f62008a1f,2024,1,1
mem_3f62008a1f,2025,1,1
mem_3f62008a1f,2026,4,4
mem_3faa6c8292,2003,1,1
mem_3faa6c8292,2004,4,0
mem_3faa6c8292,2005,1,0
mem_3faa6c8292,2006,2,0
mem_3faa6c8292,2007,2,1
mem_3faa6c8292,2008,3,1
mem_3faa6c8292,2009,6,5
mem_3faa6c8292,2010,2,0
mem_3faa6c8292,2011,12,2
mem_3faa6c8292,2012,10,3
mem_3faa6c8292,2013,2,0
mem_3faa6c8292,2014,1,0
mem_3faa6c8292,2015,8,1
mem_3faa6c8292,2016,6,3
mem_3faa6c8292,2017,3,1
mem_3faa6c8292,2018,4,3
mem_3faa6c8292,2019,6,4
mem_3faa6c8292,2020,3,1
mem_3faa6c8292,2021,5,2
mem_3faa6c8292,2022,2,2
mem_3faa6c8292,2023,4,4
mem_3faa6c8292,2024,7,7
mem_3faa6c8292,2025,11,5
mem_3faa6c8292,2026,4,4
mem_4029403411,2007,2,0
mem_4029403411,2008,2,0
mem_4029403411,2009,3,3
mem_4029403411,2010,2,1
mem_4029403411,2011,2,2
mem_4029403411,2012,1,1
mem_4029403411,2014,1,0
mem_4029403411,2015,2,1
mem_4029403411,2016,4,0
mem_4029403411,2017,2,2
mem_4029403411,2018,1,0
mem_4029403411,2019,4,4
mem_4029403411,2020,3,3
mem_4029403411,2021,1,1
mem_4029403411,2022,1,1
mem_4029403411,2023,6,6
mem_4029403411,2024,6,5
mem_4029403411,2025,2,2
mem_4029403411,2026,1,1
mem_4031282ea1,1989,1,1
mem_4031282ea1,1991,5,2
mem_4031282ea1,1992,2,1
mem_4031282ea1,1993,4,2
mem_4031282ea1,1994,1,1
mem_4031282ea1,1995,7,5
mem_4031282ea1,1996,7,5
mem_4031282ea1,1997,9,2
mem_4031282ea1,1998,5,4
mem_4031282ea1,1999,5,3
mem_4031282ea1,2000,5,3
mem_4031282ea1,2001,3,1
mem_4031282ea1,2002,5,2
mem_4031282ea1,2003,9,5
mem_4031282ea1,2004,6,3
mem_4031282ea1,2005,7,3
mem_4031282ea1,2007,2,1
mem_4031282ea1,2008,1,1
mem_4031282ea1,2009,6,4
mem_4031282ea1,2010,4,4
mem_4031282ea1,2011,10,8
mem_4031282ea1,2012,7,5
mem_4031282ea1,2013,6,4
mem_4031282ea1,2014,6,4
mem_4031282ea1,2015,14,5
mem_4031282ea1,2016,5,2
mem_4031282ea1,2017,2,2
mem_4031282ea1,2018,7,6
mem_4031282ea1,2019,3,2
mem_4031282ea1,2020,6,2
mem_4031282ea1,2021,9,6
mem_4031282ea1,2022,9,8
mem_4031282ea1,2023,11,10
mem_4031282ea1,2024,4,4
mem_4031282ea1,2025,9,9
mem_4031282ea1,2026,3,3
mem_405555556d,1994,1,0
mem_405555556d,1997,1,0
mem_405555556d,1999,3,3
mem_405555556d,2001,1,1
mem_405555556d,2003,3,1
mem_405555556d,2005,5,2
mem_405555556d,2006,5,5
mem_405555556d,2007,4,3
mem_405555556d,2008,1,1
mem_405555556d,2009,5,5
mem_405555556d,2010,7,2
mem_405555556d,2011,10,5
mem_405555556d,2012,7,5
mem_405555556d,2013,19,11
mem_405555556d,2014,19,12
mem_405555556d,2015,21,9
mem_405555556d,2016,15,12
mem_405555556d,2017,17,12
mem_405555556d,2018,25,20
mem_405555556d,2019,14,12
mem_405555556d,2020,23,19
mem_405555556d,2021,37,30
mem_405555556d,2022,38,31
mem_405555556d,2023,41,34
mem_405555556d,2024,34,25
mem_405555556d,2025,49,44
mem_405555556d,2026,23,18
mem_40840edc6a,1984,1,1
mem_40840edc6a,1985,1,0
mem_40840edc6a,1986,1,0
mem_40840edc6a,1990,2,1
mem_40840edc6a,1991,2,2
mem_40840edc6a,1992,3,2
mem_40840edc6a,1993,5,0
mem_40840edc6a,1994,1,1
mem_40840edc6a,1995,1,0
mem_40840edc6a,1996,3,2
mem_40840edc6a,1997,7,5
mem_40840edc6a,1998,6,4
mem_40840edc6a,1999,4,3
mem_40840edc6a,2000,1,1
mem_40840edc6a,2001,4,1
mem_40840edc6a,2002,5,3
mem_40840edc6a,2003,12,10
mem_40840edc6a,2004,7,5
mem_40840edc6a,2005,12,6
mem_40840edc6a,2006,11,7
mem_40840edc6a,2007,10,7
mem_40840edc6a,2008,19,15
mem_40840edc6a,2009,7,5
mem_40840edc6a,2010,6,3
mem_40840edc6a,2011,7,5
mem_40840edc6a,2012,17,14
mem_40840edc6a,2013,23,14
mem_40840edc6a,2014,20,17
mem_40840edc6a,2015,28,22
mem_40840edc6a,2016,20,13
mem_40840edc6a,2017,15,11
mem_40840edc6a,2018,27,18
mem_40840edc6a,2019,32,29
mem_40840edc6a,2020,29,20
mem_40840edc6a,2021,35,31
mem_40840edc6a,2022,23,20
mem_40840edc6a,2023,21,17
mem_40840edc6a,2024,28,23
mem_40840edc6a,2025,35,21
mem_40840edc6a,2026,14,11
mem_414b7b0e40,2003,1,1
mem_414b7b0e40,2006,2,0
mem_414b7b0e40,2017,1,0
mem_414b7b0e40,2020,1,1
mem_414b7b0e40,2021,3,3
mem_414b7b0e40,2022,2,1
mem_414b7b0e40,2023,2,2
mem_414b7b0e40,2024,1,1
mem_414b7b0e40,2025,2,2
mem_414b7b0e40,2026,2,2
mem_418a89fdc0,1988,1,0
mem_418a89fdc0,1990,3,2
mem_418a89fdc0,1991,1,0
mem_418a89fdc0,1992,1,1
mem_418a89fdc0,1993,2,0
mem_418a89fdc0,1994,1,1
mem_418a89fdc0,1995,2,1
mem_418a89fdc0,1996,1,0
mem_418a89fdc0,2000,2,0
mem_418a89fdc0,2001,3,1
mem_418a89fdc0,2003,1,0
mem_418a89fdc0,2004,1,1
mem_418a89fdc0,2005,2,0
mem_418a89fdc0,2006,1,0
mem_418a89fdc0,2007,1,1
mem_418a89fdc0,2008,14,9
mem_418a89fdc0,2009,10,7
mem_418a89fdc0,2010,6,4
mem_418a89fdc0,2011,3,3
mem_418a89fdc0,2012,3,3
mem_418a89fdc0,2013,8,6
mem_418a89fdc0,2014,9,6
mem_418a89fdc0,2015,3,1
mem_418a89fdc0,2016,3,2
mem_418a89fdc0,2017,2,2
mem_418a89fdc0,2018,3,3
mem_418a89fdc0,2019,3,3
mem_418a89fdc0,2020,1,1
mem_418a89fdc0,2021,1,1
mem_418a89fdc0,2022,3,2
mem_418a89fdc0,2023,1,1
mem_418a89fdc0,2024,1,1
mem_418a89fdc0,2025,3,3
mem_418a89fdc0,2026,1,1
mem_418b15747e,1996,1,1
mem_418b15747e,1999,1,0
mem_418b15747e,2000,1,1
mem_418b15747e,2001,2,1
mem_418b15747e,2002,1,0
mem_418b15747e,2006,1,1
mem_418b15747e,2010,3,2
mem_418b15747e,2011,1,1
mem_418b15747e,2012,3,3
mem_418b15747e,2013,3,2
mem_418b15747e,2014,7,6
mem_418b15747e,2015,12,11
mem_418b15747e,2016,9,7
mem_418b15747e,2017,10,10
mem_418b15747e,2018,10,8
mem_418b15747e,2019,16,14
mem_418b15747e,2020,16,14
mem_418b15747e,2021,18,14
mem_418b15747e,2022,15,11
mem_418b15747e,2023,22,20
mem_418b15747e,2024,18,16
mem_418b15747e,2025,19,15
mem_418b15747e,2026,11,11
mem_4393bff7a6,2003,1,0
mem_4393bff7a6,2004,1,0
mem_4393bff7a6,2005,1,1
mem_4393bff7a6,2006,1,0
mem_4393bff7a6,2007,2,2
mem_4393bff7a6,2008,1,0
mem_4393bff7a6,2009,2,2
mem_4393bff7a6,2010,4,3
mem_4393bff7a6,2011,1,1
mem_4393bff7a6,2012,1,1
mem_4393bff7a6,2013,5,3
mem_4393bff7a6,2014,4,4
mem_4393bff7a6,2015,6,5
mem_4393bff7a6,2016,3,3
mem_4393bff7a6,2017,7,5
mem_4393bff7a6,2018,4,3
mem_4393bff7a6,2019,8,8
mem_4393bff7a6,2020,4,2
mem_4393bff7a6,2021,11,10
mem_4393bff7a6,2022,7,7
mem_4393bff7a6,2023,12,11
mem_4393bff7a6,2024,10,8
mem_4393bff7a6,2025,14,14
mem_4393bff7a6,2026,6,5
mem_4435cc366f,2007,2,1
mem_4435cc366f,2008,2,2
mem_4435cc366f,2009,1,1
mem_4435cc366f,2010,1,1
mem_4435cc366f,2011,1,1
mem_4435cc366f,2013,4,3
mem_4435cc366f,2014,3,3
mem_4435cc366f,2015,3,2
mem_4435cc366f,2016,3,2
mem_4435cc366f,2017,5,3
mem_4435cc366f,2018,4,3
mem_4435cc366f,2019,8,7
mem_4435cc366f,2020,5,5
mem_4435cc366f,2021,9,8
mem_4435cc366f,2022,14,11
mem_4435cc366f,2023,12,11
mem_4435cc366f,2024,13,11
mem_4435cc366f,2025,19,16
mem_4435cc366f,2026,5,4
mem_44def62df0,1998,1,1
mem_44def62df0,2008,2,2
mem_44def62df0,2009,4,2
mem_44def62df0,2010,5,3
mem_44def62df0,2011,1,1
mem_44def62df0,2012,8,7
mem_44def62df0,2013,6,5
mem_44def62df0,2014,6,2
mem_44def62df0,2015,4,4
mem_44def62df0,2016,9,7
mem_44def62df0,2017,14,10
mem_44def62df0,2018,12,7
mem_44def62df0,2019,19,14
mem_44def62df0,2020,35,30
mem_44def62df0,2021,27,23
mem_44def62df0,2022,42,31
mem_44def62df0,2023,37,32
mem_44def62df0,2024,42,41
mem_44def62df0,2025,38,31
mem_44def62df0,2026,27,26
mem_4517ebed1e,1981,1,0
mem_4517ebed1e,1982,2,0
mem_4517ebed1e,1983,2,0
mem_4517ebed1e,1984,2,0
mem_4517ebed1e,1985,3,1
mem_4517ebed1e,1986,2,0
mem_4517ebed1e,1987,3,0
mem_4517ebed1e,1988,3,1
mem_4517ebed1e,1989,9,3
mem_4517ebed1e,1990,6,3
mem_4517ebed1e,1991,4,3
mem_4517ebed1e,1992,5,1
mem_4517ebed1e,1993,10,7
mem_4517ebed1e,1994,4,2
mem_4517ebed1e,1995,2,1
mem_4517ebed1e,1996,9,8
mem_4517ebed1e,1997,4,4
mem_4517ebed1e,1998,9,5
mem_4517ebed1e,1999,8,5
mem_4517ebed1e,2000,5,5
mem_4517ebed1e,2001,10,7
mem_4517ebed1e,2002,10,6
mem_4517ebed1e,2003,10,7
mem_4517ebed1e,2004,5,3
mem_4517ebed1e,2005,8,2
mem_4517ebed1e,2006,8,7
mem_4517ebed1e,2007,1,1
mem_4517ebed1e,2008,7,3
mem_4517ebed1e,2009,9,8
mem_4517ebed1e,2010,7,5
mem_4517ebed1e,2011,8,1
mem_4517ebed1e,2012,7,7
mem_4517ebed1e,2013,9,8
mem_4517ebed1e,2014,12,11
mem_4517ebed1e,2015,5,5
mem_4517ebed1e,2016,9,7
mem_4517ebed1e,2017,10,10
mem_4517ebed1e,2018,6,2
mem_4517ebed1e,2019,5,5
mem_4517ebed1e,2020,7,5
mem_4517ebed1e,2021,9,7
mem_4517ebed1e,2022,5,4
mem_4517ebed1e,2023,4,3
mem_4517ebed1e,2024,9,7
mem_4517ebed1e,2025,5,3
mem_4517ebed1e,2026,7,4
mem_4598061484,2006,1,1
mem_4598061484,2014,1,1
mem_4598061484,2016,2,1
mem_4598061484,2020,1,1
mem_460c3f47d4,2005,1,1
mem_460c3f47d4,2006,1,0
mem_460c3f47d4,2008,1,1
mem_460c3f47d4,2009,1,1
mem_460c3f47d4,2012,1,1
mem_460c3f47d4,2013,2,1
mem_460c3f47d4,2015,9,4
mem_460c3f47d4,2016,5,2
mem_460c3f47d4,2017,4,4
mem_460c3f47d4,2018,8,7
mem_460c3f47d4,2019,11,9
mem_460c3f47d4,2020,12,10
mem_460c3f47d4,2021,20,17
mem_460c3f47d4,2022,21,14
mem_460c3f47d4,2023,25,23
mem_460c3f47d4,2024,32,31
mem_460c3f47d4,2025,52,45
mem_460c3f47d4,2026,34,31
mem_473d2f19dd,1994,1,1
mem_473d2f19dd,1996,1,1
mem_473d2f19dd,2000,1,0
mem_473d2f19dd,2002,1,0
mem_473d2f19dd,2005,2,0
mem_473d2f19dd,2006,5,2
mem_473d2f19dd,2007,3,2
mem_473d2f19dd,2008,5,4
mem_473d2f19dd,2009,3,1
mem_473d2f19dd,2010,7,6
mem_473d2f19dd,2011,9,6
mem_473d2f19dd,2012,19,11
mem_473d2f19dd,2013,31,11
mem_473d2f19dd,2014,31,20
mem_473d2f19dd,2015,23,15
mem_473d2f19dd,2016,35,25
mem_473d2f19dd,2017,31,21
mem_473d2f19dd,2018,23,15
mem_473d2f19dd,2019,24,16
mem_473d2f19dd,2020,34,28
mem_473d2f19dd,2021,30,24
mem_473d2f19dd,2022,22,20
mem_473d2f19dd,2023,20,14
mem_473d2f19dd,2024,24,17
mem_473d2f19dd,2025,22,11
mem_473d2f19dd,2026,18,15
mem_4d14f5ed5f,1996,2,0
mem_4d14f5ed5f,1998,3,2
mem_4d14f5ed5f,2000,2,1
mem_4d14f5ed5f,2001,1,0
mem_4d14f5ed5f,2002,3,3
mem_4d14f5ed5f,2003,1,0
mem_4d14f5ed5f,2006,1,0
mem_4d14f5ed5f,2007,2,2
mem_4d14f5ed5f,2009,1,1
mem_4d14f5ed5f,2010,1,1
mem_4d14f5ed5f,2013,2,1
mem_4d14f5ed5f,2016,1,1
mem_4d14f5ed5f,2020,2,0
mem_4d14f5ed5f,2021,1,1
mem_4d14f5ed5f,2022,1,1
mem_4f3849e54e,1985,2,0
mem_4f3849e54e,1986,1,0
mem_4f3849e54e,1988,1,0
mem_4f3849e54e,1990,1,1
mem_4f3849e54e,1991,1,1
mem_4f3849e54e,1993,5,4
mem_4f3849e54e,1994,1,0
mem_4f3849e54e,1995,3,2
mem_4f3849e54e,1996,6,4
mem_4f3849e54e,1997,7,2
mem_4f3849e54e,1998,6,4
mem_4f3849e54e,1999,3,2
mem_4f3849e54e,2000,3,2
mem_4f3849e54e,2001,3,2
mem_4f3849e54e,2002,2,0
mem_4f3849e54e,2003,1,1
mem_4f3849e54e,2005,3,2
mem_4f3849e54e,2006,2,2
mem_4f3849e54e,2007,4,4
mem_4f3849e54e,2009,4,0
mem_4f3849e54e,2010,5,0
mem_4f3849e54e,2011,5,2
mem_4f3849e54e,2012,1,1
mem_4f3849e54e,2013,3,2
mem_4f3849e54e,2014,3,2
mem_4f3849e54e,2015,2,2
mem_4f3849e54e,2016,1,0
mem_4f3849e54e,2017,3,3
mem_4f3849e54e,2018,3,2
mem_4f3849e54e,2019,3,2
mem_4f3849e54e,2021,1,1
mem_4f3849e54e,2022,1,1
mem_4f3849e54e,2023,2,2
mem_4f4215a32e,2019,1,1
mem_4f4215a32e,2020,1,1
mem_4f4215a32e,2021,4,3
mem_4f4215a32e,2022,6,6
mem_4f4215a32e,2023,5,4
mem_4f4215a32e,2024,5,5
mem_4f4215a32e,2025,15,13
mem_4f4215a32e,2026,4,4
mem_4fab7d2841,2008,2,1
mem_4fab7d2841,2009,3,2
mem_4fab7d2841,2010,1,0
mem_4fab7d2841,2011,3,0
mem_4fab7d2841,2012,3,0
mem_4fab7d2841,2013,2,1
mem_4fab7d2841,2014,3,0
mem_4fab7d2841,2015,4,2
mem_4fab7d2841,2016,2,2
mem_4fab7d2841,2018,4,2
mem_4fab7d2841,2019,6,4
mem_4fab7d2841,2020,2,1
mem_4fab7d2841,2021,15,9
mem_4fab7d2841,2022,20,18
mem_4fab7d2841,2023,16,10
mem_4fab7d2841,2024,7,5
mem_4fab7d2841,2025,23,13
mem_4fab7d2841,2026,12,9
mem_4fc16fbe9a,2007,1,1
mem_4fc16fbe9a,2008,2,2
mem_4fc16fbe9a,2009,3,3
mem_4fc16fbe9a,2010,2,2
mem_4fc16fbe9a,2011,3,2
mem_4fc16fbe9a,2012,2,2
mem_4fc16fbe9a,2014,1,1
mem_4fc16fbe9a,2015,2,2
mem_4fc16fbe9a,2016,1,1
mem_4fc16fbe9a,2017,1,1
mem_4fc16fbe9a,2018,3,3
mem_4fc16fbe9a,2019,1,1
mem_4fc16fbe9a,2020,2,2
mem_4fc16fbe9a,2021,1,1
mem_4fcca18975,1998,1,1
mem_4fcca18975,1999,1,0
mem_4fcca18975,2000,1,1
mem_4fcca18975,2001,2,1
mem_4fcca18975,2002,2,1
mem_4fcca18975,2003,3,3
mem_4fcca18975,2004,3,2
mem_4fcca18975,2005,1,1
mem_4fcca18975,2006,5,5
mem_4fcca18975,2007,6,4
mem_4fcca18975,2008,10,5
mem_4fcca18975,2009,3,2
mem_4fcca18975,2010,3,2
mem_4fcca18975,2011,1,0
mem_4fcca18975,2012,1,1
mem_4fcca18975,2013,3,3
mem_4fcca18975,2014,9,8
mem_4fcca18975,2015,5,3
mem_4fcca18975,2016,13,11
mem_4fcca18975,2017,10,8
mem_4fcca18975,2018,3,3
mem_4fcca18975,2019,13,10
mem_4fcca18975,2020,14,8
mem_4fcca18975,2021,21,15
mem_4fcca18975,2022,16,13
mem_4fcca18975,2023,8,6
mem_4fcca18975,2024,6,4
mem_4fcca18975,2025,3,2
mem_4fcca18975,2026,4,2
mem_50e629396d,2007,1,0
mem_51d0744557,2013,3,3
mem_51d0744557,2014,3,0
mem_51d0744557,2015,3,0
mem_51d0744557,2016,5,1
mem_51d0744557,2017,11,3
mem_51d0744557,2018,22,7
mem_51d0744557,2019,27,3
mem_51d0744557,2020,40,4
mem_51d0744557,2021,54,9
mem_51d0744557,2022,58,8
mem_51d0744557,2023,40,13
mem_51d0744557,2024,69,29
mem_51d0744557,2025,62,33
mem_51d0744557,2026,46,32
mem_5357e9a762,1988,1,0
mem_5357e9a762,1989,2,0
mem_5357e9a762,1990,1,0
mem_5357e9a762,1992,1,0
mem_5357e9a762,1996,1,1
mem_5357e9a762,1997,9,2
mem_5357e9a762,1998,1,0
mem_5357e9a762,1999,2,2
mem_5357e9a762,2000,2,1
mem_5357e9a762,2001,2,0
mem_5357e9a762,2002,2,1
mem_5357e9a762,2004,1,1
mem_5357e9a762,2005,4,3
mem_5357e9a762,2006,2,2
mem_5357e9a762,2007,6,2
mem_5357e9a762,2009,2,2
mem_5357e9a762,2010,5,3
mem_5357e9a762,2011,3,1
mem_5357e9a762,2012,2,1
mem_5357e9a762,2013,7,5
mem_5357e9a762,2014,6,3
mem_5357e9a762,2015,3,3
mem_5357e9a762,2016,5,4
mem_5357e9a762,2017,4,3
mem_5357e9a762,2018,5,3
mem_5357e9a762,2019,4,3
mem_5357e9a762,2020,6,5
mem_5357e9a762,2021,3,3
mem_5357e9a762,2022,3,1
mem_5357e9a762,2023,2,2
mem_53686b30d5,2006,6,5
mem_53686b30d5,2008,7,6
mem_53686b30d5,2009,8,6
mem_53686b30d5,2010,4,4
mem_53686b30d5,2011,3,2
mem_53686b30d5,2012,1,1
mem_53686b30d5,2013,4,4
mem_53686b30d5,2014,6,5
mem_53686b30d5,2015,2,0
mem_53686b30d5,2016,4,4
mem_53686b30d5,2017,3,2
mem_53686b30d5,2018,6,4
mem_53686b30d5,2019,3,3
mem_53686b30d5,2020,8,7
mem_53686b30d5,2021,5,4
mem_53686b30d5,2022,3,3
mem_53686b30d5,2024,5,5
mem_53686b30d5,2025,3,2
mem_53686b30d5,2026,1,1
mem_53bdbb7000,2004,1,0
mem_53bdbb7000,2007,1,1
mem_53bdbb7000,2008,1,1
mem_53bdbb7000,2009,2,1
mem_53bdbb7000,2011,2,1
mem_53bdbb7000,2012,4,0
mem_53bdbb7000,2013,3,0
mem_53bdbb7000,2014,1,1
mem_53bdbb7000,2016,1,0
mem_53bdbb7000,2017,1,0
mem_53bdbb7000,2018,2,1
mem_53bdbb7000,2019,1,1
mem_53bdbb7000,2021,3,2
mem_53bdbb7000,2022,3,1
mem_53bdbb7000,2024,2,1
mem_53bdbb7000,2025,1,1
mem_53bdbb7000,2026,2,2
mem_53c25f2cf7,2001,1,0
mem_53c25f2cf7,2002,2,0
mem_53c25f2cf7,2003,2,1
mem_53c25f2cf7,2004,1,1
mem_53c25f2cf7,2005,1,0
mem_53c25f2cf7,2006,5,1
mem_53c25f2cf7,2007,2,1
mem_53c25f2cf7,2008,4,2
mem_53c25f2cf7,2009,5,1
mem_53c25f2cf7,2010,2,2
mem_53c25f2cf7,2011,6,0
mem_53c25f2cf7,2012,5,0
mem_53c25f2cf7,2013,5,2
mem_53c25f2cf7,2014,10,3
mem_53c25f2cf7,2015,9,3
mem_53c25f2cf7,2016,10,3
mem_53c25f2cf7,2017,9,4
mem_53c25f2cf7,2018,14,6
mem_53c25f2cf7,2019,8,5
mem_53c25f2cf7,2020,10,2
mem_53c25f2cf7,2021,11,4
mem_53c25f2cf7,2022,15,7
mem_53c25f2cf7,2023,13,6
mem_53c25f2cf7,2024,13,4
mem_53c25f2cf7,2025,10,6
mem_53c25f2cf7,2026,8,6
mem_53e60fab63,2011,3,1
mem_53e60fab63,2012,2,0
mem_53e60fab63,2015,3,2
mem_53e60fab63,2016,1,1
mem_53e60fab63,2019,1,1
mem_53e60fab63,2021,1,1
mem_53e60fab63,2023,3,2
mem_53e60fab63,2024,2,2
mem_53e60fab63,2025,1,1
mem_53e913a810,2000,1,0
mem_53e913a810,2001,1,0
mem_53e913a810,2005,3,1
mem_53e913a810,2006,1,0
mem_53e913a810,2007,4,2
mem_53e913a810,2008,1,1
mem_53e913a810,2009,3,2
mem_53e913a810,2010,2,2
mem_53e913a810,2011,2,1
mem_53e913a810,2012,2,2
mem_53e913a810,2013,3,2
mem_53e913a810,2014,5,0
mem_53e913a810,2015,3,1
mem_53e913a810,2016,7,4
mem_53e913a810,2017,6,4
mem_53e913a810,2018,5,4
mem_53e913a810,2019,3,0
mem_53e913a810,2020,4,1
mem_53e913a810,2021,3,1
mem_53e913a810,2022,3,1
mem_53e913a810,2023,4,4
mem_53e913a810,2024,2,0
mem_53e913a810,2025,1,1
mem_53e913a810,2026,1,1
mem_544d7ede34,2009,2,0
mem_544d7ede34,2013,2,0
mem_544d7ede34,2015,2,2
mem_544d7ede34,2016,3,3
mem_544d7ede34,2017,2,2
mem_544d7ede34,2018,1,1
mem_544d7ede34,2019,2,2
mem_544d7ede34,2020,3,2
mem_544d7ede34,2021,5,5
mem_544d7ede34,2022,2,2
mem_544d7ede34,2023,3,3
mem_544d7ede34,2024,1,1
mem_544d7ede34,2025,2,1
mem_544d7ede34,2026,1,1
mem_5484cb96e1,1965,1,0
mem_5484cb96e1,1966,1,0
mem_5484cb96e1,1967,1,0
mem_5484cb96e1,1969,1,0
mem_5484cb96e1,1970,3,1
mem_5484cb96e1,1971,2,0
mem_5484cb96e1,1972,1,0
mem_5484cb96e1,1973,2,0
mem_5484cb96e1,1974,2,1
mem_5484cb96e1,1975,1,0
mem_5484cb96e1,1976,1,0
mem_5484cb96e1,1977,4,3
mem_5484cb96e1,1979,3,0
mem_5484cb96e1,1980,1,0
mem_5484cb96e1,1981,3,0
mem_5484cb96e1,1984,2,0
mem_5484cb96e1,1985,4,0
mem_5484cb96e1,1986,1,0
mem_5484cb96e1,1987,8,0
mem_5484cb96e1,1988,2,0
mem_5484cb96e1,1989,3,0
mem_5484cb96e1,1990,7,0
mem_5484cb96e1,1991,6,0
mem_5484cb96e1,1992,9,0
mem_5484cb96e1,1993,4,0
mem_5484cb96e1,1994,13,0
mem_5484cb96e1,1995,13,0
mem_5484cb96e1,1996,11,2
mem_5484cb96e1,1997,8,2
mem_5484cb96e1,1998,9,4
mem_5484cb96e1,1999,6,1
mem_5484cb96e1,2000,5,0
mem_5484cb96e1,2001,2,1
mem_5484cb96e1,2002,4,0
mem_5484cb96e1,2003,6,3
mem_5484cb96e1,2004,6,1
mem_5484cb96e1,2005,10,3
mem_5484cb96e1,2006,4,2
mem_5484cb96e1,2007,3,1
mem_5484cb96e1,2008,4,0
mem_5484cb96e1,2009,5,3
mem_5484cb96e1,2010,4,3
mem_5484cb96e1,2011,4,1
mem_5484cb96e1,2012,4,0
mem_5484cb96e1,2013,1,0
mem_5484cb96e1,2014,1,1
mem_5484cb96e1,2015,1,1
mem_5484cb96e1,2016,2,2
mem_5484cb96e1,2017,3,1
mem_5484cb96e1,2018,2,1
mem_5484cb96e1,2019,3,0
mem_5484cb96e1,2021,1,1
mem_5484cb96e1,2025,1,0
mem_5484cb96e1,2026,1,0
mem_5559bbda00,2007,1,1
mem_5559bbda00,2014,1,1
mem_5559bbda00,2017,1,1
mem_5559bbda00,2018,2,0
mem_5559bbda00,2021,1,1
mem_5559bbda00,2023,1,1
mem_5559bbda00,2024,2,2
mem_57d1619bfe,2009,1,1
mem_57d1619bfe,2011,3,2
mem_57d1619bfe,2012,3,3
mem_57d1619bfe,2013,4,2
mem_57d1619bfe,2015,3,2
mem_57d1619bfe,2016,3,3
mem_57d1619bfe,2018,10,8
mem_57d1619bfe,2019,6,4
mem_57d1619bfe,2020,17,11
mem_57d1619bfe,2021,16,11
mem_57d1619bfe,2022,11,9
mem_57d1619bfe,2023,19,12
mem_57d1619bfe,2024,20,16
mem_57d1619bfe,2025,37,29
mem_57d1619bfe,2026,10,9
mem_581f118e90,2009,1,0
mem_581f118e90,2010,1,0
mem_581f118e90,2011,1,1
mem_581f118e90,2013,1,1
mem_581f118e90,2015,1,1
mem_581f118e90,2017,2,2
mem_581f118e90,2018,7,5
mem_581f118e90,2019,8,8
mem_581f118e90,2020,2,2
mem_581f118e90,2021,2,2
mem_581f118e90,2022,2,2
mem_581f118e90,2023,4,4
mem_581f118e90,2024,5,5
mem_581f118e90,2025,13,9
mem_581f118e90,2026,7,7
mem_587dff4153,2011,1,0
mem_587dff4153,2012,1,1
mem_587dff4153,2015,2,2
mem_587dff4153,2016,1,0
mem_587dff4153,2017,1,1
mem_587dff4153,2018,2,0
mem_587dff4153,2019,1,1
mem_587dff4153,2020,5,3
mem_587dff4153,2021,1,1
mem_587dff4153,2022,2,2
mem_587dff4153,2023,2,2
mem_587dff4153,2024,4,4
mem_587dff4153,2025,7,5
mem_587dff4153,2026,2,2
mem_599092b85f,2011,1,1
mem_599092b85f,2012,2,2
mem_599092b85f,2013,2,2
mem_599092b85f,2014,3,2
mem_599092b85f,2015,2,2
mem_599092b85f,2016,2,2
mem_599092b85f,2017,1,0
mem_599092b85f,2019,3,3
mem_599092b85f,2020,1,1
mem_599092b85f,2021,1,1
mem_599092b85f,2022,5,3
mem_599092b85f,2023,1,1
mem_599092b85f,2024,2,2
mem_599092b85f,2025,3,1
mem_599092b85f,2026,3,3
mem_5e831960ba,2003,1,1
mem_5e831960ba,2004,1,1
mem_5e831960ba,2006,1,1
mem_5e831960ba,2007,4,4
mem_5e831960ba,2008,1,1
mem_5e831960ba,2009,1,1
mem_5e831960ba,2010,2,1
mem_5e831960ba,2011,2,1
mem_5e831960ba,2014,1,0
mem_5e831960ba,2017,1,1
mem_5e831960ba,2018,1,1
mem_5e831960ba,2019,1,0
mem_5e8669ce5b,1998,1,0
mem_5e8669ce5b,1999,2,1
mem_5e8669ce5b,2000,1,0
mem_5e8669ce5b,2001,1,0
mem_5e8669ce5b,2002,4,0
mem_5e8669ce5b,2003,2,0
mem_5e8669ce5b,2004,5,2
mem_5e8669ce5b,2005,4,3
mem_5e8669ce5b,2006,1,1
mem_5e8669ce5b,2007,7,3
mem_5e8669ce5b,2008,6,3
mem_5e8669ce5b,2009,2,1
mem_5e8669ce5b,2010,6,3
mem_5e8669ce5b,2011,7,6
mem_5e8669ce5b,2012,13,9
mem_5e8669ce5b,2013,6,4
mem_5e8669ce5b,2014,7,6
mem_5e8669ce5b,2015,6,4
mem_5e8669ce5b,2016,8,8
mem_5e8669ce5b,2017,7,4
mem_5e8669ce5b,2018,9,7
mem_5e8669ce5b,2019,10,9
mem_5e8669ce5b,2020,7,7
mem_5e8669ce5b,2021,9,9
mem_5e8669ce5b,2022,7,2
mem_5e8669ce5b,2023,13,10
mem_5e8669ce5b,2024,7,5
mem_5e8669ce5b,2025,16,15
mem_5e8669ce5b,2026,5,5
mem_5f0bb4bf6e,2001,1,1
mem_5f0bb4bf6e,2006,2,1
mem_5f0bb4bf6e,2007,3,2
mem_5f0bb4bf6e,2008,7,5
mem_5f0bb4bf6e,2009,6,2
mem_5f0bb4bf6e,2010,6,4
mem_5f0bb4bf6e,2011,9,7
mem_5f0bb4bf6e,2012,17,12
mem_5f0bb4bf6e,2013,9,6
mem_5f0bb4bf6e,2014,4,3
mem_5f0bb4bf6e,2015,10,6
mem_5f0bb4bf6e,2016,10,7
mem_5f0bb4bf6e,2017,6,5
mem_5f0bb4bf6e,2018,13,12
mem_5f0bb4bf6e,2019,13,3
mem_5f0bb4bf6e,2020,11,6
mem_5f0bb4bf6e,2021,10,7
mem_5f0bb4bf6e,2022,13,9
mem_5f0bb4bf6e,2023,12,6
mem_5f0bb4bf6e,2024,11,10
mem_5f0bb4bf6e,2025,16,16
mem_5f0bb4bf6e,2026,11,8
mem_5f5dfc3246,1997,2,1
mem_5f5dfc3246,1998,1,0
mem_5f5dfc3246,2001,1,0
mem_5f5dfc3246,2005,1,0
mem_5f5dfc3246,2006,1,0
mem_5f5dfc3246,2007,2,2
mem_5f5dfc3246,2009,1,0
mem_5f5dfc3246,2010,5,4
mem_5f5dfc3246,2011,3,3
mem_5f5dfc3246,2013,2,2
mem_5f5dfc3246,2015,1,1
mem_5f8c42fffa,2008,2,1
mem_5f8c42fffa,2009,2,2
mem_5f8c42fffa,2010,2,2
mem_5f8c42fffa,2011,5,4
mem_5f8c42fffa,2012,6,5
mem_5f8c42fffa,2013,5,4
mem_5f8c42fffa,2014,3,3
mem_5f8c42fffa,2015,3,3
mem_5f8c42fffa,2016,3,2
mem_5f8c42fffa,2017,6,5
mem_5f8c42fffa,2018,13,12
mem_5f8c42fffa,2019,17,14
mem_5f8c42fffa,2020,29,26
mem_5f8c42fffa,2021,25,22
mem_5f8c42fffa,2022,30,26
mem_5f8c42fffa,2023,21,19
mem_5f8c42fffa,2024,26,19
mem_5f8c42fffa,2025,31,21
mem_5f8c42fffa,2026,14,12
mem_5fb66a15c5,2006,1,1
mem_5fb66a15c5,2007,2,0
mem_5fb66a15c5,2012,2,0
mem_5fb66a15c5,2017,2,1
mem_5fb66a15c5,2019,1,0
mem_5fb66a15c5,2020,1,1
mem_5fb66a15c5,2021,5,2
mem_5fb66a15c5,2022,1,1
mem_5fb66a15c5,2023,1,0
mem_5fb66a15c5,2024,3,1
mem_5fb66a15c5,2025,5,2
mem_5fb66a15c5,2026,3,2
mem_601dd6a6ac,1991,1,1
mem_601dd6a6ac,1992,2,1
mem_601dd6a6ac,1993,1,1
mem_601dd6a6ac,1994,2,0
mem_601dd6a6ac,1995,5,1
mem_601dd6a6ac,1997,5,3
mem_601dd6a6ac,1999,1,1
mem_601dd6a6ac,2000,1,0
mem_601dd6a6ac,2001,1,1
mem_601dd6a6ac,2002,3,2
mem_601dd6a6ac,2003,5,5
mem_601dd6a6ac,2004,2,0
mem_601dd6a6ac,2005,1,1
mem_601dd6a6ac,2006,2,1
mem_601dd6a6ac,2007,1,0
mem_601dd6a6ac,2008,2,1
mem_601dd6a6ac,2009,3,2
mem_601dd6a6ac,2010,6,4
mem_601dd6a6ac,2011,1,1
mem_601dd6a6ac,2012,1,1
mem_601dd6a6ac,2013,3,2
mem_601dd6a6ac,2014,1,1
mem_601dd6a6ac,2015,3,3
mem_601dd6a6ac,2016,3,3
mem_601dd6a6ac,2017,3,3
mem_601dd6a6ac,2018,2,0
mem_601dd6a6ac,2019,4,3
mem_601dd6a6ac,2020,3,3
mem_601dd6a6ac,2021,1,0
mem_601dd6a6ac,2022,1,1
mem_601dd6a6ac,2023,2,2
mem_601dd6a6ac,2024,4,3
mem_601dd6a6ac,2025,1,1
mem_601dd6a6ac,2026,1,1
mem_60ca7c3bc6,1997,1,0
mem_60ca7c3bc6,1998,1,0
mem_60ca7c3bc6,2000,1,0
mem_60ca7c3bc6,2002,3,1
mem_60ca7c3bc6,2003,1,0
mem_60ca7c3bc6,2006,4,1
mem_60ca7c3bc6,2007,2,1
mem_60ca7c3bc6,2008,3,2
mem_60ca7c3bc6,2010,1,0
mem_60ca7c3bc6,2011,1,1
mem_60ca7c3bc6,2012,3,0
mem_60ca7c3bc6,2013,1,1
mem_60ca7c3bc6,2014,3,3
mem_60ca7c3bc6,2015,3,0
mem_60ca7c3bc6,2016,1,0
mem_60ca7c3bc6,2017,3,2
mem_60ca7c3bc6,2018,1,1
mem_60ca7c3bc6,2019,4,1
mem_60ca7c3bc6,2020,6,4
mem_60ca7c3bc6,2021,1,0
mem_60ca7c3bc6,2022,3,0
mem_60ca7c3bc6,2023,3,2
mem_60ca7c3bc6,2024,1,0
mem_60ca7c3bc6,2025,4,2
mem_60ca7c3bc6,2026,1,1
mem_613baceb13,1998,1,1
mem_613baceb13,2000,1,1
mem_613baceb13,2007,1,1
mem_613baceb13,2008,1,1
mem_613baceb13,2010,1,0
mem_613baceb13,2011,1,1
mem_613baceb13,2012,4,3
mem_613baceb13,2013,19,3
mem_613baceb13,2014,9,5
mem_613baceb13,2015,4,3
mem_613baceb13,2016,3,2
mem_613baceb13,2017,6,4
mem_613baceb13,2018,5,5
mem_613baceb13,2019,3,1
mem_613baceb13,2020,8,7
mem_613baceb13,2021,10,6
mem_613baceb13,2022,8,4
mem_613baceb13,2023,2,2
mem_613baceb13,2024,6,6
mem_613baceb13,2025,7,4
mem_613baceb13,2026,7,6
mem_61578b7504,1993,1,0
mem_61578b7504,1995,2,0
mem_61578b7504,1998,2,0
mem_61578b7504,1999,4,1
mem_61578b7504,2001,1,0
mem_61578b7504,2002,1,0
mem_61578b7504,2003,1,0
mem_61578b7504,2004,1,0
mem_61578b7504,2005,3,1
mem_61578b7504,2006,4,2
mem_61578b7504,2007,2,2
mem_61578b7504,2008,5,2
mem_61578b7504,2009,4,3
mem_61578b7504,2010,7,4
mem_61578b7504,2011,3,1
mem_61578b7504,2012,5,1
mem_61578b7504,2013,4,3
mem_61578b7504,2014,5,4
mem_61578b7504,2015,3,1
mem_61578b7504,2016,6,3
mem_61578b7504,2017,5,2
mem_61578b7504,2018,7,2
mem_61578b7504,2019,11,8
mem_61578b7504,2020,7,5
mem_61578b7504,2021,9,6
mem_61578b7504,2022,4,4
mem_61578b7504,2023,3,1
mem_61578b7504,2024,5,4
mem_61578b7504,2025,10,8
mem_61578b7504,2026,1,1
mem_61c2300e70,2004,1,1
mem_61c2300e70,2007,3,1
mem_61c2300e70,2008,6,5
mem_61c2300e70,2009,8,4
mem_61c2300e70,2010,4,3
mem_61c2300e70,2011,5,3
mem_61c2300e70,2012,5,3
mem_61c2300e70,2013,8,4
mem_61c2300e70,2014,6,4
mem_61c2300e70,2015,3,3
mem_61c2300e70,2016,5,3
mem_61c2300e70,2017,6,3
mem_61c2300e70,2018,2,1
mem_61c2300e70,2019,8,3
mem_61c2300e70,2020,9,4
mem_61c2300e70,2021,6,4
mem_61c2300e70,2022,9,4
mem_61c2300e70,2023,11,7
mem_61c2300e70,2024,7,6
mem_61c2300e70,2025,12,8
mem_61c2300e70,2026,7,7
mem_622613bf11,2007,2,1
mem_622613bf11,2008,1,1
mem_622613bf11,2009,1,1
mem_622613bf11,2010,3,0
mem_622613bf11,2011,3,2
mem_622613bf11,2013,2,1
mem_622613bf11,2014,4,3
mem_622613bf11,2015,5,5
mem_622613bf11,2016,3,2
mem_622613bf11,2017,9,7
mem_622613bf11,2018,8,7
mem_622613bf11,2019,10,9
mem_622613bf11,2020,12,11
mem_622613bf11,2021,12,11
mem_622613bf11,2022,12,10
mem_622613bf11,2023,6,4
mem_622613bf11,2024,11,10
mem_622613bf11,2025,8,7
mem_622613bf11,2026,6,6
mem_638c45e04a,2010,1,0
mem_638c45e04a,2012,1,0
mem_638c45e04a,2013,1,0
mem_638c45e04a,2014,1,0
mem_638c45e04a,2015,3,3
mem_638c45e04a,2016,3,3
mem_638c45e04a,2017,3,3
mem_638c45e04a,2018,4,4
mem_638c45e04a,2019,2,2
mem_638c45e04a,2020,5,4
mem_638c45e04a,2021,1,1
mem_638c45e04a,2022,1,1
mem_638c45e04a,2023,4,3
mem_638c45e04a,2024,2,1
mem_638c45e04a,2025,6,1
mem_638c45e04a,2026,2,2
mem_65229f6177,2001,1,0
mem_65229f6177,2003,2,1
mem_65229f6177,2004,1,1
mem_65229f6177,2006,3,2
mem_65229f6177,2007,1,1
mem_65229f6177,2008,1,1
mem_65229f6177,2011,2,1
mem_65229f6177,2012,1,1
mem_65229f6177,2013,1,1
mem_65229f6177,2014,7,7
mem_65229f6177,2015,9,7
mem_65229f6177,2016,7,5
mem_65229f6177,2017,7,5
mem_65229f6177,2018,19,12
mem_65229f6177,2019,20,10
mem_65229f6177,2020,26,16
mem_65229f6177,2021,34,22
mem_65229f6177,2022,34,22
mem_65229f6177,2023,22,14
mem_65229f6177,2024,25,20
mem_65229f6177,2025,32,27
mem_65229f6177,2026,24,17
mem_656468a699,2008,1,1
mem_656468a699,2010,3,1
mem_656468a699,2011,1,1
mem_656468a699,2013,2,1
mem_656468a699,2014,3,3
mem_656468a699,2015,3,2
mem_656468a699,2016,3,3
mem_656468a699,2018,1,1
mem_656468a699,2019,1,1
mem_656468a699,2020,2,2
mem_656468a699,2022,1,1
mem_656468a699,2023,1,1
mem_656468a699,2024,1,1
mem_656468a699,2026,1,0
mem_667f73be93,1997,1,1
mem_667f73be93,1998,1,1
mem_667f73be93,2001,1,0
mem_667f73be93,2003,1,0
mem_667f73be93,2005,1,0
mem_667f73be93,2007,1,0
mem_667f73be93,2008,2,0
mem_667f73be93,2009,1,1
mem_667f73be93,2015,1,0
mem_667f73be93,2016,1,1
mem_667f73be93,2017,2,2
mem_667f73be93,2018,2,1
mem_667f73be93,2019,2,1
mem_667f73be93,2020,1,0
mem_667f73be93,2022,1,0
mem_667f73be93,2023,1,1
mem_67336e1dbb,2011,2,2
mem_67336e1dbb,2012,6,4
mem_67336e1dbb,2014,4,3
mem_67336e1dbb,2015,2,0
mem_67336e1dbb,2016,2,1
mem_67336e1dbb,2017,1,0
mem_67336e1dbb,2018,1,1
mem_67336e1dbb,2019,2,1
mem_67336e1dbb,2020,3,2
mem_67336e1dbb,2021,5,4
mem_67336e1dbb,2022,1,1
mem_67336e1dbb,2024,1,1
mem_67336e1dbb,2026,1,1
mem_67b2999f43,1995,1,1
mem_67b2999f43,1998,2,2
mem_67b2999f43,1999,1,1
mem_67b2999f43,2000,4,4
mem_67b2999f43,2001,2,2
mem_67b2999f43,2002,2,2
mem_67b2999f43,2003,4,4
mem_67b2999f43,2004,3,2
mem_67b2999f43,2005,3,2
mem_67b2999f43,2006,1,1
mem_67b2999f43,2007,3,3
mem_67b2999f43,2008,3,3
mem_67b2999f43,2009,7,7
mem_67b2999f43,2010,5,5
mem_67b2999f43,2011,3,2
mem_67b2999f43,2012,2,1
mem_67b2999f43,2013,4,2
mem_67b2999f43,2014,5,3
mem_67b2999f43,2015,6,6
mem_67b2999f43,2016,7,5
mem_67b2999f43,2017,3,2
mem_67b2999f43,2018,1,1
mem_67b2999f43,2019,2,2
mem_67b2999f43,2020,2,1
mem_67b2999f43,2021,1,0
mem_67b2999f43,2022,4,3
mem_67b2999f43,2023,1,1
mem_67b2999f43,2025,3,3
mem_684e36a1b2,2001,1,1
mem_684e36a1b2,2003,1,0
mem_684e36a1b2,2004,2,1
mem_684e36a1b2,2005,2,1
mem_684e36a1b2,2006,1,1
mem_684e36a1b2,2008,6,1
mem_684e36a1b2,2009,1,0
mem_684e36a1b2,2010,3,2
mem_684e36a1b2,2011,6,6
mem_684e36a1b2,2012,4,1
mem_684e36a1b2,2013,3,0
mem_684e36a1b2,2015,2,0
mem_684e36a1b2,2016,3,0
mem_684e36a1b2,2017,4,3
mem_684e36a1b2,2018,7,6
mem_684e36a1b2,2019,4,4
mem_684e36a1b2,2020,3,2
mem_684e36a1b2,2021,3,3
mem_684e36a1b2,2022,1,1
mem_684e36a1b2,2023,3,3
mem_684e36a1b2,2024,3,3
mem_684e36a1b2,2025,5,1
mem_684e36a1b2,2026,1,1
mem_6a681336c2,1983,2,2
mem_6a681336c2,1987,1,0
mem_6a681336c2,1988,1,0
mem_6a681336c2,1989,2,0
mem_6a681336c2,1990,2,1
mem_6a681336c2,1991,2,2
mem_6a681336c2,1992,3,2
mem_6a681336c2,1993,7,0
mem_6a681336c2,1994,2,1
mem_6a681336c2,1995,3,0
mem_6a681336c2,1996,4,3
mem_6a681336c2,1997,6,4
mem_6a681336c2,1998,6,4
mem_6a681336c2,1999,7,5
mem_6a681336c2,2000,5,2
mem_6a681336c2,2001,6,4
mem_6a681336c2,2002,5,3
mem_6a681336c2,2003,7,6
mem_6a681336c2,2004,5,3
mem_6a681336c2,2005,7,5
mem_6a681336c2,2006,11,6
mem_6a681336c2,2007,8,6
mem_6a681336c2,2008,5,4
mem_6a681336c2,2009,6,3
mem_6a681336c2,2010,5,1
mem_6a681336c2,2011,2,0
mem_6a681336c2,2012,8,3
mem_6a681336c2,2013,2,0
mem_6a681336c2,2014,2,2
mem_6a681336c2,2016,1,0
mem_6a681336c2,2017,9,9
mem_6a681336c2,2018,2,2
mem_6a681336c2,2019,4,3
mem_6a681336c2,2020,2,1
mem_6a681336c2,2021,5,4
mem_6a681336c2,2022,3,3
mem_6a681336c2,2023,1,1
mem_6a681336c2,2024,2,2
mem_6a681336c2,2025,1,1
mem_6a681336c2,2026,4,4
mem_6a980d0db4,2012,1,1
mem_6a980d0db4,2013,1,1
mem_6a980d0db4,2017,3,1
mem_6a980d0db4,2019,2,2
mem_6a980d0db4,2020,1,1
mem_6a980d0db4,2021,2,1
mem_6a980d0db4,2022,4,3
mem_6a980d0db4,2023,3,3
mem_6a980d0db4,2024,1,1
mem_6a980d0db4,2025,4,2
mem_6abb226805,2000,1,1
mem_6abb226805,2002,1,0
mem_6abb226805,2004,5,2
mem_6abb226805,2005,4,2
mem_6abb226805,2006,4,0
mem_6abb226805,2007,3,1
mem_6abb226805,2008,5,1
mem_6abb226805,2009,4,0
mem_6abb226805,2010,6,2
mem_6abb226805,2011,4,1
mem_6abb226805,2012,8,5
mem_6abb226805,2013,4,2
mem_6abb226805,2014,4,2
mem_6abb226805,2015,8,5
mem_6abb226805,2016,15,8
mem_6abb226805,2017,16,10
mem_6abb226805,2018,15,9
mem_6abb226805,2019,14,8
mem_6abb226805,2020,20,13
mem_6abb226805,2021,16,16
mem_6abb226805,2022,23,17
mem_6abb226805,2023,13,10
mem_6abb226805,2024,10,8
mem_6abb226805,2025,16,12
mem_6abb226805,2026,9,7
mem_6afc7989eb,2017,1,1
mem_6afc7989eb,2018,1,1
mem_6afc7989eb,2020,4,4
mem_6afc7989eb,2021,7,6
mem_6afc7989eb,2022,7,4
mem_6afc7989eb,2023,6,6
mem_6afc7989eb,2024,6,5
mem_6afc7989eb,2025,17,14
mem_6afc7989eb,2026,10,10
mem_6b37eba80f,2011,2,1
mem_6b37eba80f,2012,3,3
mem_6b37eba80f,2013,4,3
mem_6b37eba80f,2014,3,3
mem_6b37eba80f,2015,2,2
mem_6b37eba80f,2016,3,3
mem_6b37eba80f,2018,6,5
mem_6b37eba80f,2019,4,3
mem_6b37eba80f,2020,4,3
mem_6b37eba80f,2021,6,4
mem_6b37eba80f,2022,4,3
mem_6b37eba80f,2023,5,3
mem_6b37eba80f,2024,7,7
mem_6b37eba80f,2025,8,7
mem_6b37eba80f,2026,8,7
mem_6bb59a60cb,1999,1,0
mem_6bb59a60cb,2000,2,1
mem_6bb59a60cb,2001,3,1
mem_6bb59a60cb,2002,2,1
mem_6bb59a60cb,2003,1,1
mem_6bb59a60cb,2005,1,1
mem_6bb59a60cb,2009,1,0
mem_6bb59a60cb,2010,1,1
mem_6bb59a60cb,2012,1,0
mem_6bb59a60cb,2013,2,1
mem_6bb59a60cb,2014,2,2
mem_6bb59a60cb,2015,3,2
mem_6bb59a60cb,2016,1,0
mem_6bb59a60cb,2017,1,0
mem_6bb59a60cb,2018,1,1
mem_6bb59a60cb,2019,2,1
mem_6bb59a60cb,2020,3,3
mem_6bb59a60cb,2021,7,5
mem_6bb59a60cb,2022,5,4
mem_6bb59a60cb,2023,2,2
mem_6bb59a60cb,2024,3,3
mem_6bb59a60cb,2025,4,3
mem_6bb59a60cb,2026,3,3
mem_6bf0d57aba,2007,1,0
mem_6bf0d57aba,2008,2,0
mem_6bf0d57aba,2009,1,0
mem_6bf0d57aba,2010,3,0
mem_6bf0d57aba,2011,4,1
mem_6bf0d57aba,2012,2,0
mem_6bf0d57aba,2013,1,1
mem_6bf0d57aba,2014,5,3
mem_6bf0d57aba,2015,4,1
mem_6bf0d57aba,2017,7,3
mem_6bf0d57aba,2018,8,4
mem_6bf0d57aba,2019,2,2
mem_6bf0d57aba,2021,5,4
mem_6bf0d57aba,2022,3,3
mem_6bf0d57aba,2023,3,3
mem_6bf0d57aba,2024,4,2
mem_6bf0d57aba,2025,1,1
mem_6bf0d57aba,2026,3,1
mem_6d56bbe087,1980,1,0
mem_6d56bbe087,1985,3,0
mem_6d56bbe087,1988,2,1
mem_6d56bbe087,1989,2,0
mem_6d56bbe087,1991,1,0
mem_6d56bbe087,1992,6,2
mem_6d56bbe087,1993,5,2
mem_6d56bbe087,1994,3,0
mem_6d56bbe087,1995,3,2
mem_6d56bbe087,1996,4,2
mem_6d56bbe087,1998,7,5
mem_6d56bbe087,1999,4,3
mem_6d56bbe087,2000,1,1
mem_6d56bbe087,2001,4,2
mem_6d56bbe087,2002,15,9
mem_6d56bbe087,2003,2,0
mem_6d56bbe087,2004,4,2
mem_6d56bbe087,2006,5,2
mem_6d56bbe087,2007,6,2
mem_6d56bbe087,2008,1,1
mem_6d56bbe087,2009,1,1
mem_6d56bbe087,2012,1,0
mem_6d56bbe087,2013,2,2
mem_6d56bbe087,2014,1,0
mem_6d56bbe087,2015,1,1
mem_6d56bbe087,2017,1,1
mem_6d56bbe087,2020,3,2
mem_6d56bbe087,2021,1,0
mem_6d56bbe087,2022,1,1
mem_6d56bbe087,2023,2,2
mem_6d56bbe087,2025,2,2
mem_6d56bbe087,2026,1,1
mem_6da65fe265,1990,1,0
mem_6da65fe265,1996,1,1
mem_6da65fe265,1997,1,1
mem_6da65fe265,1999,2,2
mem_6da65fe265,2000,2,2
mem_6da65fe265,2001,4,3
mem_6da65fe265,2002,6,5
mem_6da65fe265,2003,6,6
mem_6da65fe265,2004,10,8
mem_6da65fe265,2005,2,2
mem_6da65fe265,2006,5,3
mem_6da65fe265,2007,7,4
mem_6da65fe265,2008,4,4
mem_6da65fe265,2009,10,8
mem_6da65fe265,2010,14,14
mem_6da65fe265,2011,9,4
mem_6da65fe265,2012,14,10
mem_6da65fe265,2013,10,7
mem_6da65fe265,2014,7,5
mem_6da65fe265,2015,3,2
mem_6da65fe265,2016,11,7
mem_6da65fe265,2017,3,2
mem_6da65fe265,2018,7,5
mem_6da65fe265,2019,3,2
mem_6da65fe265,2020,1,1
mem_6da65fe265,2021,3,3
mem_6da65fe265,2023,3,3
mem_6da65fe265,2024,3,2
mem_6da65fe265,2025,2,1
mem_6da65fe265,2026,4,2
mem_6dce23a68b,2008,2,2
mem_6dce23a68b,2010,1,1
mem_6dce23a68b,2011,1,1
mem_6dce23a68b,2013,1,1
mem_6dce23a68b,2014,2,2
mem_6dce23a68b,2015,3,2
mem_6dce23a68b,2016,2,1
mem_6dce23a68b,2017,8,8
mem_6dce23a68b,2019,4,4
mem_6dce23a68b,2020,3,3
mem_6dce23a68b,2021,7,6
mem_6dce23a68b,2022,3,3
mem_6dce23a68b,2023,4,4
mem_6dce23a68b,2024,4,4
mem_6dce23a68b,2025,8,7
mem_6dce23a68b,2026,5,5
mem_6e27953757,2017,1,1
mem_6e27953757,2018,3,3
mem_6e27953757,2019,7,5
mem_6e27953757,2020,6,5
mem_6e27953757,2021,6,5
mem_6e27953757,2022,11,8
mem_6e27953757,2023,5,5
mem_6e27953757,2024,7,7
mem_6e27953757,2025,8,5
mem_6e27953757,2026,4,3
mem_6f76ca3c25,2012,1,0
mem_6f76ca3c25,2019,3,3
mem_6f76ca3c25,2020,3,1
mem_6f76ca3c25,2021,4,1
mem_6f76ca3c25,2022,3,2
mem_6f76ca3c25,2023,14,11
mem_6f76ca3c25,2024,13,10
mem_6f76ca3c25,2025,11,8
mem_6f76ca3c25,2026,14,14
mem_6fad50104e,1965,1,0
mem_6fad50104e,1967,2,0
mem_6fad50104e,1968,2,0
mem_6fad50104e,1969,1,0
mem_6fad50104e,1971,1,0
mem_6fad50104e,1972,1,1
mem_6fad50104e,1973,4,0
mem_6fad50104e,1975,3,0
mem_6fad50104e,1976,2,0
mem_6fad50104e,1977,2,0
mem_6fad50104e,1978,2,0
mem_6fad50104e,1980,3,0
mem_6fad50104e,1981,1,0
mem_6fad50104e,1982,3,0
mem_6fad50104e,1984,5,3
mem_6fad50104e,1985,3,0
mem_6fad50104e,1986,4,3
mem_6fad50104e,1987,4,2
mem_6fad50104e,1988,1,1
mem_6fad50104e,1989,1,0
mem_6fad50104e,1990,5,5
mem_6fad50104e,1991,2,1
mem_6fad50104e,1992,3,2
mem_6fad50104e,1993,2,2
mem_6fad50104e,1994,2,2
mem_6fad50104e,1995,4,4
mem_6fad50104e,1996,4,2
mem_6fad50104e,1997,5,4
mem_6fad50104e,1998,4,4
mem_6fad50104e,1999,4,2
mem_6fad50104e,2003,2,1
mem_6fad50104e,2004,2,1
mem_6fad50104e,2005,4,1
mem_6fad50104e,2006,1,0
mem_6fad50104e,2007,1,1
mem_6fad50104e,2008,4,3
mem_6fad50104e,2009,1,0
mem_6fad50104e,2010,1,0
mem_6fad50104e,2011,1,1
mem_6fad50104e,2012,3,1
mem_6fad50104e,2013,2,0
mem_6fad50104e,2014,2,2
mem_6fad50104e,2015,1,0
mem_6fad50104e,2016,3,1
mem_6fad50104e,2018,4,2
mem_6fad50104e,2019,3,3
mem_6fad50104e,2020,4,3
mem_6fad50104e,2021,2,1
mem_6fad50104e,2024,1,1
mem_707257fb34,2001,1,0
mem_707257fb34,2009,3,1
mem_707257fb34,2010,3,1
mem_707257fb34,2011,1,1
mem_707257fb34,2013,1,0
mem_707257fb34,2014,1,1
mem_707257fb34,2016,1,0
mem_707257fb34,2018,3,2
mem_707257fb34,2019,2,2
mem_707257fb34,2020,5,2
mem_707257fb34,2021,3,3
mem_707257fb34,2022,1,1
mem_707257fb34,2023,5,5
mem_707257fb34,2024,4,2
mem_707257fb34,2025,3,3
mem_707257fb34,2026,4,4
mem_732e519cbb,2003,2,1
mem_732e519cbb,2004,3,2
mem_732e519cbb,2006,1,0
mem_732e519cbb,2007,2,2
mem_732e519cbb,2008,1,0
mem_732e519cbb,2009,1,0
mem_732e519cbb,2010,3,1
mem_732e519cbb,2011,2,1
mem_732e519cbb,2012,1,0
mem_732e519cbb,2013,1,0
mem_732e519cbb,2014,3,3
mem_732e519cbb,2016,1,1
mem_732e519cbb,2017,1,0
mem_732e519cbb,2018,3,2
mem_732e519cbb,2019,5,3
mem_732e519cbb,2020,1,1
mem_732e519cbb,2021,3,2
mem_732e519cbb,2022,2,2
mem_732e519cbb,2023,2,2
mem_732e519cbb,2024,2,2
mem_732e519cbb,2025,3,3
mem_732e519cbb,2026,6,6
mem_7467cd8626,2014,1,1
mem_7467cd8626,2015,1,1
mem_7467cd8626,2019,1,1
mem_7467cd8626,2021,1,1
mem_7467cd8626,2022,3,0
mem_7467cd8626,2023,1,1
mem_7467cd8626,2024,1,1
mem_7467cd8626,2025,1,0
mem_7467cd8626,2026,2,0
mem_74bc2844fc,2011,2,2
mem_74bc2844fc,2012,5,4
mem_74bc2844fc,2013,1,1
mem_74bc2844fc,2014,4,3
mem_74bc2844fc,2015,1,1
mem_74bc2844fc,2016,3,2
mem_74bc2844fc,2017,3,3
mem_74bc2844fc,2018,9,8
mem_74bc2844fc,2019,6,5
mem_74bc2844fc,2020,7,6
mem_74bc2844fc,2021,13,12
mem_74bc2844fc,2022,15,14
mem_74bc2844fc,2023,12,12
mem_74bc2844fc,2024,22,21
mem_74bc2844fc,2025,15,15
mem_74bc2844fc,2026,5,5
mem_74c0a59289,1998,1,0
mem_74c0a59289,1999,6,4
mem_74c0a59289,2000,2,1
mem_74c0a59289,2001,1,0
mem_74c0a59289,2002,14,12
mem_74c0a59289,2003,22,22
mem_74c0a59289,2004,15,13
mem_74c0a59289,2005,23,23
mem_74c0a59289,2006,23,21
mem_74c0a59289,2007,22,20
mem_74c0a59289,2008,40,23
mem_74c0a59289,2009,43,18
mem_74c0a59289,2010,20,14
mem_74c0a59289,2011,21,12
mem_74c0a59289,2012,52,8
mem_74c0a59289,2013,7,5
mem_74c0a59289,2014,5,5
mem_74c0a59289,2015,9,9
mem_74c0a59289,2016,11,5
mem_74c0a59289,2017,17,17
mem_74c0a59289,2018,9,7
mem_74c0a59289,2019,9,8
mem_74c0a59289,2020,11,6
mem_74c0a59289,2021,12,11
mem_74c0a59289,2022,9,9
mem_74c0a59289,2023,6,5
mem_74c0a59289,2024,3,3
mem_74c0a59289,2025,1,1
mem_74c0a59289,2026,1,1
mem_750ab2b996,2003,1,0
mem_750ab2b996,2004,1,1
mem_750ab2b996,2005,3,3
mem_750ab2b996,2006,3,3
mem_750ab2b996,2008,1,1
mem_750ab2b996,2009,2,1
mem_750ab2b996,2010,2,0
mem_750ab2b996,2011,5,1
mem_750ab2b996,2012,4,1
mem_750ab2b996,2013,4,1
mem_750ab2b996,2014,1,0
mem_750ab2b996,2015,5,1
mem_750ab2b996,2016,1,0
mem_750ab2b996,2017,2,2
mem_750ab2b996,2018,2,2
mem_750ab2b996,2019,2,1
mem_750ab2b996,2020,2,2
mem_750ab2b996,2021,7,3
mem_750ab2b996,2022,3,1
mem_750ab2b996,2023,3,2
mem_750ab2b996,2024,3,2
mem_750ab2b996,2025,7,5
mem_750ab2b996,2026,6,5
mem_75b070759e,1998,1,0
mem_75b070759e,1999,1,0
mem_75b070759e,2000,7,0
mem_75b070759e,2001,5,0
mem_75b070759e,2002,9,0
mem_75b070759e,2003,9,0
mem_75b070759e,2004,4,0
mem_75b070759e,2005,4,0
mem_75b070759e,2006,1,0
mem_75b070759e,2007,17,0
mem_75b070759e,2008,6,0
mem_75b070759e,2009,6,0
mem_75b070759e,2010,14,0
mem_75b070759e,2011,15,0
mem_75b070759e,2012,6,0
mem_75b070759e,2013,11,1
mem_75b070759e,2014,14,0
mem_75b070759e,2015,5,0
mem_75b070759e,2016,8,2
mem_75b070759e,2017,6,1
mem_75b070759e,2018,6,2
mem_75b070759e,2019,7,1
mem_75b070759e,2020,10,2
mem_75b070759e,2021,6,0
mem_75b070759e,2022,12,3
mem_75b070759e,2023,11,3
mem_75b070759e,2024,8,3
mem_75b070759e,2025,13,7
mem_75b070759e,2026,7,3
mem_7775deb1e5,1995,1,1
mem_7775deb1e5,1998,1,1
mem_7775deb1e5,2000,1,0
mem_7775deb1e5,2001,3,1
mem_7775deb1e5,2002,3,1
mem_7775deb1e5,2003,3,3
mem_7775deb1e5,2004,6,2
mem_7775deb1e5,2005,5,4
mem_7775deb1e5,2006,5,3
mem_7775deb1e5,2007,3,1
mem_7775deb1e5,2008,4,4
mem_7775deb1e5,2009,6,5
mem_7775deb1e5,2010,1,1
mem_7775deb1e5,2011,4,3
mem_7775deb1e5,2012,5,4
mem_7775deb1e5,2013,4,3
mem_7775deb1e5,2014,1,1
mem_7775deb1e5,2015,1,1
mem_7775deb1e5,2016,1,1
mem_7775deb1e5,2017,3,3
mem_7775deb1e5,2019,1,1
mem_7775deb1e5,2020,2,2
mem_7775deb1e5,2021,4,4
mem_7775deb1e5,2022,2,2
mem_7775deb1e5,2023,1,1
mem_7775deb1e5,2024,1,1
mem_79f23a1fd5,2007,1,1
mem_79f23a1fd5,2016,1,1
mem_79f23a1fd5,2017,1,1
mem_79f23a1fd5,2018,1,1
mem_79f23a1fd5,2019,2,1
mem_79f23a1fd5,2020,1,1
mem_79f23a1fd5,2021,2,1
mem_79f23a1fd5,2022,2,2
mem_79f23a1fd5,2023,1,0
mem_79f23a1fd5,2024,2,1
mem_79f23a1fd5,2025,3,3
mem_79f23a1fd5,2026,4,4
mem_7be3b79e71,1999,1,0
mem_7be3b79e71,2000,1,0
mem_7be3b79e71,2002,2,0
mem_7be3b79e71,2003,1,1
mem_7be3b79e71,2004,6,5
mem_7be3b79e71,2005,4,3
mem_7be3b79e71,2006,4,4
mem_7be3b79e71,2007,5,4
mem_7be3b79e71,2008,2,1
mem_7be3b79e71,2009,7,6
mem_7be3b79e71,2010,4,4
mem_7be3b79e71,2011,1,1
mem_7be3b79e71,2012,4,3
mem_7be3b79e71,2013,6,4
mem_7be3b79e71,2014,5,3
mem_7be3b79e71,2015,3,2
mem_7be3b79e71,2016,2,1
mem_7be3b79e71,2017,5,2
mem_7be3b79e71,2018,2,1
mem_7be3b79e71,2019,4,3
mem_7be3b79e71,2020,5,5
mem_7be3b79e71,2021,6,5
mem_7be3b79e71,2022,2,1
mem_7be3b79e71,2023,5,5
mem_7be3b79e71,2024,2,2
mem_7be3b79e71,2025,4,4
mem_7be3b79e71,2026,2,2
mem_81c06ea20f,1973,2,0
mem_81c06ea20f,1974,1,0
mem_81c06ea20f,1975,1,0
mem_81c06ea20f,1976,3,0
mem_81c06ea20f,1977,1,0
mem_81c06ea20f,1979,1,0
mem_81c06ea20f,1981,1,0
mem_81c06ea20f,1982,5,0
mem_81c06ea20f,1983,1,0
mem_81c06ea20f,1984,2,1
mem_81c06ea20f,1985,3,2
mem_81c06ea20f,1986,7,6
mem_81c06ea20f,1987,8,7
mem_81c06ea20f,1988,4,3
mem_81c06ea20f,1989,3,2
mem_81c06ea20f,1990,9,8
mem_81c06ea20f,1991,6,3
mem_81c06ea20f,1992,5,4
mem_81c06ea20f,1993,2,2
mem_81c06ea20f,1994,7,4
mem_81c06ea20f,1995,3,3
mem_81c06ea20f,1996,2,1
mem_81c06ea20f,1997,7,5
mem_81c06ea20f,1998,5,3
mem_81c06ea20f,1999,4,4
mem_81c06ea20f,2000,3,3
mem_81c06ea20f,2001,11,10
mem_81c06ea20f,2002,2,2
mem_81c06ea20f,2003,9,8
mem_81c06ea20f,2004,3,2
mem_81c06ea20f,2005,2,2
mem_81c06ea20f,2006,5,4
mem_81c06ea20f,2007,5,5
mem_81c06ea20f,2008,7,6
mem_81c06ea20f,2009,7,6
mem_81c06ea20f,2010,2,2
mem_81c06ea20f,2011,4,3
mem_81c06ea20f,2012,5,3
mem_81c06ea20f,2013,3,1
mem_81c06ea20f,2014,2,2
mem_81c06ea20f,2015,3,2
mem_81c06ea20f,2016,3,3
mem_81c06ea20f,2017,2,2
mem_81c06ea20f,2018,3,2
mem_81c06ea20f,2019,2,2
mem_81c06ea20f,2021,3,3
mem_81c06ea20f,2022,1,1
mem_81c06ea20f,2023,3,3
mem_81c06ea20f,2024,1,1
mem_82005c4912,2003,1,1
mem_82005c4912,2005,2,1
mem_82005c4912,2006,1,0
mem_82005c4912,2007,2,1
mem_82005c4912,2008,1,0
mem_82005c4912,2009,4,3
mem_82005c4912,2010,1,1
mem_82005c4912,2011,3,0
mem_82005c4912,2012,1,0
mem_82005c4912,2014,1,0
mem_82005c4912,2015,6,6
mem_82005c4912,2016,1,1
mem_82005c4912,2017,2,2
mem_82005c4912,2018,2,2
mem_82005c4912,2019,2,1
mem_82005c4912,2020,6,3
mem_82005c4912,2021,7,5
mem_82005c4912,2022,5,3
mem_82005c4912,2023,2,1
mem_82005c4912,2024,4,1
mem_82005c4912,2025,3,3
mem_830cb17f4e,1997,1,0
mem_830cb17f4e,1998,7,7
mem_830cb17f4e,1999,1,1
mem_830cb17f4e,2000,4,3
mem_830cb17f4e,2001,4,4
mem_830cb17f4e,2002,8,6
mem_830cb17f4e,2003,8,8
mem_830cb17f4e,2004,7,6
mem_830cb17f4e,2005,1,1
mem_830cb17f4e,2006,6,3
mem_830cb17f4e,2008,5,4
mem_830cb17f4e,2009,7,7
mem_830cb17f4e,2010,11,9
mem_830cb17f4e,2011,13,9
mem_830cb17f4e,2012,17,12
mem_830cb17f4e,2013,19,13
mem_830cb17f4e,2014,16,12
mem_830cb17f4e,2015,9,7
mem_830cb17f4e,2016,17,15
mem_830cb17f4e,2017,22,20
mem_830cb17f4e,2018,19,15
mem_830cb17f4e,2019,15,14
mem_830cb17f4e,2020,27,24
mem_830cb17f4e,2021,26,24
mem_830cb17f4e,2022,32,27
mem_830cb17f4e,2023,17,15
mem_830cb17f4e,2024,19,18
mem_830cb17f4e,2025,16,13
mem_830cb17f4e,2026,8,4
mem_834ac572c9,2006,1,0
mem_834ac572c9,2008,1,0
mem_834ac572c9,2017,2,2
mem_834ac572c9,2020,2,1
mem_834ac572c9,2021,6,2
mem_834ac572c9,2022,5,1
mem_834ac572c9,2023,5,3
mem_834ac572c9,2024,2,1
mem_834ac572c9,2025,1,1
mem_834ac572c9,2026,2,1
mem_83852004c1,1995,1,1
mem_83852004c1,1997,1,1
mem_83852004c1,2002,1,0
mem_83852004c1,2003,6,2
mem_83852004c1,2004,4,2
mem_83852004c1,2005,7,3
mem_83852004c1,2006,6,3
mem_83852004c1,2007,6,5
mem_83852004c1,2008,9,6
mem_83852004c1,2009,11,8
mem_83852004c1,2010,8,7
mem_83852004c1,2011,8,3
mem_83852004c1,2012,7,5
mem_83852004c1,2013,12,8
mem_83852004c1,2014,15,6
mem_83852004c1,2015,18,10
mem_83852004c1,2016,9,6
mem_83852004c1,2017,8,5
mem_83852004c1,2018,11,8
mem_83852004c1,2019,17,7
mem_83852004c1,2020,14,10
mem_83852004c1,2021,8,2
mem_83852004c1,2022,15,6
mem_83852004c1,2023,15,8
mem_83852004c1,2024,21,13
mem_83852004c1,2025,21,15
mem_83852004c1,2026,10,9
mem_8466f664c9,2005,1,1
mem_8466f664c9,2006,1,0
mem_8466f664c9,2007,1,0
mem_8466f664c9,2009,1,1
mem_8466f664c9,2011,3,1
mem_8466f664c9,2012,1,1
mem_8466f664c9,2013,2,0
mem_8466f664c9,2014,4,2
mem_8466f664c9,2015,1,1
mem_8466f664c9,2016,3,2
mem_8466f664c9,2018,2,2
mem_8466f664c9,2019,1,1
mem_8466f664c9,2020,1,0
mem_8466f664c9,2021,4,3
mem_8466f664c9,2022,4,3
mem_8466f664c9,2023,4,4
mem_8466f664c9,2024,3,2
mem_84f207cee7,1992,2,2
mem_84f207cee7,1993,2,2
mem_84f207cee7,1994,3,2
mem_84f207cee7,1995,4,4
mem_84f207cee7,1996,5,5
mem_84f207cee7,1997,2,2
mem_84f207cee7,1998,6,6
mem_84f207cee7,1999,4,3
mem_84f207cee7,2000,7,6
mem_84f207cee7,2001,2,0
mem_84f207cee7,2002,11,7
mem_84f207cee7,2003,6,4
mem_84f207cee7,2004,6,4
mem_84f207cee7,2005,13,7
mem_84f207cee7,2006,18,11
mem_84f207cee7,2007,13,8
mem_84f207cee7,2008,11,9
mem_84f207cee7,2009,9,7
mem_84f207cee7,2010,9,6
mem_84f207cee7,2011,9,6
mem_84f207cee7,2012,5,3
mem_84f207cee7,2013,8,5
mem_84f207cee7,2014,4,2
mem_84f207cee7,2015,9,7
mem_84f207cee7,2016,8,6
mem_84f207cee7,2017,8,7
mem_84f207cee7,2018,10,9
mem_84f207cee7,2019,18,17
mem_84f207cee7,2020,16,11
mem_84f207cee7,2021,9,7
mem_84f207cee7,2022,11,6
mem_84f207cee7,2023,14,13
mem_84f207cee7,2024,8,7
mem_84f207cee7,2025,14,8
mem_84f207cee7,2026,3,2
mem_86be4543f1,1991,2,1
mem_86be4543f1,1993,1,0
mem_86be4543f1,1995,1,1
mem_86be4543f1,1996,2,2
mem_86be4543f1,1999,2,1
mem_86be4543f1,2000,1,0
mem_86be4543f1,2001,2,1
mem_86be4543f1,2004,1,1
mem_86be4543f1,2005,2,1
mem_86be4543f1,2006,4,2
mem_86be4543f1,2007,1,1
mem_86be4543f1,2008,3,1
mem_86be4543f1,2009,2,2
mem_86be4543f1,2010,2,2
mem_86be4543f1,2012,2,0
mem_86be4543f1,2013,1,0
mem_86be4543f1,2014,2,2
mem_86be4543f1,2015,1,1
mem_86be4543f1,2016,1,0
mem_86be4543f1,2018,2,1
mem_86be4543f1,2024,2,2
mem_8777c1db23,2010,3,1
mem_8777c1db23,2011,1,1
mem_8777c1db23,2012,2,2
mem_8777c1db23,2013,1,1
mem_8777c1db23,2014,1,0
mem_8777c1db23,2015,1,1
mem_8777c1db23,2016,1,0
mem_8777c1db23,2019,1,1
mem_8777c1db23,2021,2,1
mem_8777c1db23,2022,1,0
mem_8777c1db23,2024,2,2
mem_8777c1db23,2025,2,1
mem_8777c1db23,2026,1,1
mem_8a450c06b9,1994,1,1
mem_8a450c06b9,1995,2,1
mem_8a450c06b9,1996,1,0
mem_8a450c06b9,1998,1,1
mem_8a450c06b9,2002,2,0
mem_8a450c06b9,2003,2,1
mem_8a450c06b9,2004,2,2
mem_8a450c06b9,2005,2,0
mem_8a450c06b9,2006,1,0
mem_8a450c06b9,2008,3,2
mem_8a450c06b9,2009,1,0
mem_8a450c06b9,2010,5,4
mem_8a450c06b9,2011,2,0
mem_8a450c06b9,2012,5,1
mem_8a450c06b9,2013,3,1
mem_8a450c06b9,2014,2,0
mem_8a450c06b9,2016,1,0
mem_8a450c06b9,2017,1,0
mem_8a450c06b9,2019,3,1
mem_8a450c06b9,2021,1,1
mem_8a450c06b9,2023,2,2
mem_8a450c06b9,2024,2,2
mem_8a450c06b9,2025,1,1
mem_8bfbd806c9,2010,1,1
mem_8bfbd806c9,2013,3,2
mem_8bfbd806c9,2015,2,1
mem_8bfbd806c9,2016,3,2
mem_8bfbd806c9,2018,3,3
mem_8bfbd806c9,2019,2,2
mem_8bfbd806c9,2020,2,1
mem_8bfbd806c9,2021,3,3
mem_8bfbd806c9,2022,2,2
mem_8bfbd806c9,2023,3,3
mem_8bfbd806c9,2024,2,2
mem_8bfbd806c9,2025,1,0
mem_8bfbd806c9,2026,1,0
mem_8c725171a4,2002,1,0
mem_8c725171a4,2012,1,1
mem_8c725171a4,2017,2,2
mem_8c725171a4,2019,1,1
mem_8cb7ffa789,2008,2,1
mem_8cb7ffa789,2009,3,3
mem_8cb7ffa789,2010,4,3
mem_8cb7ffa789,2011,1,1
mem_8cb7ffa789,2012,5,3
mem_8cb7ffa789,2013,8,6
mem_8cb7ffa789,2014,11,6
mem_8cb7ffa789,2015,9,6
mem_8cb7ffa789,2016,11,9
mem_8cb7ffa789,2017,12,10
mem_8cb7ffa789,2018,11,6
mem_8cb7ffa789,2019,6,5
mem_8cb7ffa789,2020,6,4
mem_8cb7ffa789,2021,6,5
mem_8cb7ffa789,2022,7,6
mem_8cb7ffa789,2023,6,6
mem_8cb7ffa789,2024,6,6
mem_8cb7ffa789,2025,5,4
mem_8cb7ffa789,2026,2,2
mem_8e0084f520,2001,1,0
mem_8e0084f520,2002,1,1
mem_8e0084f520,2003,3,1
mem_8e0084f520,2004,2,1
mem_8e0084f520,2005,4,1
mem_8e0084f520,2006,1,0
mem_8e0084f520,2007,2,2
mem_8e0084f520,2008,5,2
mem_8e0084f520,2009,5,0
mem_8e0084f520,2010,6,2
mem_8e0084f520,2011,3,1
mem_8e0084f520,2012,7,3
mem_8e0084f520,2013,7,5
mem_8e0084f520,2014,14,10
mem_8e0084f520,2015,10,4
mem_8e0084f520,2016,5,2
mem_8e0084f520,2017,3,2
mem_8e0084f520,2018,7,3
mem_8e0084f520,2019,8,2
mem_8e0084f520,2020,5,2
mem_8e0084f520,2021,11,5
mem_8e0084f520,2022,8,3
mem_8e0084f520,2023,3,1
mem_8e0084f520,2024,3,1
mem_8e0084f520,2025,5,2
mem_8e0084f520,2026,4,1
mem_90269b0602,1982,1,0
mem_90269b0602,1983,2,1
mem_90269b0602,1984,2,1
mem_90269b0602,1985,1,0
mem_90269b0602,1986,3,1
mem_90269b0602,1987,2,0
mem_90269b0602,1988,1,0
mem_90269b0602,1989,3,2
mem_90269b0602,1990,3,0
mem_90269b0602,1991,3,2
mem_90269b0602,1992,5,3
mem_90269b0602,1993,8,6
mem_90269b0602,1994,10,6
mem_90269b0602,1995,4,2
mem_90269b0602,1996,7,7
mem_90269b0602,1997,15,13
mem_90269b0602,1998,10,5
mem_90269b0602,1999,10,6
mem_90269b0602,2000,5,4
mem_90269b0602,2001,6,4
mem_90269b0602,2002,6,1
mem_90269b0602,2003,7,4
mem_90269b0602,2004,14,8
mem_90269b0602,2005,9,5
mem_90269b0602,2006,11,7
mem_90269b0602,2007,15,9
mem_90269b0602,2008,13,9
mem_90269b0602,2009,12,7
mem_90269b0602,2010,14,9
mem_90269b0602,2011,10,5
mem_90269b0602,2012,14,10
mem_90269b0602,2013,8,5
mem_90269b0602,2014,8,5
mem_90269b0602,2015,14,9
mem_90269b0602,2016,7,4
mem_90269b0602,2017,4,2
mem_90269b0602,2018,10,5
mem_90269b0602,2019,6,4
mem_90269b0602,2020,6,5
mem_90269b0602,2021,10,7
mem_90269b0602,2022,10,6
mem_90269b0602,2023,8,5
mem_90269b0602,2024,9,7
mem_90269b0602,2025,7,5
mem_90269b0602,2026,7,6
mem_902f442140,2003,2,0
mem_902f442140,2004,1,1
mem_902f442140,2005,1,0
mem_902f442140,2007,1,1
mem_902f442140,2008,1,1
mem_902f442140,2009,3,3
mem_902f442140,2010,3,3
mem_902f442140,2011,2,1
mem_902f442140,2014,2,2
mem_902f442140,2016,1,1
mem_902f442140,2017,2,1
mem_902f442140,2018,2,1
mem_902f442140,2019,2,2
mem_902f442140,2020,5,4
mem_902f442140,2021,6,5
mem_902f442140,2022,12,9
mem_902f442140,2023,5,4
mem_902f442140,2024,8,8
mem_902f442140,2025,6,6
mem_902f442140,2026,6,5
mem_90ed7fe13a,1994,1,0
mem_90ed7fe13a,1998,1,0
mem_90ed7fe13a,2000,12,3
mem_90ed7fe13a,2001,6,3
mem_90ed7fe13a,2002,3,2
mem_90ed7fe13a,2003,6,3
mem_90ed7fe13a,2004,9,2
mem_90ed7fe13a,2005,7,3
mem_90ed7fe13a,2006,9,3
mem_90ed7fe13a,2007,4,2
mem_90ed7fe13a,2008,4,4
mem_90ed7fe13a,2009,5,4
mem_90ed7fe13a,2010,3,0
mem_90ed7fe13a,2011,2,2
mem_90ed7fe13a,2012,2,0
mem_90ed7fe13a,2013,4,3
mem_90ed7fe13a,2014,3,2
mem_90ed7fe13a,2015,5,3
mem_90ed7fe13a,2016,6,5
mem_90ed7fe13a,2017,2,1
mem_90ed7fe13a,2018,6,4
mem_90ed7fe13a,2019,5,4
mem_90ed7fe13a,2020,10,5
mem_90ed7fe13a,2021,8,6
mem_90ed7fe13a,2022,5,4
mem_90ed7fe13a,2023,4,4
mem_90ed7fe13a,2024,7,4
mem_90ed7fe13a,2025,6,3
mem_90ed7fe13a,2026,5,4
mem_92099adba8,2009,1,0
mem_92099adba8,2010,1,0
mem_92099adba8,2013,2,1
mem_92099adba8,2014,2,0
mem_92099adba8,2015,1,0
mem_92099adba8,2016,1,1
mem_92099adba8,2017,3,0
mem_92099adba8,2018,1,0
mem_92099adba8,2020,4,3
mem_92099adba8,2021,5,1
mem_92099adba8,2022,1,0
mem_92099adba8,2023,2,0
mem_92099adba8,2024,2,1
mem_9211234ed6,1972,1,0
mem_9211234ed6,1974,1,0
mem_9211234ed6,1975,4,0
mem_9211234ed6,1976,1,0
mem_9211234ed6,1977,4,0
mem_9211234ed6,1978,1,0
mem_9211234ed6,1979,5,0
mem_9211234ed6,1980,4,0
mem_9211234ed6,1981,5,1
mem_9211234ed6,1982,2,1
mem_9211234ed6,1983,5,0
mem_9211234ed6,1984,6,0
mem_9211234ed6,1985,7,1
mem_9211234ed6,1986,4,1
mem_9211234ed6,1987,6,2
mem_9211234ed6,1988,6,1
mem_9211234ed6,1989,4,2
mem_9211234ed6,1990,3,2
mem_9211234ed6,1991,7,4
mem_9211234ed6,1992,8,3
mem_9211234ed6,1993,7,3
mem_9211234ed6,1994,4,2
mem_9211234ed6,1995,5,4
mem_9211234ed6,1996,10,9
mem_9211234ed6,1997,3,3
mem_9211234ed6,1998,1,1
mem_9211234ed6,1999,7,5
mem_9211234ed6,2000,6,5
mem_9211234ed6,2001,4,0
mem_9211234ed6,2002,7,4
mem_9211234ed6,2003,11,7
mem_9211234ed6,2004,3,2
mem_9211234ed6,2005,7,5
mem_9211234ed6,2006,8,7
mem_9211234ed6,2007,5,5
mem_9211234ed6,2008,9,7
mem_9211234ed6,2009,2,2
mem_9211234ed6,2010,10,7
mem_9211234ed6,2011,7,6
mem_9211234ed6,2012,8,7
mem_9211234ed6,2013,10,7
mem_9211234ed6,2014,8,7
mem_9211234ed6,2015,6,6
mem_9211234ed6,2016,9,7
mem_9211234ed6,2017,10,10
mem_9211234ed6,2018,10,9
mem_9211234ed6,2019,6,6
mem_9211234ed6,2020,3,2
mem_9211234ed6,2021,8,8
mem_9211234ed6,2022,10,9
mem_9211234ed6,2023,11,10
mem_9211234ed6,2024,10,10
mem_9211234ed6,2025,8,7
mem_9211234ed6,2026,4,4
mem_92c2e98ac3,2008,1,1
mem_92c2e98ac3,2016,1,1
mem_92c2e98ac3,2017,2,2
mem_92c2e98ac3,2018,2,1
mem_92c2e98ac3,2019,1,1
mem_92c2e98ac3,2020,2,1
mem_92c2e98ac3,2023,2,1
mem_92c2e98ac3,2025,1,0
mem_92c2e98ac3,2026,4,3
mem_92fd45a247,2001,2,1
mem_92fd45a247,2003,1,1
mem_92fd45a247,2004,5,2
mem_92fd45a247,2005,2,2
mem_92fd45a247,2006,1,0
mem_92fd45a247,2007,2,1
mem_92fd45a247,2009,1,0
mem_92fd45a247,2010,2,2
mem_92fd45a247,2011,1,1
mem_92fd45a247,2012,1,1
mem_92fd45a247,2013,2,1
mem_92fd45a247,2014,2,1
mem_92fd45a247,2015,9,7
mem_92fd45a247,2016,1,0
mem_92fd45a247,2017,2,2
mem_92fd45a247,2019,2,2
mem_92fd45a247,2020,4,3
mem_92fd45a247,2021,3,2
mem_92fd45a247,2022,1,1
mem_92fd45a247,2023,4,4
mem_92fd45a247,2024,2,2
mem_92fd45a247,2025,3,3
mem_92fd45a247,2026,1,1
mem_9351de2a6f,2009,1,1
mem_9351de2a6f,2010,1,1
mem_9351de2a6f,2012,3,3
mem_9351de2a6f,2013,3,1
mem_9351de2a6f,2014,3,2
mem_9351de2a6f,2015,1,1
mem_9351de2a6f,2016,5,5
mem_9351de2a6f,2017,9,6
mem_9351de2a6f,2018,4,3
mem_9351de2a6f,2019,1,1
mem_9351de2a6f,2020,5,3
mem_9351de2a6f,2021,5,4
mem_9351de2a6f,2022,9,6
mem_9351de2a6f,2023,3,0
mem_9351de2a6f,2024,5,5
mem_9351de2a6f,2025,7,6
mem_9351de2a6f,2026,6,5
mem_935d12576d,1977,3,0
mem_935d12576d,1978,1,0
mem_935d12576d,1980,1,0
mem_935d12576d,1981,3,0
mem_935d12576d,1982,4,0
mem_935d12576d,1983,1,0
mem_945a42f165,1976,1,0
mem_945a42f165,1977,1,0
mem_945a42f165,1980,1,0
mem_945a42f165,1981,2,0
mem_945a42f165,1982,3,0
mem_945a42f165,1984,2,1
mem_945a42f165,1985,3,1
mem_945a42f165,1986,3,1
mem_945a42f165,1987,7,5
mem_945a42f165,1988,2,0
mem_945a42f165,1989,3,2
mem_945a42f165,1990,4,3
mem_945a42f165,1991,3,2
mem_945a42f165,1992,6,2
mem_945a42f165,1993,8,3
mem_945a42f165,1994,4,3
mem_945a42f165,1995,3,1
mem_945a42f165,1996,5,4
mem_945a42f165,1997,2,2
mem_945a42f165,1998,5,3
mem_945a42f165,1999,1,0
mem_945a42f165,2000,3,2
mem_945a42f165,2001,2,1
mem_945a42f165,2002,1,1
mem_945a42f165,2005,2,2
mem_945a42f165,2006,1,1
mem_945a42f165,2008,2,2
mem_945a42f165,2009,3,3
mem_945a42f165,2010,4,4
mem_945a42f165,2011,5,3
mem_945a42f165,2012,10,8
mem_945a42f165,2013,2,1
mem_945a42f165,2014,8,8
mem_945a42f165,2015,10,6
mem_945a42f165,2016,9,9
mem_945a42f165,2017,13,11
mem_945a42f165,2018,9,3
mem_945a42f165,2019,4,3
mem_945a42f165,2020,10,9
mem_945a42f165,2021,5,5
mem_945a42f165,2022,5,5
mem_945a42f165,2023,5,4
mem_945a42f165,2024,6,6
mem_945a42f165,2025,3,3
mem_945a42f165,2026,2,2
mem_9461efbef5,2006,1,1
mem_9461efbef5,2007,2,1
mem_9461efbef5,2009,3,2
mem_9461efbef5,2011,1,0
mem_9461efbef5,2013,3,2
mem_9461efbef5,2014,2,2
mem_9461efbef5,2016,1,1
mem_9461efbef5,2018,3,3
mem_9461efbef5,2019,2,1
mem_9461efbef5,2021,1,1
mem_9461efbef5,2022,2,1
mem_9461efbef5,2023,1,1
mem_95295c7522,2005,4,2
mem_95295c7522,2006,7,4
mem_95295c7522,2007,11,7
mem_95295c7522,2008,16,12
mem_95295c7522,2009,6,3
mem_95295c7522,2010,5,2
mem_95295c7522,2011,1,0
mem_95295c7522,2012,2,1
mem_95295c7522,2013,10,8
mem_95295c7522,2014,2,2
mem_95295c7522,2015,8,5
mem_95295c7522,2016,2,0
mem_95295c7522,2017,4,1
mem_95295c7522,2018,4,3
mem_95295c7522,2019,2,1
mem_95295c7522,2020,4,4
mem_95295c7522,2021,11,6
mem_95295c7522,2022,8,7
mem_95295c7522,2023,10,7
mem_95295c7522,2024,8,4
mem_95295c7522,2025,5,4
mem_95295c7522,2026,7,6
mem_953f193ead,1989,2,0
mem_953f193ead,1990,1,0
mem_953f193ead,1991,5,2
mem_953f193ead,1992,6,1
mem_953f193ead,1993,8,3
mem_953f193ead,1994,4,2
mem_953f193ead,1995,4,2
mem_953f193ead,1996,10,8
mem_953f193ead,1997,2,2
mem_953f193ead,1998,3,3
mem_953f193ead,1999,7,3
mem_953f193ead,2000,6,5
mem_953f193ead,2001,6,2
mem_953f193ead,2002,6,2
mem_953f193ead,2003,8,2
mem_953f193ead,2004,5,2
mem_953f193ead,2005,4,1
mem_953f193ead,2006,8,5
mem_953f193ead,2007,1,1
mem_953f193ead,2008,3,2
mem_953f193ead,2009,6,4
mem_953f193ead,2010,5,4
mem_953f193ead,2011,4,3
mem_953f193ead,2012,7,6
mem_953f193ead,2013,4,2
mem_953f193ead,2014,5,2
mem_953f193ead,2015,6,4
mem_953f193ead,2016,4,1
mem_953f193ead,2017,2,1
mem_953f193ead,2018,3,3
mem_953f193ead,2019,3,3
mem_953f193ead,2020,5,4
mem_953f193ead,2021,6,3
mem_953f193ead,2022,2,1
mem_953f193ead,2023,2,2
mem_953f193ead,2025,3,2
mem_95cc419952,2009,1,1
mem_95cc419952,2011,2,2
mem_95cc419952,2012,1,0
mem_95cc419952,2013,4,4
mem_95cc419952,2014,2,2
mem_95cc419952,2016,3,3
mem_95cc419952,2017,2,2
mem_95cc419952,2018,4,4
mem_95cc419952,2019,2,2
mem_95cc419952,2020,4,3
mem_95cc419952,2021,8,8
mem_95cc419952,2022,9,9
mem_95cc419952,2023,3,3
mem_95cc419952,2024,8,8
mem_95cc419952,2025,4,4
mem_95cc419952,2026,8,8
mem_980064fac2,2008,2,1
mem_980064fac2,2009,6,5
mem_980064fac2,2010,4,4
mem_980064fac2,2011,2,2
mem_980064fac2,2012,2,1
mem_980064fac2,2013,1,1
mem_980064fac2,2014,1,1
mem_980064fac2,2015,3,3
mem_980064fac2,2016,3,1
mem_980064fac2,2017,3,2
mem_980064fac2,2018,5,4
mem_980064fac2,2019,6,3
mem_980064fac2,2020,9,7
mem_980064fac2,2021,10,9
mem_980064fac2,2022,7,6
mem_980064fac2,2023,8,4
mem_980064fac2,2024,11,8
mem_980064fac2,2025,6,4
mem_980064fac2,2026,3,2
mem_98015aef5e,1987,1,0
mem_98015aef5e,1989,2,0
mem_98015aef5e,1990,2,1
mem_98015aef5e,1991,3,0
mem_98015aef5e,1992,4,0
mem_98015aef5e,1993,4,2
mem_98015aef5e,1994,7,1
mem_98015aef5e,1995,1,0
mem_98015aef5e,1996,2,0
mem_98015aef5e,1997,2,0
mem_98015aef5e,1998,1,1
mem_98015aef5e,1999,5,0
mem_98015aef5e,2000,5,0
mem_98015aef5e,2001,2,0
mem_98015aef5e,2002,7,1
mem_98015aef5e,2003,11,3
mem_98015aef5e,2004,12,3
mem_98015aef5e,2005,6,0
mem_98015aef5e,2006,9,3
mem_98015aef5e,2007,7,1
mem_98015aef5e,2008,15,3
mem_98015aef5e,2009,7,5
mem_98015aef5e,2010,8,4
mem_98015aef5e,2011,8,3
mem_98015aef5e,2012,7,2
mem_98015aef5e,2013,8,6
mem_98015aef5e,2014,4,1
mem_98015aef5e,2015,4,3
mem_98015aef5e,2016,3,0
mem_98015aef5e,2017,2,1
mem_98015aef5e,2018,2,2
mem_98015aef5e,2019,5,0
mem_98015aef5e,2020,3,2
mem_98015aef5e,2021,12,11
mem_98015aef5e,2022,7,5
mem_98015aef5e,2023,5,4
mem_98015aef5e,2024,4,3
mem_98015aef5e,2025,9,7
mem_98015aef5e,2026,4,2
mem_98307ce526,2012,2,2
mem_98307ce526,2015,3,3
mem_98307ce526,2016,1,1
mem_98307ce526,2017,3,2
mem_98307ce526,2018,3,3
mem_98307ce526,2019,2,0
mem_98307ce526,2020,3,3
mem_98307ce526,2021,6,6
mem_98307ce526,2022,5,4
mem_98307ce526,2023,1,1
mem_98307ce526,2024,5,5
mem_98307ce526,2025,3,3
mem_98307ce526,2026,1,1
mem_999cbbb01a,1985,1,1
mem_999cbbb01a,1986,3,1
mem_999cbbb01a,1987,2,0
mem_999cbbb01a,1988,4,1
mem_999cbbb01a,1989,1,1
mem_999cbbb01a,1990,2,2
mem_999cbbb01a,1991,2,2
mem_999cbbb01a,1992,3,1
mem_999cbbb01a,1993,1,1
mem_999cbbb01a,1994,7,2
mem_999cbbb01a,1995,8,4
mem_999cbbb01a,1996,10,4
mem_999cbbb01a,1997,4,1
mem_999cbbb01a,1998,3,3
mem_999cbbb01a,1999,4,1
mem_999cbbb01a,2000,1,0
mem_999cbbb01a,2001,3,0
mem_999cbbb01a,2002,2,1
mem_999cbbb01a,2003,1,0
mem_999cbbb01a,2005,3,1
mem_999cbbb01a,2007,3,0
mem_999cbbb01a,2008,1,0
mem_999cbbb01a,2012,2,0
mem_999cbbb01a,2013,1,1
mem_999cbbb01a,2016,2,2
mem_999cbbb01a,2017,2,0
mem_999cbbb01a,2018,1,1
mem_999cbbb01a,2021,1,1
mem_999cbbb01a,2022,2,1
mem_999cbbb01a,2023,1,1
mem_9a7286569d,2004,1,1
mem_9a7286569d,2005,1,0
mem_9a7286569d,2008,1,1
mem_9a7286569d,2009,2,1
mem_9a7286569d,2010,1,1
mem_9a7286569d,2012,1,1
mem_9a7286569d,2014,1,1
mem_9a7286569d,2015,1,1
mem_9a7286569d,2018,1,1
mem_9a7286569d,2020,1,1
mem_9a7286569d,2021,1,1
mem_9afdacf59c,1989,3,0
mem_9afdacf59c,1990,3,0
mem_9afdacf59c,1991,4,0
mem_9afdacf59c,1992,4,1
mem_9afdacf59c,1993,2,0
mem_9afdacf59c,1994,4,0
mem_9afdacf59c,1995,3,0
mem_9afdacf59c,1996,6,4
mem_9afdacf59c,1997,5,5
mem_9afdacf59c,1998,3,2
mem_9afdacf59c,1999,9,3
mem_9afdacf59c,2000,12,7
mem_9afdacf59c,2001,17,9
mem_9afdacf59c,2002,17,9
mem_9afdacf59c,2003,13,9
mem_9afdacf59c,2004,13,7
mem_9afdacf59c,2005,29,19
mem_9afdacf59c,2006,17,9
mem_9afdacf59c,2007,22,14
mem_9afdacf59c,2008,16,15
mem_9afdacf59c,2009,26,16
mem_9afdacf59c,2010,17,11
mem_9afdacf59c,2011,21,14
mem_9afdacf59c,2012,36,22
mem_9afdacf59c,2013,30,18
mem_9afdacf59c,2014,34,22
mem_9afdacf59c,2015,41,26
mem_9afdacf59c,2016,48,26
mem_9afdacf59c,2017,58,38
mem_9afdacf59c,2018,50,34
mem_9afdacf59c,2019,34,25
mem_9afdacf59c,2020,50,40
mem_9afdacf59c,2021,58,45
mem_9afdacf59c,2022,39,29
mem_9afdacf59c,2023,34,27
mem_9afdacf59c,2024,41,35
mem_9afdacf59c,2025,37,34
mem_9afdacf59c,2026,21,19
mem_9c853bf265,2004,2,2
mem_9c853bf265,2006,1,1
mem_9c853bf265,2007,4,2
mem_9c853bf265,2008,2,2
mem_9c853bf265,2009,6,5
mem_9c853bf265,2010,4,3
mem_9c853bf265,2011,4,1
mem_9c853bf265,2012,2,2
mem_9c853bf265,2013,2,1
mem_9c853bf265,2014,1,1
mem_9c853bf265,2015,1,1
mem_9c853bf265,2018,3,0
mem_9c853bf265,2019,2,2
mem_9c853bf265,2020,4,4
mem_9c853bf265,2021,4,2
mem_9c853bf265,2022,12,5
mem_9c853bf265,2023,3,2
mem_9c853bf265,2024,6,3
mem_9c853bf265,2025,12,9
mem_9c853bf265,2026,8,4
mem_9d290c25df,1996,1,1
mem_9d290c25df,1998,1,1
mem_9d290c25df,1999,3,3
mem_9d290c25df,2000,2,2
mem_9d290c25df,2001,2,1
mem_9d290c25df,2010,1,1
mem_9d290c25df,2011,1,1
mem_9d290c25df,2012,1,1
mem_9d290c25df,2013,3,3
mem_9d290c25df,2014,5,5
mem_9d290c25df,2015,6,5
mem_9d290c25df,2016,3,3
mem_9d290c25df,2017,3,3
mem_9d290c25df,2018,3,2
mem_9d290c25df,2019,5,5
mem_9d290c25df,2020,6,5
mem_9d290c25df,2021,5,4
mem_9d290c25df,2022,7,3
mem_9d290c25df,2023,5,3
mem_9d290c25df,2024,4,1
mem_9d290c25df,2025,4,4
mem_9d290c25df,2026,1,1
mem_9d7393c642,2014,1,0
mem_9d7393c642,2016,2,0
mem_9d7393c642,2017,1,1
mem_9d7393c642,2018,2,2
mem_9d7393c642,2019,4,3
mem_9d7393c642,2020,3,1
mem_9d7393c642,2021,4,2
mem_9d7393c642,2022,8,7
mem_9d7393c642,2023,8,6
mem_9d7393c642,2024,9,5
mem_9d7393c642,2025,20,7
mem_9d7393c642,2026,7,6
mem_9e9c87242a,2006,3,2
mem_9e9c87242a,2009,1,0
mem_9e9c87242a,2010,6,2
mem_9e9c87242a,2011,11,6
mem_9e9c87242a,2012,9,5
mem_9e9c87242a,2013,10,4
mem_9e9c87242a,2014,20,12
mem_9e9c87242a,2015,24,17
mem_9e9c87242a,2016,33,24
mem_9e9c87242a,2017,23,18
mem_9e9c87242a,2018,29,18
mem_9e9c87242a,2019,30,19
mem_9e9c87242a,2020,43,30
mem_9e9c87242a,2021,41,24
mem_9e9c87242a,2022,33,24
mem_9e9c87242a,2023,23,14
mem_9e9c87242a,2024,31,23
mem_9e9c87242a,2025,54,43
mem_9e9c87242a,2026,29,24
mem_9f51021d60,2013,1,1
mem_9f51021d60,2014,1,1
mem_9f51021d60,2015,1,1
mem_9f51021d60,2017,1,1
mem_9f51021d60,2019,1,1
mem_9f51021d60,2020,2,2
mem_9f51021d60,2021,4,3
mem_9f51021d60,2022,1,1
mem_9f51021d60,2023,3,3
mem_9f51021d60,2025,1,1
mem_a04b5207a5,2013,2,1
mem_a04b5207a5,2017,2,0
mem_a04b5207a5,2018,3,1
mem_a04b5207a5,2019,2,2
mem_a04b5207a5,2020,3,2
mem_a04b5207a5,2022,1,1
mem_a04b5207a5,2023,2,2
mem_a04b5207a5,2025,1,1
mem_a055827ead,1992,2,0
mem_a055827ead,1993,1,0
mem_a055827ead,1997,1,0
mem_a055827ead,1998,1,0
mem_a055827ead,1999,2,1
mem_a055827ead,2000,12,1
mem_a055827ead,2001,14,4
mem_a055827ead,2002,9,4
mem_a055827ead,2003,16,4
mem_a055827ead,2004,28,8
mem_a055827ead,2005,35,14
mem_a055827ead,2006,30,14
mem_a055827ead,2007,39,19
mem_a055827ead,2008,33,19
mem_a055827ead,2009,29,20
mem_a055827ead,2010,27,14
mem_a055827ead,2011,27,12
mem_a055827ead,2012,20,12
mem_a055827ead,2013,32,15
mem_a055827ead,2014,39,21
mem_a055827ead,2015,60,43
mem_a055827ead,2016,50,28
mem_a055827ead,2017,51,36
mem_a055827ead,2018,46,30
mem_a055827ead,2019,48,31
mem_a055827ead,2020,69,44
mem_a055827ead,2021,56,38
mem_a055827ead,2022,50,30
mem_a055827ead,2023,60,40
mem_a055827ead,2024,77,46
mem_a055827ead,2025,90,60
mem_a055827ead,2026,59,44
mem_a0bb31cffa,2002,1,0
mem_a0bb31cffa,2003,1,1
mem_a0bb31cffa,2004,1,1
mem_a0bb31cffa,2005,2,1
mem_a0bb31cffa,2007,1,0
mem_a0bb31cffa,2008,3,1
mem_a0bb31cffa,2009,4,1
mem_a0bb31cffa,2010,3,0
mem_a0bb31cffa,2011,3,1
mem_a0bb31cffa,2012,4,2
mem_a0bb31cffa,2013,5,3
mem_a0bb31cffa,2014,12,5
mem_a0bb31cffa,2015,11,4
mem_a0bb31cffa,2016,14,7
mem_a0bb31cffa,2017,5,1
mem_a0bb31cffa,2018,4,1
mem_a0bb31cffa,2019,8,4
mem_a0bb31cffa,2020,5,1
mem_a0bb31cffa,2021,3,2
mem_a0bb31cffa,2022,1,1
mem_a0bb31cffa,2023,8,6
mem_a0bb31cffa,2024,3,2
mem_a0bb31cffa,2025,3,2
mem_a1ecc4eb97,1975,2,1
mem_a1ecc4eb97,1977,1,1
mem_a1ecc4eb97,1978,1,0
mem_a1ecc4eb97,1979,3,1
mem_a1ecc4eb97,1980,1,0
mem_a1ecc4eb97,1981,2,2
mem_a1ecc4eb97,1982,1,1
mem_a1ecc4eb97,1985,1,0
mem_a1ecc4eb97,1987,3,1
mem_a1ecc4eb97,1988,3,2
mem_a1ecc4eb97,1989,3,1
mem_a1ecc4eb97,1990,1,1
mem_a1ecc4eb97,1992,6,0
mem_a1ecc4eb97,1993,2,0
mem_a1ecc4eb97,1994,4,0
mem_a1ecc4eb97,1995,2,0
mem_a1ecc4eb97,1997,3,1
mem_a1ecc4eb97,1998,5,2
mem_a1ecc4eb97,1999,2,0
mem_a1ecc4eb97,2000,5,2
mem_a1ecc4eb97,2001,6,1
mem_a1ecc4eb97,2002,4,1
mem_a1ecc4eb97,2003,2,0
mem_a1ecc4eb97,2004,5,2
mem_a1ecc4eb97,2005,2,0
mem_a1ecc4eb97,2006,4,4
mem_a1ecc4eb97,2007,4,2
mem_a1ecc4eb97,2008,1,0
mem_a1ecc4eb97,2009,4,3
mem_a1ecc4eb97,2010,7,2
mem_a1ecc4eb97,2011,7,1
mem_a1ecc4eb97,2012,5,3
mem_a1ecc4eb97,2013,12,10
mem_a1ecc4eb97,2014,7,6
mem_a1ecc4eb97,2015,13,9
mem_a1ecc4eb97,2016,7,3
mem_a1ecc4eb97,2017,6,5
mem_a1ecc4eb97,2019,3,3
mem_a1ecc4eb97,2020,1,0
mem_a1ecc4eb97,2021,3,2
mem_a1ecc4eb97,2022,1,1
mem_a1ecc4eb97,2024,1,1
mem_a27c0b453b,2011,1,0
mem_a27c0b453b,2013,1,0
mem_a27c0b453b,2015,1,1
mem_a27c0b453b,2016,1,0
mem_a27c0b453b,2017,3,2
mem_a27c0b453b,2019,2,1
mem_a27c0b453b,2020,3,0
mem_a27c0b453b,2021,2,1
mem_a27c0b453b,2022,2,2
mem_a27c0b453b,2023,3,2
mem_a27c0b453b,2024,2,2
mem_a27c0b453b,2025,1,1
mem_a27c0b453b,2026,4,4
mem_a2b493336b,1981,1,1
mem_a2b493336b,1982,1,1
mem_a2b493336b,1983,1,1
mem_a2b493336b,1984,1,0
mem_a2b493336b,1985,1,0
mem_a2b493336b,1989,1,0
mem_a2b493336b,1990,1,0
mem_a2b493336b,1992,1,1
mem_a2b493336b,1994,3,0
mem_a2b493336b,1995,3,2
mem_a2b493336b,1996,5,1
mem_a2b493336b,1997,4,1
mem_a2b493336b,1998,4,3
mem_a2b493336b,1999,4,2
mem_a2b493336b,2000,1,0
mem_a2b493336b,2001,4,3
mem_a2b493336b,2002,8,2
mem_a2b493336b,2003,6,5
mem_a2b493336b,2004,5,3
mem_a2b493336b,2005,6,4
mem_a2b493336b,2006,5,5
mem_a2b493336b,2007,7,5
mem_a2b493336b,2008,9,8
mem_a2b493336b,2009,8,7
mem_a2b493336b,2010,16,9
mem_a2b493336b,2011,11,9
mem_a2b493336b,2012,16,11
mem_a2b493336b,2013,16,11
mem_a2b493336b,2014,14,14
mem_a2b493336b,2015,16,12
mem_a2b493336b,2016,15,10
mem_a2b493336b,2017,32,26
mem_a2b493336b,2018,32,22
mem_a2b493336b,2019,30,26
mem_a2b493336b,2020,47,40
mem_a2b493336b,2021,36,28
mem_a2b493336b,2022,39,33
mem_a2b493336b,2023,48,43
mem_a2b493336b,2024,33,24
mem_a2b493336b,2025,32,24
mem_a2b493336b,2026,16,11
mem_a3c1370499,2010,2,0
mem_a3c1370499,2011,1,0
mem_a3c1370499,2013,11,4
mem_a3c1370499,2014,2,2
mem_a3c1370499,2015,3,1
mem_a3c1370499,2016,2,1
mem_a3c1370499,2017,24,17
mem_a3c1370499,2018,3,2
mem_a3c1370499,2019,9,6
mem_a3c1370499,2020,9,7
mem_a3c1370499,2021,14,12
mem_a3c1370499,2022,14,13
mem_a3c1370499,2023,40,39
mem_a3c1370499,2024,20,17
mem_a3c1370499,2025,19,17
mem_a3c1370499,2026,10,9
mem_a4737deb7f,1993,1,0
mem_a4737deb7f,1994,1,0
mem_a4737deb7f,1995,1,1
mem_a4737deb7f,1996,2,0
mem_a4737deb7f,1997,2,1
mem_a4737deb7f,1998,2,0
mem_a4737deb7f,1999,3,1
mem_a4737deb7f,2000,6,3
mem_a4737deb7f,2001,4,1
mem_a4737deb7f,2002,5,3
mem_a4737deb7f,2003,6,5
mem_a4737deb7f,2004,4,3
mem_a4737deb7f,2005,10,8
mem_a4737deb7f,2006,6,5
mem_a4737deb7f,2007,7,4
mem_a4737deb7f,2008,6,5
mem_a4737deb7f,2009,5,4
mem_a4737deb7f,2010,3,2
mem_a4737deb7f,2011,6,2
mem_a4737deb7f,2012,2,1
mem_a4737deb7f,2013,8,2
mem_a4737deb7f,2014,6,5
mem_a4737deb7f,2015,9,5
mem_a4737deb7f,2016,15,13
mem_a4737deb7f,2017,14,8
mem_a4737deb7f,2018,9,6
mem_a4737deb7f,2019,9,4
mem_a4737deb7f,2020,15,10
mem_a4737deb7f,2021,17,7
mem_a4737deb7f,2022,13,8
mem_a4737deb7f,2023,25,19
mem_a4737deb7f,2024,17,16
mem_a4737deb7f,2025,24,21
mem_a4737deb7f,2026,12,11
mem_a4dc36ebf7,2002,1,1
mem_a4dc36ebf7,2003,1,1
mem_a4dc36ebf7,2004,1,1
mem_a4dc36ebf7,2005,1,1
mem_a4dc36ebf7,2006,2,2
mem_a4dc36ebf7,2007,3,2
mem_a4dc36ebf7,2009,2,1
mem_a4dc36ebf7,2012,5,3
mem_a4dc36ebf7,2013,1,0
mem_a4dc36ebf7,2014,2,0
mem_a4dc36ebf7,2015,1,0
mem_a4dc36ebf7,2016,2,0
mem_a4dc36ebf7,2017,7,5
mem_a4dc36ebf7,2018,4,3
mem_a4dc36ebf7,2019,2,1
mem_a4dc36ebf7,2020,5,3
mem_a4dc36ebf7,2021,2,2
mem_a4dc36ebf7,2022,5,1
mem_a4dc36ebf7,2023,4,3
mem_a4dc36ebf7,2024,4,2
mem_a4dc36ebf7,2025,4,4
mem_a4dc36ebf7,2026,3,2
mem_a5c016ebe3,2005,2,1
mem_a5c016ebe3,2009,2,0
mem_a5c016ebe3,2010,1,0
mem_a5c016ebe3,2011,4,0
mem_a5c016ebe3,2012,5,2
mem_a5c016ebe3,2013,4,1
mem_a5c016ebe3,2014,7,2
mem_a5c016ebe3,2015,5,2
mem_a5c016ebe3,2016,2,1
mem_a5c016ebe3,2018,2,2
mem_a5c016ebe3,2019,6,4
mem_a5c016ebe3,2020,4,4
mem_a5c016ebe3,2021,12,7
mem_a5c016ebe3,2022,7,5
mem_a5c016ebe3,2023,9,7
mem_a5c016ebe3,2024,8,5
mem_a5c016ebe3,2025,12,7
mem_a5c016ebe3,2026,6,4
mem_aa5f0f5195,1998,1,0
mem_aa5f0f5195,1999,1,0
mem_aa5f0f5195,2000,1,0
mem_aa5f0f5195,2002,2,1
mem_aa5f0f5195,2003,1,0
mem_aa5f0f5195,2004,2,1
mem_aa5f0f5195,2005,2,2
mem_aa5f0f5195,2006,1,1
mem_aa5f0f5195,2007,2,1
mem_aa5f0f5195,2010,2,1
mem_aa5f0f5195,2022,3,3
mem_aa5f0f5195,2023,1,0
mem_aa8dee36aa,2008,1,0
mem_aa8dee36aa,2010,1,0
mem_aa8dee36aa,2012,1,1
mem_aa8dee36aa,2014,1,1
mem_aa8dee36aa,2015,3,2
mem_aa8dee36aa,2018,3,2
mem_aa8dee36aa,2019,4,2
mem_aa8dee36aa,2020,3,2
mem_aa8dee36aa,2021,2,0
mem_aa8dee36aa,2022,5,1
mem_aa8dee36aa,2023,3,0
mem_aa8dee36aa,2024,5,1
mem_aa8dee36aa,2025,5,2
mem_aa8dee36aa,2026,3,0
mem_aab2d35ab1,1997,1,0
mem_aab2d35ab1,2000,5,0
mem_aab2d35ab1,2001,4,2
mem_aab2d35ab1,2002,3,1
mem_aab2d35ab1,2003,3,1
mem_aab2d35ab1,2004,2,0
mem_aab2d35ab1,2005,1,1
mem_aab2d35ab1,2007,1,0
mem_aab2d35ab1,2009,1,0
mem_aab2d35ab1,2011,3,1
mem_aab2d35ab1,2012,1,1
mem_aab2d35ab1,2013,1,0
mem_aab2d35ab1,2015,1,0
mem_aab2d35ab1,2019,2,2
mem_aab2d35ab1,2020,2,2
mem_aab2d35ab1,2021,1,1
mem_aab2d35ab1,2022,2,2
mem_aab2d35ab1,2023,1,0
mem_aab2d35ab1,2025,1,1
mem_ab3c7cd459,2001,1,0
mem_ab3c7cd459,2003,1,1
mem_ab3c7cd459,2004,1,0
mem_ab3c7cd459,2005,2,2
mem_ab3c7cd459,2006,2,1
mem_ab3c7cd459,2007,2,1
mem_ab3c7cd459,2008,3,2
mem_ab3c7cd459,2009,1,1
mem_ab3c7cd459,2010,1,1
mem_ab3c7cd459,2011,3,3
mem_ab3c7cd459,2013,4,3
mem_ab3c7cd459,2014,9,8
mem_ab3c7cd459,2015,3,3
mem_ab3c7cd459,2016,7,6
mem_ab3c7cd459,2017,9,7
mem_ab3c7cd459,2018,3,2
mem_ab3c7cd459,2019,10,9
mem_ab3c7cd459,2020,10,8
mem_ab3c7cd459,2021,7,6
mem_ab3c7cd459,2022,10,10
mem_ab3c7cd459,2023,5,5
mem_ab3c7cd459,2024,5,4
mem_ab3c7cd459,2025,1,0
mem_ab971ed904,1987,1,1
mem_ab971ed904,1991,2,1
mem_ab971ed904,1992,3,0
mem_ab971ed904,1993,4,1
mem_ab971ed904,1994,3,2
mem_ab971ed904,1995,3,1
mem_ab971ed904,1996,1,0
mem_ab971ed904,1997,2,2
mem_ab971ed904,1998,6,6
mem_ab971ed904,1999,4,0
mem_ab971ed904,2000,5,4
mem_ab971ed904,2001,10,6
mem_ab971ed904,2002,1,1
mem_ab971ed904,2003,5,4
mem_ab971ed904,2004,7,4
mem_ab971ed904,2005,11,6
mem_ab971ed904,2006,16,2
mem_ab971ed904,2007,23,3
mem_ab971ed904,2008,13,2
mem_ab971ed904,2009,20,6
mem_ab971ed904,2010,15,7
mem_ab971ed904,2011,8,4
mem_ab971ed904,2012,10,7
mem_ab971ed904,2013,9,8
mem_ab971ed904,2014,7,6
mem_ab971ed904,2015,6,4
mem_ab971ed904,2016,13,11
mem_ab971ed904,2017,6,3
mem_ab971ed904,2018,8,5
mem_ab971ed904,2019,11,8
mem_ab971ed904,2020,8,3
mem_ab971ed904,2021,11,8
mem_ab971ed904,2022,7,5
mem_ab971ed904,2023,10,9
mem_ab971ed904,2024,10,7
mem_ab971ed904,2025,12,9
mem_ab971ed904,2026,2,2
mem_af812170e5,1994,1,0
mem_af812170e5,1995,2,0
mem_af812170e5,1998,1,1
mem_af812170e5,1999,1,0
mem_af812170e5,2000,1,0
mem_af812170e5,2001,1,0
mem_af812170e5,2002,2,0
mem_af812170e5,2003,1,0
mem_af812170e5,2005,1,1
mem_af812170e5,2007,1,1
mem_af812170e5,2009,2,1
mem_af812170e5,2012,1,0
mem_af812170e5,2013,1,0
mem_af812170e5,2018,2,1
mem_af812170e5,2019,2,0
mem_af812170e5,2021,4,4
mem_af812170e5,2022,2,1
mem_af812170e5,2023,4,3
mem_af812170e5,2024,1,1
mem_af812170e5,2025,5,5
mem_af812170e5,2026,1,1
mem_afba364ee4,2008,1,1
mem_afba364ee4,2010,2,2
mem_afba364ee4,2011,1,1
mem_afba364ee4,2013,1,1
mem_afba364ee4,2014,2,2
mem_afba364ee4,2015,2,2
mem_afba364ee4,2017,4,2
mem_afba364ee4,2018,8,8
mem_afba364ee4,2019,3,3
mem_afba364ee4,2020,6,6
mem_afba364ee4,2021,3,2
mem_afba364ee4,2022,5,5
mem_afba364ee4,2023,7,7
mem_afba364ee4,2024,7,6
mem_afba364ee4,2025,3,3
mem_b07951c366,2008,1,0
mem_b07951c366,2010,2,2
mem_b07951c366,2013,1,1
mem_b07951c366,2016,1,1
mem_b07951c366,2019,8,7
mem_b07951c366,2020,7,7
mem_b07951c366,2021,6,5
mem_b07951c366,2022,6,4
mem_b07951c366,2023,2,1
mem_b07951c366,2024,6,5
mem_b07951c366,2025,18,14
mem_b07951c366,2026,4,4
mem_b1e13c5609,1990,1,0
mem_b1e13c5609,1993,1,0
mem_b1e13c5609,1997,2,1
mem_b1e13c5609,1998,8,1
mem_b1e13c5609,1999,3,2
mem_b1e13c5609,2000,3,1
mem_b1e13c5609,2001,6,3
mem_b1e13c5609,2002,8,6
mem_b1e13c5609,2003,11,2
mem_b1e13c5609,2004,11,4
mem_b1e13c5609,2005,18,10
mem_b1e13c5609,2006,2,2
mem_b1e13c5609,2007,14,9
mem_b1e13c5609,2008,5,1
mem_b1e13c5609,2009,7,3
mem_b1e13c5609,2010,5,2
mem_b1e13c5609,2011,2,1
mem_b1e13c5609,2012,4,2
mem_b1e13c5609,2013,12,9
mem_b1e13c5609,2014,8,6
mem_b1e13c5609,2015,13,9
mem_b1e13c5609,2016,4,4
mem_b1e13c5609,2017,9,4
mem_b1e13c5609,2018,9,6
mem_b1e13c5609,2019,5,4
mem_b1e13c5609,2020,5,5
mem_b1e13c5609,2021,10,8
mem_b1e13c5609,2022,6,5
mem_b1e13c5609,2023,8,5
mem_b1e13c5609,2024,3,3
mem_b1e13c5609,2025,1,0
mem_b4cf5563b0,2006,1,1
mem_b4cf5563b0,2007,1,0
mem_b4cf5563b0,2008,1,1
mem_b4cf5563b0,2009,2,0
mem_b4cf5563b0,2010,3,1
mem_b4cf5563b0,2011,2,0
mem_b4cf5563b0,2012,2,0
mem_b4cf5563b0,2013,1,0
mem_b4cf5563b0,2014,3,0
mem_b4cf5563b0,2015,5,3
mem_b4cf5563b0,2016,4,2
mem_b4cf5563b0,2017,6,5
mem_b4cf5563b0,2018,4,4
mem_b4cf5563b0,2019,7,5
mem_b4cf5563b0,2020,9,7
mem_b4cf5563b0,2021,17,14
mem_b4cf5563b0,2022,8,6
mem_b4cf5563b0,2023,12,8
mem_b4cf5563b0,2024,11,9
mem_b4cf5563b0,2025,12,9
mem_b4cf5563b0,2026,9,9
mem_b5df8f2ae8,1983,3,0
mem_b5df8f2ae8,1984,1,1
mem_b5df8f2ae8,1988,2,0
mem_b5df8f2ae8,1989,1,0
mem_b5df8f2ae8,1992,2,0
mem_b5df8f2ae8,1993,3,0
mem_b5df8f2ae8,1995,3,0
mem_b5df8f2ae8,1997,4,1
mem_b5df8f2ae8,1998,4,1
mem_b5df8f2ae8,1999,6,2
mem_b5df8f2ae8,2000,4,1
mem_b5df8f2ae8,2001,7,4
mem_b5df8f2ae8,2002,3,2
mem_b5df8f2ae8,2003,3,1
mem_b5df8f2ae8,2004,5,2
mem_b5df8f2ae8,2005,7,4
mem_b5df8f2ae8,2006,3,2
mem_b5df8f2ae8,2007,4,4
mem_b5df8f2ae8,2008,10,7
mem_b5df8f2ae8,2009,11,10
mem_b5df8f2ae8,2010,5,4
mem_b5df8f2ae8,2011,8,7
mem_b5df8f2ae8,2012,9,7
mem_b5df8f2ae8,2013,8,7
mem_b5df8f2ae8,2014,11,7
mem_b5df8f2ae8,2015,13,13
mem_b5df8f2ae8,2016,19,18
mem_b5df8f2ae8,2017,14,11
mem_b5df8f2ae8,2018,27,25
mem_b5df8f2ae8,2019,18,17
mem_b5df8f2ae8,2020,20,18
mem_b5df8f2ae8,2021,17,16
mem_b5df8f2ae8,2022,19,18
mem_b5df8f2ae8,2023,19,17
mem_b5df8f2ae8,2024,17,14
mem_b5df8f2ae8,2025,20,19
mem_b5df8f2ae8,2026,16,14
mem_b71fb09d51,2014,1,1
mem_b71fb09d51,2015,2,2
mem_b71fb09d51,2016,3,3
mem_b71fb09d51,2017,6,5
mem_b71fb09d51,2018,6,6
mem_b71fb09d51,2019,7,6
mem_b71fb09d51,2020,9,6
mem_b71fb09d51,2021,7,6
mem_b71fb09d51,2022,4,2
mem_b71fb09d51,2023,7,4
mem_b71fb09d51,2024,4,3
mem_b71fb09d51,2025,6,4
mem_b71fb09d51,2026,3,1
mem_b85b93eb26,2008,1,0
mem_b85b93eb26,2010,1,1
mem_b85b93eb26,2011,2,1
mem_b85b93eb26,2012,1,0
mem_b85b93eb26,2013,3,2
mem_b85b93eb26,2014,3,2
mem_b85b93eb26,2016,3,2
mem_b85b93eb26,2017,5,2
mem_b85b93eb26,2018,1,1
mem_b85b93eb26,2019,1,1
mem_b85b93eb26,2020,4,1
mem_b85b93eb26,2021,4,4
mem_b85b93eb26,2022,2,1
mem_b85b93eb26,2023,3,3
mem_b85b93eb26,2024,3,2
mem_b85b93eb26,2026,3,2
mem_bae50027da,1984,1,0
mem_bae50027da,1987,2,0
mem_bae50027da,1989,1,0
mem_bae50027da,1993,3,0
mem_bae50027da,1994,1,0
mem_bae50027da,1995,1,0
mem_bae50027da,1996,1,0
mem_bae50027da,1998,1,0
mem_bae50027da,1999,1,0
mem_bae50027da,2000,2,2
mem_bae50027da,2001,1,1
mem_bae50027da,2004,1,1
mem_bae50027da,2009,1,1
mem_bae50027da,2015,1,1
mem_bae50027da,2018,1,0
mem_bae50027da,2019,1,0
mem_bae50027da,2020,1,0
mem_bae50027da,2022,1,0
mem_bae50027da,2023,1,1
mem_bb45f29b7a,1999,1,0
mem_bb45f29b7a,2001,3,0
mem_bb45f29b7a,2002,2,0
mem_bb45f29b7a,2003,2,0
mem_bb45f29b7a,2004,1,0
mem_bb45f29b7a,2005,4,2
mem_bb45f29b7a,2006,5,4
mem_bb45f29b7a,2007,6,3
mem_bb45f29b7a,2008,5,1
mem_bb45f29b7a,2009,3,3
mem_bb45f29b7a,2010,10,5
mem_bb45f29b7a,2011,9,2
mem_bb45f29b7a,2012,7,3
mem_bb45f29b7a,2013,9,6
mem_bb45f29b7a,2014,8,4
mem_bb45f29b7a,2015,4,4
mem_bb45f29b7a,2016,4,3
mem_bb45f29b7a,2017,4,4
mem_bb45f29b7a,2018,2,1
mem_bb45f29b7a,2019,1,1
mem_bb45f29b7a,2020,2,2
mem_bb45f29b7a,2021,1,0
mem_bb45f29b7a,2022,1,1
mem_bb45f29b7a,2023,1,1
mem_bb45f29b7a,2024,4,2
mem_bb45f29b7a,2025,6,5
mem_bb45f29b7a,2026,2,2
mem_bb4df08b42,1997,2,1
mem_bb4df08b42,1998,2,1
mem_bb4df08b42,1999,1,0
mem_bb4df08b42,2001,1,0
mem_bb4df08b42,2003,1,0
mem_bb4df08b42,2004,1,1
mem_bb4df08b42,2005,4,1
mem_bb4df08b42,2006,1,0
mem_bb4df08b42,2008,1,1
mem_bb4df08b42,2009,3,2
mem_bb4df08b42,2010,2,0
mem_bb4df08b42,2011,2,2
mem_bb4df08b42,2012,1,1
mem_bb4df08b42,2013,1,0
mem_bb4df08b42,2014,2,0
mem_bb4df08b42,2015,3,1
mem_bb4df08b42,2017,2,2
mem_bb4df08b42,2018,1,0
mem_bb4df08b42,2019,1,1
mem_bb4df08b42,2020,2,1
mem_bb4df08b42,2021,8,4
mem_bb4df08b42,2022,7,4
mem_bb4df08b42,2023,8,7
mem_bb4df08b42,2024,10,5
mem_bb4df08b42,2025,7,4
mem_bb4df08b42,2026,9,5
mem_bb77b86a3f,2006,1,0
mem_bb77b86a3f,2007,1,0
mem_bb77b86a3f,2008,3,1
mem_bb77b86a3f,2009,5,4
mem_bb77b86a3f,2010,4,2
mem_bb77b86a3f,2011,2,1
mem_bb77b86a3f,2012,6,5
mem_bb77b86a3f,2013,5,5
mem_bb77b86a3f,2014,6,2
mem_bb77b86a3f,2015,6,3
mem_bb77b86a3f,2016,7,7
mem_bb77b86a3f,2017,7,3
mem_bb77b86a3f,2018,8,5
mem_bb77b86a3f,2019,4,3
mem_bb77b86a3f,2020,2,1
mem_bb77b86a3f,2021,9,9
mem_bb77b86a3f,2022,3,2
mem_bb77b86a3f,2023,5,5
mem_bb77b86a3f,2024,3,2
mem_bb77b86a3f,2025,7,7
mem_bb77b86a3f,2026,4,2
mem_bc444455ee,1998,1,0
mem_bc444455ee,1999,1,0
mem_bc444455ee,2000,1,0
mem_bc444455ee,2001,2,0
mem_bc444455ee,2002,4,1
mem_bc444455ee,2003,3,1
mem_bc444455ee,2004,1,0
mem_bc444455ee,2006,3,0
mem_bc444455ee,2007,1,1
mem_bc444455ee,2008,1,1
mem_bc444455ee,2009,1,0
mem_bc444455ee,2011,2,1
mem_bc444455ee,2012,2,1
mem_bc444455ee,2013,4,3
mem_bc444455ee,2014,2,2
mem_bc444455ee,2015,4,4
mem_bc444455ee,2016,4,3
mem_bc444455ee,2017,3,2
mem_bc444455ee,2018,6,5
mem_bc444455ee,2019,1,1
mem_bc444455ee,2020,7,7
mem_bc444455ee,2021,7,6
mem_bc444455ee,2022,3,3
mem_bc444455ee,2023,6,5
mem_bc444455ee,2024,3,2
mem_bc444455ee,2025,1,0
mem_bc444455ee,2026,1,1
mem_bd049b4c73,2002,1,0
mem_bd049b4c73,2003,1,0
mem_bd049b4c73,2004,4,3
mem_bd049b4c73,2005,6,2
mem_bd049b4c73,2006,14,4
mem_bd049b4c73,2007,12,5
mem_bd049b4c73,2008,13,8
mem_bd049b4c73,2009,18,10
mem_bd049b4c73,2010,23,17
mem_bd049b4c73,2011,23,13
mem_bd049b4c73,2012,25,14
mem_bd049b4c73,2013,26,12
mem_bd049b4c73,2014,32,21
mem_bd049b4c73,2015,40,28
mem_bd049b4c73,2016,40,31
mem_bd049b4c73,2017,42,30
mem_bd049b4c73,2018,41,30
mem_bd049b4c73,2019,42,28
mem_bd049b4c73,2020,46,34
mem_bd049b4c73,2021,54,40
mem_bd049b4c73,2022,58,37
mem_bd049b4c73,2023,57,41
mem_bd049b4c73,2024,61,42
mem_bd049b4c73,2025,59,45
mem_bd049b4c73,2026,29,18
mem_bd2c4a5235,2002,1,0
mem_bd2c4a5235,2003,2,0
mem_bd2c4a5235,2004,1,0
mem_bd2c4a5235,2006,1,1
mem_bd2c4a5235,2009,3,1
mem_bd2c4a5235,2010,2,1
mem_bd2c4a5235,2012,4,1
mem_bd2c4a5235,2013,1,0
mem_bd2c4a5235,2014,3,1
mem_bd2c4a5235,2015,4,4
mem_bd2c4a5235,2016,4,4
mem_bd2c4a5235,2017,3,3
mem_bd2c4a5235,2018,6,5
mem_bd2c4a5235,2019,5,4
mem_bd2c4a5235,2020,2,1
mem_bd2c4a5235,2021,2,2
mem_bd2c4a5235,2022,4,2
mem_bd2c4a5235,2023,2,0
mem_bd2c4a5235,2024,4,3
mem_bd2c4a5235,2025,2,1
mem_bd2c4a5235,2026,1,1
mem_bd39b96aae,2005,1,0
mem_bd39b96aae,2007,1,0
mem_bd39b96aae,2015,1,0
mem_bd39b96aae,2019,1,0
mem_bd40fc0757,2013,1,0
mem_bd40fc0757,2014,4,2
mem_bd40fc0757,2015,2,2
mem_bd40fc0757,2016,6,2
mem_bd40fc0757,2017,2,2
mem_bd40fc0757,2018,3,1
mem_bd40fc0757,2020,3,0
mem_bd40fc0757,2021,10,7
mem_bd40fc0757,2022,2,2
mem_bd40fc0757,2023,4,3
mem_bd40fc0757,2024,2,0
mem_bd40fc0757,2025,3,3
mem_bd40fc0757,2026,2,0
mem_c05467d02f,2000,3,3
mem_c05467d02f,2001,1,0
mem_c05467d02f,2002,2,2
mem_c05467d02f,2003,7,2
mem_c05467d02f,2004,5,3
mem_c05467d02f,2005,6,2
mem_c05467d02f,2006,8,4
mem_c05467d02f,2007,7,3
mem_c05467d02f,2008,7,4
mem_c05467d02f,2009,6,5
mem_c05467d02f,2010,9,8
mem_c05467d02f,2011,11,6
mem_c05467d02f,2012,5,4
mem_c05467d02f,2013,15,8
mem_c05467d02f,2014,6,5
mem_c05467d02f,2015,13,11
mem_c05467d02f,2016,12,9
mem_c05467d02f,2017,12,6
mem_c05467d02f,2018,9,8
mem_c05467d02f,2019,18,12
mem_c05467d02f,2020,16,11
mem_c05467d02f,2021,28,20
mem_c05467d02f,2022,23,16
mem_c05467d02f,2023,24,19
mem_c05467d02f,2024,23,20
mem_c05467d02f,2025,15,13
mem_c05467d02f,2026,21,17
mem_c162955191,1996,4,3
mem_c162955191,1999,1,1
mem_c162955191,2000,6,5
mem_c162955191,2001,4,4
mem_c162955191,2002,3,2
mem_c162955191,2003,2,1
mem_c162955191,2004,2,0
mem_c162955191,2005,4,4
mem_c162955191,2006,4,2
mem_c162955191,2007,1,0
mem_c162955191,2008,5,3
mem_c162955191,2009,4,1
mem_c162955191,2010,1,0
mem_c162955191,2011,1,0
mem_c162955191,2012,3,3
mem_c162955191,2013,9,5
mem_c162955191,2014,3,2
mem_c162955191,2015,5,3
mem_c162955191,2016,8,6
mem_c162955191,2017,2,2
mem_c162955191,2018,6,4
mem_c162955191,2019,3,3
mem_c162955191,2020,2,1
mem_c162955191,2021,10,10
mem_c162955191,2022,8,6
mem_c162955191,2023,4,3
mem_c162955191,2024,3,3
mem_c162955191,2025,9,8
mem_c162955191,2026,4,4
mem_c2e555277c,2006,1,1
mem_c2e555277c,2012,1,1
mem_c2e555277c,2013,1,0
mem_c2e555277c,2015,3,3
mem_c2e555277c,2021,1,0
mem_c2f73113e5,1994,1,0
mem_c2f73113e5,1995,1,0
mem_c2f73113e5,1997,1,0
mem_c2f73113e5,1998,1,1
mem_c2f73113e5,1999,3,0
mem_c2f73113e5,2000,1,0
mem_c2f73113e5,2002,1,0
mem_c2f73113e5,2003,1,1
mem_c2f73113e5,2005,1,1
mem_c2f73113e5,2006,1,1
mem_c2f73113e5,2007,3,0
mem_c2f73113e5,2008,4,4
mem_c2f73113e5,2010,2,2
mem_c2f73113e5,2011,3,3
mem_c2f73113e5,2012,1,1
mem_c2f73113e5,2013,3,3
mem_c2f73113e5,2014,4,4
mem_c2f73113e5,2015,4,4
mem_c2f73113e5,2016,1,1
mem_c2f73113e5,2017,2,2
mem_c2f73113e5,2018,3,1
mem_c2f73113e5,2019,4,4
mem_c2f73113e5,2020,1,1
mem_c2f73113e5,2021,2,1
mem_c2f73113e5,2022,5,4
mem_c2f73113e5,2023,2,1
mem_c2f73113e5,2024,2,2
mem_c2f73113e5,2025,3,3
mem_c41824b375,1998,1,0
mem_c41824b375,2002,3,2
mem_c41824b375,2003,3,2
mem_c41824b375,2004,3,0
mem_c41824b375,2005,1,0
mem_c41824b375,2007,6,0
mem_c41824b375,2008,2,0
mem_c41824b375,2009,5,2
mem_c41824b375,2010,4,0
mem_c41824b375,2011,11,5
mem_c41824b375,2012,18,5
mem_c41824b375,2013,25,6
mem_c41824b375,2014,11,6
mem_c41824b375,2015,12,8
mem_c41824b375,2016,18,11
mem_c41824b375,2017,23,13
mem_c41824b375,2018,25,11
mem_c41824b375,2019,17,7
mem_c41824b375,2020,10,9
mem_c41824b375,2021,18,13
mem_c41824b375,2022,15,10
mem_c41824b375,2023,19,12
mem_c41824b375,2024,14,12
mem_c41824b375,2025,12,9
mem_c41824b375,2026,11,7
mem_c4a9f6ea6f,2002,1,1
mem_c4a9f6ea6f,2003,2,1
mem_c4a9f6ea6f,2004,1,0
mem_c4a9f6ea6f,2005,3,1
mem_c4a9f6ea6f,2006,1,1
mem_c4a9f6ea6f,2007,4,4
mem_c4a9f6ea6f,2008,10,10
mem_c4a9f6ea6f,2009,5,5
mem_c4a9f6ea6f,2010,5,4
mem_c4a9f6ea6f,2011,5,4
mem_c4a9f6ea6f,2012,2,1
mem_c4a9f6ea6f,2013,5,2
mem_c4a9f6ea6f,2014,8,6
mem_c4a9f6ea6f,2015,5,5
mem_c4a9f6ea6f,2016,10,10
mem_c4a9f6ea6f,2017,3,2
mem_c4a9f6ea6f,2018,5,5
mem_c4a9f6ea6f,2019,4,3
mem_c4a9f6ea6f,2020,7,5
mem_c4a9f6ea6f,2021,4,3
mem_c4a9f6ea6f,2022,2,1
mem_c4a9f6ea6f,2023,5,4
mem_c4a9f6ea6f,2024,5,5
mem_c4a9f6ea6f,2025,3,3
mem_c4a9f6ea6f,2026,1,0
mem_c513c5ffa8,1984,1,0
mem_c513c5ffa8,1987,5,0
mem_c513c5ffa8,1989,1,1
mem_c513c5ffa8,1990,1,0
mem_c513c5ffa8,1993,2,1
mem_c513c5ffa8,1994,6,2
mem_c513c5ffa8,1995,4,1
mem_c513c5ffa8,1996,1,0
mem_c513c5ffa8,1997,2,1
mem_c513c5ffa8,1998,4,2
mem_c513c5ffa8,1999,4,4
mem_c513c5ffa8,2000,5,3
mem_c513c5ffa8,2001,5,2
mem_c513c5ffa8,2002,4,3
mem_c513c5ffa8,2003,2,0
mem_c513c5ffa8,2004,1,0
mem_c513c5ffa8,2005,8,8
mem_c513c5ffa8,2006,8,5
mem_c513c5ffa8,2007,3,3
mem_c513c5ffa8,2008,5,5
mem_c513c5ffa8,2009,2,2
mem_c513c5ffa8,2010,3,3
mem_c513c5ffa8,2011,2,2
mem_c513c5ffa8,2012,4,3
mem_c513c5ffa8,2013,8,3
mem_c513c5ffa8,2014,5,4
mem_c513c5ffa8,2015,6,4
mem_c513c5ffa8,2016,2,2
mem_c513c5ffa8,2017,4,3
mem_c513c5ffa8,2018,4,4
mem_c513c5ffa8,2019,11,10
mem_c513c5ffa8,2020,1,1
mem_c513c5ffa8,2021,5,4
mem_c513c5ffa8,2023,1,1
mem_c513c5ffa8,2024,1,0
mem_c57a8f39f9,2010,1,1
mem_c57a8f39f9,2011,1,1
mem_c57a8f39f9,2012,10,8
mem_c57a8f39f9,2013,5,4
mem_c57a8f39f9,2014,9,8
mem_c57a8f39f9,2015,9,7
mem_c57a8f39f9,2016,6,3
mem_c57a8f39f9,2017,6,5
mem_c57a8f39f9,2018,12,8
mem_c57a8f39f9,2019,8,5
mem_c57a8f39f9,2020,8,6
mem_c57a8f39f9,2021,7,3
mem_c57a8f39f9,2022,10,7
mem_c57a8f39f9,2023,4,1
mem_c57a8f39f9,2024,6,6
mem_c57a8f39f9,2025,5,3
mem_c57a8f39f9,2026,3,3
mem_c6249ccf21,2004,1,0
mem_c6249ccf21,2007,2,2
mem_c6249ccf21,2008,1,0
mem_c6249ccf21,2009,3,2
mem_c6249ccf21,2010,6,5
mem_c6249ccf21,2011,1,1
mem_c6249ccf21,2012,2,1
mem_c6249ccf21,2013,6,5
mem_c6249ccf21,2014,5,4
mem_c6249ccf21,2015,14,11
mem_c6249ccf21,2016,8,6
mem_c6249ccf21,2017,12,9
mem_c6249ccf21,2018,14,8
mem_c6249ccf21,2019,9,5
mem_c6249ccf21,2020,12,9
mem_c6249ccf21,2021,12,10
mem_c6249ccf21,2022,10,10
mem_c6249ccf21,2023,14,12
mem_c6249ccf21,2024,19,14
mem_c6249ccf21,2025,14,11
mem_c6249ccf21,2026,10,9
mem_c6790bf1f8,2007,1,1
mem_c6790bf1f8,2008,1,1
mem_c6790bf1f8,2009,3,3
mem_c6790bf1f8,2010,3,3
mem_c6790bf1f8,2011,4,3
mem_c6790bf1f8,2012,1,1
mem_c6790bf1f8,2013,3,3
mem_c6790bf1f8,2015,2,2
mem_c6790bf1f8,2016,3,1
mem_c6790bf1f8,2017,8,6
mem_c6790bf1f8,2018,2,2
mem_c6790bf1f8,2019,6,6
mem_c6790bf1f8,2020,3,3
mem_c6790bf1f8,2021,6,4
mem_c6790bf1f8,2022,8,7
mem_c6790bf1f8,2023,5,5
mem_c6790bf1f8,2024,4,4
mem_c6790bf1f8,2025,2,2
mem_c6790bf1f8,2026,8,7
mem_c695f19acd,2007,1,0
mem_c695f19acd,2008,2,0
mem_c695f19acd,2009,8,5
mem_c695f19acd,2010,5,3
mem_c695f19acd,2011,8,4
mem_c695f19acd,2012,11,7
mem_c695f19acd,2013,14,12
mem_c695f19acd,2014,8,8
mem_c695f19acd,2015,13,7
mem_c695f19acd,2016,9,2
mem_c695f19acd,2017,21,15
mem_c695f19acd,2018,11,8
mem_c695f19acd,2019,20,15
mem_c695f19acd,2020,34,24
mem_c695f19acd,2021,23,19
mem_c695f19acd,2022,36,31
mem_c695f19acd,2023,27,20
mem_c695f19acd,2024,25,22
mem_c695f19acd,2025,35,29
mem_c695f19acd,2026,23,17
mem_c8e755d8b2,1991,2,0
mem_c8e755d8b2,1992,1,0
mem_c8e755d8b2,1993,1,0
mem_c8e755d8b2,1994,3,2
mem_c8e755d8b2,1995,4,1
mem_c8e755d8b2,1996,1,0
mem_c8e755d8b2,1997,2,0
mem_c8e755d8b2,1998,3,0
mem_c8e755d8b2,1999,2,1
mem_c8e755d8b2,2000,4,0
mem_c8e755d8b2,2001,2,1
mem_c8e755d8b2,2002,2,2
mem_c8e755d8b2,2003,5,3
mem_c8e755d8b2,2004,4,2
mem_c8e755d8b2,2005,6,2
mem_c8e755d8b2,2006,2,1
mem_c8e755d8b2,2007,4,2
mem_c8e755d8b2,2008,4,4
mem_c8e755d8b2,2009,2,2
mem_c8e755d8b2,2010,2,2
mem_c8e755d8b2,2011,1,0
mem_c8e755d8b2,2012,4,2
mem_c8e755d8b2,2013,3,2
mem_c8e755d8b2,2015,2,2
mem_c8e755d8b2,2016,3,3
mem_c8e755d8b2,2017,1,1
mem_c8e755d8b2,2018,1,1
mem_c8e755d8b2,2019,3,1
mem_c8e755d8b2,2020,2,1
mem_c8e755d8b2,2022,3,1
mem_c8e755d8b2,2024,2,1
mem_c8e755d8b2,2026,1,0
mem_c921b46f9f,2004,1,0
mem_c921b46f9f,2005,1,0
mem_c921b46f9f,2006,1,1
mem_c921b46f9f,2010,1,1
mem_c921b46f9f,2013,2,0
mem_c921b46f9f,2014,4,1
mem_c921b46f9f,2015,3,1
mem_c921b46f9f,2016,5,3
mem_c921b46f9f,2017,5,2
mem_c921b46f9f,2018,2,1
mem_c921b46f9f,2019,4,3
mem_c921b46f9f,2021,3,1
mem_c921b46f9f,2022,8,5
mem_c921b46f9f,2023,2,2
mem_c921b46f9f,2024,2,1
mem_c921b46f9f,2025,5,3
mem_c921b46f9f,2026,2,1
mem_c98befafc2,2011,1,0
mem_c98befafc2,2012,1,1
mem_c98befafc2,2013,3,3
mem_c98befafc2,2014,2,2
mem_c98befafc2,2015,3,2
mem_c98befafc2,2016,3,3
mem_c98befafc2,2017,1,0
mem_c98befafc2,2019,2,2
mem_c98befafc2,2021,1,1
mem_c98befafc2,2022,3,3
mem_c98befafc2,2023,2,2
mem_c98befafc2,2024,2,2
mem_c98befafc2,2025,4,3
mem_c98befafc2,2026,2,2
mem_c9fd274cf3,2005,1,0
mem_c9fd274cf3,2006,1,0
mem_c9fd274cf3,2007,2,2
mem_c9fd274cf3,2008,3,3
mem_c9fd274cf3,2009,1,1
mem_c9fd274cf3,2011,1,1
mem_c9fd274cf3,2012,7,6
mem_c9fd274cf3,2013,2,2
mem_c9fd274cf3,2014,8,8
mem_c9fd274cf3,2015,10,5
mem_c9fd274cf3,2016,4,2
mem_c9fd274cf3,2017,4,3
mem_c9fd274cf3,2018,5,3
mem_c9fd274cf3,2019,4,4
mem_c9fd274cf3,2020,8,7
mem_c9fd274cf3,2021,2,2
mem_c9fd274cf3,2022,5,5
mem_c9fd274cf3,2023,1,1
mem_c9fd274cf3,2025,1,1
mem_cb50148558,2009,1,1
mem_cb50148558,2013,1,0
mem_cb50148558,2015,2,2
mem_cb50148558,2017,3,2
mem_cb50148558,2019,3,3
mem_cb50148558,2020,1,1
mem_cb50148558,2021,2,1
mem_cb50148558,2022,4,4
mem_cb50148558,2023,1,1
mem_cb50148558,2024,3,3
mem_cb50148558,2025,6,4
mem_cb50148558,2026,2,2
mem_cc41b0bf3b,1993,1,0
mem_cc41b0bf3b,1994,1,1
mem_cc41b0bf3b,1995,4,1
mem_cc41b0bf3b,1996,3,1
mem_cc41b0bf3b,1997,2,0
mem_cc41b0bf3b,1998,1,1
mem_cc41b0bf3b,1999,1,1
mem_cc41b0bf3b,2001,1,1
mem_cc41b0bf3b,2002,1,1
mem_cc41b0bf3b,2003,4,1
mem_cc41b0bf3b,2004,2,1
mem_cc41b0bf3b,2005,1,0
mem_cc41b0bf3b,2006,2,1
mem_cc41b0bf3b,2007,8,6
mem_cc41b0bf3b,2008,3,2
mem_cc41b0bf3b,2009,5,4
mem_cc41b0bf3b,2010,2,1
mem_cc41b0bf3b,2011,2,1
mem_cc41b0bf3b,2012,3,1
mem_cc41b0bf3b,2013,1,1
mem_cc41b0bf3b,2014,2,2
mem_cc41b0bf3b,2016,2,0
mem_cc41b0bf3b,2017,5,2
mem_cc41b0bf3b,2018,3,2
mem_cc41b0bf3b,2019,5,2
mem_cc41b0bf3b,2020,4,4
mem_cc41b0bf3b,2021,5,2
mem_cc41b0bf3b,2022,4,2
mem_cc41b0bf3b,2023,9,6
mem_cc41b0bf3b,2024,2,0
mem_cc41b0bf3b,2025,4,3
mem_cc41b0bf3b,2026,3,1
mem_cc81cc83d0,1973,1,0
mem_cc81cc83d0,1977,1,0
mem_cc81cc83d0,1979,3,3
mem_cc81cc83d0,1980,3,1
mem_cc81cc83d0,1981,5,2
mem_cc81cc83d0,1982,2,0
mem_cc81cc83d0,1983,1,1
mem_cc81cc83d0,1985,3,2
mem_cc81cc83d0,1986,1,0
mem_cc81cc83d0,1987,3,0
mem_cc81cc83d0,1989,3,1
mem_cc81cc83d0,1990,1,0
mem_cc81cc83d0,1991,8,0
mem_cc81cc83d0,1993,1,0
mem_cc81cc83d0,1994,3,2
mem_cc81cc83d0,1995,7,2
mem_cc81cc83d0,1996,4,1
mem_cc81cc83d0,1997,1,0
mem_cc81cc83d0,1998,2,0
mem_cc81cc83d0,1999,4,2
mem_cc81cc83d0,2000,8,3
mem_cc81cc83d0,2001,2,1
mem_cc81cc83d0,2002,4,2
mem_cc81cc83d0,2003,5,0
mem_cc81cc83d0,2004,3,2
mem_cc81cc83d0,2005,3,0
mem_cc81cc83d0,2007,6,4
mem_cc81cc83d0,2008,2,0
mem_cc81cc83d0,2010,1,0
mem_cc81cc83d0,2013,5,4
mem_cc81cc83d0,2014,1,1
mem_cc81cc83d0,2016,4,1
mem_cc81cc83d0,2017,1,0
mem_cc81cc83d0,2018,3,3
mem_cc81cc83d0,2019,1,1
mem_cc81cc83d0,2020,1,1
mem_cc81cc83d0,2024,1,1
mem_cc81cc83d0,2025,1,1
mem_ccdb9fb0c5,1997,1,0
mem_ccdb9fb0c5,2000,1,1
mem_ccdb9fb0c5,2001,1,0
mem_ccdb9fb0c5,2004,1,0
mem_ccdb9fb0c5,2006,1,1
mem_ccdb9fb0c5,2007,1,1
mem_ccdb9fb0c5,2009,2,2
mem_ccdb9fb0c5,2010,3,3
mem_ccdb9fb0c5,2011,2,1
mem_ccdb9fb0c5,2012,2,1
mem_ccdb9fb0c5,2013,2,1
mem_ccdb9fb0c5,2014,4,3
mem_ccdb9fb0c5,2016,3,3
mem_ccdb9fb0c5,2017,2,1
mem_ccdb9fb0c5,2018,5,4
mem_ccdb9fb0c5,2019,3,2
mem_ccdb9fb0c5,2020,2,2
mem_ccdb9fb0c5,2021,4,4
mem_ccdb9fb0c5,2022,5,3
mem_ccdb9fb0c5,2023,5,3
mem_ccdb9fb0c5,2024,3,2
mem_ccdb9fb0c5,2025,7,7
mem_ccdb9fb0c5,2026,4,2
mem_cce204cb8c,2015,1,1
mem_cd038775a0,2006,1,0
mem_cd038775a0,2007,2,2
mem_cd038775a0,2008,1,0
mem_cd038775a0,2009,2,1
mem_cd038775a0,2010,1,0
mem_cd038775a0,2011,3,1
mem_cd038775a0,2012,1,0
mem_cd038775a0,2013,1,1
mem_cd038775a0,2014,1,0
mem_cd038775a0,2015,1,1
mem_cd038775a0,2016,2,1
mem_cd038775a0,2017,1,0
mem_cd038775a0,2018,1,1
mem_cd038775a0,2023,2,2
mem_cde9968348,2012,1,1
mem_cde9968348,2013,1,1
mem_cde9968348,2015,1,1
mem_cde9968348,2021,2,2
mem_cde9968348,2022,2,1
mem_cdf4fbee8b,2007,1,0
mem_cdf4fbee8b,2008,2,1
mem_cdf4fbee8b,2009,2,1
mem_cdf4fbee8b,2010,4,4
mem_cdf4fbee8b,2011,1,1
mem_cdf4fbee8b,2012,1,0
mem_cdf4fbee8b,2013,4,3
mem_cdf4fbee8b,2014,3,1
mem_cdf4fbee8b,2015,2,2
mem_cdf4fbee8b,2016,3,2
mem_cdf4fbee8b,2017,1,0
mem_cdf4fbee8b,2018,2,1
mem_cdf4fbee8b,2019,8,8
mem_cdf4fbee8b,2021,1,0
mem_cdf4fbee8b,2022,7,6
mem_cdf4fbee8b,2023,5,4
mem_cdf4fbee8b,2024,7,6
mem_cdf4fbee8b,2025,6,6
mem_cdf4fbee8b,2026,8,7
mem_cf320cc4b6,2002,1,0
mem_cf320cc4b6,2003,3,1
mem_cf320cc4b6,2004,2,1
mem_cf320cc4b6,2005,8,8
mem_cf320cc4b6,2006,4,3
mem_cf320cc4b6,2007,2,1
mem_cf320cc4b6,2008,2,2
mem_cf320cc4b6,2009,1,1
mem_cf320cc4b6,2010,4,2
mem_cf320cc4b6,2012,2,1
mem_cf320cc4b6,2013,1,0
mem_cf320cc4b6,2014,1,1
mem_cf320cc4b6,2015,1,1
mem_cf320cc4b6,2018,1,1
mem_cf320cc4b6,2019,1,1
mem_cf878ce2e9,1982,2,0
mem_cf878ce2e9,1984,2,1
mem_cf878ce2e9,1987,1,0
mem_cf878ce2e9,1989,1,0
mem_cf878ce2e9,1991,2,0
mem_cf878ce2e9,1993,1,0
mem_cf878ce2e9,1994,5,3
mem_cf878ce2e9,1995,4,4
mem_cf878ce2e9,1996,2,1
mem_cf878ce2e9,1997,2,1
mem_cf878ce2e9,1999,1,1
mem_cf878ce2e9,2000,1,0
mem_cf878ce2e9,2001,3,2
mem_cf878ce2e9,2002,1,1
mem_cf878ce2e9,2003,4,2
mem_cf878ce2e9,2004,3,3
mem_cf878ce2e9,2005,7,5
mem_cf878ce2e9,2006,5,4
mem_cf878ce2e9,2007,6,2
mem_cf878ce2e9,2008,3,1
mem_cf878ce2e9,2009,1,1
mem_cf878ce2e9,2010,3,2
mem_cf878ce2e9,2011,2,1
mem_cf878ce2e9,2012,2,1
mem_cf878ce2e9,2013,5,3
mem_cf878ce2e9,2014,2,2
mem_cf878ce2e9,2015,3,2
mem_cf878ce2e9,2016,4,3
mem_cf878ce2e9,2017,3,3
mem_cf878ce2e9,2019,2,1
mem_cf878ce2e9,2020,2,1
mem_cf878ce2e9,2021,2,2
mem_cf878ce2e9,2022,4,3
mem_cf878ce2e9,2023,4,4
mem_cf878ce2e9,2024,1,1
mem_cf878ce2e9,2025,1,1
mem_d21327a3f5,2005,1,1
mem_d21327a3f5,2007,1,1
mem_d21327a3f5,2009,4,4
mem_d21327a3f5,2010,9,7
mem_d21327a3f5,2011,3,3
mem_d21327a3f5,2012,5,4
mem_d21327a3f5,2013,7,5
mem_d21327a3f5,2014,7,7
mem_d21327a3f5,2015,10,7
mem_d21327a3f5,2016,8,7
mem_d21327a3f5,2017,15,8
mem_d21327a3f5,2018,21,13
mem_d21327a3f5,2019,31,24
mem_d21327a3f5,2020,22,16
mem_d21327a3f5,2021,14,11
mem_d21327a3f5,2022,21,16
mem_d21327a3f5,2023,21,14
mem_d21327a3f5,2024,11,9
mem_d21327a3f5,2025,16,7
mem_d21327a3f5,2026,15,11
mem_d2301d7aac,2007,2,1
mem_d2301d7aac,2008,2,1
mem_d2301d7aac,2009,1,1
mem_d2301d7aac,2010,1,1
mem_d2301d7aac,2011,1,1
mem_d2301d7aac,2012,2,1
mem_d2301d7aac,2013,5,5
mem_d2301d7aac,2014,2,1
mem_d2301d7aac,2015,1,1
mem_d2301d7aac,2016,1,1
mem_d2301d7aac,2017,2,1
mem_d2301d7aac,2018,3,3
mem_d2301d7aac,2019,1,1
mem_d2301d7aac,2020,3,1
mem_d2301d7aac,2021,3,2
mem_d2301d7aac,2022,3,2
mem_d2301d7aac,2023,2,2
mem_d2301d7aac,2024,1,1
mem_d2301d7aac,2025,1,1
mem_d3cc4c7671,2019,2,1
mem_d3cc4c7671,2020,1,1
mem_d3cc4c7671,2021,3,3
mem_d3cc4c7671,2023,3,3
mem_d3cc4c7671,2024,4,3
mem_d3cc4c7671,2025,5,4
mem_d3cc4c7671,2026,2,2
mem_d4fd16a2fe,2002,1,1
mem_d4fd16a2fe,2005,2,0
mem_d4fd16a2fe,2006,1,1
mem_d4fd16a2fe,2018,2,2
mem_d4fd16a2fe,2020,1,1
mem_d4fd16a2fe,2023,1,1
mem_d4fd16a2fe,2024,1,1
mem_d4fd16a2fe,2025,1,1
mem_d5f9a5e6ba,1980,1,1
mem_d5f9a5e6ba,1981,3,1
mem_d5f9a5e6ba,1983,1,1
mem_d5f9a5e6ba,1985,3,0
mem_d5f9a5e6ba,1986,5,1
mem_d5f9a5e6ba,1987,2,0
mem_d5f9a5e6ba,1988,2,0
mem_d5f9a5e6ba,1989,2,1
mem_d5f9a5e6ba,1990,1,0
mem_d5f9a5e6ba,1991,1,0
mem_d5f9a5e6ba,1992,4,1
mem_d5f9a5e6ba,1993,6,0
mem_d5f9a5e6ba,1994,1,1
mem_d5f9a5e6ba,1995,2,1
mem_d5f9a5e6ba,1996,2,1
mem_d5f9a5e6ba,1997,1,0
mem_d5f9a5e6ba,1998,5,0
mem_d5f9a5e6ba,1999,4,0
mem_d5f9a5e6ba,2000,4,2
mem_d5f9a5e6ba,2001,4,1
mem_d5f9a5e6ba,2002,3,1
mem_d5f9a5e6ba,2003,4,1
mem_d5f9a5e6ba,2004,6,2
mem_d5f9a5e6ba,2005,4,2
mem_d5f9a5e6ba,2006,4,3
mem_d5f9a5e6ba,2007,6,4
mem_d5f9a5e6ba,2008,6,1
mem_d5f9a5e6ba,2009,6,6
mem_d5f9a5e6ba,2010,7,5
mem_d5f9a5e6ba,2011,3,2
mem_d5f9a5e6ba,2012,10,9
mem_d5f9a5e6ba,2013,15,12
mem_d5f9a5e6ba,2014,14,12
mem_d5f9a5e6ba,2015,10,9
mem_d5f9a5e6ba,2016,11,9
mem_d5f9a5e6ba,2017,13,12
mem_d5f9a5e6ba,2018,28,26
mem_d5f9a5e6ba,2019,13,13
mem_d5f9a5e6ba,2020,7,6
mem_d5f9a5e6ba,2021,16,16
mem_d5f9a5e6ba,2022,18,17
mem_d5f9a5e6ba,2023,10,6
mem_d5f9a5e6ba,2024,10,6
mem_d5f9a5e6ba,2025,3,3
mem_d5f9a5e6ba,2026,4,3
mem_d63e7deb2d,2005,1,1
mem_d63e7deb2d,2007,1,0
mem_d63e7deb2d,2008,1,1
mem_d63e7deb2d,2009,1,0
mem_d63e7deb2d,2010,1,0
mem_d63e7deb2d,2011,1,0
mem_d63e7deb2d,2012,3,1
mem_d63e7deb2d,2013,3,1
mem_d63e7deb2d,2014,1,0
mem_d63e7deb2d,2015,3,2
mem_d63e7deb2d,2016,7,5
mem_d63e7deb2d,2017,5,4
mem_d63e7deb2d,2018,6,5
mem_d63e7deb2d,2019,6,4
mem_d63e7deb2d,2020,3,2
mem_d63e7deb2d,2021,4,4
mem_d63e7deb2d,2022,5,4
mem_d63e7deb2d,2023,5,5
mem_d63e7deb2d,2024,6,4
mem_d63e7deb2d,2025,5,4
mem_d63e7deb2d,2026,5,5
mem_d670519f7b,1981,3,0
mem_d670519f7b,1982,1,0
mem_d670519f7b,1984,4,0
mem_d670519f7b,1985,2,0
mem_d670519f7b,1986,2,1
mem_d670519f7b,1987,6,0
mem_d670519f7b,1988,2,1
mem_d670519f7b,1989,4,0
mem_d670519f7b,1990,3,1
mem_d670519f7b,1991,4,0
mem_d670519f7b,1994,5,0
mem_d670519f7b,1995,5,3
mem_d670519f7b,1996,7,2
mem_d670519f7b,1997,8,3
mem_d670519f7b,1998,5,1
mem_d670519f7b,1999,11,2
mem_d670519f7b,2000,8,3
mem_d670519f7b,2001,11,1
mem_d670519f7b,2002,11,6
mem_d670519f7b,2003,9,4
mem_d670519f7b,2004,9,4
mem_d670519f7b,2005,8,3
mem_d670519f7b,2006,20,9
mem_d670519f7b,2007,16,10
mem_d670519f7b,2008,11,7
mem_d670519f7b,2009,8,4
mem_d670519f7b,2010,8,5
mem_d670519f7b,2011,9,5
mem_d670519f7b,2012,5,4
mem_d670519f7b,2013,7,3
mem_d670519f7b,2014,5,4
mem_d670519f7b,2015,10,5
mem_d670519f7b,2016,16,15
mem_d670519f7b,2017,11,7
mem_d670519f7b,2018,13,12
mem_d670519f7b,2019,8,6
mem_d670519f7b,2020,17,12
mem_d670519f7b,2021,17,11
mem_d670519f7b,2022,16,14
mem_d670519f7b,2023,21,11
mem_d670519f7b,2024,11,9
mem_d670519f7b,2025,14,12
mem_d670519f7b,2026,4,4
mem_d71eba52b6,1992,3,2
mem_d71eba52b6,1993,1,1
mem_d71eba52b6,1994,1,0
mem_d71eba52b6,1996,4,2
mem_d71eba52b6,1997,3,2
mem_d71eba52b6,1998,6,2
mem_d71eba52b6,1999,1,1
mem_d71eba52b6,2001,4,1
mem_d71eba52b6,2002,3,1
mem_d71eba52b6,2003,3,3
mem_d71eba52b6,2004,8,5
mem_d71eba52b6,2005,3,2
mem_d71eba52b6,2006,2,2
mem_d71eba52b6,2007,9,6
mem_d71eba52b6,2008,10,5
mem_d71eba52b6,2009,6,4
mem_d71eba52b6,2010,4,4
mem_d71eba52b6,2011,5,4
mem_d71eba52b6,2012,4,4
mem_d71eba52b6,2013,3,1
mem_d71eba52b6,2014,8,6
mem_d71eba52b6,2015,8,5
mem_d71eba52b6,2016,10,6
mem_d71eba52b6,2017,5,5
mem_d71eba52b6,2018,8,8
mem_d71eba52b6,2019,6,6
mem_d71eba52b6,2020,4,3
mem_d71eba52b6,2021,7,6
mem_d71eba52b6,2022,6,5
mem_d71eba52b6,2023,2,2
mem_d71eba52b6,2024,2,2
mem_d71eba52b6,2025,8,6
mem_d71eba52b6,2026,4,3
mem_d724fe83a8,1982,1,0
mem_d724fe83a8,1983,1,0
mem_d724fe83a8,1984,1,0
mem_d724fe83a8,1986,2,1
mem_d724fe83a8,1988,2,0
mem_d724fe83a8,1989,3,0
mem_d724fe83a8,1990,1,0
mem_d724fe83a8,1992,1,1
mem_d724fe83a8,1993,1,0
mem_d724fe83a8,1994,3,1
mem_d724fe83a8,1995,2,1
mem_d724fe83a8,1996,3,1
mem_d724fe83a8,1997,4,1
mem_d724fe83a8,1998,2,2
mem_d724fe83a8,1999,3,0
mem_d724fe83a8,2000,1,1
mem_d724fe83a8,2001,4,2
mem_d724fe83a8,2002,12,5
mem_d724fe83a8,2003,11,5
mem_d724fe83a8,2004,6,2
mem_d724fe83a8,2005,11,4
mem_d724fe83a8,2006,13,2
mem_d724fe83a8,2007,16,9
mem_d724fe83a8,2008,19,8
mem_d724fe83a8,2009,3,1
mem_d724fe83a8,2010,23,15
mem_d724fe83a8,2011,6,3
mem_d724fe83a8,2012,18,6
mem_d724fe83a8,2013,7,3
mem_d724fe83a8,2014,8,4
mem_d724fe83a8,2015,9,7
mem_d724fe83a8,2016,8,4
mem_d724fe83a8,2017,2,0
mem_d724fe83a8,2018,4,3
mem_d724fe83a8,2019,7,6
mem_d724fe83a8,2020,3,3
mem_d724fe83a8,2021,6,5
mem_d724fe83a8,2022,4,3
mem_d724fe83a8,2023,7,6
mem_d724fe83a8,2024,4,2
mem_d724fe83a8,2025,10,8
mem_d724fe83a8,2026,5,3
mem_d731bc35cc,2006,1,1
mem_d731bc35cc,2007,2,1
mem_d731bc35cc,2008,1,1
mem_d731bc35cc,2009,4,4
mem_d731bc35cc,2010,2,2
mem_d731bc35cc,2012,1,1
mem_d731bc35cc,2013,1,1
mem_d731bc35cc,2014,2,2
mem_d731bc35cc,2015,2,2
mem_d731bc35cc,2016,1,1
mem_d731bc35cc,2017,2,0
mem_d731bc35cc,2018,1,1
mem_d731bc35cc,2019,1,1
mem_d731bc35cc,2020,2,1
mem_d731bc35cc,2021,2,2
mem_d731bc35cc,2022,4,4
mem_d731bc35cc,2023,4,4
mem_d731bc35cc,2024,1,1
mem_d731bc35cc,2025,5,4
mem_d994767332,1992,3,0
mem_d994767332,1995,2,1
mem_d994767332,1996,4,2
mem_d994767332,1997,11,9
mem_d994767332,1998,6,6
mem_d994767332,1999,10,4
mem_d994767332,2000,3,1
mem_d994767332,2001,1,1
mem_d994767332,2002,1,1
mem_d994767332,2003,8,2
mem_d994767332,2004,7,2
mem_d994767332,2005,5,1
mem_d994767332,2006,6,1
mem_d994767332,2007,1,0
mem_d994767332,2008,9,1
mem_d994767332,2009,4,3
mem_d994767332,2010,10,5
mem_d994767332,2011,14,6
mem_d994767332,2012,15,10
mem_d994767332,2013,21,8
mem_d994767332,2014,37,17
mem_d994767332,2015,48,30
mem_d994767332,2016,36,21
mem_d994767332,2017,34,24
mem_d994767332,2018,36,23
mem_d994767332,2019,52,33
mem_d994767332,2020,79,50
mem_d994767332,2021,78,45
mem_d994767332,2022,62,42
mem_d994767332,2023,40,25
mem_d994767332,2024,46,25
mem_d994767332,2025,72,37
mem_d994767332,2026,30,21
mem_da080c48f2,1999,1,1
mem_da080c48f2,2000,1,1
mem_da080c48f2,2020,1,1
mem_da080c48f2,2021,3,3
mem_da080c48f2,2023,4,2
mem_da080c48f2,2025,3,3
mem_db7a5c0e29,2003,1,1
mem_db7a5c0e29,2010,5,3
mem_db7a5c0e29,2011,5,3
mem_db7a5c0e29,2012,11,2
mem_db7a5c0e29,2013,7,2
mem_db7a5c0e29,2014,4,4
mem_db7a5c0e29,2015,6,3
mem_db7a5c0e29,2016,2,2
mem_db7a5c0e29,2017,5,2
mem_db7a5c0e29,2018,6,2
mem_db7a5c0e29,2019,3,3
mem_db7a5c0e29,2020,2,2
mem_db7a5c0e29,2021,4,3
mem_db7a5c0e29,2022,5,5
mem_db7a5c0e29,2023,3,3
mem_db7a5c0e29,2024,8,7
mem_db7a5c0e29,2025,10,8
mem_db7a5c0e29,2026,4,4
mem_db95c2910e,2009,3,3
mem_db95c2910e,2010,4,3
mem_db95c2910e,2011,1,1
mem_db95c2910e,2012,3,3
mem_db95c2910e,2013,6,5
mem_db95c2910e,2014,9,5
mem_db95c2910e,2015,2,0
mem_db95c2910e,2016,8,5
mem_db95c2910e,2017,8,6
mem_db95c2910e,2018,24,15
mem_db95c2910e,2019,16,11
mem_db95c2910e,2020,14,13
mem_db95c2910e,2021,21,12
mem_db95c2910e,2022,12,8
mem_db95c2910e,2023,6,6
mem_db95c2910e,2024,3,2
mem_db95c2910e,2025,12,8
mem_db95c2910e,2026,10,9
mem_dd9d2855a1,2012,1,1
mem_dd9d2855a1,2014,2,2
mem_dd9d2855a1,2015,4,4
mem_dd9d2855a1,2016,4,4
mem_dd9d2855a1,2017,5,5
mem_dd9d2855a1,2018,6,5
mem_dd9d2855a1,2019,11,11
mem_dd9d2855a1,2020,5,4
mem_dd9d2855a1,2022,11,9
mem_dd9d2855a1,2023,5,4
mem_dd9d2855a1,2024,14,13
mem_dd9d2855a1,2025,13,12
mem_dd9d2855a1,2026,13,13
mem_de66826bad,2010,2,2
mem_de66826bad,2011,1,1
mem_de66826bad,2012,1,1
mem_de66826bad,2013,2,2
mem_de66826bad,2014,1,1
mem_de66826bad,2015,4,4
mem_de66826bad,2016,4,2
mem_de66826bad,2019,6,6
mem_de66826bad,2020,4,4
mem_de66826bad,2021,16,14
mem_de66826bad,2022,16,14
mem_de66826bad,2023,11,10
mem_de66826bad,2024,17,16
mem_de66826bad,2025,18,14
mem_de66826bad,2026,7,7
mem_df3ac5151d,2006,2,2
mem_df3ac5151d,2007,1,1
mem_df3ac5151d,2008,1,0
mem_df3ac5151d,2009,2,2
mem_df3ac5151d,2010,2,2
mem_df3ac5151d,2011,5,4
mem_df3ac5151d,2012,2,2
mem_df3ac5151d,2013,2,0
mem_df3ac5151d,2014,5,2
mem_df3ac5151d,2015,6,2
mem_df3ac5151d,2016,3,3
mem_df3ac5151d,2017,1,1
mem_df3ac5151d,2018,1,1
mem_df3ac5151d,2019,2,2
mem_df3ac5151d,2020,2,2
mem_df3ac5151d,2021,3,3
mem_df3ac5151d,2022,2,1
mem_df3ac5151d,2023,5,3
mem_df3ac5151d,2024,3,2
mem_df3ac5151d,2025,3,3
mem_df3ac5151d,2026,6,3
mem_dfec7f0e37,1994,1,1
mem_dfec7f0e37,1995,3,2
mem_dfec7f0e37,1996,3,1
mem_dfec7f0e37,1997,2,2
mem_dfec7f0e37,1998,1,0
mem_dfec7f0e37,1999,1,0
mem_dfec7f0e37,2002,2,1
mem_dfec7f0e37,2003,3,3
mem_dfec7f0e37,2004,3,0
mem_dfec7f0e37,2005,3,0
mem_dfec7f0e37,2006,3,1
mem_dfec7f0e37,2007,3,2
mem_dfec7f0e37,2009,3,2
mem_dfec7f0e37,2010,3,2
mem_dfec7f0e37,2011,1,1
mem_dfec7f0e37,2012,3,0
mem_dfec7f0e37,2013,2,0
mem_dfec7f0e37,2014,4,2
mem_dfec7f0e37,2015,5,4
mem_dfec7f0e37,2016,5,3
mem_dfec7f0e37,2017,3,0
mem_dfec7f0e37,2018,6,6
mem_dfec7f0e37,2019,7,5
mem_dfec7f0e37,2020,11,8
mem_dfec7f0e37,2021,9,7
mem_dfec7f0e37,2022,4,3
mem_dfec7f0e37,2023,8,6
mem_dfec7f0e37,2024,5,2
mem_dfec7f0e37,2025,4,1
mem_dfec7f0e37,2026,5,4
mem_e11e633737,2018,1,1
mem_e11e633737,2019,2,2
mem_e11e633737,2020,5,4
mem_e11e633737,2021,2,2
mem_e11e633737,2022,8,5
mem_e11e633737,2023,8,7
mem_e11e633737,2024,3,2
mem_e11e633737,2025,7,5
mem_e11e633737,2026,4,4
mem_e29ecf6f48,2012,1,0
mem_e29ecf6f48,2014,1,1
mem_e29ecf6f48,2015,1,1
mem_e29ecf6f48,2016,1,1
mem_e29ecf6f48,2017,1,0
mem_e29ecf6f48,2018,2,2
mem_e29ecf6f48,2019,2,2
mem_e29ecf6f48,2020,5,3
mem_e29ecf6f48,2021,3,3
mem_e29ecf6f48,2022,7,5
mem_e29ecf6f48,2023,2,2
mem_e29ecf6f48,2024,2,2
mem_e29ecf6f48,2025,3,3
mem_e29ecf6f48,2026,5,5
mem_e3c0beb5a0,1970,1,1
mem_e3c0beb5a0,1971,2,0
mem_e3c0beb5a0,1973,1,0
mem_e3c0beb5a0,1976,1,1
mem_e3c0beb5a0,1978,2,1
mem_e3c0beb5a0,1979,2,1
mem_e3c0beb5a0,1981,2,2
mem_e3c0beb5a0,1983,1,1
mem_e3c0beb5a0,1984,1,1
mem_e3c0beb5a0,1985,1,1
mem_e3c0beb5a0,1986,1,1
mem_e3c0beb5a0,1987,3,2
mem_e3c0beb5a0,1989,2,0
mem_e3c0beb5a0,1990,2,1
mem_e3c0beb5a0,1991,2,2
mem_e3c0beb5a0,1993,2,2
mem_e3c0beb5a0,1995,1,1
mem_e3c0beb5a0,1996,2,2
mem_e3c0beb5a0,1998,1,0
mem_e3c0beb5a0,2000,1,0
mem_e3c0beb5a0,2001,1,1
mem_e3c0beb5a0,2002,1,0
mem_e3c0beb5a0,2003,1,0
mem_e48b8f0a4b,2001,2,1
mem_e48b8f0a4b,2003,1,0
mem_e48b8f0a4b,2004,4,3
mem_e48b8f0a4b,2005,4,2
mem_e48b8f0a4b,2006,4,1
mem_e48b8f0a4b,2007,1,0
mem_e48b8f0a4b,2009,3,3
mem_e48b8f0a4b,2010,2,1
mem_e48b8f0a4b,2011,1,0
mem_e48b8f0a4b,2012,3,2
mem_e48b8f0a4b,2013,5,4
mem_e48b8f0a4b,2014,2,1
mem_e48b8f0a4b,2015,8,5
mem_e48b8f0a4b,2016,6,4
mem_e48b8f0a4b,2017,7,4
mem_e48b8f0a4b,2018,7,3
mem_e48b8f0a4b,2019,12,8
mem_e48b8f0a4b,2020,19,13
mem_e48b8f0a4b,2021,16,11
mem_e48b8f0a4b,2022,18,15
mem_e48b8f0a4b,2023,17,14
mem_e48b8f0a4b,2024,20,15
mem_e48b8f0a4b,2025,18,11
mem_e48b8f0a4b,2026,22,21
mem_e4ccd8bf83,1973,1,0
mem_e4ccd8bf83,1974,1,0
mem_e4ccd8bf83,1975,1,0
mem_e4ccd8bf83,1976,5,0
mem_e4ccd8bf83,1977,3,1
mem_e4ccd8bf83,1978,3,0
mem_e4ccd8bf83,1979,4,0
mem_e4ccd8bf83,1980,5,1
mem_e4ccd8bf83,1981,6,3
mem_e4ccd8bf83,1982,11,2
mem_e4ccd8bf83,1983,3,2
mem_e4ccd8bf83,1984,5,2
mem_e4ccd8bf83,1985,13,12
mem_e4ccd8bf83,1986,7,5
mem_e4ccd8bf83,1987,7,2
mem_e4ccd8bf83,1988,10,7
mem_e4ccd8bf83,1989,7,5
mem_e4ccd8bf83,1990,7,5
mem_e4ccd8bf83,1991,6,3
mem_e4ccd8bf83,1992,6,4
mem_e4ccd8bf83,1993,10,8
mem_e4ccd8bf83,1994,10,7
mem_e4ccd8bf83,1995,11,8
mem_e4ccd8bf83,1996,6,3
mem_e4ccd8bf83,1997,7,5
mem_e4ccd8bf83,1998,5,2
mem_e4ccd8bf83,1999,7,3
mem_e4ccd8bf83,2000,6,4
mem_e4ccd8bf83,2001,5,2
mem_e4ccd8bf83,2002,3,2
mem_e4ccd8bf83,2003,10,3
mem_e4ccd8bf83,2004,6,4
mem_e4ccd8bf83,2005,10,6
mem_e4ccd8bf83,2006,10,6
mem_e4ccd8bf83,2007,7,6
mem_e4ccd8bf83,2008,11,7
mem_e4ccd8bf83,2009,9,6
mem_e4ccd8bf83,2010,10,4
mem_e4ccd8bf83,2011,4,2
mem_e4ccd8bf83,2012,7,7
mem_e4ccd8bf83,2013,8,5
mem_e4ccd8bf83,2015,6,6
mem_e4ccd8bf83,2016,3,3
mem_e4ccd8bf83,2017,4,4
mem_e4ccd8bf83,2018,4,4
mem_e4ccd8bf83,2019,7,4
mem_e4ccd8bf83,2020,5,5
mem_e4ccd8bf83,2021,8,6
mem_e4ccd8bf83,2022,3,3
mem_e4ccd8bf83,2023,1,1
mem_e4ccd8bf83,2024,5,5
mem_e4ccd8bf83,2026,1,0
mem_e5d438a73d,1974,1,0
mem_e5d438a73d,1976,2,0
mem_e5d438a73d,1977,2,0
mem_e5d438a73d,1978,1,0
mem_e5d438a73d,1980,1,0
mem_e5d438a73d,1981,2,0
mem_e5d438a73d,1983,2,0
mem_e5d438a73d,1984,3,0
mem_e5d438a73d,1985,1,0
mem_e5d438a73d,1986,3,0
mem_e5d438a73d,1988,1,0
mem_e5d438a73d,1990,1,0
mem_e5d438a73d,1991,1,1
mem_e5d438a73d,1992,3,0
mem_e5d438a73d,1993,4,0
mem_e5d438a73d,1994,9,3
mem_e5d438a73d,1995,3,1
mem_e5d438a73d,1996,3,1
mem_e5d438a73d,1997,2,0
mem_e5d438a73d,1998,4,3
mem_e5d438a73d,1999,3,1
mem_e5d438a73d,2000,2,1
mem_e5d438a73d,2001,7,2
mem_e5d438a73d,2002,2,2
mem_e5d438a73d,2003,3,1
mem_e5d438a73d,2004,2,2
mem_e5d438a73d,2005,4,2
mem_e5d438a73d,2006,2,1
mem_e5d438a73d,2007,5,3
mem_e5d438a73d,2008,4,2
mem_e5d438a73d,2009,5,3
mem_e5d438a73d,2010,2,1
mem_e5d438a73d,2011,4,0
mem_e5d438a73d,2012,3,2
mem_e5d438a73d,2014,3,2
mem_e5d438a73d,2016,1,0
mem_e5d438a73d,2017,1,1
mem_e5d438a73d,2019,5,2
mem_e5fb693498,1990,1,1
mem_e5fb693498,1992,5,3
mem_e5fb693498,1993,5,2
mem_e5fb693498,1994,10,7
mem_e5fb693498,1995,4,2
mem_e5fb693498,1996,3,1
mem_e5fb693498,1997,1,1
mem_e5fb693498,1999,2,0
mem_e5fb693498,2000,2,2
mem_e5fb693498,2001,1,0
mem_e5fb693498,2002,1,1
mem_e5fb693498,2003,2,1
mem_e5fb693498,2004,2,0
mem_e5fb693498,2005,2,0
mem_e5fb693498,2006,2,0
mem_e5fb693498,2007,3,1
mem_e5fb693498,2008,5,1
mem_e5fb693498,2009,7,3
mem_e5fb693498,2010,5,4
mem_e5fb693498,2011,3,3
mem_e5fb693498,2012,2,2
mem_e5fb693498,2013,4,1
mem_e5fb693498,2014,7,2
mem_e5fb693498,2015,3,2
mem_e5fb693498,2016,2,1
mem_e5fb693498,2017,5,0
mem_e5fb693498,2018,4,2
mem_e5fb693498,2019,4,3
mem_e5fb693498,2020,12,5
mem_e5fb693498,2021,4,2
mem_e5fb693498,2022,6,5
mem_e5fb693498,2023,13,10
mem_e5fb693498,2024,2,1
mem_e5fb693498,2025,7,6
mem_e5fb693498,2026,4,1
mem_e7440b475b,2003,1,0
mem_e7440b475b,2004,1,1
mem_e7440b475b,2010,1,0
mem_e7440b475b,2012,2,1
mem_e7440b475b,2016,1,1
mem_e7c4e90dd1,2002,4,2
mem_e7c4e90dd1,2004,1,0
mem_e7c4e90dd1,2005,3,2
mem_e7c4e90dd1,2006,3,1
mem_e7c4e90dd1,2007,3,0
mem_e7c4e90dd1,2008,1,0
mem_e7c4e90dd1,2009,2,1
mem_e7c4e90dd1,2010,3,3
mem_e7c4e90dd1,2011,8,5
mem_e7c4e90dd1,2012,7,6
mem_e7c4e90dd1,2013,11,4
mem_e7c4e90dd1,2014,10,7
mem_e7c4e90dd1,2015,7,3
mem_e7c4e90dd1,2016,11,7
mem_e7c4e90dd1,2017,12,9
mem_e7c4e90dd1,2018,16,8
mem_e7c4e90dd1,2019,8,6
mem_e7c4e90dd1,2020,11,8
mem_e7c4e90dd1,2021,16,8
mem_e7c4e90dd1,2022,18,12
mem_e7c4e90dd1,2023,10,10
mem_e7c4e90dd1,2024,15,13
mem_e7c4e90dd1,2025,23,18
mem_e7c4e90dd1,2026,11,9
mem_e7de00f126,2020,1,0
mem_e92a3a57cf,1999,1,1
mem_e92a3a57cf,2000,1,1
mem_e92a3a57cf,2001,2,0
mem_e92a3a57cf,2002,6,4
mem_e92a3a57cf,2003,6,5
mem_e92a3a57cf,2004,3,1
mem_e92a3a57cf,2005,1,0
mem_e92a3a57cf,2007,1,1
mem_e92a3a57cf,2008,5,2
mem_e92a3a57cf,2010,2,2
mem_e92a3a57cf,2011,2,1
mem_e92a3a57cf,2012,1,0
mem_e92a3a57cf,2013,4,2
mem_e92a3a57cf,2014,6,3
mem_e92a3a57cf,2015,6,3
mem_e92a3a57cf,2016,4,2
mem_e92a3a57cf,2018,3,3
mem_e92a3a57cf,2019,2,1
mem_e92a3a57cf,2020,3,3
mem_e92a3a57cf,2021,1,1
mem_e92a3a57cf,2022,1,0
mem_e92a3a57cf,2023,2,1
mem_e92a3a57cf,2024,2,1
mem_e92a3a57cf,2025,2,2
mem_e92a3a57cf,2026,1,1
mem_e99045f0a4,2002,4,0
mem_e99045f0a4,2003,1,0
mem_e99045f0a4,2004,2,0
mem_e99045f0a4,2005,2,0
mem_e99045f0a4,2006,1,1
mem_e99045f0a4,2007,4,1
mem_e99045f0a4,2008,3,0
mem_e99045f0a4,2009,2,0
mem_e99045f0a4,2010,3,0
mem_e99045f0a4,2011,7,2
mem_e99045f0a4,2012,2,0
mem_e99045f0a4,2013,2,1
mem_e99045f0a4,2014,1,0
mem_e99045f0a4,2015,3,1
mem_e99045f0a4,2016,4,1
mem_e99045f0a4,2017,1,0
mem_e99045f0a4,2018,4,0
mem_e99045f0a4,2019,2,0
mem_e99045f0a4,2020,2,0
mem_e99045f0a4,2021,2,1
mem_e99045f0a4,2022,2,1
mem_e99045f0a4,2023,2,1
mem_e99045f0a4,2024,3,1
mem_eba13da887,2014,2,2
mem_eba13da887,2015,2,2
mem_eba13da887,2016,3,3
mem_eba13da887,2017,8,3
mem_eba13da887,2018,5,3
mem_eba13da887,2019,3,3
mem_eba13da887,2020,6,4
mem_eba13da887,2021,8,7
mem_eba13da887,2022,5,4
mem_eba13da887,2023,10,5
mem_eba13da887,2024,14,11
mem_eba13da887,2025,8,8
mem_eba13da887,2026,12,8
mem_ecc4765dd3,2008,1,1
mem_ecc4765dd3,2009,1,1
mem_ecc4765dd3,2010,1,1
mem_ecc4765dd3,2012,1,1
mem_ecc4765dd3,2013,1,1
mem_ecc4765dd3,2014,2,2
mem_ecc4765dd3,2015,2,2
mem_ecc4765dd3,2016,2,2
mem_ecc4765dd3,2017,1,0
mem_ecc4765dd3,2018,1,1
mem_ecc4765dd3,2019,4,4
mem_ecc4765dd3,2020,6,4
mem_ecc4765dd3,2021,4,3
mem_ecc4765dd3,2022,1,1
mem_ecc4765dd3,2025,1,1
mem_ecc4765dd3,2026,1,1
mem_ee6b1c7368,1987,1,0
mem_ee6b1c7368,1988,1,0
mem_ee6b1c7368,1991,2,1
mem_ee6b1c7368,1992,1,0
mem_ee6b1c7368,1993,1,0
mem_ee6b1c7368,1994,1,0
mem_ee6b1c7368,1995,1,0
mem_ee6b1c7368,1997,2,0
mem_ee6b1c7368,1998,3,1
mem_ee6b1c7368,1999,1,0
mem_ee6b1c7368,2000,4,2
mem_ee6b1c7368,2001,5,2
mem_ee6b1c7368,2002,3,3
mem_ee6b1c7368,2003,2,1
mem_ee6b1c7368,2004,2,2
mem_ee6b1c7368,2005,3,2
mem_ee6b1c7368,2006,3,3
mem_ee6b1c7368,2007,3,3
mem_ee6b1c7368,2008,5,4
mem_ee6b1c7368,2009,2,2
mem_ee6b1c7368,2010,2,2
mem_ee6b1c7368,2011,2,0
mem_ee6b1c7368,2012,4,3
mem_ee6b1c7368,2013,9,5
mem_ee6b1c7368,2014,10,9
mem_ee6b1c7368,2015,10,7
mem_ee6b1c7368,2016,15,11
mem_ee6b1c7368,2017,15,11
mem_ee6b1c7368,2018,14,11
mem_ee6b1c7368,2019,17,17
mem_ee6b1c7368,2020,19,15
mem_ee6b1c7368,2021,21,14
mem_ee6b1c7368,2022,19,16
mem_ee6b1c7368,2023,23,19
mem_ee6b1c7368,2024,19,16
mem_ee6b1c7368,2025,19,17
mem_ee6b1c7368,2026,8,7
mem_f082dc6264,2013,1,1
mem_f082dc6264,2014,1,0
mem_f082dc6264,2015,2,1
mem_f082dc6264,2016,6,3
mem_f082dc6264,2017,1,0
mem_f082dc6264,2018,7,6
mem_f082dc6264,2019,3,0
mem_f082dc6264,2020,4,2
mem_f082dc6264,2021,5,5
mem_f082dc6264,2022,3,2
mem_f082dc6264,2023,7,4
mem_f082dc6264,2024,5,5
mem_f082dc6264,2025,5,5
mem_f082dc6264,2026,2,1
mem_f2a4c01421,1983,2,0
mem_f2a4c01421,1984,1,0
mem_f2a4c01421,1986,1,0
mem_f2a4c01421,1987,4,1
mem_f2a4c01421,1988,1,0
mem_f2a4c01421,1989,4,1
mem_f2a4c01421,1990,2,0
mem_f2a4c01421,1992,5,4
mem_f2a4c01421,1993,3,0
mem_f2a4c01421,1994,1,0
mem_f2a4c01421,1995,3,3
mem_f2a4c01421,1996,2,1
mem_f2a4c01421,1998,2,0
mem_f2a4c01421,1999,2,2
mem_f2a4c01421,2000,3,1
mem_f2a4c01421,2001,6,2
mem_f2a4c01421,2002,1,1
mem_f2a4c01421,2003,6,4
mem_f2a4c01421,2004,2,1
mem_f2a4c01421,2005,3,2
mem_f2a4c01421,2006,3,2
mem_f2a4c01421,2007,9,6
mem_f2a4c01421,2008,6,4
mem_f2a4c01421,2009,12,8
mem_f2a4c01421,2010,4,4
mem_f2a4c01421,2011,6,4
mem_f2a4c01421,2012,4,2
mem_f2a4c01421,2013,6,5
mem_f2a4c01421,2014,8,7
mem_f2a4c01421,2015,8,5
mem_f2a4c01421,2016,9,7
mem_f2a4c01421,2017,5,4
mem_f2a4c01421,2018,3,3
mem_f2a4c01421,2019,4,4
mem_f2a4c01421,2020,9,5
mem_f2a4c01421,2021,12,7
mem_f2a4c01421,2022,14,7
mem_f2a4c01421,2023,12,6
mem_f2a4c01421,2024,4,3
mem_f2a4c01421,2025,9,3
mem_f2a4c01421,2026,4,3
mem_f4ed9da557,2008,1,1
mem_f4ed9da557,2009,3,2
mem_f4ed9da557,2010,2,2
mem_f4ed9da557,2011,3,3
mem_f4ed9da557,2012,1,1
mem_f4ed9da557,2013,3,2
mem_f4ed9da557,2014,1,0
mem_f4ed9da557,2015,4,3
mem_f4ed9da557,2016,1,0
mem_f4ed9da557,2017,1,1
mem_f4ed9da557,2018,1,1
mem_f4ed9da557,2019,3,3
mem_f4ed9da557,2020,1,1
mem_f4ed9da557,2021,5,5
mem_f4ed9da557,2022,1,1
mem_f4ed9da557,2023,5,5
mem_f4ed9da557,2024,2,2
mem_f4ed9da557,2025,2,1
mem_f4ed9da557,2026,1,1
mem_f68a60fd9c,2000,1,0
mem_f68a60fd9c,2001,1,1
mem_f68a60fd9c,2004,4,0
mem_f68a60fd9c,2005,1,1
mem_f68a60fd9c,2006,5,1
mem_f68a60fd9c,2007,4,2
mem_f68a60fd9c,2008,5,2
mem_f68a60fd9c,2009,3,2
mem_f68a60fd9c,2010,4,1
mem_f68a60fd9c,2011,5,3
mem_f68a60fd9c,2012,3,3
mem_f68a60fd9c,2013,3,2
mem_f68a60fd9c,2014,6,4
mem_f68a60fd9c,2015,3,1
mem_f68a60fd9c,2016,4,2
mem_f68a60fd9c,2017,5,2
mem_f68a60fd9c,2018,1,0
mem_f68a60fd9c,2019,4,2
mem_f68a60fd9c,2020,7,6
mem_f68a60fd9c,2021,5,4
mem_f68a60fd9c,2022,5,3
mem_f68a60fd9c,2023,1,1
mem_f68a60fd9c,2024,6,4
mem_f68a60fd9c,2025,6,5
mem_f68a60fd9c,2026,5,3
mem_f736a5948e,1989,1,0
mem_f736a5948e,1991,3,0
mem_f736a5948e,1992,3,1
mem_f736a5948e,1993,3,1
mem_f736a5948e,1994,2,1
mem_f736a5948e,1995,4,2
mem_f736a5948e,1996,3,1
mem_f736a5948e,1997,4,1
mem_f736a5948e,1998,2,1
mem_f736a5948e,1999,1,1
mem_f736a5948e,2000,1,1
mem_f736a5948e,2001,3,2
mem_f736a5948e,2002,2,2
mem_f736a5948e,2003,7,3
mem_f736a5948e,2004,4,1
mem_f736a5948e,2005,6,2
mem_f736a5948e,2006,4,2
mem_f736a5948e,2007,16,9
mem_f736a5948e,2008,9,7
mem_f736a5948e,2009,11,8
mem_f736a5948e,2010,5,3
mem_f736a5948e,2011,5,2
mem_f736a5948e,2012,6,1
mem_f736a5948e,2013,8,4
mem_f736a5948e,2014,2,2
mem_f736a5948e,2015,4,1
mem_f736a5948e,2016,3,1
mem_f736a5948e,2017,6,0
mem_f736a5948e,2018,6,0
mem_f736a5948e,2019,4,2
mem_f736a5948e,2020,6,4
mem_f736a5948e,2021,6,4
mem_f736a5948e,2022,4,4
mem_f736a5948e,2023,7,4
mem_f736a5948e,2024,2,0
mem_f736a5948e,2025,4,2
mem_f736a5948e,2026,4,2
mem_f7f8d26dcb,2007,3,3
mem_f7f8d26dcb,2008,3,2
mem_f7f8d26dcb,2009,3,3
mem_f7f8d26dcb,2010,2,2
mem_f7f8d26dcb,2011,4,4
mem_f7f8d26dcb,2012,1,0
mem_f7f8d26dcb,2013,4,3
mem_f7f8d26dcb,2014,3,2
mem_f7f8d26dcb,2015,2,2
mem_f7f8d26dcb,2016,3,0
mem_f7f8d26dcb,2017,1,0
mem_f7f8d26dcb,2018,1,1
mem_f7f8d26dcb,2020,1,1
mem_f7f8d26dcb,2021,2,2
mem_f7f8d26dcb,2022,6,2
mem_f7f8d26dcb,2023,6,5
mem_f7f8d26dcb,2024,4,4
mem_f7f8d26dcb,2025,4,3
mem_f7f8d26dcb,2026,3,2
mem_f80aadfb52,1996,8,5
mem_f80aadfb52,1997,3,2
mem_f80aadfb52,1998,2,2
mem_f80aadfb52,1999,5,4
mem_f80aadfb52,2000,8,2
mem_f80aadfb52,2001,7,6
mem_f80aadfb52,2002,7,5
mem_f80aadfb52,2003,6,3
mem_f80aadfb52,2004,10,5
mem_f80aadfb52,2005,8,6
mem_f80aadfb52,2006,6,6
mem_f80aadfb52,2007,9,6
mem_f80aadfb52,2008,5,4
mem_f80aadfb52,2009,10,4
mem_f80aadfb52,2010,8,2
mem_f80aadfb52,2011,8,4
mem_f80aadfb52,2012,8,2
mem_f80aadfb52,2013,7,2
mem_f80aadfb52,2014,6,2
mem_f80aadfb52,2015,4,1
mem_f80aadfb52,2016,2,1
mem_f80aadfb52,2017,5,1
mem_f80aadfb52,2018,3,1
mem_f80aadfb52,2019,5,2
mem_f80aadfb52,2020,3,1
mem_f80aadfb52,2021,2,2
mem_f80aadfb52,2022,2,2
mem_f80aadfb52,2023,2,2
mem_f80aadfb52,2026,1,0
mem_f84b6f39c0,1994,1,1
mem_f84b6f39c0,2007,2,0
mem_f84b6f39c0,2010,1,1
mem_f84b6f39c0,2012,5,2
mem_f84b6f39c0,2013,1,1
mem_f84b6f39c0,2014,2,2
mem_f84b6f39c0,2015,2,2
mem_f84b6f39c0,2016,2,2
mem_f84b6f39c0,2017,1,1
mem_f84b6f39c0,2018,1,1
mem_f84b6f39c0,2020,1,1
mem_f84b6f39c0,2022,1,0
mem_f84b6f39c0,2023,1,1
mem_f84e71bbc5,1990,4,4
mem_f84e71bbc5,1991,5,2
mem_f84e71bbc5,1992,4,2
mem_f84e71bbc5,1993,4,2
mem_f84e71bbc5,1994,2,1
mem_f84e71bbc5,1995,5,3
mem_f84e71bbc5,1996,7,5
mem_f84e71bbc5,1997,5,3
mem_f84e71bbc5,1998,2,2
mem_f84e71bbc5,1999,1,0
mem_f84e71bbc5,2000,6,4
mem_f84e71bbc5,2001,3,3
mem_f84e71bbc5,2002,2,1
mem_f84e71bbc5,2003,4,1
mem_f84e71bbc5,2004,11,2
mem_f84e71bbc5,2005,6,5
mem_f84e71bbc5,2006,5,1
mem_f84e71bbc5,2007,8,1
mem_f84e71bbc5,2008,2,2
mem_f84e71bbc5,2009,14,8
mem_f84e71bbc5,2010,4,0
mem_f84e71bbc5,2011,3,1
mem_f84e71bbc5,2012,8,4
mem_f84e71bbc5,2013,7,4
mem_f84e71bbc5,2014,9,6
mem_f84e71bbc5,2015,9,7
mem_f84e71bbc5,2016,5,4
mem_f84e71bbc5,2017,6,3
mem_f84e71bbc5,2018,11,5
mem_f84e71bbc5,2019,5,4
mem_f84e71bbc5,2020,6,4
mem_f84e71bbc5,2021,12,9
mem_f84e71bbc5,2022,6,4
mem_f84e71bbc5,2023,4,3
mem_f84e71bbc5,2024,4,4
mem_f84e71bbc5,2025,3,2
mem_f84e71bbc5,2026,6,6
mem_f8e008892b,2003,1,1
mem_f8e008892b,2004,3,3
mem_f8e008892b,2005,6,6
mem_f8e008892b,2006,7,7
mem_f8e008892b,2007,3,3
mem_f8e008892b,2008,6,5
mem_f8e008892b,2009,12,7
mem_f8e008892b,2010,12,10
mem_f8e008892b,2011,3,2
mem_f8e008892b,2012,9,8
mem_f8e008892b,2013,9,8
mem_f8e008892b,2014,5,3
mem_f8e008892b,2015,14,7
mem_f8e008892b,2016,12,8
mem_f8e008892b,2017,9,5
mem_f8e008892b,2018,10,7
mem_f8e008892b,2019,10,6
mem_f8e008892b,2020,19,15
mem_f8e008892b,2021,13,8
mem_f8e008892b,2022,8,7
mem_f8e008892b,2023,12,9
mem_f8e008892b,2024,10,6
mem_f8e008892b,2025,12,8
mem_f8e008892b,2026,9,7
mem_fb9b9dd954,1996,1,0
mem_fb9b9dd954,1997,1,0
mem_fb9b9dd954,1998,2,2
mem_fb9b9dd954,1999,1,1
mem_fb9b9dd954,2000,1,0
mem_fb9b9dd954,2001,2,1
mem_fb9b9dd954,2002,2,0
mem_fb9b9dd954,2003,1,0
mem_fb9b9dd954,2004,1,1
mem_fb9b9dd954,2005,1,0
mem_fb9b9dd954,2006,2,1
mem_fb9b9dd954,2007,1,1
mem_fb9b9dd954,2008,2,2
mem_fb9b9dd954,2009,2,1
mem_fb9b9dd954,2010,2,1
mem_fb9b9dd954,2011,2,2
mem_fb9b9dd954,2012,4,4
mem_fb9b9dd954,2013,5,1
mem_fb9b9dd954,2014,4,3
mem_fb9b9dd954,2015,6,5
mem_fb9b9dd954,2016,2,2
mem_fb9b9dd954,2017,6,3
mem_fb9b9dd954,2018,3,2
mem_fb9b9dd954,2019,8,6
mem_fb9b9dd954,2020,6,4
mem_fb9b9dd954,2021,6,4
mem_fb9b9dd954,2022,7,4
mem_fb9b9dd954,2023,5,2
mem_fb9b9dd954,2024,7,4
mem_fb9b9dd954,2025,3,2
mem_fb9b9dd954,2026,2,1
mem_fb9f77988d,1988,2,0
mem_fb9f77988d,1989,1,1
mem_fb9f77988d,1990,3,3
mem_fb9f77988d,1991,8,7
mem_fb9f77988d,1992,12,4
mem_fb9f77988d,1993,12,9
mem_fb9f77988d,1994,11,8
mem_fb9f77988d,1995,10,7
mem_fb9f77988d,1996,15,8
mem_fb9f77988d,1997,21,6
mem_fb9f77988d,1998,18,8
mem_fb9f77988d,1999,16,9
mem_fb9f77988d,2000,16,9
mem_fb9f77988d,2001,10,6
mem_fb9f77988d,2002,10,4
mem_fb9f77988d,2003,14,6
mem_fb9f77988d,2004,13,6
mem_fb9f77988d,2005,11,5
mem_fb9f77988d,2006,13,3
mem_fb9f77988d,2007,8,3
mem_fb9f77988d,2008,20,5
mem_fb9f77988d,2009,11,2
mem_fb9f77988d,2010,12,3
mem_fb9f77988d,2011,8,3
mem_fb9f77988d,2012,18,7
mem_fb9f77988d,2013,21,9
mem_fb9f77988d,2014,14,2
mem_fb9f77988d,2015,14,6
mem_fb9f77988d,2016,17,8
mem_fb9f77988d,2017,16,7
mem_fb9f77988d,2018,20,11
mem_fb9f77988d,2019,18,10
mem_fb9f77988d,2020,9,4
mem_fb9f77988d,2021,15,6
mem_fb9f77988d,2022,14,6
mem_fb9f77988d,2023,9,5
mem_fb9f77988d,2024,3,0
mem_fb9f77988d,2025,17,9
mem_fb9f77988d,2026,6,3
mem_fc7a9521ff,2015,1,0
mem_fc7a9521ff,2020,1,1
mem_fc7a9521ff,2022,1,0
mem_fc7a9521ff,2023,2,2
mem_fc7a9521ff,2024,1,1
mem_fc7a9521ff,2025,1,1
mem_fc88669608,2004,1,0
mem_fc88669608,2011,2,2
mem_fc88669608,2012,1,1
mem_fc88669608,2013,1,1
mem_fc88669608,2014,2,2
mem_fc88669608,2015,2,2
mem_fc88669608,2016,4,4
mem_fc88669608,2017,1,1
mem_fc88669608,2018,3,2
mem_fc88669608,2020,1,0
mem_fc88669608,2022,1,1
mem_fc88669608,2023,3,3
mem_fc88669608,2024,2,1
mem_fc88669608,2025,2,2
mem_fc88669608,2026,2,2
mem_fe45b26c09,2013,2,0
mem_fe45b26c09,2014,1,1
mem_fe45b26c09,2015,1,1
mem_fe45b26c09,2017,2,1
mem_fe45b26c09,2018,4,2
mem_fe45b26c09,2019,2,0
mem_fe45b26c09,2020,3,1
mem_fe45b26c09,2021,6,4
mem_fe45b26c09,2022,6,5
mem_fe45b26c09,2023,8,5
mem_fe45b26c09,2024,9,6
mem_fe45b26c09,2025,6,3
mem_fe45b26c09,2026,3,3
mem_fe67f51d1b,1998,2,2
mem_fe67f51d1b,2000,1,1
mem_fe67f51d1b,2001,1,1
mem_fe67f51d1b,2002,1,1
mem_fe67f51d1b,2003,2,1
mem_fe67f51d1b,2004,1,1
mem_fe67f51d1b,2006,2,1
mem_fe67f51d1b,2009,1,0
mem_fe67f51d1b,2010,1,1
mem_fe67f51d1b,2011,1,1
mem_fe67f51d1b,2013,3,0
mem_fe67f51d1b,2015,1,0
mem_fe67f51d1b,2017,2,2
mem_fe67f51d1b,2019,5,3
mem_fe67f51d1b,2020,8,7
mem_fe67f51d1b,2021,7,6
mem_fe67f51d1b,2022,1,1
mem_fe67f51d1b,2023,2,2
mem_fe67f51d1b,2024,3,2
mem_fe67f51d1b,2025,2,2
mem_fe67f51d1b,2026,1,1
mem_feaca2a8a0,2006,1,0
mem_feaca2a8a0,2010,2,2
mem_feaca2a8a0,2012,1,0
mem_feaca2a8a0,2015,1,0
mem_feaca2a8a0,2018,1,0
mem_feaca2a8a0,2019,3,2
mem_feaca2a8a0,2021,1,1
mem_feaca2a8a0,2022,1,1
mem_feaca2a8a0,2023,1,1
mem_feaca2a8a0,2024,1,0
mem_feaca2a8a0,2026,2,1
mem_ff28df9a18,2000,1,1
mem_ff28df9a18,2001,1,1
mem_ff28df9a18,2002,1,1
mem_ff28df9a18,2005,2,0
mem_ff28df9a18,2007,4,0
mem_ff28df9a18,2008,1,0
mem_ff28df9a18,2010,2,1
mem_ff28df9a18,2011,1,1
mem_ff28df9a18,2012,2,0
mem_ff28df9a18,2013,5,4
mem_ff28df9a18,2014,1,0
mem_ff28df9a18,2017,3,3
mem_ff28df9a18,2018,4,3
mem_ff28df9a18,2019,1,0
mem_ff28df9a18,2020,1,1
mem_ff28df9a18,2021,4,4
mem_ff28df9a18,2022,1,1
mem_ff28df9a18,2024,1,1
mem_ff28df9a18,2025,1,1
mem_ff28df9a18,2026,1,1
mem_ffc70c151e,2004,1,0
mem_ffc70c151e,2005,1,1
mem_ffc70c151e,2006,2,2
mem_ffc70c151e,2007,2,2
mem_ffc70c151e,2008,1,1
mem_ffc70c151e,2009,1,0
mem_ffc70c151e,2010,3,3
mem_ffc70c151e,2011,3,3
mem_ffc70c151e,2012,2,2
mem_ffc70c151e,2013,3,2
mem_ffc70c151e,2014,2,2
mem_ffc70c151e,2015,1,1
mem_ffc70c151e,2016,3,3
mem_ffc70c151e,2017,4,4
mem_ffc70c151e,2018,3,3
mem_ffc70c151e,2019,7,3
mem_ffc70c151e,2020,5,5
mem_ffc70c151e,2021,2,2
mem_ffc70c151e,2022,3,2
mem_ffc70c151e,2023,1,0
mem_ffc70c151e,2024,2,2
mem_ffc70c151e,2025,1,1
mem_ffc70c151e,2026,1,1
