member_id,title,affiliation,sort_order,source_url,verification_status
mem_010c48c43f,Associate Professor,"Cumming School of Medicine, Department of Family Medicine",0,https://profiles.ucalgary.ca/pamela-roach,source_declared
mem_010c48c43f,Associate Professor,"Cumming School of Medicine, Department of Community Health Sciences",1,https://profiles.ucalgary.ca/pamela-roach,source_declared
mem_010c48c43f,Deputy Director,O'Brien Institute for Public Health,2,https://profiles.ucalgary.ca/pamela-roach,source_declared
mem_010c48c43f,Research Director Indigenous Engagement,Vice President Research Office,3,https://profiles.ucalgary.ca/pamela-roach,source_declared
mem_010c48c43f,Full Member,Hotchkiss Brain Institute,4,https://profiles.ucalgary.ca/pamela-roach,source_declared
mem_010c48c43f,Full Member,Mathison Centre for Mental Health Research and Education,5,https://profiles.ucalgary.ca/pamela-roach,source_declared
mem_010c48c43f,Full Member,O'Brien Institute for Public Health,6,https://profiles.ucalgary.ca/pamela-roach,source_declared
mem_010c48c43f,Child Health and Wellness Researcher,Alberta Children's Hospital Research Institute,7,https://profiles.ucalgary.ca/pamela-roach,source_declared
mem_01f8882e68,Associate Professor,"Cumming School of Medicine, Department of Psychiatry",0,https://profiles.ucalgary.ca/julia-kirkham,source_declared
mem_01f8882e68,Full Member,Hotchkiss Brain Institute,1,https://profiles.ucalgary.ca/julia-kirkham,source_declared
mem_01f8882e68,Full Member,Mathison Centre for Mental Health Research and Education,2,https://profiles.ucalgary.ca/julia-kirkham,source_declared
mem_01f8882e68,Full Member,O'Brien Institute for Public Health,3,https://profiles.ucalgary.ca/julia-kirkham,source_declared
mem_023bd77aa2,Professor (Teaching & Research) - Anesthesia and Analgesia,"Faculty of Veterinary Medicine, Fulltime",0,https://profiles.ucalgary.ca/daniel-pang,source_declared
mem_023bd77aa2,Associate Member,Hotchkiss Brain Institute,1,https://profiles.ucalgary.ca/daniel-pang,source_declared
mem_05362065f8,Professor,"Faculty of Arts , Department of Psychology",0,https://profiles.ucalgary.ca/kristin-von-ranson,source_declared
mem_057ed15a6a,Associate Professor - Medicine,"Cumming School of Medicine, Department of Psychiatry",0,https://profiles.ucalgary.ca/thomas-raedler,source_declared
mem_057ed15a6a,Full Member,Hotchkiss Brain Institute,1,https://profiles.ucalgary.ca/thomas-raedler,source_declared
mem_057ed15a6a,Full Member,Mathison Centre for Mental Health Research and Education,2,https://profiles.ucalgary.ca/thomas-raedler,source_declared
mem_057ed15a6a,Associate Dean,Cumming School of Medicine,3,https://profiles.ucalgary.ca/thomas-raedler,source_declared
mem_05a8774842,Associate Professor,"Faculty of Nursing, Faculty",0,https://profiles.ucalgary.ca/jacqueline-smith-0,source_declared
mem_05a8774842,Full Member,Hotchkiss Brain Institute,1,https://profiles.ucalgary.ca/jacqueline-smith-0,source_declared
mem_05a8774842,Full Member,Mathison Centre for Mental Health Research and Education,2,https://profiles.ucalgary.ca/jacqueline-smith-0,source_declared
mem_05a8774842,Advisory Committee,Drug Free Kids Canada,3,https://profiles.ucalgary.ca/jacqueline-smith-0,source_declared
mem_068c3d4ab0,Professor,"Schulich School of Engineering, Department of Electrical and Software Engineering",0,https://profiles.ucalgary.ca/yaoping-hu,source_declared
mem_068c3d4ab0,Associate Member,Hotchkiss Brain Institute,1,https://profiles.ucalgary.ca/yaoping-hu,source_declared
mem_06b710915b,Assistant Professor,"Cumming School of Medicine, Department of Clinical Neurosciences | Physical Medicine and Rehabilitation",0,https://profiles.ucalgary.ca/elizabeth-condliffe,source_declared
mem_06b710915b,Full Member,Hotchkiss Brain Institute,1,https://profiles.ucalgary.ca/elizabeth-condliffe,source_declared
mem_06b710915b,Child Health & Wellness Researcher,"Alberta Children's Hospital Research Institute, Owerko Centre",2,https://profiles.ucalgary.ca/elizabeth-condliffe,source_declared
mem_06b710915b,Adjunct Assistant Professor,Faculty of Kinesiology,3,https://profiles.ucalgary.ca/elizabeth-condliffe,source_declared
mem_077e050839,Clinical Assistant Professor,"Cumming School of Medicine, Department of Emergency Medicine",0,https://profiles.ucalgary.ca/stephanie-vandenberg,source_declared
mem_077e050839,Member,O'Brien Institute for Public Health,1,https://profiles.ucalgary.ca/stephanie-vandenberg,source_declared
mem_077e050839,Member,"Cumming School of Medicine, Office of Health and Medical Education Scholarship",2,https://profiles.ucalgary.ca/stephanie-vandenberg,source_declared
mem_077e050839,Full Member,Hotchkiss Brain Institute,3,https://profiles.ucalgary.ca/stephanie-vandenberg,source_declared
mem_077e050839,Member,Mathison Centre for Mental Health Research and Education,4,https://profiles.ucalgary.ca/stephanie-vandenberg,source_declared
mem_085f530390,Professor - Medicine,"Cumming School of Medicine, Department of Physiology and Pharmacology",0,https://profiles.ucalgary.ca/jaideep-bains,source_declared
mem_085f530390,Associate Member,Hotchkiss Brain Institute,1,https://profiles.ucalgary.ca/jaideep-bains,source_declared
mem_085f530390,Associate Member,Mathison Centre for Mental Health Research and Education,2,https://profiles.ucalgary.ca/jaideep-bains,source_declared
mem_085f530390,Child Health & Wellness Researcher,Alberta Children's Hospital Research Institute,3,https://profiles.ucalgary.ca/jaideep-bains,source_declared
mem_087ae95126,Associate Professor,"Faculty of Arts , Department of Psychology",0,https://profiles.ucalgary.ca/derya-sargin,source_declared
mem_087ae95126,Associate Member,Hotchkiss Brain Institute,1,https://profiles.ucalgary.ca/derya-sargin,source_declared
mem_087ae95126,Full Member,Hotchkiss Brain Institute,2,https://profiles.ucalgary.ca/derya-sargin,source_declared
mem_087ae95126,Full Member,Mathison Centre for Mental Health Research and Education,3,https://profiles.ucalgary.ca/derya-sargin,source_declared
mem_087ae95126,Child Health & Wellness Researcher,Alberta Children's Hospital Research Institute,4,https://profiles.ucalgary.ca/derya-sargin,source_declared
mem_092b07aeb6,Associate Professor (Teaching),"Cumming School of Medicine, Department of Cell Biology and Anatomy",0,https://profiles.ucalgary.ca/lian-willetts,source_declared
mem_092b07aeb6,Director/Innovation Portfolio,Hotchkiss Brain Institute,1,https://profiles.ucalgary.ca/lian-willetts,source_declared
mem_092b07aeb6,Director for Clinical Anatomy,Cumming School of Medicine,2,https://profiles.ucalgary.ca/lian-willetts,source_declared
mem_092b07aeb6,Academic Lead Evolve to Innovate (e2i),Hunter Hub for Entrepreneurial Thinking,3,https://profiles.ucalgary.ca/lian-willetts,source_declared
mem_0aa82264fe,Assistant Professor,"Cumming School of Medicine, Department of Psychiatry",0,https://profiles.ucalgary.ca/araba-chintoh,source_declared
mem_0aa82264fe,Canada Research Chair (Tier II),University of Calgary,1,https://profiles.ucalgary.ca/araba-chintoh,source_declared
mem_0aa82264fe,Child Health & Wellness Researcher,Alberta Children's Hospital Research Institute,2,https://profiles.ucalgary.ca/araba-chintoh,source_declared
mem_0aa82264fe,Full Member,"Hotchkiss Brain Institute, Mathison Centre for Mental Health Research and Education",3,https://profiles.ucalgary.ca/araba-chintoh,source_declared
mem_0aa82264fe,Research member,Libin Cardiovascular Institute,4,https://profiles.ucalgary.ca/araba-chintoh,source_declared
mem_0aa82264fe,Research member,"Alberta Children's Hospital Research Institute, Owerko Centre",5,https://profiles.ucalgary.ca/araba-chintoh,source_declared
mem_0aa82264fe,Residency Research Director,"Cumming School of Medicine, Department of Psychiatry",6,https://profiles.ucalgary.ca/araba-chintoh,source_declared
mem_0b284f6c80,Professor - Medicine,"Cumming School of Medicine, Department of Radiology",0,https://profiles.ucalgary.ca/robert-james-sevick,source_declared
mem_0b284f6c80,Full Member,Hotchkiss Brain Institute,1,https://profiles.ucalgary.ca/robert-james-sevick,source_declared
mem_0ba27398f2,Full Member,Hotchkiss Brain Institute,0,https://profiles.ucalgary.ca/richelle-mychasiuk,source_declared
mem_0ba6f2386f,Adjunct Assistant Professor,"Cumming School of Medicine, Department of Pediatrics",0,https://profiles.ucalgary.ca/brian-brooks,source_declared
mem_0ba6f2386f,Adjunct Associate Professor,"Faculty of Arts , Department of Psychology",1,https://profiles.ucalgary.ca/brian-brooks,source_declared
mem_0ba6f2386f,Associate Member,Hotchkiss Brain Institute,2,https://profiles.ucalgary.ca/brian-brooks,source_declared
mem_0ba6f2386f,Child Health & Wellness Researcher,"Alberta Children's Hospital Research Institute, Owerko Centre",3,https://profiles.ucalgary.ca/brian-brooks,source_declared
mem_0bae7d82da,Professor,"Faculty of Veterinary Medicine, Fulltime",0,https://profiles.ucalgary.ca/jeffrey-biernaskie,source_declared
mem_0bae7d82da,"Director,",Centre for Cell Therapy Translation,1,https://profiles.ucalgary.ca/jeffrey-biernaskie,source_declared
mem_0bae7d82da,"Chair, Reproduction and Regenerative Medicine Research Group",Faculty of Veterinary Medicine,2,https://profiles.ucalgary.ca/jeffrey-biernaskie,source_declared
mem_0bae7d82da,Full Member,Hotchkiss Brain Institute,3,https://profiles.ucalgary.ca/jeffrey-biernaskie,source_declared
mem_0bae7d82da,Professor (Teaching & Research),"Faculty of Veterinary Medicine, Fulltime",4,https://profiles.ucalgary.ca/jeffrey-biernaskie,source_declared
mem_0bae7d82da,Child Health & Wellness Researcher,Alberta Children's Hospital Research Institute,5,https://profiles.ucalgary.ca/jeffrey-biernaskie,source_declared
mem_0be3586361,Professor,"Cumming School of Medicine, Department of Pediatrics",0,https://profiles.ucalgary.ca/gerald-giesbrecht,source_declared
mem_0be3586361,Professor,"Cumming School of Medicine, Department of Community Health Sciences",1,https://profiles.ucalgary.ca/gerald-giesbrecht,source_declared
mem_0be3586361,Adjunct Professor,"Faculty of Arts , Department of Psychology",2,https://profiles.ucalgary.ca/gerald-giesbrecht,source_declared
mem_0be3586361,Child Health & Wellness Researcher,"Alberta Children's Hospital Research Institute, Owerko Centre",3,https://profiles.ucalgary.ca/gerald-giesbrecht,source_declared
mem_0be3586361,Full Member,Hotchkiss Brain Institute,4,https://profiles.ucalgary.ca/gerald-giesbrecht,source_declared
mem_0be3586361,Full Member,Mathison Centre for Mental Health Research and Education,5,https://profiles.ucalgary.ca/gerald-giesbrecht,source_declared
mem_0be3586361,Director,~ Other ~,6,https://profiles.ucalgary.ca/gerald-giesbrecht,source_declared
mem_0dc9704372,Adjunct Instructor,"Cumming School of Medicine, Department of Psychiatry",0,https://profiles.ucalgary.ca/emily-wang-0,source_declared
mem_0dc9704372,Sessional Instructor,"Faculty of Social Work, Calgary Campus",1,https://profiles.ucalgary.ca/emily-wang-0,source_declared
mem_0dc9704372,Associate Member,Hotchkiss Brain Institute,2,https://profiles.ucalgary.ca/emily-wang-0,source_declared
mem_0dc9704372,Associate Member,Mathison Centre for Mental Health Research and Education,3,https://profiles.ucalgary.ca/emily-wang-0,source_declared
mem_0f24dba938,Chair: Killam Memorial Emerging Leader Chair,"Faculty of Arts , Department of Psychology",0,https://profiles.ucalgary.ca/melanie-noel,source_declared
mem_0f24dba938,Professor,"Faculty of Arts , Department of Psychology",1,https://profiles.ucalgary.ca/melanie-noel,source_declared
mem_0f24dba938,Full Member,Hotchkiss Brain Institute,2,https://profiles.ucalgary.ca/melanie-noel,source_declared
mem_0f24dba938,Full Member,Mathison Centre for Mental Health Research and Education,3,https://profiles.ucalgary.ca/melanie-noel,source_declared
mem_0f24dba938,Child Health & Wellness Researcher,"Alberta Children's Hospital Research Institute, Owerko Centre",4,https://profiles.ucalgary.ca/melanie-noel,source_declared
mem_0f847603bd,Professor (Teaching & Research),Faculty of Veterinary Medicine,0,https://profiles.ucalgary.ca/patrick-whelan,source_declared
mem_0f847603bd,Professor,"Cumming School of Medicine, Department of Physiology and Pharmacology",1,https://profiles.ucalgary.ca/patrick-whelan,source_declared
mem_0f847603bd,Professor,"Cumming School of Medicine, Department of Clinical Neurosciences",2,https://profiles.ucalgary.ca/patrick-whelan,source_declared
mem_0f847603bd,Professor,Faculty of Kinesiology,3,https://profiles.ucalgary.ca/patrick-whelan,source_declared
mem_0f847603bd,Full Member,Hotchkiss Brain Institute,4,https://profiles.ucalgary.ca/patrick-whelan,source_declared
mem_0f847603bd,Child Health & Wellness Researcher,Alberta Children's Hospital Research Institute,5,https://profiles.ucalgary.ca/patrick-whelan,source_declared
mem_0f847603bd,Associate Member,McCaig Institute for Bone and Joint Health,6,https://profiles.ucalgary.ca/patrick-whelan,source_declared
mem_105244bf73,Clinical Professor,"Cumming School of Medicine, Department of Psychiatry",0,https://profiles.ucalgary.ca/john-duncan-mclennan,source_declared
mem_105244bf73,Clinical Professor,"Cumming School of Medicine, Department of Community Health Sciences",1,https://profiles.ucalgary.ca/john-duncan-mclennan,source_declared
mem_105244bf73,Child Health & Wellness Researcher,Alberta Children's Hospital Research Institute,2,https://profiles.ucalgary.ca/john-duncan-mclennan,source_declared
mem_105244bf73,Full Member,Hotchkiss Brain Institute,3,https://profiles.ucalgary.ca/john-duncan-mclennan,source_declared
mem_105244bf73,Full Member,Mathison Centre for Mental Health Research and Education,4,https://profiles.ucalgary.ca/john-duncan-mclennan,source_declared
mem_11c6e6d0a9,Clinical Professor,Cumming School of Medicine,0,https://profiles.ucalgary.ca/douglas-william-zochodne,source_declared
mem_11c6e6d0a9,Associate Member,Hotchkiss Brain Institute,1,https://profiles.ucalgary.ca/douglas-william-zochodne,source_declared
mem_12cfcd78b8,Associate Professor,Physical Medicine and Rehabilitation,0,https://profiles.ucalgary.ca/chantel-debert,source_declared
mem_12cfcd78b8,Full Member,"Hotchkiss Brain Institute, Integrative concussion research program",1,https://profiles.ucalgary.ca/chantel-debert,source_declared
mem_12cfcd78b8,Child Health & Wellness Researcher,Alberta Children's Hospital Research Institute,2,https://profiles.ucalgary.ca/chantel-debert,source_declared
mem_12cfcd78b8,Academic Lead,Calgary Brain Injury Program,3,https://profiles.ucalgary.ca/chantel-debert,source_declared
mem_12cfcd78b8,Full Member,Mathison Centre for Mental Health Research and Education,4,https://profiles.ucalgary.ca/chantel-debert,source_declared
mem_14c5161155,Full Member,Hotchkiss Brain Institute,0,https://profiles.ucalgary.ca/wilten-nicola,source_declared
mem_14c5161155,Associate Professor,"Cumming School of Medicine, Department of Cell Biology and Anatomy",1,https://profiles.ucalgary.ca/wilten-nicola,source_declared
mem_1a2035eb16,Associate Professor,"Cumming School of Medicine, Department of Clinical Neurosciences | Neurology",0,https://profiles.ucalgary.ca/karl-klein,source_declared
mem_1a2035eb16,Associate Professor,"Cumming School of Medicine, Department of Medical Genetics",1,https://profiles.ucalgary.ca/karl-klein,source_declared
mem_1a2035eb16,Associate Professor,"Cumming School of Medicine, Department of Community Health Sciences",2,https://profiles.ucalgary.ca/karl-klein,source_declared
mem_1a2035eb16,Full Member,"Hotchkiss Brain Institute, Brain and Mental Health Research Clinics Initiative",3,https://profiles.ucalgary.ca/karl-klein,source_declared
mem_1a2035eb16,Child Health & Wellness Researcher,Alberta Children's Hospital Research Institute,4,https://profiles.ucalgary.ca/karl-klein,source_declared
mem_1a8581bdce,Associate Professor,"Cumming School of Medicine, Department of Cell Biology and Anatomy",0,https://profiles.ucalgary.ca/jiami-guo,source_declared
mem_1a8581bdce,Full Member,Hotchkiss Brain Institute,1,https://profiles.ucalgary.ca/jiami-guo,source_declared
mem_1a8581bdce,Child Health & Wellness Researcher,Alberta Children's Hospital Research Institute,2,https://profiles.ucalgary.ca/jiami-guo,source_declared
mem_1ae867ffe5,Associate Professor,Arts Education & Leadership,0,https://profiles.ucalgary.ca/brittany-martin,source_declared
mem_1ae867ffe5,Associate Member,Hotchkiss Brain Institute,1,https://profiles.ucalgary.ca/brittany-martin,source_declared
mem_1ae867ffe5,Associate Member,Mathison Centre for Mental Health Research and Education,2,https://profiles.ucalgary.ca/brittany-martin,source_declared
mem_1da9136136,Scientific Director of CRIUGM,TBA,0,https://profiles.ucalgary.ca/oury-monchi,source_declared
mem_1da9136136,Associate Member,Hotchkiss Brain Institute,1,https://profiles.ucalgary.ca/oury-monchi,source_declared
mem_22a4e04503,Associate Professor,"Cumming School of Medicine, Department of Anesthesiology, Perioperative and Pain Medicine",0,https://profiles.ucalgary.ca/jillian-miller,source_declared
mem_22a4e04503,Full Member,Hotchkiss Brain Institute,1,https://profiles.ucalgary.ca/jillian-miller,source_declared
mem_22a4e04503,Full Member,Mathison Centre for Mental Health Research and Education,2,https://profiles.ucalgary.ca/jillian-miller,source_declared
mem_22a4e04503,Child Health & Wellness Researcher,"Alberta Children's Hospital Research Institute, Owerko Centre",3,https://profiles.ucalgary.ca/jillian-miller,source_declared
mem_233f37a4ef,Associate Professor,"Cumming School of Medicine, Department of Radiology | Image Science",0,https://profiles.ucalgary.ca/ashley-harris,source_declared
mem_233f37a4ef,Full Member,Hotchkiss Brain Institute,1,https://profiles.ucalgary.ca/ashley-harris,source_declared
mem_233f37a4ef,Full Member,"Alberta Children's Hospital Research Institute, Owerko Centre",2,https://profiles.ucalgary.ca/ashley-harris,source_declared
mem_2434ffebd2,Scientific Director,O'Brien Institute for Public Health,0,https://profiles.ucalgary.ca/kirsten-bobawsky,source_declared
mem_2434ffebd2,Professor,"Cumming School of Medicine, Department of Critical Care Medicine",1,https://profiles.ucalgary.ca/kirsten-bobawsky,source_declared
mem_2434ffebd2,Full Member,Hotchkiss Brain Institute,2,https://profiles.ucalgary.ca/kirsten-bobawsky,source_declared
mem_2434ffebd2,Full Member,Mathison Centre for Mental Health Research and Education,3,https://profiles.ucalgary.ca/kirsten-bobawsky,source_declared
mem_2434ffebd2,Child Health & Wellness Researcher,Alberta Children's Hospital Research Institute,4,https://profiles.ucalgary.ca/kirsten-bobawsky,source_declared
mem_2561dcafb5,Professor,"Faculty of Science , Department of Chemistry",0,https://profiles.ucalgary.ca/darren-derksen,source_declared
mem_2561dcafb5,Associate Head (Research),"Faculty of Science , Department of Chemistry",1,https://profiles.ucalgary.ca/darren-derksen,source_declared
mem_2561dcafb5,Full Member,Hotchkiss Brain Institute,2,https://profiles.ucalgary.ca/darren-derksen,source_declared
mem_2561dcafb5,Child Health & Wellness Researcher,Alberta Children's Hospital Research Institute,3,https://profiles.ucalgary.ca/darren-derksen,source_declared
mem_2561dcafb5,Full Member,Arnie Charbonneau Cancer Institute,4,https://profiles.ucalgary.ca/darren-derksen,source_declared
mem_27ca2caae0,Full Member,"Hotchkiss Brain Institute, Mathison Centre for Mental Health Research and Education",0,https://profiles.ucalgary.ca/mark-colijn,source_declared
mem_27ca2caae0,Clinical Assistant Professor,"Cumming School of Medicine, Department of Psychiatry",1,https://profiles.ucalgary.ca/mark-colijn,source_declared
mem_285408d323,Assistant Professor,"Cumming School of Medicine, Department of Psychiatry",0,https://profiles.ucalgary.ca/leah-mayo,source_declared
mem_285408d323,Parker Research Chair in Psychedelics,University of Calgary,1,https://profiles.ucalgary.ca/leah-mayo,source_declared
mem_285408d323,Full Member,"Hotchkiss Brain Institute, Mathison Centre for Mental Health Research and Education",2,https://profiles.ucalgary.ca/leah-mayo,source_declared
mem_285408d323,Child Health & Wellness Researcher,Alberta Children's Hospital Research Institute,3,https://profiles.ucalgary.ca/leah-mayo,source_declared
mem_285408d323,Adjunct Assistant Professor,"Faculty of Arts , Department of Psychology",4,https://profiles.ucalgary.ca/leah-mayo,source_declared
mem_28a1b9d70f,Assistant Professor,Cumming School of Medicine,0,https://profiles.ucalgary.ca/clare-gallagher,source_declared
mem_28a1b9d70f,Full Member,Hotchkiss Brain Institute,1,https://profiles.ucalgary.ca/clare-gallagher,source_declared
mem_28a1b9d70f,Child Health & Wellness Researcher,Alberta Children's Hospital Research Institute,2,https://profiles.ucalgary.ca/clare-gallagher,source_declared
mem_2a3fddd6a7,Pediatric Neuromuscular Program Director,"Cumming School of Medicine, Department of Pediatrics",0,https://profiles.ucalgary.ca/jean-kit-wah-mah-0,source_declared
mem_2a3fddd6a7,Associate Member,Hotchkiss Brain Institute,1,https://profiles.ucalgary.ca/jean-kit-wah-mah-0,source_declared
mem_2a3fddd6a7,Child Health & Wellness Researcher,Alberta Children's Hospital Research Institute,2,https://profiles.ucalgary.ca/jean-kit-wah-mah-0,source_declared
mem_2a3fddd6a7,Professor,"Cumming School of Medicine, Department of Pediatrics",3,https://profiles.ucalgary.ca/jean-kit-wah-mah-0,source_declared
mem_2a3fddd6a7,Professor,"Cumming School of Medicine, Department of Clinical Neurosciences",4,https://profiles.ucalgary.ca/jean-kit-wah-mah-0,source_declared
mem_2b62d32b15,Clinical Assistant Professor,University of Calgary,0,https://profiles.ucalgary.ca/george-francis,source_declared
mem_2b973efd83,Professor,"Faculty of Arts , Department of Psychology",0,https://profiles.ucalgary.ca/richard-dyck,source_declared
mem_2b973efd83,Adjunct Professor,"Cumming School of Medicine, Department of Cell Biology and Anatomy",1,https://profiles.ucalgary.ca/richard-dyck,source_declared
mem_2b973efd83,Full Member,Hotchkiss Brain Institute,2,https://profiles.ucalgary.ca/richard-dyck,source_declared
mem_2b973efd83,Full Member,Mathison Centre for Mental Health Research and Education,3,https://profiles.ucalgary.ca/richard-dyck,source_declared
mem_2b973efd83,Child Health & Wellness Researcher,"Alberta Children's Hospital Research Institute, Owerko Centre",4,https://profiles.ucalgary.ca/richard-dyck,source_declared
mem_2bd0db628a,Assistant Professor,"Cumming School of Medicine, Department of Obstetrics and Gynaecology",0,https://profiles.ucalgary.ca/kathleen-chaput,source_declared
mem_2bd0db628a,Assistant Professor,"Cumming School of Medicine, Department of Community Health Sciences",1,https://profiles.ucalgary.ca/kathleen-chaput,source_declared
mem_2bd0db628a,Full Member,Hotchkiss Brain Institute,2,https://profiles.ucalgary.ca/kathleen-chaput,source_declared
mem_2bd0db628a,Full Member,Mathison Centre for Mental Health Research and Education,3,https://profiles.ucalgary.ca/kathleen-chaput,source_declared
mem_2bd0db628a,Child Health & Wellness Researcher,"Alberta Children's Hospital Research Institute, Owerko Centre",4,https://profiles.ucalgary.ca/kathleen-chaput,source_declared
mem_2cc369c2c7,Assistant Professor,"Faculty of Nursing, Faculty",0,https://profiles.ucalgary.ca/julia-hews-girard,source_declared
mem_2cc369c2c7,Full Member,Alberta Children's Hospital Research Institute,1,https://profiles.ucalgary.ca/julia-hews-girard,source_declared
mem_2cc369c2c7,Full Member,Hotchkiss Brain Institute,2,https://profiles.ucalgary.ca/julia-hews-girard,source_declared
mem_2cc369c2c7,Full Member,Mathison Centre for Mental Health Research and Education,3,https://profiles.ucalgary.ca/julia-hews-girard,source_declared
mem_3146e74c2b,Professor,"Cumming School of Medicine, Department of Clinical Neurosciences",0,https://profiles.ucalgary.ca/paolo-federico,source_declared
mem_3146e74c2b,Professor,Hotchkiss Brain Institute,1,https://profiles.ucalgary.ca/paolo-federico,source_declared
mem_3146e74c2b,Full Member,Hotchkiss Brain Institute,2,https://profiles.ucalgary.ca/paolo-federico,source_declared
mem_32d283f76b,Professor Emeritus,"Cumming School of Medicine, Department of Physiology and Pharmacology",0,https://profiles.ucalgary.ca/jos-jan-eggermont,source_declared
mem_32d283f76b,Professor Emeritus,"Faculty of Arts , Department of Psychology",1,https://profiles.ucalgary.ca/jos-jan-eggermont,source_declared
mem_32d283f76b,Emeritus Member,Hotchkiss Brain Institute,2,https://profiles.ucalgary.ca/jos-jan-eggermont,source_declared
mem_32edff8f29,Professor,"Schulich School of Engineering, Department of Electrical and Software Engineering",0,https://profiles.ucalgary.ca/diwakar-krishnamurthy,source_declared
mem_32edff8f29,Child Health & Wellness Researcher,Alberta Children's Hospital Research Institute,1,https://profiles.ucalgary.ca/diwakar-krishnamurthy,source_declared
mem_32edff8f29,Parex Resources Innovation Fellow (2023-25),"Schulich School of Engineering, Department of Electrical and Software Engineering",2,https://profiles.ucalgary.ca/diwakar-krishnamurthy,source_declared
mem_32edff8f29,Full Member,Hotchkiss Brain Institute,3,https://profiles.ucalgary.ca/diwakar-krishnamurthy,source_declared
mem_32edff8f29,Full Member,Mathison Centre for Mental Health Research and Education,4,https://profiles.ucalgary.ca/diwakar-krishnamurthy,source_declared
mem_338f9f338e,Assistant Professor,"Cumming School of Medicine, Department of Pediatrics",0,https://profiles.ucalgary.ca/kara-murias,source_declared
mem_338f9f338e,Assistant Professor,"Cumming School of Medicine, Department of Clinical Neurosciences",1,https://profiles.ucalgary.ca/kara-murias,source_declared
mem_338f9f338e,Assistant Professor,"Cumming School of Medicine, Department of Psychiatry",2,https://profiles.ucalgary.ca/kara-murias,source_declared
mem_338f9f338e,Pediatric Neurologist,"Cumming School of Medicine, Department of Pediatrics | Developmental Pediatrics",3,https://profiles.ucalgary.ca/kara-murias,source_declared
mem_338f9f338e,Child Health & Wellness Researcher,"Alberta Children's Hospital Research Institute, Owerko Centre",4,https://profiles.ucalgary.ca/kara-murias,source_declared
mem_338f9f338e,Full Member,"Hotchkiss Brain Institute, Mathison Centre for Mental Health Research and Education",5,https://profiles.ucalgary.ca/kara-murias,source_declared
mem_33d5559424,Assistant Professor,"Faculty of Science , Department of Biological Sciences",0,https://profiles.ucalgary.ca/tamara-bodnar,source_declared
mem_33d5559424,Azrieli Accelerator Assistant Professor in Transdisciplinary Neurodevelopment Research,"Faculty of Science , Department of Biological Sciences",1,https://profiles.ucalgary.ca/tamara-bodnar,source_declared
mem_33d5559424,Child Health & Wellness Researcher,"Alberta Children's Hospital Research Institute, Owerko Centre",2,https://profiles.ucalgary.ca/tamara-bodnar,source_declared
mem_33d5559424,Full Member,"The Calvin, Phoebe and Joan Snyder Institute for Chronic Diseases",3,https://profiles.ucalgary.ca/tamara-bodnar,source_declared
mem_3453676d84,Assistant Professor,"Cumming School of Medicine, Department of Clinical Neurosciences",0,https://profiles.ucalgary.ca/hedwich-kuipers,source_declared
mem_3453676d84,Assistant Professor,"Cumming School of Medicine, Department of Cell Biology and Anatomy",1,https://profiles.ucalgary.ca/hedwich-kuipers,source_declared
mem_3453676d84,Full Member,Hotchkiss Brain Institute,2,https://profiles.ucalgary.ca/hedwich-kuipers,source_declared
mem_3453676d84,Full Member,"The Calvin, Phoebe and Joan Snyder Institute for Chronic Diseases",3,https://profiles.ucalgary.ca/hedwich-kuipers,source_declared
mem_35a08188c0,Professor - Medicine,"Cumming School of Medicine, Department of Cell Biology and Anatomy",0,https://profiles.ucalgary.ca/sarah-mcfarlane,source_declared
mem_35a08188c0,HBI Education Director,Hotchkiss Brain Institute,1,https://profiles.ucalgary.ca/sarah-mcfarlane,source_declared
mem_35a08188c0,Full Member,Hotchkiss Brain Institute,2,https://profiles.ucalgary.ca/sarah-mcfarlane,source_declared
mem_35a08188c0,Child Health & Wellness Researcher,"Alberta Children's Hospital Research Institute, Owerko Centre",3,https://profiles.ucalgary.ca/sarah-mcfarlane,source_declared
mem_36447b4ebf,Professor,"Faculty of Science , Department of Physics and Astronomy",0,https://profiles.ucalgary.ca/joern-davidsen,source_declared
mem_36447b4ebf,Associate Head (Research),"Faculty of Science , Department of Physics and Astronomy",1,https://profiles.ucalgary.ca/joern-davidsen,source_declared
mem_36447b4ebf,Chair of Computational Neuroscience Platform,Hotchkiss Brain Institute,2,https://profiles.ucalgary.ca/joern-davidsen,source_declared
mem_36447b4ebf,Full Member,Hotchkiss Brain Institute,3,https://profiles.ucalgary.ca/joern-davidsen,source_declared
mem_36447b4ebf,Humboldt Research Fellow,Hotchkiss Brain Institute,4,https://profiles.ucalgary.ca/joern-davidsen,source_declared
mem_37dd23d078,Assistant Professor,"Cumming School of Medicine, Department of Emergency Medicine",0,https://profiles.ucalgary.ca/jessalyn-holodinsky,source_declared
mem_37dd23d078,Assistant Professor,"Cumming School of Medicine, Department of Community Health Sciences",1,https://profiles.ucalgary.ca/jessalyn-holodinsky,source_declared
mem_37dd23d078,Faculty Researcher,"Cumming School of Medicine, Centre for Health Informatics",2,https://profiles.ucalgary.ca/jessalyn-holodinsky,source_declared
mem_37dd23d078,Full Member,Hotchkiss Brain Institute,3,https://profiles.ucalgary.ca/jessalyn-holodinsky,source_declared
mem_37dd23d078,Full Member,O'Brien Institute for Public Health,4,https://profiles.ucalgary.ca/jessalyn-holodinsky,source_declared
mem_37dd23d078,Child Health & Wellness Researcher,Alberta Children's Hospital Research Institute,5,https://profiles.ucalgary.ca/jessalyn-holodinsky,source_declared
mem_37dd23d078,Assistant Professor,"Cumming School of Medicine, Department of Clinical Neurosciences",6,https://profiles.ucalgary.ca/jessalyn-holodinsky,source_declared
mem_37dd23d078,"Director, Artificial Intelligence & Data Education",Office of Faculty Development,7,https://profiles.ucalgary.ca/jessalyn-holodinsky,source_declared
mem_38b1f148ac,Sessional Instructor,Faculty of Social Work,0,https://profiles.ucalgary.ca/rochelle-bonnie-babins-wagner,source_declared
mem_38b1f148ac,Adjunct Assistant Professor,Faculty of Social Work,1,https://profiles.ucalgary.ca/rochelle-bonnie-babins-wagner,source_declared
mem_38b1f148ac,Associate Member,Hotchkiss Brain Institute,2,https://profiles.ucalgary.ca/rochelle-bonnie-babins-wagner,source_declared
mem_38b1f148ac,Associate Member,Mathison Centre for Mental Health Research and Education,3,https://profiles.ucalgary.ca/rochelle-bonnie-babins-wagner,source_declared
mem_38fab37327,Professor,"Cumming School of Medicine, Department of Community Health Sciences",0,https://profiles.ucalgary.ca/tolulope-sajobi,source_declared
mem_38fab37327,Professor,"Cumming School of Medicine, Department of Clinical Neurosciences",1,https://profiles.ucalgary.ca/tolulope-sajobi,source_declared
mem_38fab37327,Full Member,Hotchkiss Brain Institute,2,https://profiles.ucalgary.ca/tolulope-sajobi,source_declared
mem_38fab37327,Member,Libin Cardiovascular Institute,3,https://profiles.ucalgary.ca/tolulope-sajobi,source_declared
mem_39fb2e4858,Professor,"Schulich School of Engineering, Department of Electrical and Software Engineering",0,https://profiles.ucalgary.ca/svetlana-yanushkevich,source_declared
mem_39fb2e4858,Full Member,Hotchkiss Brain Institute,1,https://profiles.ucalgary.ca/svetlana-yanushkevich,source_declared
mem_39fb2e4858,Full Member,Mathison Centre for Mental Health Research and Education,2,https://profiles.ucalgary.ca/svetlana-yanushkevich,source_declared
mem_3a1d20823e,Assistant Professor,"Schulich School of Engineering, Department of Biomedical Engineering",0,https://profiles.ucalgary.ca/richa-pandey,source_declared
mem_3a1d20823e,Full Member,Hotchkiss Brain Institute,1,https://profiles.ucalgary.ca/richa-pandey,source_declared
mem_3a1d20823e,Child Health & Wellness Researcher,Alberta Children's Hospital Research Institute,2,https://profiles.ucalgary.ca/richa-pandey,source_declared
mem_3a1d20823e,Principle Investigator,Wearable and Bio-integrated Technologies Lab,3,https://profiles.ucalgary.ca/richa-pandey,source_declared
mem_3a1d20823e,UCalgary Research Excellence Chair,Wearable and Bio-integrated Technologies Lab,4,https://profiles.ucalgary.ca/richa-pandey,source_declared
mem_3a71da2ce4,Professor,"Cumming School of Medicine, Department of Physiology and Pharmacology",0,https://profiles.ucalgary.ca/karolina-sundin,source_declared
mem_3a71da2ce4,Full Member,Hotchkiss Brain Institute,1,https://profiles.ucalgary.ca/karolina-sundin,source_declared
mem_3a71da2ce4,Full Member,Mathison Centre for Mental Health Research and Education,2,https://profiles.ucalgary.ca/karolina-sundin,source_declared
mem_3a71da2ce4,Child Health & Wellness Researcher,Alberta Children's Hospital Research Institute,3,https://profiles.ucalgary.ca/karolina-sundin,source_declared
mem_3a936b52e4,Full Professor,Community Health Sciences,0,https://profiles.ucalgary.ca/oluwabukola-salami,source_declared
mem_3a936b52e4,Canada Research Chair (CIHR) Tier 1 in Black and Racialized Peoples' Health,Community Health Sciences,1,https://profiles.ucalgary.ca/oluwabukola-salami,source_declared
mem_3a936b52e4,Professor,"Faculty of Nursing, Faculty",2,https://profiles.ucalgary.ca/oluwabukola-salami,source_declared
mem_3a936b52e4,Affiliate Member,O'Brien Institute for Public Health,3,https://profiles.ucalgary.ca/oluwabukola-salami,source_declared
mem_3a936b52e4,Full Member,Hotchkiss Brain Institute,4,https://profiles.ucalgary.ca/oluwabukola-salami,source_declared
mem_3a936b52e4,Full Member,Mathison Centre for Mental Health Research and Education,5,https://profiles.ucalgary.ca/oluwabukola-salami,source_declared
mem_3a936b52e4,Affiliate Member,Alberta Children's Hospital Research Institute,6,https://profiles.ucalgary.ca/oluwabukola-salami,source_declared
mem_3a936b52e4,Affiliate Member,Arnie Charbonneau Cancer Institute,7,https://profiles.ucalgary.ca/oluwabukola-salami,source_declared
mem_3cc315d4d3,Professor - Medicine,"Cumming School of Medicine, Department of Clinical Neurosciences",0,https://profiles.ucalgary.ca/gerald-zamponi,source_declared
mem_3cc315d4d3,Full Member,Hotchkiss Brain Institute,1,https://profiles.ucalgary.ca/gerald-zamponi,source_declared
mem_3cc315d4d3,Child Health & Wellness Researcher,Alberta Children's Hospital Research Institute,2,https://profiles.ucalgary.ca/gerald-zamponi,source_declared
mem_3d16baf56d,Assistant Professor,"Faculty of Arts , Department of Psychology",0,https://profiles.ucalgary.ca/perri-tutelman,source_declared
mem_3d16baf56d,Member,Arnie Charbonneau Cancer Institute,1,https://profiles.ucalgary.ca/perri-tutelman,source_declared
mem_3d16baf56d,Child Health and Wellness Researcher,"Alberta Children's Hospital Research Institute, Owerko Centre",2,https://profiles.ucalgary.ca/perri-tutelman,source_declared
mem_3d16baf56d,Member,O'Brien Institute for Public Health,3,https://profiles.ucalgary.ca/perri-tutelman,source_declared
mem_3d16baf56d,Full Member,Hotchkiss Brain Institute,4,https://profiles.ucalgary.ca/perri-tutelman,source_declared
mem_3d16baf56d,Full Member,Mathison Centre for Mental Health Research and Education,5,https://profiles.ucalgary.ca/perri-tutelman,source_declared
mem_3d341c6e6a,Professor,"Cumming School of Medicine, Department of Biochemistry and Molecular Biology | Molecular Biology and Disease",0,https://profiles.ucalgary.ca/jane-shearer,source_declared
mem_3d341c6e6a,Professor,Faculty of Kinesiology,1,https://profiles.ucalgary.ca/jane-shearer,source_declared
mem_3d341c6e6a,Child Health & Wellness Researcher,"Alberta Children's Hospital Research Institute, Owerko Centre",2,https://profiles.ucalgary.ca/jane-shearer,source_declared
mem_3d341c6e6a,Full Member,Hotchkiss Brain Institute,3,https://profiles.ucalgary.ca/jane-shearer,source_declared
mem_3d341c6e6a,Full Member,"The Calvin, Phoebe and Joan Snyder Institute for Chronic Diseases",4,https://profiles.ucalgary.ca/jane-shearer,source_declared
mem_3d341c6e6a,Full Member,Libin Cardiovascular Institute,5,https://profiles.ucalgary.ca/jane-shearer,source_declared
mem_3e0e98847e,Acting Dean,Faculty of Social Work,0,https://profiles.ucalgary.ca/david-nicholas,source_declared
mem_3e0e98847e,Professor,Faculty of Social Work,1,https://profiles.ucalgary.ca/david-nicholas,source_declared
mem_3e0e98847e,Full Member,Hotchkiss Brain Institute,2,https://profiles.ucalgary.ca/david-nicholas,source_declared
mem_3e0e98847e,Full Member,Mathison Centre for Mental Health Research and Education,3,https://profiles.ucalgary.ca/david-nicholas,source_declared
mem_3e0e98847e,Child Health & Wellness Researcher,"Alberta Children's Hospital Research Institute, Owerko Centre",4,https://profiles.ucalgary.ca/david-nicholas,source_declared
mem_3e0ef14a60,Full Professor,"Faculty of Social Work, Calgary Campus",0,https://profiles.ucalgary.ca/angelique-jenney,source_declared
mem_3e0ef14a60,Wood's Homes Research Chair in Children's Mental Health,"Faculty of Social Work, Calgary Campus",1,https://profiles.ucalgary.ca/angelique-jenney,source_declared
mem_3e0ef14a60,Full Member,"Hotchkiss Brain Institute, Mathison Centre for Mental Health Research and Education",2,https://profiles.ucalgary.ca/angelique-jenney,source_declared
mem_3e0ef14a60,Professor,"Faculty of Social Work, Calgary Campus",3,https://profiles.ucalgary.ca/angelique-jenney,source_declared
mem_3e0ef14a60,Child Health & Wellness Researcher,Alberta Children's Hospital Research Institute,4,https://profiles.ucalgary.ca/angelique-jenney,source_declared
mem_3ed07ce6c8,Professor,"Cumming School of Medicine, Department of Radiology",0,https://profiles.ucalgary.ca/g-bruce-pike,source_declared
mem_3ed07ce6c8,Professor,"Cumming School of Medicine, Department of Clinical Neurosciences",1,https://profiles.ucalgary.ca/g-bruce-pike,source_declared
mem_3ed07ce6c8,Head,"Cumming School of Medicine, Department of Radiology | Image Science",2,https://profiles.ucalgary.ca/g-bruce-pike,source_declared
mem_3ed07ce6c8,Campus Alberta Innovates Chair,Healthy Brain Aging,3,https://profiles.ucalgary.ca/g-bruce-pike,source_declared
mem_3ed07ce6c8,Full Member,Hotchkiss Brain Institute,4,https://profiles.ucalgary.ca/g-bruce-pike,source_declared
mem_3f1cca7ee5,Professor,"Faculty of Arts , Department of Psychology",0,https://profiles.ucalgary.ca/daniel-mcgrath,source_declared
mem_3f1cca7ee5,Senior Research Fellow,Alberta Gambling Research Institute,1,https://profiles.ucalgary.ca/daniel-mcgrath,source_declared
mem_3f1cca7ee5,Associate Dean,University of Calgary,2,https://profiles.ucalgary.ca/daniel-mcgrath,source_declared
mem_3f1cca7ee5,Full Member,Hotchkiss Brain Institute,3,https://profiles.ucalgary.ca/daniel-mcgrath,source_declared
mem_3f1cca7ee5,Full Member,Mathison Centre for Mental Health Research and Education,4,https://profiles.ucalgary.ca/daniel-mcgrath,source_declared
mem_3f62008a1f,"Academic Director, Mental Health & Well-being",~ Other ~,0,https://profiles.ucalgary.ca/jennifer-thannhauser,source_declared
mem_3f62008a1f,Evaluation Lead - Community Mental Health and Well-being Strategy,~ Other ~,1,https://profiles.ucalgary.ca/jennifer-thannhauser,source_declared
mem_3f62008a1f,Adjunct Associate Professor,"Werklund School of Education, Specialization, Counselling Psychology",2,https://profiles.ucalgary.ca/jennifer-thannhauser,source_declared
mem_3f62008a1f,Evaluation and Research Lead,"Faculty of Arts , Department of Psychology",3,https://profiles.ucalgary.ca/jennifer-thannhauser,source_declared
mem_3f62008a1f,Professor,"Faculty of Arts , Department of Psychology",4,https://profiles.ucalgary.ca/jennifer-thannhauser,source_declared
mem_3faa6c8292,Professor,"Schulich School of Engineering, Department of Biomedical Engineering",0,https://profiles.ucalgary.ca/kartikeya-murari,source_declared
mem_3faa6c8292,Professor,"Schulich School of Engineering, Department of Electrical and Software Engineering",1,https://profiles.ucalgary.ca/kartikeya-murari,source_declared
mem_3faa6c8292,Full Member,Hotchkiss Brain Institute,2,https://profiles.ucalgary.ca/kartikeya-murari,source_declared
mem_4031282ea1,Professor,"Cumming School of Medicine, Department of Radiology",0,https://profiles.ucalgary.ca/jeffrey-frank-dunn,source_declared
mem_4031282ea1,Adjunct Professor,"Cumming School of Medicine, Department of Clinical Neurosciences",1,https://profiles.ucalgary.ca/jeffrey-frank-dunn,source_declared
mem_4031282ea1,Adjunct Professor,"Cumming School of Medicine, Department of Physiology and Pharmacology",2,https://profiles.ucalgary.ca/jeffrey-frank-dunn,source_declared
mem_4031282ea1,Full Member,Hotchkiss Brain Institute,3,https://profiles.ucalgary.ca/jeffrey-frank-dunn,source_declared
mem_4031282ea1,Child Health & Wellness Researcher,Alberta Children's Hospital Research Institute,4,https://profiles.ucalgary.ca/jeffrey-frank-dunn,source_declared
mem_4031282ea1,Full Member,McCaig Institute for Bone and Joint Health,5,https://profiles.ucalgary.ca/jeffrey-frank-dunn,source_declared
mem_405555556d,Professor,Faculty of Kinesiology,0,https://profiles.ucalgary.ca/carolyn-emery,source_declared
mem_405555556d,Chair,Sport Injury Prevention Research Centre,1,https://profiles.ucalgary.ca/carolyn-emery,source_declared
mem_405555556d,Child Health & Wellness Researcher,Alberta Children's Hospital Research Institute,2,https://profiles.ucalgary.ca/carolyn-emery,source_declared
mem_405555556d,Full Member,McCaig Institute for Bone and Joint Health,3,https://profiles.ucalgary.ca/carolyn-emery,source_declared
mem_405555556d,Full Member,Hotchkiss Brain Institute,4,https://profiles.ucalgary.ca/carolyn-emery,source_declared
mem_405555556d,Full Member,O'Brien Institute for Public Health,5,https://profiles.ucalgary.ca/carolyn-emery,source_declared
mem_40840edc6a,Professor - Medicine,"Cumming School of Medicine, Department of Psychiatry",0,https://profiles.ucalgary.ca/jean-margaret-addington,source_declared
mem_40840edc6a,Full Member,Hotchkiss Brain Institute,1,https://profiles.ucalgary.ca/jean-margaret-addington,source_declared
mem_40840edc6a,Child Health & Wellness Researcher,Alberta Children's Hospital Research Institute,2,https://profiles.ucalgary.ca/jean-margaret-addington,source_declared
mem_40840edc6a,Full Member,Mathison Centre for Mental Health Research and Education,3,https://profiles.ucalgary.ca/jean-margaret-addington,source_declared
mem_414b7b0e40,Associate Professor,"Werklund School of Education, Specialization, School and Applied Child Psychology",0,https://profiles.ucalgary.ca/kelly-dean-schwartz,source_declared
mem_414b7b0e40,Adjunct Associate Professor,"Faculty of Arts , Department of Psychology",1,https://profiles.ucalgary.ca/kelly-dean-schwartz,source_declared
mem_414b7b0e40,Full Member,"Hotchkiss Brain Institute, Mathison Centre for Mental Health Research and Education",2,https://profiles.ucalgary.ca/kelly-dean-schwartz,source_declared
mem_414b7b0e40,Full Member,Mathison Centre for Mental Health Research and Education,3,https://profiles.ucalgary.ca/kelly-dean-schwartz,source_declared
mem_414b7b0e40,Full Member,"Alberta Children's Hospital Research Institute, Owerko Centre",4,https://profiles.ucalgary.ca/kelly-dean-schwartz,source_declared
mem_418a89fdc0,Full Professor,"Cumming School of Medicine, Department of Physiology and Pharmacology",0,https://profiles.ucalgary.ca/andrew-braun,source_declared
mem_418a89fdc0,Full Member,Libin Cardiovascular Institute,1,https://profiles.ucalgary.ca/andrew-braun,source_declared
mem_418a89fdc0,Associate Member,Hotchkiss Brain Institute,2,https://profiles.ucalgary.ca/andrew-braun,source_declared
mem_418a89fdc0,Associate Member,"The Calvin, Phoebe and Joan Snyder Institute for Chronic Diseases",3,https://profiles.ucalgary.ca/andrew-braun,source_declared
mem_418a89fdc0,Member,Libin Cardiovascular Institute,4,https://profiles.ucalgary.ca/andrew-braun,source_declared
mem_418b15747e,Section Chief Physical Medicine and Rehabilitation,"Cumming School of Medicine, Department of Clinical Neurosciences",0,https://profiles.ucalgary.ca/sean-dukelow,source_declared
mem_418b15747e,Full Member,Hotchkiss Brain Institute,1,https://profiles.ucalgary.ca/sean-dukelow,source_declared
mem_418b15747e,Associate Member,McCaig Institute for Bone and Joint Health,2,https://profiles.ucalgary.ca/sean-dukelow,source_declared
mem_418b15747e,Full Member,Libin Cardiovascular Institute,3,https://profiles.ucalgary.ca/sean-dukelow,source_declared
mem_41979986b6,Adjunct Professor,"Faculty of Arts , Department of Psychology",0,https://profiles.ucalgary.ca/andrew-kim,source_declared
mem_41979986b6,Full Member,Hotchkiss Brain Institute,1,https://profiles.ucalgary.ca/andrew-kim,source_declared
mem_434a4ec74e,Clinical Professor,University of Calgary,0,https://profiles.ucalgary.ca/cristian-zeni,source_declared
mem_434a4ec74e,Full Member,Hotchkiss Brain Institute,1,https://profiles.ucalgary.ca/cristian-zeni,source_declared
mem_434a4ec74e,Full Member,Mathison Centre for Mental Health Research and Education,2,https://profiles.ucalgary.ca/cristian-zeni,source_declared
mem_4393bff7a6,Associate Dean (Graduate),Faculty of Kinesiology,0,https://profiles.ucalgary.ca/meghan-mcdonough,source_declared
mem_4393bff7a6,Professor,Faculty of Kinesiology,1,https://profiles.ucalgary.ca/meghan-mcdonough,source_declared
mem_4393bff7a6,Member,O'Brien Institute for Public Health,2,https://profiles.ucalgary.ca/meghan-mcdonough,source_declared
mem_4393bff7a6,Member,Arnie Charbonneau Cancer Institute,3,https://profiles.ucalgary.ca/meghan-mcdonough,source_declared
mem_4393bff7a6,Full Member,Hotchkiss Brain Institute,4,https://profiles.ucalgary.ca/meghan-mcdonough,source_declared
mem_4393bff7a6,Associate Member,Mathison Centre for Mental Health Research and Education,5,https://profiles.ucalgary.ca/meghan-mcdonough,source_declared
mem_4435cc366f,Full Professor,Cumming School of Medicine,0,https://profiles.ucalgary.ca/zahra-goodarzi,source_declared
mem_4435cc366f,Full Member,Hotchkiss Brain Institute,1,https://profiles.ucalgary.ca/zahra-goodarzi,source_declared
mem_4435cc366f,Associate Member,Mathison Centre for Mental Health Research and Education,2,https://profiles.ucalgary.ca/zahra-goodarzi,source_declared
mem_4435cc366f,Full Member,O'Brien Institute for Public Health,3,https://profiles.ucalgary.ca/zahra-goodarzi,source_declared
mem_4435cc366f,Division Head Geriatric Medicine,University of Calgary,4,https://profiles.ucalgary.ca/zahra-goodarzi,source_declared
mem_4435cc366f,Medical Lead Specialized Geriatric Services and Transition Services,Alberta Health Services,5,https://profiles.ucalgary.ca/zahra-goodarzi,source_declared
mem_4517ebed1e,Professor,"Cumming School of Medicine, Department of Clinical Neurosciences",0,https://profiles.ucalgary.ca/garnette-roy-sutherland,source_declared
mem_4517ebed1e,Full Member,Hotchkiss Brain Institute,1,https://profiles.ucalgary.ca/garnette-roy-sutherland,source_declared
mem_4517ebed1e,Member,Arnie Charbonneau Cancer Institute,2,https://profiles.ucalgary.ca/garnette-roy-sutherland,source_declared
mem_4598061484,Clinical Assistant Professor,Cumming School of Medicine,0,https://profiles.ucalgary.ca/serge-mrkobrada,source_declared
mem_4598061484,Associate Member,Hotchkiss Brain Institute,1,https://profiles.ucalgary.ca/serge-mrkobrada,source_declared
mem_460c3f47d4,Professor,"Faculty of Social Work, Calgary Campus",0,https://profiles.ucalgary.ca/georgina-dimitropoulos,source_declared
mem_460c3f47d4,UCalgary Research Excellence Chair in System-level Interventions for Equitable & Accessible Youth Mental Health Services,Vice President Research Office,1,https://profiles.ucalgary.ca/georgina-dimitropoulos,source_declared
mem_460c3f47d4,"Coordinator, Program for Undergraduate Research Experience (PURE)","Faculty of Social Work, Calgary Campus",2,https://profiles.ucalgary.ca/georgina-dimitropoulos,source_declared
mem_460c3f47d4,Research Lead,Calgary Eating Disorders Program,3,https://profiles.ucalgary.ca/georgina-dimitropoulos,source_declared
mem_460c3f47d4,Research Scientist - Kickstand-Provincial Integrated Youth Service,~ Other ~,4,https://profiles.ucalgary.ca/georgina-dimitropoulos,source_declared
mem_460c3f47d4,Co-Director of Research - KINDEX National Child and Youth Advocacy Research Knowledge Centre,~ Other ~,5,https://profiles.ucalgary.ca/georgina-dimitropoulos,source_declared
mem_460c3f47d4,Co-Research Lead - Pathways to Prevention: A Centre for Childhood Trauma at Hull Services,~ Other ~,6,https://profiles.ucalgary.ca/georgina-dimitropoulos,source_declared
mem_460c3f47d4,Full Member,Hotchkiss Brain Institute,7,https://profiles.ucalgary.ca/georgina-dimitropoulos,source_declared
mem_460c3f47d4,Full Member,Mathison Centre for Mental Health Research and Education,8,https://profiles.ucalgary.ca/georgina-dimitropoulos,source_declared
mem_460c3f47d4,Full Member,Alberta Children's Hospital Research Institute,9,https://profiles.ucalgary.ca/georgina-dimitropoulos,source_declared
mem_460c3f47d4,Full Member,O'Brien Institute for Public Health,10,https://profiles.ucalgary.ca/georgina-dimitropoulos,source_declared
mem_473d2f19dd,Professor and Department Head,"Cumming School of Medicine, Department of Clinical Neurosciences",0,https://profiles.ucalgary.ca/nathalie-jette,source_declared
mem_473d2f19dd,Full Member,"Hotchkiss Brain Institute, Brain and Mental Health Research Clinics Initiative",1,https://profiles.ucalgary.ca/nathalie-jette,source_declared
mem_473d2f19dd,Zone Clinical Department Head,Alberta Health Services,2,https://profiles.ucalgary.ca/nathalie-jette,source_declared
mem_4bb4b4c5df,Assistant Professor,"Cumming School of Medicine, Department of Community Health Sciences",0,https://profiles.ucalgary.ca/zahra-clayborne,source_declared
mem_4bb4b4c5df,Assistant Professor,"Cumming School of Medicine, Department of Pediatrics",1,https://profiles.ucalgary.ca/zahra-clayborne,source_declared
mem_4bb4b4c5df,Child Health & Wellness Researcher,"Alberta Children's Hospital Research Institute, Owerko Centre",2,https://profiles.ucalgary.ca/zahra-clayborne,source_declared
mem_4bb4b4c5df,Full Member,"Hotchkiss Brain Institute, Mathison Centre for Mental Health Research and Education",3,https://profiles.ucalgary.ca/zahra-clayborne,source_declared
mem_4bb4b4c5df,Full Member,O'Brien Institute for Public Health,4,https://profiles.ucalgary.ca/zahra-clayborne,source_declared
mem_4ee060e99b,Associate Professor,"Cumming School of Medicine, Department of Oncology",0,https://profiles.ucalgary.ca/gloria-roldan-urgoiti,source_declared
mem_4ee060e99b,Full Member,Arnie Charbonneau Cancer Institute,1,https://profiles.ucalgary.ca/gloria-roldan-urgoiti,source_declared
mem_4ee060e99b,Associate Member,Hotchkiss Brain Institute,2,https://profiles.ucalgary.ca/gloria-roldan-urgoiti,source_declared
mem_4f4215a32e,Assistant Professor,"Schulich School of Engineering, Department of Biomedical Engineering",0,https://profiles.ucalgary.ca/sayeh-bayat,source_declared
mem_4f4215a32e,Assistant Professor,"Schulich School of Engineering, Department of Geomatics Engineering",1,https://profiles.ucalgary.ca/sayeh-bayat,source_declared
mem_4f4215a32e,Schulich Research Chair,Schulich School of Engineering,2,https://profiles.ucalgary.ca/sayeh-bayat,source_declared
mem_4f4215a32e,Full Member,O'Brien Institute for Public Health,3,https://profiles.ucalgary.ca/sayeh-bayat,source_declared
mem_4f4215a32e,Full Member,Hotchkiss Brain Institute,4,https://profiles.ucalgary.ca/sayeh-bayat,source_declared
mem_4fc16fbe9a,Associate Member,Hotchkiss Brain Institute,0,https://profiles.ucalgary.ca/danijela-piskulic,source_declared
mem_4fc16fbe9a,Adjunct Assistant Professor,"Cumming School of Medicine, Department of Psychiatry",1,https://profiles.ucalgary.ca/danijela-piskulic,source_declared
mem_4fc16fbe9a,Associate Member,Mathison Centre for Mental Health Research and Education,2,https://profiles.ucalgary.ca/danijela-piskulic,source_declared
mem_4fcca18975,Adjunct Professor,"Cumming School of Medicine, Department of Psychiatry",0,https://profiles.ucalgary.ca/frank-macmaster,source_declared
mem_4fcca18975,Vice President of Research and Innovation,~ Other ~,1,https://profiles.ucalgary.ca/frank-macmaster,source_declared
mem_4fcca18975,Associate Member,Hotchkiss Brain Institute,2,https://profiles.ucalgary.ca/frank-macmaster,source_declared
mem_4fcca18975,Associate Member,Mathison Centre for Mental Health Research and Education,3,https://profiles.ucalgary.ca/frank-macmaster,source_declared
mem_50e629396d,Clinical Assistant Professor,"Cumming School of Medicine, Department of Psychiatry",0,https://profiles.ucalgary.ca/eric-chan,source_declared
mem_50e629396d,Full Member,Hotchkiss Brain Institute,1,https://profiles.ucalgary.ca/eric-chan,source_declared
mem_50e629396d,Full Member,Mathison Centre for Mental Health Research and Education,2,https://profiles.ucalgary.ca/eric-chan,source_declared
mem_514df516d2,Research Assistant Professor,"Cumming School of Medicine, Department of Cell Biology and Anatomy",0,https://profiles.ucalgary.ca/h-artee-luchman,source_declared
mem_514df516d2,"Associate Director, Variable Gene Penetrance",Alberta Children's Hospital Research Institute,1,https://profiles.ucalgary.ca/h-artee-luchman,source_declared
mem_514df516d2,Child Health and Wellness Researcher,Alberta Children's Hospital Research Institute,2,https://profiles.ucalgary.ca/h-artee-luchman,source_declared
mem_514df516d2,Full Member,Arnie Charbonneau Cancer Institute,3,https://profiles.ucalgary.ca/h-artee-luchman,source_declared
mem_514df516d2,Associate Member,Hotchkiss Brain Institute,4,https://profiles.ucalgary.ca/h-artee-luchman,source_declared
mem_51d0744557,Associate Professor,"Cumming School of Medicine, Department of Clinical Neurosciences",0,https://profiles.ucalgary.ca/aravind-ganesh,source_declared
mem_51d0744557,Associate Professor,"Cumming School of Medicine, Department of Community Health Sciences",1,https://profiles.ucalgary.ca/aravind-ganesh,source_declared
mem_51d0744557,Associate Professor,"Cumming School of Medicine, Department of Radiology",2,https://profiles.ucalgary.ca/aravind-ganesh,source_declared
mem_51d0744557,Full Member,"Hotchkiss Brain Institute, Brain and Mental Health Research Clinics Initiative",3,https://profiles.ucalgary.ca/aravind-ganesh,source_declared
mem_51d0744557,Full Member,Mathison Centre for Mental Health Research and Education,4,https://profiles.ucalgary.ca/aravind-ganesh,source_declared
mem_51d0744557,Full Member,O'Brien Institute for Public Health,5,https://profiles.ucalgary.ca/aravind-ganesh,source_declared
mem_529c362d70,Adjunct Assistant Professor,"Cumming School of Medicine, Department of Psychiatry",0,https://profiles.ucalgary.ca/abdullah-al-maruf,source_declared
mem_529c362d70,Associate Member,Mathison Centre for Mental Health Research and Education,1,https://profiles.ucalgary.ca/abdullah-al-maruf,source_declared
mem_5357e9a762,Professor Emerita,"Faculty of Nursing, Emeriti",0,https://profiles.ucalgary.ca/eloise-carr,source_declared
mem_5357e9a762,Associate Member,Hotchkiss Brain Institute,1,https://profiles.ucalgary.ca/eloise-carr,source_declared
mem_5357e9a762,Full Member,McCaig Institute for Bone and Joint Health,2,https://profiles.ucalgary.ca/eloise-carr,source_declared
mem_53686b30d5,Associate Professor,"Cumming School of Medicine, Department of Radiology | Image Science",0,https://profiles.ucalgary.ca/pierre-levan,source_declared
mem_53686b30d5,Associate Professor,"Cumming School of Medicine, Department of Pediatrics",1,https://profiles.ucalgary.ca/pierre-levan,source_declared
mem_53686b30d5,Full Member,Hotchkiss Brain Institute,2,https://profiles.ucalgary.ca/pierre-levan,source_declared
mem_53686b30d5,Child Health & Wellness Researcher,Alberta Children's Hospital Research Institute,3,https://profiles.ucalgary.ca/pierre-levan,source_declared
mem_53bdbb7000,Full Member,Hotchkiss Brain Institute,0,https://profiles.ucalgary.ca/scott-ryan,source_declared
mem_53bdbb7000,Associate Professor,University of Calgary,1,https://profiles.ucalgary.ca/scott-ryan,source_declared
mem_53bdbb7000,Member,Libin Cardiovascular Institute,2,https://profiles.ucalgary.ca/scott-ryan,source_declared
mem_53c25f2cf7,Professor,"Cumming School of Medicine, Department of Clinical Neurosciences",0,https://profiles.ucalgary.ca/fiona-costello,source_declared
mem_53c25f2cf7,Full Member,Hotchkiss Brain Institute,1,https://profiles.ucalgary.ca/fiona-costello,source_declared
mem_53c25f2cf7,Associate Professor,"Cumming School of Medicine, Office of the Dean | Research",2,https://profiles.ucalgary.ca/fiona-costello,source_declared
mem_53d8f553c6,Clinical Assistant Professor,"Cumming School of Medicine, Department of Clinical Neurosciences",0,https://profiles.ucalgary.ca/ronda-lun,source_declared
mem_53d8f553c6,Full Member,Hotchkiss Brain Institute,1,https://profiles.ucalgary.ca/ronda-lun,source_declared
mem_53d8f553c6,Full Member,O'Brien Institute for Public Health,2,https://profiles.ucalgary.ca/ronda-lun,source_declared
mem_53d8f553c6,Member,Arnie Charbonneau Cancer Institute,3,https://profiles.ucalgary.ca/ronda-lun,source_declared
mem_53e60fab63,Clinical Associate Professor,"Cumming School of Medicine, Department of Clinical Neurosciences",0,https://profiles.ucalgary.ca/katayoun-alikhani,source_declared
mem_53e60fab63,Associate Member,Hotchkiss Brain Institute,1,https://profiles.ucalgary.ca/katayoun-alikhani,source_declared
mem_53e913a810,Deputy Provost,Office of the Provost,0,https://profiles.ucalgary.ca/robin-yates,source_declared
mem_53e913a810,Associate Member,Hotchkiss Brain Institute,1,https://profiles.ucalgary.ca/robin-yates,source_declared
mem_53e913a810,Full Member,"The Calvin, Phoebe and Joan Snyder Institute for Chronic Diseases",2,https://profiles.ucalgary.ca/robin-yates,source_declared
mem_544d7ede34,Associate Professor,Faculty of Kinesiology,0,https://profiles.ucalgary.ca/ryan-peters,source_declared
mem_544d7ede34,Full Member,Hotchkiss Brain Institute,1,https://profiles.ucalgary.ca/ryan-peters,source_declared
mem_5484cb96e1,Professor Emeritus,"Faculty of Science , Department of Chemistry",0,https://profiles.ucalgary.ca/arvi-rauk,source_declared
mem_5484cb96e1,Associate Member,Hotchkiss Brain Institute,1,https://profiles.ucalgary.ca/arvi-rauk,source_declared
mem_57d1619bfe,Assistant Professor,University of Ottawa,0,https://profiles.ucalgary.ca/nicole-racine-0,source_declared
mem_57d1619bfe,Associate Member,Hotchkiss Brain Institute,1,https://profiles.ucalgary.ca/nicole-racine-0,source_declared
mem_57d1619bfe,Associate Member,Mathison Centre for Mental Health Research and Education,2,https://profiles.ucalgary.ca/nicole-racine-0,source_declared
mem_581f118e90,Assistant Professor,"Schulich School of Engineering, Department of Biomedical Engineering",0,https://profiles.ucalgary.ca/mariana-pinheiro-bento,source_declared
mem_581f118e90,Assistant Professor,"Schulich School of Engineering, Department of Electrical and Software Engineering",1,https://profiles.ucalgary.ca/mariana-pinheiro-bento,source_declared
mem_581f118e90,Full Member,Hotchkiss Brain Institute,2,https://profiles.ucalgary.ca/mariana-pinheiro-bento,source_declared
mem_581f118e90,Child Health & Wellness Researcher,Alberta Children's Hospital Research Institute,3,https://profiles.ucalgary.ca/mariana-pinheiro-bento,source_declared
mem_58625c2ce5,Professor,"Cumming School of Medicine, Department of Pediatrics",0,https://profiles.ucalgary.ca/julia-jacobs-levan,source_declared
mem_58625c2ce5,"Assistant Dean, Postdoctoral Research",Cumming School of Medicine,1,https://profiles.ucalgary.ca/julia-jacobs-levan,source_declared
mem_58625c2ce5,Full Member,Hotchkiss Brain Institute,2,https://profiles.ucalgary.ca/julia-jacobs-levan,source_declared
mem_58625c2ce5,Child Health & Wellness Researcher,"Alberta Children's Hospital Research Institute, Owerko Centre",3,https://profiles.ucalgary.ca/julia-jacobs-levan,source_declared
mem_587dff4153,Associate Professor,"Cumming School of Medicine, Department of Pediatrics",0,https://profiles.ucalgary.ca/sarah-maceachern,source_declared
mem_587dff4153,Adjunct Assistant Professor,"Faculty of Arts , Department of Psychology",1,https://profiles.ucalgary.ca/sarah-maceachern,source_declared
mem_587dff4153,Developmental Pediatrician,Alberta Health Services,2,https://profiles.ucalgary.ca/sarah-maceachern,source_declared
mem_587dff4153,Full Member,"Hotchkiss Brain Institute, Brain and Mental Health Research Clinics Initiative",3,https://profiles.ucalgary.ca/sarah-maceachern,source_declared
mem_587dff4153,Child Health & Wellness Researcher,"Alberta Children's Hospital Research Institute, Owerko Centre",4,https://profiles.ucalgary.ca/sarah-maceachern,source_declared
mem_599092b85f,"Associate Director, RESTORE Network","Cumming School of Medicine, Department of Clinical Neurosciences",0,https://profiles.ucalgary.ca/kelly-larkin-kaiser,source_declared
mem_599092b85f,Assistant Professor (Research),"Cumming School of Medicine, Department of Clinical Neurosciences",1,https://profiles.ucalgary.ca/kelly-larkin-kaiser,source_declared
mem_599092b85f,Associate Member,Hotchkiss Brain Institute,2,https://profiles.ucalgary.ca/kelly-larkin-kaiser,source_declared
mem_599092b85f,Child Health & Wellness Researcher,Alberta Children's Hospital Research Institute,3,https://profiles.ucalgary.ca/kelly-larkin-kaiser,source_declared
mem_5df4c5aac6,Clinical Assistant Professor,"Cumming School of Medicine, Department of Medicine",0,https://profiles.ucalgary.ca/kirstie-lithgow,source_declared
mem_5df4c5aac6,Clinical Assisant Professor,"Cumming School of Medicine, Department of Oncology",1,https://profiles.ucalgary.ca/kirstie-lithgow,source_declared
mem_5df4c5aac6,Clinical researcher,"Hotchkiss Brain Institute, Integrative concussion research program",2,https://profiles.ucalgary.ca/kirstie-lithgow,source_declared
mem_5df4c5aac6,Clinician,Arthur J.E. Child Comprehensive Cancer Centre,3,https://profiles.ucalgary.ca/kirstie-lithgow,source_declared
mem_5df4c5aac6,Member,Arnie Charbonneau Cancer Institute,4,https://profiles.ucalgary.ca/kirstie-lithgow,source_declared
mem_5e831960ba,Professor (Teaching),"Faculty of Science , Department of Biological Sciences",0,https://profiles.ucalgary.ca/corey-flynn,source_declared
mem_5e831960ba,Director,"Faculty of Science , Neuroscience Program",1,https://profiles.ucalgary.ca/corey-flynn,source_declared
mem_5e831960ba,Full Member,Hotchkiss Brain Institute,2,https://profiles.ucalgary.ca/corey-flynn,source_declared
mem_5e8669ce5b,Adjunct Professor,"Faculty of Arts , Department of Psychology",0,https://profiles.ucalgary.ca/penny-pexman,source_declared
mem_5e8669ce5b,Associate Member,Hotchkiss Brain Institute,1,https://profiles.ucalgary.ca/penny-pexman,source_declared
mem_5e8669ce5b,Child Health & Wellness Researcher,Alberta Children's Hospital Research Institute,2,https://profiles.ucalgary.ca/penny-pexman,source_declared
mem_5f0bb4bf6e,Professor,"Cumming School of Medicine, Department of Psychiatry",0,https://profiles.ucalgary.ca/valerie-taylor,source_declared
mem_5f0bb4bf6e,Full Member,Hotchkiss Brain Institute,1,https://profiles.ucalgary.ca/valerie-taylor,source_declared
mem_5f0bb4bf6e,Full Member,Mathison Centre for Mental Health Research and Education,2,https://profiles.ucalgary.ca/valerie-taylor,source_declared
mem_5f0bb4bf6e,Full Member,"The Calvin, Phoebe and Joan Snyder Institute for Chronic Diseases",3,https://profiles.ucalgary.ca/valerie-taylor,source_declared
mem_5f0bb4bf6e,Child Health & Wellness Researcher,Alberta Children's Hospital Research Institute,4,https://profiles.ucalgary.ca/valerie-taylor,source_declared
mem_5f0bb4bf6e,Adjunct Assistant Professor,"Faculty of Arts , Department of Psychology",5,https://profiles.ucalgary.ca/valerie-taylor,source_declared
mem_5f8c42fffa,Professor,"Cumming School of Medicine, Department of Radiology",0,https://profiles.ucalgary.ca/catherine-lebel,source_declared
mem_5f8c42fffa,Child Brain & Mental Health Program Director,Alberta Children's Hospital Research Institute,1,https://profiles.ucalgary.ca/catherine-lebel,source_declared
mem_5f8c42fffa,Child Health & Wellness Researcher,"Alberta Children's Hospital Research Institute, Owerko Centre",2,https://profiles.ucalgary.ca/catherine-lebel,source_declared
mem_5f8c42fffa,Full Member,Hotchkiss Brain Institute,3,https://profiles.ucalgary.ca/catherine-lebel,source_declared
mem_5f8c42fffa,Full Member,Mathison Centre for Mental Health Research and Education,4,https://profiles.ucalgary.ca/catherine-lebel,source_declared
mem_601dd6a6ac,Professor - Medicine,"Cumming School of Medicine, Department of Clinical Neurosciences",0,https://profiles.ucalgary.ca/bin-hu,source_declared
mem_601dd6a6ac,Full Member,Hotchkiss Brain Institute,1,https://profiles.ucalgary.ca/bin-hu,source_declared
mem_613baceb13,Full Member,Hotchkiss Brain Institute,0,https://profiles.ucalgary.ca/lawrence-korngut,source_declared
mem_613baceb13,Professor of Neurology,"Cumming School of Medicine, Department of Clinical Neurosciences",1,https://profiles.ucalgary.ca/lawrence-korngut,source_declared
mem_61578b7504,Director,"Alberta Children's Hospital Research Institute, Owerko Centre",0,https://profiles.ucalgary.ca/susan-annetta-graham,source_declared
mem_61578b7504,Scientific Director,Azrieli Accelerator,1,https://profiles.ucalgary.ca/susan-annetta-graham,source_declared
mem_61578b7504,One Child Every Child Vulnerable to Thriving Co-lead,University of Calgary,2,https://profiles.ucalgary.ca/susan-annetta-graham,source_declared
mem_61578b7504,Mental Health Research 4 Kids Co-lead,University of Calgary,3,https://profiles.ucalgary.ca/susan-annetta-graham,source_declared
mem_61578b7504,Little Red Reading House Director,University of Calgary,4,https://profiles.ucalgary.ca/susan-annetta-graham,source_declared
mem_61578b7504,Professor,"Faculty of Arts , Department of Psychology",5,https://profiles.ucalgary.ca/susan-annetta-graham,source_declared
mem_61578b7504,Child Health & Wellness Researcher,"Alberta Children's Hospital Research Institute, Owerko Centre",6,https://profiles.ucalgary.ca/susan-annetta-graham,source_declared
mem_61578b7504,Full Member,Hotchkiss Brain Institute,7,https://profiles.ucalgary.ca/susan-annetta-graham,source_declared
mem_61c2300e70,Medical Director Give Life Alberta and SAOTDP Southern Alberta SEND Lead,Alberta Health Services,0,https://profiles.ucalgary.ca/andreas-kramer,source_declared
mem_61c2300e70,Neurointensivist,Alberta Health Services,1,https://profiles.ucalgary.ca/andreas-kramer,source_declared
mem_61c2300e70,Clinical Professor,Cumming School of Medicine,2,https://profiles.ucalgary.ca/andreas-kramer,source_declared
mem_61c2300e70,Full Member,Hotchkiss Brain Institute,3,https://profiles.ucalgary.ca/andreas-kramer,source_declared
mem_622613bf11,Associate Professor,"Cumming School of Medicine, Department of Radiology",0,https://profiles.ucalgary.ca/signe-bray,source_declared
mem_622613bf11,Scientific Director,Child and Adolescent Imaging Research Program,1,https://profiles.ucalgary.ca/signe-bray,source_declared
mem_622613bf11,Full Member,Hotchkiss Brain Institute,2,https://profiles.ucalgary.ca/signe-bray,source_declared
mem_622613bf11,Full Member,Mathison Centre for Mental Health Research and Education,3,https://profiles.ucalgary.ca/signe-bray,source_declared
mem_622613bf11,Child Health & Wellness Researcher,"Alberta Children's Hospital Research Institute, Owerko Centre",4,https://profiles.ucalgary.ca/signe-bray,source_declared
mem_622613bf11,Adjunct Associate Professor,"Faculty of Arts , Department of Psychology",5,https://profiles.ucalgary.ca/signe-bray,source_declared
mem_622613bf11,Associate Professor,Cumming School of Medicine,6,https://profiles.ucalgary.ca/signe-bray,source_declared
mem_638c45e04a,Associate Professor,"Cumming School of Medicine, Department of Clinical Neurosciences | Neurosurgery",0,https://profiles.ucalgary.ca/fady-girgis,source_declared
mem_638c45e04a,Full Member,Hotchkiss Brain Institute,1,https://profiles.ucalgary.ca/fady-girgis,source_declared
mem_65229f6177,Chair: SSHRC Tier 2 Canada Research Chair in Determinants of Child Development,"Faculty of Arts , Department of Psychology",0,https://profiles.ucalgary.ca/sheri-madigan,source_declared
mem_65229f6177,Professor,"Faculty of Arts , Department of Psychology",1,https://profiles.ucalgary.ca/sheri-madigan,source_declared
mem_65229f6177,Full Member,"Hotchkiss Brain Institute, Mathison Centre for Mental Health Research and Education",2,https://profiles.ucalgary.ca/sheri-madigan,source_declared
mem_65229f6177,Full Member,"Alberta Children's Hospital Research Institute, Owerko Centre",3,https://profiles.ucalgary.ca/sheri-madigan,source_declared
mem_656468a699,Assistant Professor,"Faculty of Arts , Department of Psychology",0,https://profiles.ucalgary.ca/jackson-cone,source_declared
mem_656468a699,Canada Research Chair (Tier II) Computational Behavioural Neuroscience,Research Chair,1,https://profiles.ucalgary.ca/jackson-cone,source_declared
mem_656468a699,Full Member,Hotchkiss Brain Institute,2,https://profiles.ucalgary.ca/jackson-cone,source_declared
mem_67336e1dbb,Associate Professor,"Cumming School of Medicine, Department of Cell Biology and Anatomy",0,https://profiles.ucalgary.ca/alex-lohman,source_declared
mem_67336e1dbb,Interim Department Head,"Cumming School of Medicine, Department of Cell Biology and Anatomy",1,https://profiles.ucalgary.ca/alex-lohman,source_declared
mem_67336e1dbb,Full Member,Hotchkiss Brain Institute,2,https://profiles.ucalgary.ca/alex-lohman,source_declared
mem_67336e1dbb,Child Health & Wellness Researcher,Alberta Children's Hospital Research Institute,3,https://profiles.ucalgary.ca/alex-lohman,source_declared
mem_6734c9213c,Clinical Associate Professor,"Cumming School of Medicine, Department of Surgery | Ophthalmology",0,https://profiles.ucalgary.ca/stephanie-dotchin,source_declared
mem_6734c9213c,Child Health & Wellness Researcher,Alberta Children's Hospital Research Institute,1,https://profiles.ucalgary.ca/stephanie-dotchin,source_declared
mem_67b2999f43,Department Head,"Faculty of Arts , Department of Psychology",0,https://profiles.ucalgary.ca/michael-christopher-antle,source_declared
mem_67b2999f43,Professor,"Faculty of Arts , Department of Psychology",1,https://profiles.ucalgary.ca/michael-christopher-antle,source_declared
mem_67b2999f43,Full Member,Hotchkiss Brain Institute,2,https://profiles.ucalgary.ca/michael-christopher-antle,source_declared
mem_67b2999f43,Adjunct Professor,"Cumming School of Medicine, Department of Physiology and Pharmacology",3,https://profiles.ucalgary.ca/michael-christopher-antle,source_declared
mem_6a681336c2,Clinical Professor,"Cumming School of Medicine, Department of Psychiatry",0,https://profiles.ucalgary.ca/donald-emile-addington,source_declared
mem_6a681336c2,Full Member,Hotchkiss Brain Institute,1,https://profiles.ucalgary.ca/donald-emile-addington,source_declared
mem_6a681336c2,Full Member,Mathison Centre for Mental Health Research and Education,2,https://profiles.ucalgary.ca/donald-emile-addington,source_declared
mem_6a980d0db4,Principal Investigator,"Cumming School of Medicine, Department of Clinical Neurosciences",0,https://profiles.ucalgary.ca/rebecca-charbonneau,source_declared
mem_6a980d0db4,Clinical Associate Professor,"Cumming School of Medicine, Department of Clinical Neurosciences",1,https://profiles.ucalgary.ca/rebecca-charbonneau,source_declared
mem_6a980d0db4,Full Member,Hotchkiss Brain Institute,2,https://profiles.ucalgary.ca/rebecca-charbonneau,source_declared
mem_6a980d0db4,Lead Adult Spinal Cord Injury Rehabiliation,Alberta Health Services,3,https://profiles.ucalgary.ca/rebecca-charbonneau,source_declared
mem_6abb226805,Professor,"Cumming School of Medicine, Department of Medicine",0,https://profiles.ucalgary.ca/jayna-holroyd-leduc,source_declared
mem_6abb226805,Professor,"Cumming School of Medicine, Department of Community Health Sciences",1,https://profiles.ucalgary.ca/jayna-holroyd-leduc,source_declared
mem_6abb226805,Academic and Clinical Department Head,"Cumming School of Medicine, Department of Medicine",2,https://profiles.ucalgary.ca/jayna-holroyd-leduc,source_declared
mem_6abb226805,BSF Chair in Geriatric Medicine,Cumming School of Medicine,3,https://profiles.ucalgary.ca/jayna-holroyd-leduc,source_declared
mem_6abb226805,Full Member,Hotchkiss Brain Institute,4,https://profiles.ucalgary.ca/jayna-holroyd-leduc,source_declared
mem_6abb226805,Full Member,O'Brien Institute for Public Health,5,https://profiles.ucalgary.ca/jayna-holroyd-leduc,source_declared
mem_6abb226805,Academic Lead,Centre on Aging,6,https://profiles.ucalgary.ca/jayna-holroyd-leduc,source_declared
mem_6afc7989eb,Associate Member,"Hotchkiss Brain Institute, Mathison Centre for Mental Health Research and Education",0,https://profiles.ucalgary.ca/audrey-ann-deneault,source_declared
mem_6b37eba80f,Associate Professor,"Faculty of Arts , Department of Psychology",0,https://profiles.ucalgary.ca/julia-kam,source_declared
mem_6b37eba80f,Full Member,Hotchkiss Brain Institute,1,https://profiles.ucalgary.ca/julia-kam,source_declared
mem_6b37eba80f,Child Health & Wellness Researcher,"Alberta Children's Hospital Research Institute, Owerko Centre",2,https://profiles.ucalgary.ca/julia-kam,source_declared
mem_6bf0d57aba,Clinical Associate Professor,Hotchkiss Brain Institute,0,https://profiles.ucalgary.ca/jodie-burton,source_declared
mem_6bf0d57aba,Clinical Associate Professor,"Cumming School of Medicine, Department of Clinical Neurosciences",1,https://profiles.ucalgary.ca/jodie-burton,source_declared
mem_6bf0d57aba,Assistant Professor,"Cumming School of Medicine, Department of Community Health Sciences",2,https://profiles.ucalgary.ca/jodie-burton,source_declared
mem_6bf0d57aba,Full Member,Hotchkiss Brain Institute,3,https://profiles.ucalgary.ca/jodie-burton,source_declared
mem_6c0f4891e4,Adjunct Assistant Professor,"Werklund School of Education, Specialization, Curriculum and Learning",0,https://profiles.ucalgary.ca/kimberley-smaniotto-holmes,source_declared
mem_6c0f4891e4,Associate Member Hotchkiss Brain Institute,"Hotchkiss Brain Institute, Mathison Centre for Mental Health Research and Education",1,https://profiles.ucalgary.ca/kimberley-smaniotto-holmes,source_declared
mem_6d56bbe087,Professor Emeritus,"Cumming School of Medicine, Department of Biochemistry and Molecular Biology | Cell Signalling and Structure",0,https://profiles.ucalgary.ca/jonathan-lytton,source_declared
mem_6d56bbe087,Associate Member,Hotchkiss Brain Institute,1,https://profiles.ucalgary.ca/jonathan-lytton,source_declared
mem_6d56bbe087,Member,Libin Cardiovascular Institute,2,https://profiles.ucalgary.ca/jonathan-lytton,source_declared
mem_6d56bbe087,Member,Arnie Charbonneau Cancer Institute,3,https://profiles.ucalgary.ca/jonathan-lytton,source_declared
mem_6da65fe265,Adjunct Assistant Professor,Hotchkiss Brain Institute,0,https://profiles.ucalgary.ca/boguslaw-tomanek,source_declared
mem_6da65fe265,Associate Member,Hotchkiss Brain Institute,1,https://profiles.ucalgary.ca/boguslaw-tomanek,source_declared
mem_6dce23a68b,Chair: CIHR Tier 2 Canada Research Chair in Adult Clinical Neuropsychology,"Faculty of Arts , Department of Psychology",0,https://profiles.ucalgary.ca/brandy-callahan,source_declared
mem_6dce23a68b,Associate Professor,"Faculty of Arts , Department of Psychology",1,https://profiles.ucalgary.ca/brandy-callahan,source_declared
mem_6dce23a68b,Full Member,Hotchkiss Brain Institute,2,https://profiles.ucalgary.ca/brandy-callahan,source_declared
mem_6dce23a68b,Full Member,Mathison Centre for Mental Health Research and Education,3,https://profiles.ucalgary.ca/brandy-callahan,source_declared
mem_6e27953757,Adjunct Clinical Professor,"Faculty of Nursing, Adjuncts",0,https://profiles.ucalgary.ca/katherine-bright,source_declared
mem_6e27953757,Assistant Professor,School of Nursing and Midwifery,1,https://profiles.ucalgary.ca/katherine-bright,source_declared
mem_6e27953757,Child Health & Wellness Researcher,Alberta Children's Hospital Research Institute,2,https://profiles.ucalgary.ca/katherine-bright,source_declared
mem_6e27953757,Associate Member,Hotchkiss Brain Institute,3,https://profiles.ucalgary.ca/katherine-bright,source_declared
mem_6e27953757,Associate Member,Mathison Centre for Mental Health Research and Education,4,https://profiles.ucalgary.ca/katherine-bright,source_declared
mem_6f76ca3c25,Clinical Assistant Professor,"Cumming School of Medicine, Department of Medicine",0,https://profiles.ucalgary.ca/monty-ghosh,source_declared
mem_6f76ca3c25,Full Member,Hotchkiss Brain Institute,1,https://profiles.ucalgary.ca/monty-ghosh,source_declared
mem_6f76ca3c25,Full Member,Mathison Centre for Mental Health Research and Education,2,https://profiles.ucalgary.ca/monty-ghosh,source_declared
mem_6fad50104e,Full Member,Hotchkiss Brain Institute,0,https://profiles.ucalgary.ca/william-kenyon-stell,source_declared
mem_6fad50104e,Child Health & Wellness Researcher,Alberta Children's Hospital Research Institute,1,https://profiles.ucalgary.ca/william-kenyon-stell,source_declared
mem_6fad50104e,Professor Emeritus,"Cumming School of Medicine, Department of Cell Biology and Anatomy",2,https://profiles.ucalgary.ca/william-kenyon-stell,source_declared
mem_6fad50104e,"Expert Research Advisor, Myopia Centre, Eye Hospital of Wenzhou Medical University, P.R.C.",~ Other ~,3,https://profiles.ucalgary.ca/william-kenyon-stell,source_declared
mem_707257fb34,Professor,"Faculty of Arts , Department of Anthropology and Archaeology",0,https://profiles.ucalgary.ca/jenny-godley,source_declared
mem_707257fb34,Academic Head,Graduate College,1,https://profiles.ucalgary.ca/jenny-godley,source_declared
mem_707257fb34,Adjunct Professor,"Cumming School of Medicine, Department of Community Health Sciences",2,https://profiles.ucalgary.ca/jenny-godley,source_declared
mem_707257fb34,"Associate Dean, Transdisciplinary Scholarship",Faculty of Graduate Studies,3,https://profiles.ucalgary.ca/jenny-godley,source_declared
mem_707257fb34,"Academic Co-Lead, Health & Life",Institutes for Transdisciplinary Scholarship,4,https://profiles.ucalgary.ca/jenny-godley,source_declared
mem_732e519cbb,Research Associate Professor,"Cumming School of Medicine, Department of Radiology",0,https://profiles.ucalgary.ca/yunyan-zhang,source_declared
mem_732e519cbb,Research Associate Professor,"Cumming School of Medicine, Department of Clinical Neurosciences",1,https://profiles.ucalgary.ca/yunyan-zhang,source_declared
mem_732e519cbb,Full Member,Hotchkiss Brain Institute,2,https://profiles.ucalgary.ca/yunyan-zhang,source_declared
mem_732e519cbb,Child Health & Wellness Researcher,Alberta Children's Hospital Research Institute,3,https://profiles.ucalgary.ca/yunyan-zhang,source_declared
mem_74bc2844fc,Associate Professor,Faculty of Kinesiology,0,https://profiles.ucalgary.ca/jonathan-smirl,source_declared
mem_74bc2844fc,Full Member,Hotchkiss Brain Institute,1,https://profiles.ucalgary.ca/jonathan-smirl,source_declared
mem_74bc2844fc,Full Member,Libin Cardiovascular Institute,2,https://profiles.ucalgary.ca/jonathan-smirl,source_declared
mem_74bc2844fc,Child Health & Wellness Researcher,Alberta Children's Hospital Research Institute,3,https://profiles.ucalgary.ca/jonathan-smirl,source_declared
mem_74c0a59289,Professor,"Schulich School of Engineering, Department of Electrical and Software Engineering",0,https://profiles.ucalgary.ca/yingxu-wang,source_declared
mem_74c0a59289,Adjunct Professor,Hotchkiss Brain Institute,1,https://profiles.ucalgary.ca/yingxu-wang,source_declared
mem_74c0a59289,Full Member,Hotchkiss Brain Institute,2,https://profiles.ucalgary.ca/yingxu-wang,source_declared
mem_750ab2b996,Professor,"Cumming School of Medicine, Department of Biochemistry and Molecular Biology",0,https://profiles.ucalgary.ca/quan-long,source_declared
mem_750ab2b996,Full Member,Hotchkiss Brain Institute,1,https://profiles.ucalgary.ca/quan-long,source_declared
mem_750ab2b996,Full Member,Mathison Centre for Mental Health Research and Education,2,https://profiles.ucalgary.ca/quan-long,source_declared
mem_750ab2b996,Child Health & Wellness Researcher,Alberta Children's Hospital Research Institute,3,https://profiles.ucalgary.ca/quan-long,source_declared
mem_750ab2b996,Professor,"Cumming School of Medicine, Department of Medical Genetics",4,https://profiles.ucalgary.ca/quan-long,source_declared
mem_750ab2b996,Adjunct Professor,"Faculty of Science , Department of Mathematics and Statistics",5,https://profiles.ucalgary.ca/quan-long,source_declared
mem_75b070759e,Professor,"Faculty of Science , Department of Physics and Astronomy",0,https://profiles.ucalgary.ca/christoph-simon,source_declared
mem_75b070759e,Full Member,Hotchkiss Brain Institute,1,https://profiles.ucalgary.ca/christoph-simon,source_declared
mem_7892ba722a,Professor Emeritus,"Cumming School of Medicine, Department of Pediatrics",0,https://profiles.ucalgary.ca/bonnie-kaplan,source_declared
mem_7892ba722a,Professor Emeritus,"Cumming School of Medicine, Department of Community Health Sciences",1,https://profiles.ucalgary.ca/bonnie-kaplan,source_declared
mem_7892ba722a,Emeritus Member,Hotchkiss Brain Institute,2,https://profiles.ucalgary.ca/bonnie-kaplan,source_declared
mem_7892ba722a,Child Health & Wellness Researcher,Alberta Children's Hospital Research Institute,3,https://profiles.ucalgary.ca/bonnie-kaplan,source_declared
mem_78b75777c4,Professor,"Cumming School of Medicine, Department of Pediatrics",0,https://profiles.ucalgary.ca/christopher-kirton,source_declared
mem_78b75777c4,Professor,"Cumming School of Medicine, Department of Clinical Neurosciences",1,https://profiles.ucalgary.ca/christopher-kirton,source_declared
mem_78b75777c4,Professor,"Cumming School of Medicine, Department of Radiology",2,https://profiles.ucalgary.ca/christopher-kirton,source_declared
mem_78b75777c4,Full Member,Hotchkiss Brain Institute,3,https://profiles.ucalgary.ca/christopher-kirton,source_declared
mem_78b75777c4,Child Health & Wellness Researcher,"Alberta Children's Hospital Research Institute, Owerko Centre",4,https://profiles.ucalgary.ca/christopher-kirton,source_declared
mem_78b75777c4,One Child Every Child Technology Solutions Co-lead,University of Calgary,5,https://profiles.ucalgary.ca/christopher-kirton,source_declared
mem_79f23a1fd5,Clinical Associate Professor,"Cumming School of Medicine, Department of Clinical Neurosciences",0,https://profiles.ucalgary.ca/ranita-manocha,source_declared
mem_79f23a1fd5,Adjunct Associate Professor,Faculty of Kinesiology,1,https://profiles.ucalgary.ca/ranita-manocha,source_declared
mem_79f23a1fd5,Full Member,McCaig Institute for Bone and Joint Health,2,https://profiles.ucalgary.ca/ranita-manocha,source_declared
mem_79f23a1fd5,Full Member,Hotchkiss Brain Institute,3,https://profiles.ucalgary.ca/ranita-manocha,source_declared
mem_7a1797f182,Full Professor,"Cumming School of Medicine, Department of Critical Care Medicine",0,https://profiles.ucalgary.ca/bryan-yipp,source_declared
mem_7a1797f182,Full Member,"Hotchkiss Brain Institute, Brain and Mental Health Research Clinics Initiative",1,https://profiles.ucalgary.ca/bryan-yipp,source_declared
mem_7d3968111f,Assistant Professor,"Cumming School of Medicine, Department of Clinical Neurosciences | Neurology",0,https://profiles.ucalgary.ca/jodie-roberts,source_declared
mem_7d3968111f,Assistant Professor,"Cumming School of Medicine, Department of Community Health Sciences",1,https://profiles.ucalgary.ca/jodie-roberts,source_declared
mem_7d3968111f,Neurologist & Neuroimmunologist,"Cumming School of Medicine, Department of Clinical Neurosciences | Neurology",2,https://profiles.ucalgary.ca/jodie-roberts,source_declared
mem_7d3968111f,Full Member,Hotchkiss Brain Institute,3,https://profiles.ucalgary.ca/jodie-roberts,source_declared
mem_81c06ea20f,Professor - Medicine,"Cumming School of Medicine, Department of Cell Biology and Anatomy",0,https://profiles.ucalgary.ca/richard-bernard-hawkes,source_declared
mem_81c06ea20f,Full Member,Hotchkiss Brain Institute,1,https://profiles.ucalgary.ca/richard-bernard-hawkes,source_declared
mem_81c06ea20f,Child Health & Wellness Researcher,Alberta Children's Hospital Research Institute,2,https://profiles.ucalgary.ca/richard-bernard-hawkes,source_declared
mem_82005c4912,Professor,"Cumming School of Medicine, Department of Physiology and Pharmacology",0,https://profiles.ucalgary.ca/grant-robert-gordon,source_declared
mem_82005c4912,Full Member,Hotchkiss Brain Institute,1,https://profiles.ucalgary.ca/grant-robert-gordon,source_declared
mem_830cb17f4e,Full Member,Hotchkiss Brain Institute,0,https://profiles.ucalgary.ca/guillaume-millet,source_declared
mem_834ac572c9,Clinical Assistant Professor,Hotchkiss Brain Institute,0,https://profiles.ucalgary.ca/steven-peters,source_declared
mem_834ac572c9,Full Member,Hotchkiss Brain Institute,1,https://profiles.ucalgary.ca/steven-peters,source_declared
mem_83852004c1,Professor,"Cumming School of Medicine, Department of Clinical Neurosciences",0,https://profiles.ucalgary.ca/shelagh-coutts,source_declared
mem_83852004c1,Professor,"Cumming School of Medicine, Department of Radiology",1,https://profiles.ucalgary.ca/shelagh-coutts,source_declared
mem_83852004c1,Professor,"Cumming School of Medicine, Department of Community Health Sciences",2,https://profiles.ucalgary.ca/shelagh-coutts,source_declared
mem_83852004c1,Full Member,Hotchkiss Brain Institute,3,https://profiles.ucalgary.ca/shelagh-coutts,source_declared
mem_8466f664c9,Associate Professor,"Cumming School of Medicine, Department of Medical Genetics",0,https://profiles.ucalgary.ca/guang-yang-0,source_declared
mem_8466f664c9,Associate Professor,"Cumming School of Medicine, Department of Biochemistry and Molecular Biology",1,https://profiles.ucalgary.ca/guang-yang-0,source_declared
mem_8466f664c9,Child Health & Wellness Researcher,"Alberta Children's Hospital Research Institute, Owerko Centre",2,https://profiles.ucalgary.ca/guang-yang-0,source_declared
mem_8466f664c9,Full Member,Hotchkiss Brain Institute,3,https://profiles.ucalgary.ca/guang-yang-0,source_declared
mem_84f207cee7,Hopewell Profesor of Brain Imaging,"Cumming School of Medicine, Department of Radiology",0,https://profiles.ucalgary.ca/richard-frayne,source_declared
mem_84f207cee7,Hopewell Profesor of Brain Imaging,"Cumming School of Medicine, Department of Clinical Neurosciences",1,https://profiles.ucalgary.ca/richard-frayne,source_declared
mem_84f207cee7,Scientist,"Seaman Family Magnetic Resonance Research Centre, Foothills Medical Centre",2,https://profiles.ucalgary.ca/richard-frayne,source_declared
mem_84f207cee7,Deputy Director,Hotchkiss Brain Institute,3,https://profiles.ucalgary.ca/richard-frayne,source_declared
mem_84f207cee7,Full Member,Hotchkiss Brain Institute,4,https://profiles.ucalgary.ca/richard-frayne,source_declared
mem_84f207cee7,Member,Libin Cardiovascular Institute,5,https://profiles.ucalgary.ca/richard-frayne,source_declared
mem_86be4543f1,Associate Professor,"Cumming School of Medicine, Department of Physiology and Pharmacology",0,https://profiles.ucalgary.ca/michael-adrian-colicos,source_declared
mem_86be4543f1,Full Member,Hotchkiss Brain Institute,1,https://profiles.ucalgary.ca/michael-adrian-colicos,source_declared
mem_8777c1db23,Associate Professor,"Werklund School of Education, Specialization, Counselling Psychology",0,https://profiles.ucalgary.ca/tanya-mudry,source_declared
mem_8777c1db23,Full Member,Hotchkiss Brain Institute,1,https://profiles.ucalgary.ca/tanya-mudry,source_declared
mem_8777c1db23,Full Member,Mathison Centre for Mental Health Research and Education,2,https://profiles.ucalgary.ca/tanya-mudry,source_declared
mem_88d32b9f14,Full Professor,"Cumming School of Medicine, Department of Physiology and Pharmacology",0,https://profiles.ucalgary.ca/steven-prescott,source_declared
mem_88d32b9f14,Full Member,Hotchkiss Brain Institute,1,https://profiles.ucalgary.ca/steven-prescott,source_declared
mem_88d32b9f14,Child Health & Wellness Researcher,Alberta Children's Hospital Research Institute,2,https://profiles.ucalgary.ca/steven-prescott,source_declared
mem_8b49df0680,Full Professor,"Cumming School of Medicine, Department of Clinical Neurosciences",0,https://profiles.ucalgary.ca/voon-wee-yong,source_declared
mem_8b49df0680,Full Member,Hotchkiss Brain Institute,1,https://profiles.ucalgary.ca/voon-wee-yong,source_declared
mem_8b49df0680,Associate Member,"The Calvin, Phoebe and Joan Snyder Institute for Chronic Diseases",2,https://profiles.ucalgary.ca/voon-wee-yong,source_declared
mem_8b49df0680,Member,Arnie Charbonneau Cancer Institute,3,https://profiles.ucalgary.ca/voon-wee-yong,source_declared
mem_8bfbd806c9,Clinical Assistant Professor,"Cumming School of Medicine, Department of Medical Genetics",0,https://profiles.ucalgary.ca/amanda-tyndall,source_declared
mem_8bfbd806c9,Full Member,Alberta Children's Hospital Research Institute,1,https://profiles.ucalgary.ca/amanda-tyndall,source_declared
mem_8bfbd806c9,Full Member,Hotchkiss Brain Institute,2,https://profiles.ucalgary.ca/amanda-tyndall,source_declared
mem_8d1d2f6903,Clinical Assistant Profesor,University of Calgary,0,https://profiles.ucalgary.ca/omid-kiamanesh,source_declared
mem_8d1d2f6903,Cardiologist,Libin Cardiovascular Institute,1,https://profiles.ucalgary.ca/omid-kiamanesh,source_declared
mem_8d1d2f6903,Director,"Libin Cardiovascular Institute, Broderick Cardiomyopathy Program",2,https://profiles.ucalgary.ca/omid-kiamanesh,source_declared
mem_8d1d2f6903,Director,"Libin Cardiovascular Institute, Broderick Genetic Cardiomyopathy Clinic",3,https://profiles.ucalgary.ca/omid-kiamanesh,source_declared
mem_8d1d2f6903,Director,"Libin Cardiovascular Institute, Broderick Cardiac Neuromuscular Clinic",4,https://profiles.ucalgary.ca/omid-kiamanesh,source_declared
mem_8d1d2f6903,Cardiologist,Mechanical Circulatory Support Program,5,https://profiles.ucalgary.ca/omid-kiamanesh,source_declared
mem_8d1d2f6903,Cardiologist,Southern Alberta Transplant Program,6,https://profiles.ucalgary.ca/omid-kiamanesh,source_declared
mem_8d1d2f6903,"Cardiologist, Clinic Director",Cardiac Function Clinic,7,https://profiles.ucalgary.ca/omid-kiamanesh,source_declared
mem_8d1d2f6903,Associate Member,Hotchkiss Brain Institute,8,https://profiles.ucalgary.ca/omid-kiamanesh,source_declared
mem_8e0084f520,Associate Professor,"Cumming School of Medicine, Department of Pathology and Laboratory Medicine",0,https://profiles.ucalgary.ca/jennifer-chan,source_declared
mem_8e0084f520,Institute Director,Arnie Charbonneau Cancer Institute,1,https://profiles.ucalgary.ca/jennifer-chan,source_declared
mem_8e0084f520,Full Member,Arnie Charbonneau Cancer Institute,2,https://profiles.ucalgary.ca/jennifer-chan,source_declared
mem_8e0084f520,Associate Member,Hotchkiss Brain Institute,3,https://profiles.ucalgary.ca/jennifer-chan,source_declared
mem_8e0084f520,Child Health & Wellness Researcher,Alberta Children's Hospital Research Institute,4,https://profiles.ucalgary.ca/jennifer-chan,source_declared
mem_90269b0602,Professor,"Cumming School of Medicine, Department of Physiology and Pharmacology",0,https://profiles.ucalgary.ca/keith-alexander-sharkey,source_declared
mem_90269b0602,Full Member,Hotchkiss Brain Institute,1,https://profiles.ucalgary.ca/keith-alexander-sharkey,source_declared
mem_90269b0602,Full Member,"The Calvin, Phoebe and Joan Snyder Institute for Chronic Diseases",2,https://profiles.ucalgary.ca/keith-alexander-sharkey,source_declared
mem_902f442140,Professor,"Cumming School of Medicine, Department of Pediatrics | Neurology",0,https://profiles.ucalgary.ca/morris-scantlebury,source_declared
mem_902f442140,Professor,"Cumming School of Medicine, Department of Clinical Neurosciences | Neurology",1,https://profiles.ucalgary.ca/morris-scantlebury,source_declared
mem_902f442140,Child Health & Wellness Researcher,"Alberta Children's Hospital Research Institute, Owerko Centre",2,https://profiles.ucalgary.ca/morris-scantlebury,source_declared
mem_902f442140,Full Member,Hotchkiss Brain Institute,3,https://profiles.ucalgary.ca/morris-scantlebury,source_declared
mem_902f442140,"Scientific Director, Discovery Science",Alberta Children's Hospital Research Institute,4,https://profiles.ucalgary.ca/morris-scantlebury,source_declared
mem_90ed7fe13a,Full Professor,Cumming School of Medicine,0,https://profiles.ucalgary.ca/philip-barber,source_declared
mem_90ed7fe13a,Full Member,Hotchkiss Brain Institute,1,https://profiles.ucalgary.ca/philip-barber,source_declared
mem_92099adba8,Assistant Professor,"Faculty of Science , Department of Physics and Astronomy",0,https://profiles.ucalgary.ca/javier-orlandi,source_declared
mem_92099adba8,CRC Tier II Complex Neural System Modelling,"Faculty of Science , Department of Physics and Astronomy",1,https://profiles.ucalgary.ca/javier-orlandi,source_declared
mem_92099adba8,Full Member,Hotchkiss Brain Institute,2,https://profiles.ucalgary.ca/javier-orlandi,source_declared
mem_9211234ed6,Professor,"Cumming School of Medicine, Department of Physiology and Pharmacology",0,https://profiles.ucalgary.ca/kenneth-lukowiak,source_declared
mem_9211234ed6,Full Member,Hotchkiss Brain Institute,1,https://profiles.ucalgary.ca/kenneth-lukowiak,source_declared
mem_92c2e98ac3,Assistant Professor,"Cumming School of Medicine, Department of Clinical Neurosciences | Neurosurgery",0,https://profiles.ucalgary.ca/candice-poon,source_declared
mem_92c2e98ac3,Assistant Professor,"Cumming School of Medicine, Department of Oncology",1,https://profiles.ucalgary.ca/candice-poon,source_declared
mem_92c2e98ac3,Surgeon,Alberta Health Services,2,https://profiles.ucalgary.ca/candice-poon,source_declared
mem_92c2e98ac3,Full Member,"Hotchkiss Brain Institute, Brain and Mental Health Research Clinics Initiative",3,https://profiles.ucalgary.ca/candice-poon,source_declared
mem_92c2e98ac3,Full Member,Arnie Charbonneau Cancer Institute,4,https://profiles.ucalgary.ca/candice-poon,source_declared
mem_92c2e98ac3,Child Health & Wellness Researcher,Alberta Children's Hospital Research Institute,5,https://profiles.ucalgary.ca/candice-poon,source_declared
mem_92df5b400e,Clinical Assistant Professor of Neurology,"Cumming School of Medicine, Department of Clinical Neurosciences | Neurology",0,https://profiles.ucalgary.ca/guillermo-delgado-garcia,source_declared
mem_92df5b400e,Full Member,Hotchkiss Brain Institute,1,https://profiles.ucalgary.ca/guillermo-delgado-garcia,source_declared
mem_92df5b400e,Co-Director of Education,"Cumming School of Medicine, Calgary Comprehensive Epilepsy Program",2,https://profiles.ucalgary.ca/guillermo-delgado-garcia,source_declared
mem_92df5b400e,Epileptologist,"Cumming School of Medicine, Calgary Comprehensive Epilepsy Program",3,https://profiles.ucalgary.ca/guillermo-delgado-garcia,source_declared
mem_92df5b400e,Neurologist & Epileptologist,Alberta Health Services,4,https://profiles.ucalgary.ca/guillermo-delgado-garcia,source_declared
mem_92df5b400e,Clinical Assistant Professor of Medicine (joint appointment),"Cumming School of Medicine, Department of Medicine",5,https://profiles.ucalgary.ca/guillermo-delgado-garcia,source_declared
mem_92df5b400e,Full Member (Scientist),O'Brien Institute for Public Health,6,https://profiles.ucalgary.ca/guillermo-delgado-garcia,source_declared
mem_92fd45a247,Associate Professor,"Schulich School of Engineering, Department of Electrical and Software Engineering",0,https://profiles.ucalgary.ca/colin-dalton,source_declared
mem_92fd45a247,Associate Head (Graduate Studies),"Schulich School of Engineering, Department of Electrical and Software Engineering",1,https://profiles.ucalgary.ca/colin-dalton,source_declared
mem_92fd45a247,Associate Member,Hotchkiss Brain Institute,2,https://profiles.ucalgary.ca/colin-dalton,source_declared
mem_92fd45a247,Approved Supervsior,Biomedical Engineering Graduate Program,3,https://profiles.ucalgary.ca/colin-dalton,source_declared
mem_9351de2a6f,Associate Professor,"Cumming School of Medicine, Department of Psychiatry",0,https://profiles.ucalgary.ca/daniel-kopala-sibley,source_declared
mem_9351de2a6f,Adjunct Associate Professor,"Faculty of Arts , Department of Psychology",1,https://profiles.ucalgary.ca/daniel-kopala-sibley,source_declared
mem_9351de2a6f,Full Member,Hotchkiss Brain Institute,2,https://profiles.ucalgary.ca/daniel-kopala-sibley,source_declared
mem_9351de2a6f,Full Member,Mathison Centre for Mental Health Research and Education,3,https://profiles.ucalgary.ca/daniel-kopala-sibley,source_declared
mem_9351de2a6f,Child Health & Wellness Researcher,Alberta Children's Hospital Research Institute,4,https://profiles.ucalgary.ca/daniel-kopala-sibley,source_declared
mem_935d12576d,Professor,"Cumming School of Medicine, Department of Community Health Sciences",0,https://profiles.ucalgary.ca/samuel-weiss,source_declared
mem_935d12576d,Full Member,Hotchkiss Brain Institute,1,https://profiles.ucalgary.ca/samuel-weiss,source_declared
mem_935d12576d,Full Member,Mathison Centre for Mental Health Research and Education,2,https://profiles.ucalgary.ca/samuel-weiss,source_declared
mem_935d12576d,Full Member,O'Brien Institute for Public Health,3,https://profiles.ucalgary.ca/samuel-weiss,source_declared
mem_94fbe54aaf,Associate Professor,"Cumming School of Medicine, Department of Cell Biology and Anatomy",0,https://profiles.ucalgary.ca/maryam-faiz,source_declared
mem_94fbe54aaf,Full Member,Hotchkiss Brain Institute,1,https://profiles.ucalgary.ca/maryam-faiz,source_declared
mem_94fbe54aaf,Child Health & Wellness Researcher,Alberta Children's Hospital Research Institute,2,https://profiles.ucalgary.ca/maryam-faiz,source_declared
mem_953f193ead,Professor - Medicine,Cumming School of Medicine,0,https://profiles.ucalgary.ca/naweed-imam-syed,source_declared
mem_953f193ead,Full Member,Hotchkiss Brain Institute,1,https://profiles.ucalgary.ca/naweed-imam-syed,source_declared
mem_953f193ead,Child Health & Wellness Researcher,"Alberta Children's Hospital Research Institute, Owerko Centre",2,https://profiles.ucalgary.ca/naweed-imam-syed,source_declared
mem_95cc419952,Chair: CIHR Tier 2 Canada Research Chair in Childhood Health Promotion,"Faculty of Arts , Department of Psychology",0,https://profiles.ucalgary.ca/deinera-exner-cortens,source_declared
mem_95cc419952,Associate Professor,"Faculty of Arts , Department of Psychology",1,https://profiles.ucalgary.ca/deinera-exner-cortens,source_declared
mem_95cc419952,Adjunct Associate Professor,"Faculty of Social Work, Calgary Campus",2,https://profiles.ucalgary.ca/deinera-exner-cortens,source_declared
mem_95cc419952,Joint Appointment,"Cumming School of Medicine, Department of Psychiatry",3,https://profiles.ucalgary.ca/deinera-exner-cortens,source_declared
mem_95cc419952,Full Member,Hotchkiss Brain Institute,4,https://profiles.ucalgary.ca/deinera-exner-cortens,source_declared
mem_95cc419952,Full Member,Mathison Centre for Mental Health Research and Education,5,https://profiles.ucalgary.ca/deinera-exner-cortens,source_declared
mem_95cc419952,Child Health & Wellness Researcher,"Alberta Children's Hospital Research Institute, Owerko Centre",6,https://profiles.ucalgary.ca/deinera-exner-cortens,source_declared
mem_95cc419952,Full Member,O'Brien Institute for Public Health,7,https://profiles.ucalgary.ca/deinera-exner-cortens,source_declared
mem_980064fac2,Research Manager,"Cumming School of Medicine, Department of Psychiatry",0,https://profiles.ucalgary.ca/stefanie-hassel,source_declared
mem_980064fac2,Associate Member,Hotchkiss Brain Institute,1,https://profiles.ucalgary.ca/stefanie-hassel,source_declared
mem_980064fac2,Associate Member,Mathison Centre for Mental Health Research and Education,2,https://profiles.ucalgary.ca/stefanie-hassel,source_declared
mem_98015aef5e,Professor,"Cumming School of Medicine, Department of Microbiology, Immunology and Infectious Diseases",0,https://profiles.ucalgary.ca/pedro-santamaria,source_declared
mem_98015aef5e,Chair,Julia McFarlane Diabetes Research Centre,1,https://profiles.ucalgary.ca/pedro-santamaria,source_declared
mem_98015aef5e,Full Member,"The Calvin, Phoebe and Joan Snyder Institute for Chronic Diseases, Immunology Research Group",2,https://profiles.ucalgary.ca/pedro-santamaria,source_declared
mem_98015aef5e,Associate Member,Hotchkiss Brain Institute,3,https://profiles.ucalgary.ca/pedro-santamaria,source_declared
mem_98015aef5e,Full Member,"The Calvin, Phoebe and Joan Snyder Institute for Chronic Diseases",4,https://profiles.ucalgary.ca/pedro-santamaria,source_declared
mem_98307ce526,Associate Professor,"Werklund School of Education, Specialization, School and Applied Child Psychology",0,https://profiles.ucalgary.ca/gabrielle-wilcox,source_declared
mem_98307ce526,Full Member,Hotchkiss Brain Institute,1,https://profiles.ucalgary.ca/gabrielle-wilcox,source_declared
mem_98307ce526,Full Member,Mathison Centre for Mental Health Research and Education,2,https://profiles.ucalgary.ca/gabrielle-wilcox,source_declared
mem_98307ce526,Child Health & Wellness Researcher,"Alberta Children's Hospital Research Institute, Owerko Centre",3,https://profiles.ucalgary.ca/gabrielle-wilcox,source_declared
mem_99694aed87,Associate Professor,"Faculty of Science , Department of Biological Sciences",0,https://profiles.ucalgary.ca/willem-wildering,source_declared
mem_99694aed87,Full Member,Hotchkiss Brain Institute,1,https://profiles.ucalgary.ca/willem-wildering,source_declared
mem_9a7286569d,Clinical Associate Professor,Hotchkiss Brain Institute,0,https://profiles.ucalgary.ca/rodney-li-pi-shan,source_declared
mem_9a7286569d,Full Member,Hotchkiss Brain Institute,1,https://profiles.ucalgary.ca/rodney-li-pi-shan,source_declared
mem_9afdacf59c,Professor,"Cumming School of Medicine, Department of Community Health Sciences",0,https://profiles.ucalgary.ca/scott-burton-patten,source_declared
mem_9afdacf59c,Member,O'Brien Institute for Public Health,1,https://profiles.ucalgary.ca/scott-burton-patten,source_declared
mem_9afdacf59c,Full Member,Mathison Centre for Mental Health Research and Education,2,https://profiles.ucalgary.ca/scott-burton-patten,source_declared
mem_9b324ec216,Full Professor,"Cumming School of Medicine, Department of Community Health Sciences",0,https://profiles.ucalgary.ca/rebecca-saah,source_declared
mem_9b324ec216,Full Member,Mathison Centre for Mental Health Research and Education,1,https://profiles.ucalgary.ca/rebecca-saah,source_declared
mem_9b324ec216,Adjunct Professor,"Faculty of Arts , Department of Psychology",2,https://profiles.ucalgary.ca/rebecca-saah,source_declared
mem_9c853bf265,Associate Professor,"Cumming School of Medicine, Department of Pediatrics | Newborn Critical Care",0,https://profiles.ucalgary.ca/lara-leijser,source_declared
mem_9c853bf265,Full Member,"Hotchkiss Brain Institute, Brain and Mental Health Research Clinics Initiative",1,https://profiles.ucalgary.ca/lara-leijser,source_declared
mem_9c853bf265,Full Member,Alberta Children's Hospital Research Institute,2,https://profiles.ucalgary.ca/lara-leijser,source_declared
mem_9c853bf265,Full Member,"Alberta Children's Hospital Research Institute, Owerko Centre",3,https://profiles.ucalgary.ca/lara-leijser,source_declared
mem_9c853bf265,Assistant Professor,"Cumming School of Medicine, Department of Pediatrics | Newborn Critical Care",4,https://profiles.ucalgary.ca/lara-leijser,source_declared
mem_9caecf64a4,Assistant Professor,"Cumming School of Medicine, Department of Psychiatry",0,https://profiles.ucalgary.ca/adrianna-giuffre,source_declared
mem_9caecf64a4,Full Member,"Hotchkiss Brain Institute, Mathison Centre for Mental Health Research and Education",1,https://profiles.ucalgary.ca/adrianna-giuffre,source_declared
mem_9caecf64a4,Child Health and Wellness Researcher,"Alberta Children's Hospital Research Institute, Owerko Centre",2,https://profiles.ucalgary.ca/adrianna-giuffre,source_declared
mem_9caecf64a4,Assistant Professor,"Cumming School of Medicine, Department of Clinical Neurosciences",3,https://profiles.ucalgary.ca/adrianna-giuffre,source_declared
mem_9d290c25df,Clinical Professor,"Cumming School of Medicine, Department of Pediatrics",0,https://profiles.ucalgary.ca/michael-esser,source_declared
mem_9d290c25df,Director of NeuroCritical Care,Alberta Childrens Hospital,1,https://profiles.ucalgary.ca/michael-esser,source_declared
mem_9d290c25df,"Scientific Director, Clinical Research",Alberta Children's Hospital Research Institute,2,https://profiles.ucalgary.ca/michael-esser,source_declared
mem_9d290c25df,Child Health & Wellness Researcher,Alberta Children's Hospital Research Institute,3,https://profiles.ucalgary.ca/michael-esser,source_declared
mem_9d290c25df,Care Transformation for Children Program Interim Lead,Alberta Children's Hospital Research Institute,4,https://profiles.ucalgary.ca/michael-esser,source_declared
mem_9d290c25df,Full Member,Alberta Children's Hospital Research Institute,5,https://profiles.ucalgary.ca/michael-esser,source_declared
mem_9d290c25df,Full Member,"Hotchkiss Brain Institute, Brain and Mental Health Research Clinics Initiative",6,https://profiles.ucalgary.ca/michael-esser,source_declared
mem_9d7393c642,Neurointensivist,Alberta Health Services,0,https://profiles.ucalgary.ca/julie-kromm,source_declared
mem_9d7393c642,Clinical Associate Professor,"Cumming School of Medicine, Department of Clinical Neurosciences",1,https://profiles.ucalgary.ca/julie-kromm,source_declared
mem_9d7393c642,Neurocritical Care Program Lead and Fellowship Director,"Cumming School of Medicine, Department of Critical Care Medicine",2,https://profiles.ucalgary.ca/julie-kromm,source_declared
mem_9d7393c642,Assistant Program Director / CBD Lead,"Cumming School of Medicine, Department of Critical Care Medicine",3,https://profiles.ucalgary.ca/julie-kromm,source_declared
mem_9d7393c642,Medical Director Give Life Alberta - South,Alberta Health Services,4,https://profiles.ucalgary.ca/julie-kromm,source_declared
mem_9d7393c642,Full Member,Hotchkiss Brain Institute,5,https://profiles.ucalgary.ca/julie-kromm,source_declared
mem_9f51021d60,Assistant Professor,"Faculty of Science , Department of Biological Sciences",0,https://profiles.ucalgary.ca/adriana-zardini-buzatto,source_declared
mem_9f51021d60,Natural Sciences and Engineering Research Council of Canada Tier 2 CRC in Lipidomics,"Faculty of Science , Department of Biological Sciences",1,https://profiles.ucalgary.ca/adriana-zardini-buzatto,source_declared
mem_9f51021d60,Full Member,Hotchkiss Brain Institute,2,https://profiles.ucalgary.ca/adriana-zardini-buzatto,source_declared
mem_9f51021d60,Associate Member,Mathison Centre for Mental Health Research and Education,3,https://profiles.ucalgary.ca/adriana-zardini-buzatto,source_declared
mem_a04b5207a5,Associate Professor,"Faculty of Science , Department of Computer Science",0,https://profiles.ucalgary.ca/emma-towlson,source_declared
mem_a04b5207a5,"Assistant Head, Undergraduate Curriculum","Faculty of Science , Department of Computer Science",1,https://profiles.ucalgary.ca/emma-towlson,source_declared
mem_a04b5207a5,Full Member,Hotchkiss Brain Institute,2,https://profiles.ucalgary.ca/emma-towlson,source_declared
mem_a04b5207a5,Child Health & Wellness Researcher,Alberta Children's Hospital Research Institute,3,https://profiles.ucalgary.ca/emma-towlson,source_declared
mem_a055827ead,Professor - Medicine,"Cumming School of Medicine, Department of Clinical Neurosciences",0,https://profiles.ucalgary.ca/michael-hill,source_declared
mem_a055827ead,Senior Medical Director,Cardiovascular Health and Stroke Strategic Clinical Network,1,https://profiles.ucalgary.ca/michael-hill,source_declared
mem_a055827ead,Professor - Medicine,"Cumming School of Medicine, Department of Community Health Sciences",2,https://profiles.ucalgary.ca/michael-hill,source_declared
mem_a055827ead,Professor - Medicine,"Cumming School of Medicine, Department of Medicine",3,https://profiles.ucalgary.ca/michael-hill,source_declared
mem_a055827ead,Professor - Medicine,"Cumming School of Medicine, Department of Radiology",4,https://profiles.ucalgary.ca/michael-hill,source_declared
mem_a055827ead,Full Member,Hotchkiss Brain Institute,5,https://profiles.ucalgary.ca/michael-hill,source_declared
mem_a055827ead,Full Member,Libin Cardiovascular Institute,6,https://profiles.ucalgary.ca/michael-hill,source_declared
mem_a055827ead,Full Member,O'Brien Institute for Public Health,7,https://profiles.ucalgary.ca/michael-hill,source_declared
mem_a0bb31cffa,Professor,"Cumming School of Medicine, Department of Community Health Sciences",0,https://profiles.ucalgary.ca/frank-stahnisch,source_declared
mem_a0bb31cffa,Alberta Medical Foundation/Hannah Professorship in the History of Medicine and Health Care,Cumming School of Medicine,1,https://profiles.ucalgary.ca/frank-stahnisch,source_declared
mem_a0bb31cffa,Professor,"Faculty of Arts , Department of History",2,https://profiles.ucalgary.ca/frank-stahnisch,source_declared
mem_a0bb31cffa,Full Member,Hotchkiss Brain Institute,3,https://profiles.ucalgary.ca/frank-stahnisch,source_declared
mem_a0bb31cffa,Full Member,Mathison Centre for Mental Health Research and Education,4,https://profiles.ucalgary.ca/frank-stahnisch,source_declared
mem_a0bb31cffa,Full Member,O'Brien Institute for Public Health,5,https://profiles.ucalgary.ca/frank-stahnisch,source_declared
mem_a1ecc4eb97,Professor,"Cumming School of Medicine, Department of Medical Genetics",0,https://profiles.ucalgary.ca/micheil-innes,source_declared
mem_a1ecc4eb97,Associate Member,Hotchkiss Brain Institute,1,https://profiles.ucalgary.ca/micheil-innes,source_declared
mem_a1ecc4eb97,Child Health & Wellness Researcher,Alberta Children's Hospital Research Institute,2,https://profiles.ucalgary.ca/micheil-innes,source_declared
mem_a27c0b453b,Associate Professor,Faculty of Veterinary Medicine,0,https://profiles.ucalgary.ca/ning-cheng,source_declared
mem_a27c0b453b,Child Health & Wellness Researcher,"Alberta Children's Hospital Research Institute, Owerko Centre",1,https://profiles.ucalgary.ca/ning-cheng,source_declared
mem_a27c0b453b,Full Member,Hotchkiss Brain Institute,2,https://profiles.ucalgary.ca/ning-cheng,source_declared
mem_a2b493336b,Professor,"Faculty of Arts , Department of Psychology",0,https://profiles.ucalgary.ca/keith-yeates,source_declared
mem_a2b493336b,Full Member,Hotchkiss Brain Institute,1,https://profiles.ucalgary.ca/keith-yeates,source_declared
mem_a2b493336b,Child Health & Wellness Researcher,"Alberta Children's Hospital Research Institute, Owerko Centre",2,https://profiles.ucalgary.ca/keith-yeates,source_declared
mem_a3c1370499,Associate Professor,Faculty of Kinesiology,0,https://profiles.ucalgary.ca/kathryn-schneider,source_declared
mem_a3c1370499,Full Member,Hotchkiss Brain Institute,1,https://profiles.ucalgary.ca/kathryn-schneider,source_declared
mem_a3c1370499,Child Health & Wellness Researcher,Alberta Children's Hospital Research Institute,2,https://profiles.ucalgary.ca/kathryn-schneider,source_declared
mem_a4dc36ebf7,Professor (Teaching & Research),"Faculty of Veterinary Medicine, Fulltime",0,https://profiles.ucalgary.ca/tuan-trang,source_declared
mem_a4dc36ebf7,Professor,Cumming School of Medicine,1,https://profiles.ucalgary.ca/tuan-trang,source_declared
mem_a4dc36ebf7,Full Member,Hotchkiss Brain Institute,2,https://profiles.ucalgary.ca/tuan-trang,source_declared
mem_a4dc36ebf7,Child Health & Wellness Researcher,Alberta Children's Hospital Research Institute,3,https://profiles.ucalgary.ca/tuan-trang,source_declared
mem_a4dc36ebf7,Full Member,Mathison Centre for Mental Health Research and Education,4,https://profiles.ucalgary.ca/tuan-trang,source_declared
mem_a5c016ebe3,Associate Professor,Cumming School of Medicine,0,https://profiles.ucalgary.ca/gerald-pfeffer,source_declared
mem_a5c016ebe3,Full Member,Hotchkiss Brain Institute,1,https://profiles.ucalgary.ca/gerald-pfeffer,source_declared
mem_a5c016ebe3,Child Health & Wellness Researcher,Alberta Children's Hospital Research Institute,2,https://profiles.ucalgary.ca/gerald-pfeffer,source_declared
mem_a68812ef9c,Assistant Professor,Community Health Sciences,0,https://profiles.ucalgary.ca/leticia-radin-pereira,source_declared
mem_a68812ef9c,Child Health & Wellness Researcher,Alberta Children's Hospital Research Institute,1,https://profiles.ucalgary.ca/leticia-radin-pereira,source_declared
mem_a80c7bc771,Professor Emeritus,"Faculty of Arts , Department of Psychology",0,https://profiles.ucalgary.ca/brian-herbert-bland,source_declared
mem_a80c7bc771,Emeritus Member,Hotchkiss Brain Institute,1,https://profiles.ucalgary.ca/brian-herbert-bland,source_declared
mem_aa5f0f5195,Adjunct Assistant Professor,"Cumming School of Medicine, Department of Clinical Neurosciences",0,https://profiles.ucalgary.ca/lenora-brown,source_declared
mem_aa5f0f5195,Associate Member,Hotchkiss Brain Institute,1,https://profiles.ucalgary.ca/lenora-brown,source_declared
mem_aa8dee36aa,Assistant Professor,"Cumming School of Medicine, Department of Pediatrics",0,https://profiles.ucalgary.ca/mary-dunbar,source_declared
mem_aa8dee36aa,Full Member,Hotchkiss Brain Institute,1,https://profiles.ucalgary.ca/mary-dunbar,source_declared
mem_aa8dee36aa,Child Health & Wellness Researcher,Alberta Children's Hospital Research Institute,2,https://profiles.ucalgary.ca/mary-dunbar,source_declared
mem_ab3c7cd459,Associate Professor,"Cumming School of Medicine, Department of Psychiatry",0,https://profiles.ucalgary.ca/alexander-mcgirr,source_declared
mem_ab3c7cd459,Full Member,Hotchkiss Brain Institute,1,https://profiles.ucalgary.ca/alexander-mcgirr,source_declared
mem_ab3c7cd459,Full Member,Mathison Centre for Mental Health Research and Education,2,https://profiles.ucalgary.ca/alexander-mcgirr,source_declared
mem_ab3c7cd459,Child Health & Wellness Researcher,Alberta Children's Hospital Research Institute,3,https://profiles.ucalgary.ca/alexander-mcgirr,source_declared
mem_ab971ed904,Professor,"Cumming School of Medicine, Department of Clinical Neurosciences",0,https://profiles.ucalgary.ca/rajiv-midha,source_declared
mem_ab971ed904,Professor,Hotchkiss Brain Institute,1,https://profiles.ucalgary.ca/rajiv-midha,source_declared
mem_ab971ed904,Full Member,Hotchkiss Brain Institute,2,https://profiles.ucalgary.ca/rajiv-midha,source_declared
mem_ae209aa8cc,Associate Professor,Cumming School of Medicine,0,https://profiles.ucalgary.ca/timothy-shutt,source_declared
mem_ae209aa8cc,Primary Member,"Cumming School of Medicine, Department of Medical Genetics",1,https://profiles.ucalgary.ca/timothy-shutt,source_declared
mem_ae209aa8cc,Joint Member,"Cumming School of Medicine, Department of Biochemistry and Molecular Biology",2,https://profiles.ucalgary.ca/timothy-shutt,source_declared
mem_ae209aa8cc,Full Member,Hotchkiss Brain Institute,3,https://profiles.ucalgary.ca/timothy-shutt,source_declared
mem_ae209aa8cc,Child Health & Wellness Researcher,"Alberta Children's Hospital Research Institute, Owerko Centre",4,https://profiles.ucalgary.ca/timothy-shutt,source_declared
mem_ae209aa8cc,Full Member,"The Calvin, Phoebe and Joan Snyder Institute for Chronic Diseases",5,https://profiles.ucalgary.ca/timothy-shutt,source_declared
mem_af812170e5,Professor,"Cumming School of Medicine, Department of Psychiatry",0,https://profiles.ucalgary.ca/janet-de-groot,source_declared
mem_af812170e5,Professor,"Cumming School of Medicine, Department of Community Health Sciences",1,https://profiles.ucalgary.ca/janet-de-groot,source_declared
mem_af812170e5,Professor,"Cumming School of Medicine, Department of Oncology",2,https://profiles.ucalgary.ca/janet-de-groot,source_declared
mem_af812170e5,Associate Member,Hotchkiss Brain Institute,3,https://profiles.ucalgary.ca/janet-de-groot,source_declared
mem_af812170e5,Full Member,Mathison Centre for Mental Health Research and Education,4,https://profiles.ucalgary.ca/janet-de-groot,source_declared
mem_af812170e5,Member,Arnie Charbonneau Cancer Institute,5,https://profiles.ucalgary.ca/janet-de-groot,source_declared
mem_afba364ee4,Associate Professor,"Faculty of Social Work, Calgary Campus",0,https://profiles.ucalgary.ca/yeonjung-lee,source_declared
mem_afba364ee4,Full Member,Hotchkiss Brain Institute,1,https://profiles.ucalgary.ca/yeonjung-lee,source_declared
mem_afba364ee4,Member,O'Brien Institute for Public Health,2,https://profiles.ucalgary.ca/yeonjung-lee,source_declared
mem_b03440b234,Clinical Assistant Professor,"Cumming School of Medicine, Department of Psychiatry",0,https://profiles.ucalgary.ca/mohammad-hajiazim,source_declared
mem_b03440b234,Full Member,Hotchkiss Brain Institute,1,https://profiles.ucalgary.ca/mohammad-hajiazim,source_declared
mem_b03440b234,Associate Member,Mathison Centre for Mental Health Research and Education,2,https://profiles.ucalgary.ca/mohammad-hajiazim,source_declared
mem_b07951c366,Assistant Professor,"Faculty of Science , Department of Computer Science",0,https://profiles.ucalgary.ca/farhad-maleki,source_declared
mem_b18bf71309,Research Assistant Professor,"Cumming School of Medicine, Department of Clinical Neurosciences | Translational Neuroscience",0,https://profiles.ucalgary.ca/darren-laree-clark,source_declared
mem_b18bf71309,Senior Research Associate,"Cumming School of Medicine, Department of Radiology",1,https://profiles.ucalgary.ca/darren-laree-clark,source_declared
mem_b1e13c5609,Professor - Medicine,Cumming School of Medicine,0,https://profiles.ucalgary.ca/luanne-marie-metz,source_declared
mem_b1e13c5609,Associate Member,Hotchkiss Brain Institute,1,https://profiles.ucalgary.ca/luanne-marie-metz,source_declared
mem_b49402b919,Associate Member,Hotchkiss Brain Institute,0,https://profiles.ucalgary.ca/joanne-park,source_declared
mem_b49402b919,Assistant Professor,Mount Royal University,1,https://profiles.ucalgary.ca/joanne-park,source_declared
mem_b49402b919,Associate Member,Mathison Centre for Mental Health Research and Education,2,https://profiles.ucalgary.ca/joanne-park,source_declared
mem_b4cf5563b0,Associate Professor,"Cumming School of Medicine, Department of Clinical Neurosciences",0,https://profiles.ucalgary.ca/colin-josephson,source_declared
mem_b4cf5563b0,Associate Professor,"Cumming School of Medicine, Department of Community Health Sciences",1,https://profiles.ucalgary.ca/colin-josephson,source_declared
mem_b4cf5563b0,Associate Director,"Cumming School of Medicine, Centre for Health Informatics",2,https://profiles.ucalgary.ca/colin-josephson,source_declared
mem_b4cf5563b0,Full Member,O'Brien Institute for Public Health,3,https://profiles.ucalgary.ca/colin-josephson,source_declared
mem_b4cf5563b0,Full Member,Hotchkiss Brain Institute,4,https://profiles.ucalgary.ca/colin-josephson,source_declared
mem_b4cf5563b0,Honorary Associate Professor University College London,~ Other ~,5,https://profiles.ucalgary.ca/colin-josephson,source_declared
mem_b5df8f2ae8,Professor,"Faculty of Arts , Department of Psychology",0,https://profiles.ucalgary.ca/david-carson-hodgins,source_declared
mem_b5df8f2ae8,Full Member,Hotchkiss Brain Institute,1,https://profiles.ucalgary.ca/david-carson-hodgins,source_declared
mem_b5df8f2ae8,Full Member,Mathison Centre for Mental Health Research and Education,2,https://profiles.ucalgary.ca/david-carson-hodgins,source_declared
mem_b5df8f2ae8,Adjunct Professor,"Cumming School of Medicine, Department of Psychiatry",3,https://profiles.ucalgary.ca/david-carson-hodgins,source_declared
mem_b71fb09d51,Associate Professor (Research),"Cumming School of Medicine, Department of Pediatrics",0,https://profiles.ucalgary.ca/helen-carlson,source_declared
mem_b71fb09d51,Associate Member,"Hotchkiss Brain Institute, Brain and Mental Health Research Clinics Initiative",1,https://profiles.ucalgary.ca/helen-carlson,source_declared
mem_b71fb09d51,Child Health & Wellness Researcher,Alberta Children's Hospital Research Institute,2,https://profiles.ucalgary.ca/helen-carlson,source_declared
mem_b738ee42b4,Assistant Professor,Faculty of Kinesiology,0,https://profiles.ucalgary.ca/stephen-west,source_declared
mem_b738ee42b4,Child Health & Wellness Researcher,Alberta Children's Hospital Research Institute,1,https://profiles.ucalgary.ca/stephen-west,source_declared
mem_b738ee42b4,Full Member,"Hotchkiss Brain Institute, Integrative concussion research program",2,https://profiles.ucalgary.ca/stephen-west,source_declared
mem_b85b93eb26,Clinical Assistant Professor,"Cumming School of Medicine, Department of Clinical Neurosciences",0,https://profiles.ucalgary.ca/aleksandra-mineyko,source_declared
mem_b85b93eb26,Associate Member,Hotchkiss Brain Institute,1,https://profiles.ucalgary.ca/aleksandra-mineyko,source_declared
mem_b8b5362a3f,Full Professor,"Cumming School of Medicine, Department of Clinical Neurosciences",0,https://profiles.ucalgary.ca/samuel-wiebe,source_declared
mem_b8b5362a3f,Director,"Cumming School of Medicine, Clinical Research Unit",1,https://profiles.ucalgary.ca/samuel-wiebe,source_declared
mem_b8b5362a3f,Director,Calgary Epilepsy Programme,2,https://profiles.ucalgary.ca/samuel-wiebe,source_declared
mem_b8b5362a3f,Full Member,Hotchkiss Brain Institute,3,https://profiles.ucalgary.ca/samuel-wiebe,source_declared
mem_b8b5362a3f,Associate Member,O'Brien Institute for Public Health,4,https://profiles.ucalgary.ca/samuel-wiebe,source_declared
mem_b8b5362a3f,Professor,"Cumming School of Medicine, Department of Community Health Sciences",5,https://profiles.ucalgary.ca/samuel-wiebe,source_declared
mem_b8b5362a3f,Professor,"Cumming School of Medicine, Department of Pediatrics",6,https://profiles.ucalgary.ca/samuel-wiebe,source_declared
mem_bb45f29b7a,Professor,"Schulich School of Engineering, Department of Electrical and Software Engineering",0,https://profiles.ucalgary.ca/geoffrey-messier,source_declared
mem_bb45f29b7a,Full Member,Hotchkiss Brain Institute,1,https://profiles.ucalgary.ca/geoffrey-messier,source_declared
mem_bb45f29b7a,Full Member,Mathison Centre for Mental Health Research and Education,2,https://profiles.ucalgary.ca/geoffrey-messier,source_declared
mem_bb77b86a3f,Professor (Teaching & Research) - Veterinary Medical Education,"Faculty of Veterinary Medicine, Fulltime",0,https://profiles.ucalgary.ca/kenton-hecker,source_declared
mem_bb77b86a3f,"Professor, Joint Appointment",Cumming School of Medicine,1,https://profiles.ucalgary.ca/kenton-hecker,source_declared
mem_bb77b86a3f,Full Member,Hotchkiss Brain Institute,2,https://profiles.ucalgary.ca/kenton-hecker,source_declared
mem_bb77b86a3f,Full Member,Mathison Centre for Mental Health Research and Education,3,https://profiles.ucalgary.ca/kenton-hecker,source_declared
mem_bb77b86a3f,Full Member,O'Brien Institute for Public Health,4,https://profiles.ucalgary.ca/kenton-hecker,source_declared
mem_bb77b86a3f,Adjunct Professor,"Faculty of Arts , Department of Psychology",5,https://profiles.ucalgary.ca/kenton-hecker,source_declared
mem_bc444455ee,Professor,"Cumming School of Medicine, Department of Medical Genetics",0,https://profiles.ucalgary.ca/deborah-kurrasch,source_declared
mem_bc444455ee,Professor,"Cumming School of Medicine, Department of Biochemistry and Molecular Biology",1,https://profiles.ucalgary.ca/deborah-kurrasch,source_declared
mem_bc444455ee,Deputy Head,"Cumming School of Medicine, Department of Medical Genetics",2,https://profiles.ucalgary.ca/deborah-kurrasch,source_declared
mem_bc444455ee,Full Member,Hotchkiss Brain Institute,3,https://profiles.ucalgary.ca/deborah-kurrasch,source_declared
mem_bc444455ee,Child Health & Wellness Researcher,"Alberta Children's Hospital Research Institute, Owerko Centre",4,https://profiles.ucalgary.ca/deborah-kurrasch,source_declared
mem_bd2c4a5235,Professor,"Cumming School of Medicine, Department of Cell Biology and Anatomy",0,https://profiles.ucalgary.ca/aaron-gruber,source_declared
mem_bd2c4a5235,Full Member,Hotchkiss Brain Institute,1,https://profiles.ucalgary.ca/aaron-gruber,source_declared
mem_bd2c4a5235,Child Health & Wellness Researcher,"Alberta Children's Hospital Research Institute, Owerko Centre",2,https://profiles.ucalgary.ca/aaron-gruber,source_declared
mem_bd40fc0757,Assistant Professor (Teaching & Research),Faculty of Veterinary Medicine,0,https://profiles.ucalgary.ca/johnathan-canton,source_declared
mem_bd40fc0757,Full Member,"The Calvin, Phoebe and Joan Snyder Institute for Chronic Diseases",1,https://profiles.ucalgary.ca/johnathan-canton,source_declared
mem_bd40fc0757,Associate Member,Hotchkiss Brain Institute,2,https://profiles.ucalgary.ca/johnathan-canton,source_declared
mem_bd40fc0757,Full Member,Arnie Charbonneau Cancer Institute,3,https://profiles.ucalgary.ca/johnathan-canton,source_declared
mem_c05467d02f,Professor,"Cumming School of Medicine, Department of Clinical Neurosciences",0,https://profiles.ucalgary.ca/davide-martino,source_declared
mem_c05467d02f,Full Member,Hotchkiss Brain Institute,1,https://profiles.ucalgary.ca/davide-martino,source_declared
mem_c05467d02f,Full Member,Mathison Centre for Mental Health Research and Education,2,https://profiles.ucalgary.ca/davide-martino,source_declared
mem_c05467d02f,Child Health & Wellness Researcher,Alberta Children's Hospital Research Institute,3,https://profiles.ucalgary.ca/davide-martino,source_declared
mem_c162955191,Professor,"Cumming School of Medicine, Department of Physiology and Pharmacology",0,https://profiles.ucalgary.ca/richard-james-alfred-wilson,source_declared
mem_c162955191,Child Health & Wellness Researcher,Alberta Children's Hospital Research Institute,1,https://profiles.ucalgary.ca/richard-james-alfred-wilson,source_declared
mem_c162955191,Full Member,Hotchkiss Brain Institute,2,https://profiles.ucalgary.ca/richard-james-alfred-wilson,source_declared
mem_c162955191,Full Member,Campus Alberta Neuroscience,3,https://profiles.ucalgary.ca/richard-james-alfred-wilson,source_declared
mem_c162955191,Full Member,Libin Cardiovascular Institute,4,https://profiles.ucalgary.ca/richard-james-alfred-wilson,source_declared
mem_c2e555277c,Adjunct Assistant Professor,"Cumming School of Medicine, Department of Biochemistry and Molecular Biology",0,https://profiles.ucalgary.ca/harry-peery,source_declared
mem_c2e555277c,Member,Arnie Charbonneau Cancer Institute,1,https://profiles.ucalgary.ca/harry-peery,source_declared
mem_c2e555277c,Associate Member,Hotchkiss Brain Institute,2,https://profiles.ucalgary.ca/harry-peery,source_declared
mem_c2f73113e5,Professor,"Faculty of Arts , Department of Psychology",0,https://profiles.ucalgary.ca/christopher-sears,source_declared
mem_c2f73113e5,Full Member,Mathison Centre for Mental Health Research and Education,1,https://profiles.ucalgary.ca/christopher-sears,source_declared
mem_c2f73113e5,Full Member,Hotchkiss Brain Institute,2,https://profiles.ucalgary.ca/christopher-sears,source_declared
mem_c2f73113e5,"Board of Directors, Faculty Association (TUCFA)",University of Calgary,3,https://profiles.ucalgary.ca/christopher-sears,source_declared
mem_c2f73113e5,"Chair, Research Ethics Appeal Board",University of Calgary,4,https://profiles.ucalgary.ca/christopher-sears,source_declared
mem_c3e463f320,Professor,"Cumming School of Medicine, Department of Clinical Neurosciences",0,https://profiles.ucalgary.ca/john-gregory-cairncross,source_declared
mem_c3e463f320,Professor,"Cumming School of Medicine, Department of Oncology",1,https://profiles.ucalgary.ca/john-gregory-cairncross,source_declared
mem_c3e463f320,Full Member,Hotchkiss Brain Institute,2,https://profiles.ucalgary.ca/john-gregory-cairncross,source_declared
mem_c3e463f320,Full Member,Arnie Charbonneau Cancer Institute,3,https://profiles.ucalgary.ca/john-gregory-cairncross,source_declared
mem_c41824b375,Professor,"Cumming School of Medicine, Department of Clinical Neurosciences",0,https://profiles.ucalgary.ca/tamara-pringsheim,source_declared
mem_c41824b375,Child Health & Wellness Researcher,"Alberta Children's Hospital Research Institute, Owerko Centre",1,https://profiles.ucalgary.ca/tamara-pringsheim,source_declared
mem_c41824b375,Full Member,"Hotchkiss Brain Institute, Mathison Centre for Mental Health Research and Education",2,https://profiles.ucalgary.ca/tamara-pringsheim,source_declared
mem_c4a9f6ea6f,Professor,"Faculty of Arts , Department of Psychology",0,https://profiles.ucalgary.ca/giuseppe-iaria,source_declared
mem_c4a9f6ea6f,Full Member and Chair,Canadian Space Health Research Network,1,https://profiles.ucalgary.ca/giuseppe-iaria,source_declared
mem_c4a9f6ea6f,Full Member,Alberta Children's Hospital Research Institute,2,https://profiles.ucalgary.ca/giuseppe-iaria,source_declared
mem_c4a9f6ea6f,Full Member,"Alberta Children's Hospital Research Institute, Owerko Centre",3,https://profiles.ucalgary.ca/giuseppe-iaria,source_declared
mem_c4a9f6ea6f,Full Member,Italian Neuropsychology Society,4,https://profiles.ucalgary.ca/giuseppe-iaria,source_declared
mem_c4a9f6ea6f,Full Member,Hotchkiss Brain Institute,5,https://profiles.ucalgary.ca/giuseppe-iaria,source_declared
mem_c57a8f39f9,Associate Professor,"Cumming School of Medicine, Department of Clinical Neurosciences",0,https://profiles.ucalgary.ca/aaron-phillips,source_declared
mem_c57a8f39f9,Associate Dean - Innovation and Commercialization,Cumming School of Medicine,1,https://profiles.ucalgary.ca/aaron-phillips,source_declared
mem_c57a8f39f9,Director,RESTORE.net,2,https://profiles.ucalgary.ca/aaron-phillips,source_declared
mem_c57a8f39f9,Full Member,Hotchkiss Brain Institute,3,https://profiles.ucalgary.ca/aaron-phillips,source_declared
mem_c57a8f39f9,Member,Libin Cardiovascular Institute,4,https://profiles.ucalgary.ca/aaron-phillips,source_declared
mem_c57e3b3922,Clinical Assisant Professor,"Cumming School of Medicine, Department of Clinical Neurosciences",0,https://profiles.ucalgary.ca/vikram-karnik-0,source_declared
mem_c57e3b3922,Full Member,"Hotchkiss Brain Institute, Brain and Mental Health Research Clinics Initiative",1,https://profiles.ucalgary.ca/vikram-karnik-0,source_declared
mem_c6249ccf21,"Director, Calgary Multiple Sclerosis Program","Cumming School of Medicine, Department of Clinical Neurosciences",0,https://profiles.ucalgary.ca/sarah-morrow,source_declared
mem_c6249ccf21,Full Member,Hotchkiss Brain Institute,1,https://profiles.ucalgary.ca/sarah-morrow,source_declared
mem_c6655391af,Professor - Medicine,Cumming School of Medicine,0,https://profiles.ucalgary.ca/nils-torben-bech-hansen,source_declared
mem_c6655391af,Associate Member,Hotchkiss Brain Institute,1,https://profiles.ucalgary.ca/nils-torben-bech-hansen,source_declared
mem_c6655391af,Child Health & Wellness Researcher,Alberta Children's Hospital Research Institute,2,https://profiles.ucalgary.ca/nils-torben-bech-hansen,source_declared
mem_c6790bf1f8,Assistant Professor,Faculty of Kinesiology,0,https://profiles.ucalgary.ca/cindy-barha,source_declared
mem_c6790bf1f8,Full Member,Hotchkiss Brain Institute,1,https://profiles.ucalgary.ca/cindy-barha,source_declared
mem_c6790bf1f8,Full Member,Libin Cardiovascular Institute,2,https://profiles.ucalgary.ca/cindy-barha,source_declared
mem_c6790bf1f8,Child Health & Wellness Researcher,Alberta Children's Hospital Research Institute,3,https://profiles.ucalgary.ca/cindy-barha,source_declared
mem_c695f19acd,Professor,"Cumming School of Medicine, Department of Radiology",0,https://profiles.ucalgary.ca/nils-daniel-forkert,source_declared
mem_c695f19acd,Professor,"Cumming School of Medicine, Department of Clinical Neurosciences",1,https://profiles.ucalgary.ca/nils-daniel-forkert,source_declared
mem_c695f19acd,Child Health Data Science Program Director,Alberta Children's Hospital Research Institute,2,https://profiles.ucalgary.ca/nils-daniel-forkert,source_declared
mem_c695f19acd,One Child Every Child Comprehensive Data Member,University of Calgary,3,https://profiles.ucalgary.ca/nils-daniel-forkert,source_declared
mem_c695f19acd,Full Member,Hotchkiss Brain Institute,4,https://profiles.ucalgary.ca/nils-daniel-forkert,source_declared
mem_c695f19acd,Full Member,Arnie Charbonneau Cancer Institute,5,https://profiles.ucalgary.ca/nils-daniel-forkert,source_declared
mem_c695f19acd,Full Member,O'Brien Institute for Public Health,6,https://profiles.ucalgary.ca/nils-daniel-forkert,source_declared
mem_c695f19acd,Full Member,Alberta Children's Hospital Research Institute,7,https://profiles.ucalgary.ca/nils-daniel-forkert,source_declared
mem_c8e755d8b2,Professor - Medicine,Cumming School of Medicine,0,https://profiles.ucalgary.ca/kamala-devi-patel,source_declared
mem_c8e755d8b2,Associate Member,Hotchkiss Brain Institute,1,https://profiles.ucalgary.ca/kamala-devi-patel,source_declared
mem_c8e755d8b2,Full Member,"The Calvin, Phoebe and Joan Snyder Institute for Chronic Diseases",2,https://profiles.ucalgary.ca/kamala-devi-patel,source_declared
mem_c921b46f9f,Adjunct Clinical Associate,"Faculty of Nursing, Adjuncts",0,https://profiles.ucalgary.ca/stephanie-knaak,source_declared
mem_c921b46f9f,Adjunct Assistant Professor,"Cumming School of Medicine, Department of Psychiatry",1,https://profiles.ucalgary.ca/stephanie-knaak,source_declared
mem_c921b46f9f,Associate Member,Hotchkiss Brain Institute,2,https://profiles.ucalgary.ca/stephanie-knaak,source_declared
mem_c921b46f9f,Associate Member,Mathison Centre for Mental Health Research and Education,3,https://profiles.ucalgary.ca/stephanie-knaak,source_declared
mem_c98befafc2,Adjunct Assistant Professor,"Cumming School of Medicine, Department of Psychiatry",0,https://profiles.ucalgary.ca/david-lindenbach,source_declared
mem_c98befafc2,Adjunct Assistant Professor,"Faculty of Social Work, Calgary Campus",1,https://profiles.ucalgary.ca/david-lindenbach,source_declared
mem_c98befafc2,Adjunct Assistant Professor,"Cumming School of Medicine, Department of Community Health Sciences",2,https://profiles.ucalgary.ca/david-lindenbach,source_declared
mem_c98befafc2,"Director of Research, Hull Services",~ Other ~,3,https://profiles.ucalgary.ca/david-lindenbach,source_declared
mem_c98befafc2,Associate Member,Hotchkiss Brain Institute,4,https://profiles.ucalgary.ca/david-lindenbach,source_declared
mem_c98befafc2,Associate Member,Mathison Centre for Mental Health Research and Education,5,https://profiles.ucalgary.ca/david-lindenbach,source_declared
mem_c98befafc2,Member,O'Brien Institute for Public Health,6,https://profiles.ucalgary.ca/david-lindenbach,source_declared
mem_c98befafc2,Child Health & Wellness Researcher,Alberta Children's Hospital Research Institute,7,https://profiles.ucalgary.ca/david-lindenbach,source_declared
mem_c9bf668779,Professor Emeritus of Clinical Neurosciences and Medicine,"Cumming School of Medicine, Department of Clinical Neurosciences",0,https://profiles.ucalgary.ca/werner-john-becker,source_declared
mem_c9bf668779,Emeritus Member,Hotchkiss Brain Institute,1,https://profiles.ucalgary.ca/werner-john-becker,source_declared
mem_c9fd274cf3,Professor,"Faculty of Nursing, Faculty",0,https://profiles.ucalgary.ca/dawn-kingston,source_declared
mem_c9fd274cf3,Full Member,Hotchkiss Brain Institute,1,https://profiles.ucalgary.ca/dawn-kingston,source_declared
mem_c9fd274cf3,Full Member,Mathison Centre for Mental Health Research and Education,2,https://profiles.ucalgary.ca/dawn-kingston,source_declared
mem_c9fd274cf3,Child Health & Wellness Researcher,Alberta Children's Hospital Research Institute,3,https://profiles.ucalgary.ca/dawn-kingston,source_declared
mem_cc41b0bf3b,Professor (Teaching & Research),Faculty of Veterinary Medicine,0,https://profiles.ucalgary.ca/sabine-gilch,source_declared
mem_cc41b0bf3b,Full Member,Hotchkiss Brain Institute,1,https://profiles.ucalgary.ca/sabine-gilch,source_declared
mem_cc41b0bf3b,Full Member,"The Calvin, Phoebe and Joan Snyder Institute for Chronic Diseases",2,https://profiles.ucalgary.ca/sabine-gilch,source_declared
mem_cc41b0bf3b,Adjunct Professor,"Cumming School of Medicine, Department of Biochemistry and Molecular Biology",3,https://profiles.ucalgary.ca/sabine-gilch,source_declared
mem_ccd6df0b53,Professor,"Cumming School of Medicine, Department of Cell Biology and Anatomy",0,https://profiles.ucalgary.ca/gordon-campbell-teskey,source_declared
mem_ccd6df0b53,Full Member,Hotchkiss Brain Institute,1,https://profiles.ucalgary.ca/gordon-campbell-teskey,source_declared
mem_ccd6df0b53,Child Health & Wellness Researcher,Alberta Children's Hospital Research Institute,2,https://profiles.ucalgary.ca/gordon-campbell-teskey,source_declared
mem_ccdb9fb0c5,Professor,"Faculty of Arts , Department of Psychology",0,https://profiles.ucalgary.ca/andrea-protzner,source_declared
mem_ccdb9fb0c5,Associate Member,Hotchkiss Brain Institute,1,https://profiles.ucalgary.ca/andrea-protzner,source_declared
mem_ccdb9fb0c5,Associate Member,Mathison Centre for Mental Health Research and Education,2,https://profiles.ucalgary.ca/andrea-protzner,source_declared
mem_cce204cb8c,"Assistant Dean, Mentorship for Research and Grant Success","Faculty of Nursing, Dean's Office",0,https://profiles.ucalgary.ca/nicole-letourneau,source_declared
mem_cce204cb8c,Professor,"Faculty of Nursing, Faculty",1,https://profiles.ucalgary.ca/nicole-letourneau,source_declared
mem_cce204cb8c,Research Professor,"Cumming School of Medicine, Department of Pediatrics",2,https://profiles.ucalgary.ca/nicole-letourneau,source_declared
mem_cce204cb8c,Research Professor,"Cumming School of Medicine, Department of Psychiatry",3,https://profiles.ucalgary.ca/nicole-letourneau,source_declared
mem_cce204cb8c,Research Professor,"Cumming School of Medicine, Department of Community Health Sciences",4,https://profiles.ucalgary.ca/nicole-letourneau,source_declared
mem_cce204cb8c,Child Health & Wellness Researcher,"Alberta Children's Hospital Research Institute, Owerko Centre",5,https://profiles.ucalgary.ca/nicole-letourneau,source_declared
mem_cce204cb8c,Full Member,Hotchkiss Brain Institute,6,https://profiles.ucalgary.ca/nicole-letourneau,source_declared
mem_cce204cb8c,Full Member,Mathison Centre for Mental Health Research and Education,7,https://profiles.ucalgary.ca/nicole-letourneau,source_declared
mem_cd038775a0,Director of Undergraduate Studies,"Faculty of Arts , Department of Psychology",0,https://profiles.ucalgary.ca/simon-spanswick,source_declared
mem_cd038775a0,Associate Professor (Teaching),"Faculty of Arts , Department of Psychology",1,https://profiles.ucalgary.ca/simon-spanswick,source_declared
mem_cd038775a0,Full Member,Hotchkiss Brain Institute,2,https://profiles.ucalgary.ca/simon-spanswick,source_declared
mem_cd4b5d2ba6,Neuroradiologist,University of Calgary,0,https://profiles.ucalgary.ca/johanna-ospel,source_declared
mem_cd4b5d2ba6,Clinical Associate Professor,University of Calgary,1,https://profiles.ucalgary.ca/johanna-ospel,source_declared
mem_cd4b5d2ba6,Principal Member,Libin Cardiovascular Institute,2,https://profiles.ucalgary.ca/johanna-ospel,source_declared
mem_cd4b5d2ba6,Principal Member,Hotchkiss Brain Institute,3,https://profiles.ucalgary.ca/johanna-ospel,source_declared
mem_cd4b5d2ba6,Principal Member,O'Brien Institute for Public Health,4,https://profiles.ucalgary.ca/johanna-ospel,source_declared
mem_cde9968348,Associate Professor (Teaching),"Werklund School of Education, Specialization, School and Applied Child Psychology",0,https://profiles.ucalgary.ca/erica-makarenko,source_declared
mem_cde9968348,"Academic Coordinator, MEd Program in School & Applied Child Psychology","Werklund School of Education, Graduate Programs in Education",1,https://profiles.ucalgary.ca/erica-makarenko,source_declared
mem_cde9968348,Associate Member,Hotchkiss Brain Institute,2,https://profiles.ucalgary.ca/erica-makarenko,source_declared
mem_cde9968348,Associate Member,Mathison Centre for Mental Health Research and Education,3,https://profiles.ucalgary.ca/erica-makarenko,source_declared
mem_cde9968348,Child Health & Wellness Researcher,Alberta Children's Hospital Research Institute,4,https://profiles.ucalgary.ca/erica-makarenko,source_declared
mem_cdf4fbee8b,"Executive Director, Office of Institutional Commitments",Office of the Provost,0,https://profiles.ucalgary.ca/andrew-szeto,source_declared
mem_cdf4fbee8b,Professor,"Faculty of Arts , Department of Psychology",1,https://profiles.ucalgary.ca/andrew-szeto,source_declared
mem_cdf4fbee8b,Full Member,Mathison Centre for Mental Health Research and Education,2,https://profiles.ucalgary.ca/andrew-szeto,source_declared
mem_cf878ce2e9,Professor Emeritus,"Faculty of Science , Department of Biological Sciences",0,https://profiles.ucalgary.ca/raymond-turner,source_declared
mem_d21327a3f5,Associate Professor,"Cumming School of Medicine, Department of Medical Genetics",0,https://profiles.ucalgary.ca/chad-bousman,source_declared
mem_d21327a3f5,Child Health & Wellness Researcher,"Alberta Children's Hospital Research Institute, Owerko Centre",1,https://profiles.ucalgary.ca/chad-bousman,source_declared
mem_d21327a3f5,Full Member,"Alberta Children's Hospital Research Institute, Owerko Centre",2,https://profiles.ucalgary.ca/chad-bousman,source_declared
mem_d21327a3f5,Full Member,"Hotchkiss Brain Institute, Mathison Centre for Mental Health Research and Education",3,https://profiles.ucalgary.ca/chad-bousman,source_declared
mem_d21327a3f5,Full Member,Libin Cardiovascular Institute,4,https://profiles.ucalgary.ca/chad-bousman,source_declared
mem_d21327a3f5,Associate Professor,"Cumming School of Medicine, Department of Psychiatry",5,https://profiles.ucalgary.ca/chad-bousman,source_declared
mem_d21327a3f5,Associate Professor,"Cumming School of Medicine, Department of Physiology and Pharmacology",6,https://profiles.ucalgary.ca/chad-bousman,source_declared
mem_d21327a3f5,Associate Professor,"Cumming School of Medicine, Department of Community Health Sciences",7,https://profiles.ucalgary.ca/chad-bousman,source_declared
mem_d21327a3f5,Adjunct Professor,~ Other ~,8,https://profiles.ucalgary.ca/chad-bousman,source_declared
mem_d2301d7aac,Professor (Teaching & Research) - Anatomic and Clinical Pathology,"Faculty of Veterinary Medicine, Fulltime",0,https://profiles.ucalgary.ca/amy-warren,source_declared
mem_d3afbe9061,Assistant Professor,"Schulich School of Engineering, Department of Electrical and Software Engineering",0,https://profiles.ucalgary.ca/novarun-deb,source_declared
mem_d3afbe9061,Full Member,"Hotchkiss Brain Institute, Brain and Mental Health Research Clinics Initiative",1,https://profiles.ucalgary.ca/novarun-deb,source_declared
mem_d3afbe9061,Full Member,Mathison Centre for Mental Health Research and Education,2,https://profiles.ucalgary.ca/novarun-deb,source_declared
mem_d3cc4c7671,Clinical Assistant Professor of Neurology,University of Calgary,0,https://profiles.ucalgary.ca/gabriela-gilmour,source_declared
mem_d3cc4c7671,Full Member,"Hotchkiss Brain Institute, Brain and Mental Health Research Clinics Initiative",1,https://profiles.ucalgary.ca/gabriela-gilmour,source_declared
mem_d3cc4c7671,Full Member,Mathison Centre for Mental Health Research and Education,2,https://profiles.ucalgary.ca/gabriela-gilmour,source_declared
mem_d4ec51610b,Assistant Professor,"Faculty of Arts , Department of Psychology",0,https://profiles.ucalgary.ca/ami-tint,source_declared
mem_d4ec51610b,Child Health & Wellness Researcher,"Alberta Children's Hospital Research Institute, Owerko Centre",1,https://profiles.ucalgary.ca/ami-tint,source_declared
mem_d4ec51610b,Full Member,Hotchkiss Brain Institute,2,https://profiles.ucalgary.ca/ami-tint,source_declared
mem_d4ec51610b,Full Member,Mathison Centre for Mental Health Research and Education,3,https://profiles.ucalgary.ca/ami-tint,source_declared
mem_d4ec51610b,Full Member,O'Brien Institute for Public Health,4,https://profiles.ucalgary.ca/ami-tint,source_declared
mem_d4fd16a2fe,Clinical Associate Professor,Cumming School of Medicine,0,https://profiles.ucalgary.ca/stephen-michael-mcneil,source_declared
mem_d4fd16a2fe,Associate Member,Hotchkiss Brain Institute,1,https://profiles.ucalgary.ca/stephen-michael-mcneil,source_declared
mem_d5a7323094,Associate Professor,"Schulich School of Engineering, Department of Biomedical Engineering",0,https://profiles.ucalgary.ca/matthew-macdonald,source_declared
mem_d5a7323094,Associate Professor,"Schulich School of Engineering, Department of Electrical and Software Engineering",1,https://profiles.ucalgary.ca/matthew-macdonald,source_declared
mem_d5a7323094,Adjunct Associate Professor,"Cumming School of Medicine, Department of Radiology | Image Science",2,https://profiles.ucalgary.ca/matthew-macdonald,source_declared
mem_d5a7323094,Full Member,Hotchkiss Brain Institute,3,https://profiles.ucalgary.ca/matthew-macdonald,source_declared
mem_d5a7323094,Full Member,"Alberta Children's Hospital Research Institute, Owerko Centre",4,https://profiles.ucalgary.ca/matthew-macdonald,source_declared
mem_d5f9a5e6ba,Full Professor Emeritus,"Faculty of Arts , Department of Psychology",0,https://profiles.ucalgary.ca/keith-stephen-dobson,source_declared
mem_d5f9a5e6ba,Full Member,Hotchkiss Brain Institute,1,https://profiles.ucalgary.ca/keith-stephen-dobson,source_declared
mem_d63e7deb2d,Full Member,Hotchkiss Brain Institute,0,https://profiles.ucalgary.ca/veronica-bruno,source_declared
mem_d63e7deb2d,Associate Member,Mathison Centre for Mental Health Research and Education,1,https://profiles.ucalgary.ca/veronica-bruno,source_declared
mem_d63e7deb2d,Asistant Professor,"Cumming School of Medicine, Department of Clinical Neurosciences",2,https://profiles.ucalgary.ca/veronica-bruno,source_declared
mem_d63e7deb2d,Neurologist,Movement Disorders Program,3,https://profiles.ucalgary.ca/veronica-bruno,source_declared
mem_d71eba52b6,Professor,"Cumming School of Medicine, Department of Physiology and Pharmacology",0,https://profiles.ucalgary.ca/marc-poulin,source_declared
mem_d71eba52b6,Professor,"Cumming School of Medicine, Department of Clinical Neurosciences",1,https://profiles.ucalgary.ca/marc-poulin,source_declared
mem_d71eba52b6,Professor,Faculty of Kinesiology,2,https://profiles.ucalgary.ca/marc-poulin,source_declared
mem_d71eba52b6,Chair,Brenda Strafford Foundation Chair in Alzheimer Research,3,https://profiles.ucalgary.ca/marc-poulin,source_declared
mem_d71eba52b6,Full Member,Hotchkiss Brain Institute,4,https://profiles.ucalgary.ca/marc-poulin,source_declared
mem_d71eba52b6,Full Member,Libin Cardiovascular Institute,5,https://profiles.ucalgary.ca/marc-poulin,source_declared
mem_d71eba52b6,Full Member,O'Brien Institute for Public Health,6,https://profiles.ucalgary.ca/marc-poulin,source_declared
mem_d71eba52b6,Full Member,Mathison Centre for Mental Health Research and Education,7,https://profiles.ucalgary.ca/marc-poulin,source_declared
mem_d71eba52b6,Full Member,"The Calvin, Phoebe and Joan Snyder Institute for Chronic Diseases",8,https://profiles.ucalgary.ca/marc-poulin,source_declared
mem_da080c48f2,Clinical Professor,"Cumming School of Medicine, Department of Clinical Neurosciences",0,https://profiles.ucalgary.ca/stephanie-ann-plamondon,source_declared
mem_da080c48f2,Full Member,"Hotchkiss Brain Institute, Mathison Centre for Mental Health Research and Education",1,https://profiles.ucalgary.ca/stephanie-ann-plamondon,source_declared
mem_da080c48f2,Vice Chair (Education) (44000) DCNS,~ Other ~,2,https://profiles.ucalgary.ca/stephanie-ann-plamondon,source_declared
mem_db95c2910e,Full Professor,"Schulich School of Engineering, Department of Biomedical Engineering",0,https://profiles.ucalgary.ca/amir-sanati-nezhad,source_declared
mem_db95c2910e,Full Professor,"Schulich School of Engineering, Department of Mechanical and Manufacturing Engineering",1,https://profiles.ucalgary.ca/amir-sanati-nezhad,source_declared
mem_db95c2910e,Full Member,Hotchkiss Brain Institute,2,https://profiles.ucalgary.ca/amir-sanati-nezhad,source_declared
mem_db95c2910e,Associate Member,"The Calvin, Phoebe and Joan Snyder Institute for Chronic Diseases",3,https://profiles.ucalgary.ca/amir-sanati-nezhad,source_declared
mem_db95c2910e,Member,Arnie Charbonneau Cancer Institute,4,https://profiles.ucalgary.ca/amir-sanati-nezhad,source_declared
mem_dd9d2855a1,Associate Professor and Associate Head of Research,"Schulich School of Engineering, Department of Electrical and Software Engineering",0,https://profiles.ucalgary.ca/roberto-souza,source_declared
mem_dd9d2855a1,Full Member,Hotchkiss Brain Institute,1,https://profiles.ucalgary.ca/roberto-souza,source_declared
mem_dd9d2855a1,Associate Member,McCaig Institute for Bone and Joint Health,2,https://profiles.ucalgary.ca/roberto-souza,source_declared
mem_de66826bad,Associate Professor,"Werklund School of Education, Specialization, School and Applied Child Psychology",0,https://profiles.ucalgary.ca/carly-mcmorris,source_declared
mem_de66826bad,Adjunct Associate Professor,"Faculty of Arts , Department of Psychology",1,https://profiles.ucalgary.ca/carly-mcmorris,source_declared
mem_de66826bad,Full Member,Hotchkiss Brain Institute,2,https://profiles.ucalgary.ca/carly-mcmorris,source_declared
mem_de66826bad,Full Member,Mathison Centre for Mental Health Research and Education,3,https://profiles.ucalgary.ca/carly-mcmorris,source_declared
mem_de66826bad,Child Health & Wellness Researcher,"Alberta Children's Hospital Research Institute, Owerko Centre",4,https://profiles.ucalgary.ca/carly-mcmorris,source_declared
mem_df3ac5151d,Assistant Professor,"Cumming School of Medicine, Department of Clinical Neurosciences",0,https://profiles.ucalgary.ca/camila-aquino,source_declared
mem_df3ac5151d,Assistant Professor,"Cumming School of Medicine, Department of Community Health Sciences",1,https://profiles.ucalgary.ca/camila-aquino,source_declared
mem_df3ac5151d,Full Member,Hotchkiss Brain Institute,2,https://profiles.ucalgary.ca/camila-aquino,source_declared
mem_dfec7f0e37,Professor,"Cumming School of Medicine, Department of Clinical Neurosciences",0,https://profiles.ucalgary.ca/zelma-kiss,source_declared
mem_dfec7f0e37,Full Member,Hotchkiss Brain Institute,1,https://profiles.ucalgary.ca/zelma-kiss,source_declared
mem_dfec7f0e37,Full Member,"Hotchkiss Brain Institute, Mathison Centre for Mental Health Research and Education",2,https://profiles.ucalgary.ca/zelma-kiss,source_declared
mem_e11e633737,Clinical Assistant Professor,"Cumming School of Medicine, Department of Psychiatry",0,https://profiles.ucalgary.ca/robert-tanguay,source_declared
mem_e11e633737,Full Member,Hotchkiss Brain Institute,1,https://profiles.ucalgary.ca/robert-tanguay,source_declared
mem_e11e633737,Associate Member,Mathison Centre for Mental Health Research and Education,2,https://profiles.ucalgary.ca/robert-tanguay,source_declared
mem_e1cb907885,Associate Professor,"Cumming School of Medicine, Department of Psychiatry",0,https://profiles.ucalgary.ca/iliana-ortega,source_declared
mem_e1cb907885,Full Member,"Hotchkiss Brain Institute, Mathison Centre for Mental Health Research and Education",1,https://profiles.ucalgary.ca/iliana-ortega,source_declared
mem_e1cb907885,Child Health & Wellness Researcher,Alberta Children's Hospital Research Institute,2,https://profiles.ucalgary.ca/iliana-ortega,source_declared
mem_e203a7a335,Associate Professor,"Cumming School of Medicine, Department of Anesthesiology, Perioperative and Pain Medicine",0,https://profiles.ucalgary.ca/kathryn-birnie,source_declared
mem_e203a7a335,Associate Professor,"Cumming School of Medicine, Department of Community Health Sciences",1,https://profiles.ucalgary.ca/kathryn-birnie,source_declared
mem_e203a7a335,Adjunct Associate Professor,"Faculty of Arts , Department of Psychology",2,https://profiles.ucalgary.ca/kathryn-birnie,source_declared
mem_e203a7a335,Associate Scientific Director,Solutions for Kids in Pain,3,https://profiles.ucalgary.ca/kathryn-birnie,source_declared
mem_e203a7a335,Associate Scientific Director - Population Health and Lead for the Health Equity HUB,O'Brien Institute for Public Health,4,https://profiles.ucalgary.ca/kathryn-birnie,source_declared
mem_e29ecf6f48,Associate Professor,"Faculty of Social Work, Calgary Campus",0,https://profiles.ucalgary.ca/victoria-burns,source_declared
mem_e29ecf6f48,Founder & Director University of Calgary Recovery Community & Recovery on Campus Alberta,Provost,1,https://profiles.ucalgary.ca/victoria-burns,source_declared
mem_e29ecf6f48,Full Member,Mathison Centre for Mental Health Research and Education,2,https://profiles.ucalgary.ca/victoria-burns,source_declared
mem_e29ecf6f48,Full Member,Hotchkiss Brain Institute,3,https://profiles.ucalgary.ca/victoria-burns,source_declared
mem_e29ecf6f48,Adjunct Professor,Community Health Sciences,4,https://profiles.ucalgary.ca/victoria-burns,source_declared
mem_e48b8f0a4b,Professor,"Cumming School of Medicine, Department of Psychiatry",0,https://profiles.ucalgary.ca/paul-arnold,source_declared
mem_e48b8f0a4b,Academic Director,"Hotchkiss Brain Institute, Mathison Centre for Mental Health Research and Education",1,https://profiles.ucalgary.ca/paul-arnold,source_declared
mem_e48b8f0a4b,Full Member,Hotchkiss Brain Institute,2,https://profiles.ucalgary.ca/paul-arnold,source_declared
mem_e48b8f0a4b,Full Member,Mathison Centre for Mental Health Research and Education,3,https://profiles.ucalgary.ca/paul-arnold,source_declared
mem_e48b8f0a4b,Child Health & Wellness Researcher,Alberta Children's Hospital Research Institute,4,https://profiles.ucalgary.ca/paul-arnold,source_declared
mem_e48b8f0a4b,Full Member,"Alberta Children's Hospital Research Institute, Owerko Centre",5,https://profiles.ucalgary.ca/paul-arnold,source_declared
mem_e4ccd8bf83,Professor - Medicine,"Cumming School of Medicine, Department of Physiology and Pharmacology",0,https://profiles.ucalgary.ca/quentin-jerome-pittman,source_declared
mem_e4ccd8bf83,Child Health & Wellness Researcher,Alberta Children's Hospital Research Institute,1,https://profiles.ucalgary.ca/quentin-jerome-pittman,source_declared
mem_e4ccd8bf83,Full Member,Hotchkiss Brain Institute,2,https://profiles.ucalgary.ca/quentin-jerome-pittman,source_declared
mem_e4ccd8bf83,Deputy Chair,"Cumming School of Medicine, Department of Physiology and Pharmacology",3,https://profiles.ucalgary.ca/quentin-jerome-pittman,source_declared
mem_e4ccd8bf83,Full Member,Mathison Centre for Mental Health Research and Education,4,https://profiles.ucalgary.ca/quentin-jerome-pittman,source_declared
mem_e5fb693498,Professor,"Cumming School of Medicine, Department of Clinical Neurosciences",0,https://profiles.ucalgary.ca/mark-giles-hamilton,source_declared
mem_e5fb693498,Full Member,Hotchkiss Brain Institute,1,https://profiles.ucalgary.ca/mark-giles-hamilton,source_declared
mem_e5fb693498,Full Member,"Hotchkiss Brain Institute, Brain and Mental Health Research Clinics Initiative",2,https://profiles.ucalgary.ca/mark-giles-hamilton,source_declared
mem_e5fb693498,Member,Arnie Charbonneau Cancer Institute,3,https://profiles.ucalgary.ca/mark-giles-hamilton,source_declared
mem_e6ae3b7b4c,Assistant Professor,"Cumming School of Medicine, Department of Microbiology, Immunology and Infectious Diseases",0,https://profiles.ucalgary.ca/chunlong-mu,source_declared
mem_e6ae3b7b4c,Adjunct Assistant Professor,Faculty of Kinesiology,1,https://profiles.ucalgary.ca/chunlong-mu,source_declared
mem_e6ae3b7b4c,Full Member,"The Calvin, Phoebe and Joan Snyder Institute for Chronic Diseases",2,https://profiles.ucalgary.ca/chunlong-mu,source_declared
mem_e6ae3b7b4c,Child Health & Wellness Researcher,"Alberta Children's Hospital Research Institute, Owerko Centre",3,https://profiles.ucalgary.ca/chunlong-mu,source_declared
mem_e6ae3b7b4c,Member,Libin Cardiovascular Institute,4,https://profiles.ucalgary.ca/chunlong-mu,source_declared
mem_e6ae3b7b4c,Full Member,Hotchkiss Brain Institute,5,https://profiles.ucalgary.ca/chunlong-mu,source_declared
mem_e7c4e90dd1,Professor,"Cumming School of Medicine, Department of Psychiatry",0,https://profiles.ucalgary.ca/dallas-seitz,source_declared
mem_e7c4e90dd1,Professor,"Cumming School of Medicine, Department of Community Health Sciences",1,https://profiles.ucalgary.ca/dallas-seitz,source_declared
mem_e7c4e90dd1,Full Member,Hotchkiss Brain Institute,2,https://profiles.ucalgary.ca/dallas-seitz,source_declared
mem_e7c4e90dd1,Full Member,Mathison Centre for Mental Health Research and Education,3,https://profiles.ucalgary.ca/dallas-seitz,source_declared
mem_e7de00f126,Professor Emerita of Kinesiology,Faculty of Kinesiology,0,https://profiles.ucalgary.ca/anne-patricia-flynn,source_declared
mem_e7de00f126,Full Member,Hotchkiss Brain Institute,1,https://profiles.ucalgary.ca/anne-patricia-flynn,source_declared
mem_e92a3a57cf,Professor,"Cumming School of Medicine, Department of Clinical Neurosciences | Translational Neuroscience",0,https://profiles.ucalgary.ca/minh-dang-nguyen,source_declared
mem_e92a3a57cf,Full Member,Hotchkiss Brain Institute,1,https://profiles.ucalgary.ca/minh-dang-nguyen,source_declared
mem_e99045f0a4,Associate Professor,"Faculty of Science , Department of Physics and Astronomy",0,https://profiles.ucalgary.ca/claudia-gomes-da-rocha,source_declared
mem_e99045f0a4,Full Member,Hotchkiss Brain Institute,1,https://profiles.ucalgary.ca/claudia-gomes-da-rocha,source_declared
mem_e9c9ab7840,Assistant Professor (Research),"Cumming School of Medicine, Department of Psychiatry",0,https://profiles.ucalgary.ca/katherine-rittenbach,source_declared
mem_e9c9ab7840,Full Member,Mathison Centre for Mental Health Research and Education,1,https://profiles.ucalgary.ca/katherine-rittenbach,source_declared
mem_e9c9ab7840,Full Member,Hotchkiss Brain Institute,2,https://profiles.ucalgary.ca/katherine-rittenbach,source_declared
mem_e9c9ab7840,Full Member,O'Brien Institute for Public Health,3,https://profiles.ucalgary.ca/katherine-rittenbach,source_declared
mem_eb52ac9c29,Assistant Professor,"Cumming School of Medicine, Department of Radiology",0,https://profiles.ucalgary.ca/chathura-kumaragamage,source_declared
mem_eb52ac9c29,Assistant Professor,"Cumming School of Medicine, Department of Pediatrics",1,https://profiles.ucalgary.ca/chathura-kumaragamage,source_declared
mem_eb52ac9c29,Child Health and Wellness Researcher,"Alberta Children's Hospital Research Institute, Owerko Centre",2,https://profiles.ucalgary.ca/chathura-kumaragamage,source_declared
mem_eb52ac9c29,Full Member,Hotchkiss Brain Institute,3,https://profiles.ucalgary.ca/chathura-kumaragamage,source_declared
mem_eba13da887,Associate Professor,"Cumming School of Medicine, Department of Pediatrics",0,https://profiles.ucalgary.ca/serena-orr,source_declared
mem_eba13da887,Associate Professor,"Cumming School of Medicine, Department of Community Health Sciences",1,https://profiles.ucalgary.ca/serena-orr,source_declared
mem_eba13da887,Associate Professor,"Cumming School of Medicine, Department of Clinical Neurosciences | Neurology",2,https://profiles.ucalgary.ca/serena-orr,source_declared
mem_eba13da887,Adjunct Associate Professor,"Faculty of Arts , Department of Psychology",3,https://profiles.ucalgary.ca/serena-orr,source_declared
mem_eba13da887,Full Member,Hotchkiss Brain Institute,4,https://profiles.ucalgary.ca/serena-orr,source_declared
mem_eba13da887,Full Member,Mathison Centre for Mental Health Research and Education,5,https://profiles.ucalgary.ca/serena-orr,source_declared
mem_eba13da887,Child Health & Wellness Researcher,Alberta Children's Hospital Research Institute,6,https://profiles.ucalgary.ca/serena-orr,source_declared
mem_ecc4765dd3,Associate Member,Hotchkiss Brain Institute,0,https://profiles.ucalgary.ca/mohammed-kalathil,source_declared
mem_ecc4765dd3,Associate Member,Mathison Centre for Mental Health Research and Education,1,https://profiles.ucalgary.ca/mohammed-kalathil,source_declared
mem_ee6b1c7368,Professor,"Cumming School of Medicine, Department of Pediatrics | Child and Family Health Research Unit",0,https://profiles.ucalgary.ca/deborah-maryanne-dewey,source_declared
mem_ee6b1c7368,Professor,"Cumming School of Medicine, Department of Community Health Sciences",1,https://profiles.ucalgary.ca/deborah-maryanne-dewey,source_declared
mem_ee6b1c7368,Full Member,"Alberta Children's Hospital Research Institute, Owerko Centre",2,https://profiles.ucalgary.ca/deborah-maryanne-dewey,source_declared
mem_ee6b1c7368,Full Member,"Hotchkiss Brain Institute, Mathison Centre for Mental Health Research and Education",3,https://profiles.ucalgary.ca/deborah-maryanne-dewey,source_declared
mem_f082dc6264,Associate Professor,"Cumming School of Medicine, Department of Family Medicine",0,https://profiles.ucalgary.ca/rita-henderson,source_declared
mem_f204657bcb,Azrieli Accelerator Professorship in Inclusive Engineering Technologies for Neurodevelopment,"Schulich School of Engineering, Department of Biomedical Engineering",0,https://profiles.ucalgary.ca/eli-kinney-lang,source_declared
mem_f204657bcb,Engineering Core Director,BCI4Kids,1,https://profiles.ucalgary.ca/eli-kinney-lang,source_declared
mem_f204657bcb,Child Health and Wellness Researcher,"Alberta Children's Hospital Research Institute, Owerko Centre",2,https://profiles.ucalgary.ca/eli-kinney-lang,source_declared
mem_f36bd582f4,Associate Professor,"Faculty of Science , Department of Mathematics and Statistics",0,https://profiles.ucalgary.ca/qingrun-zhang,source_declared
mem_f36bd582f4,Adjunct Associate Professor,"Cumming School of Medicine, Department of Biochemistry and Molecular Biology",1,https://profiles.ucalgary.ca/qingrun-zhang,source_declared
mem_f36bd582f4,Child Health & Wellness Researcher,Alberta Children's Hospital Research Institute,2,https://profiles.ucalgary.ca/qingrun-zhang,source_declared
mem_f36bd582f4,Member,"Hotchkiss Brain Institute, Mathison Centre for Mental Health Research and Education",3,https://profiles.ucalgary.ca/qingrun-zhang,source_declared
mem_f4ed9da557,Associate Professor,Faculty of Kinesiology,0,https://profiles.ucalgary.ca/tyler-cluff,source_declared
mem_f4ed9da557,Full Member,Hotchkiss Brain Institute,1,https://profiles.ucalgary.ca/tyler-cluff,source_declared
mem_f68a60fd9c,Professor,"Cumming School of Medicine, Department of Physiology and Pharmacology",0,https://profiles.ucalgary.ca/christophe-altier,source_declared
mem_f68a60fd9c,Full Member,"The Calvin, Phoebe and Joan Snyder Institute for Chronic Diseases",1,https://profiles.ucalgary.ca/christophe-altier,source_declared
mem_f68a60fd9c,Full Member and Chair,Inflammation Research Network,2,https://profiles.ucalgary.ca/christophe-altier,source_declared
mem_f68a60fd9c,Full Member,Hotchkiss Brain Institute,3,https://profiles.ucalgary.ca/christophe-altier,source_declared
mem_f68a60fd9c,Child Health & Wellness Researcher,Alberta Children's Hospital Research Institute,4,https://profiles.ucalgary.ca/christophe-altier,source_declared
mem_f731c39857,Assistant Professor,"Cumming School of Medicine, Department of Pathology and Laboratory Medicine",0,https://profiles.ucalgary.ca/ana-nikolic,source_declared
mem_f731c39857,Full Member,Arnie Charbonneau Cancer Institute,1,https://profiles.ucalgary.ca/ana-nikolic,source_declared
mem_f731c39857,Full Member,Hotchkiss Brain Institute,2,https://profiles.ucalgary.ca/ana-nikolic,source_declared
mem_f736a5948e,Associate Dean - Research,Faculty of Veterinary Medicine,0,https://profiles.ucalgary.ca/hermann-schaetzl,source_declared
mem_f736a5948e,Professor (Teaching & Research),Faculty of Veterinary Medicine,1,https://profiles.ucalgary.ca/hermann-schaetzl,source_declared
mem_f736a5948e,Full Member,"The Calvin, Phoebe and Joan Snyder Institute for Chronic Diseases",2,https://profiles.ucalgary.ca/hermann-schaetzl,source_declared
mem_f736a5948e,Full Member,Hotchkiss Brain Institute,3,https://profiles.ucalgary.ca/hermann-schaetzl,source_declared
mem_f736a5948e,Full Member,"One Health at UCalgary and AMR, One Health Consortium",4,https://profiles.ucalgary.ca/hermann-schaetzl,source_declared
mem_f736a5948e,Full Professor,Comparative Biology & Experimental Medicine,5,https://profiles.ucalgary.ca/hermann-schaetzl,source_declared
mem_f80aadfb52,Director,Hotchkiss Brain Institute,0,https://profiles.ucalgary.ca/david-park,source_declared
mem_f80aadfb52,Professor,"Cumming School of Medicine, Department of Clinical Neurosciences",1,https://profiles.ucalgary.ca/david-park,source_declared
mem_f80aadfb52,Professor,"Cumming School of Medicine, Department of Radiology",2,https://profiles.ucalgary.ca/david-park,source_declared
mem_f80aadfb52,Full Member,Hotchkiss Brain Institute,3,https://profiles.ucalgary.ca/david-park,source_declared
mem_f80d6c1f22,Adjunct Professor,"Cumming School of Medicine, Department of Clinical Neurosciences",0,https://profiles.ucalgary.ca/thomas-erskine-feasby,source_declared
mem_f80d6c1f22,Adjunct Professor,"Cumming School of Medicine, Department of Community Health Sciences",1,https://profiles.ucalgary.ca/thomas-erskine-feasby,source_declared
mem_f80d6c1f22,Full Member,Hotchkiss Brain Institute,2,https://profiles.ucalgary.ca/thomas-erskine-feasby,source_declared
mem_f80d6c1f22,Full Member,O'Brien Institute for Public Health,3,https://profiles.ucalgary.ca/thomas-erskine-feasby,source_declared
mem_f84b6f39c0,Associate Member,Hotchkiss Brain Institute,0,https://profiles.ucalgary.ca/sandy-berzins,source_declared
mem_f84b6f39c0,Associate Member,Mathison Centre for Mental Health Research and Education,1,https://profiles.ucalgary.ca/sandy-berzins,source_declared
mem_f84b6f39c0,Adjunct Lecturer,"Cumming School of Medicine, Department of Community Health Sciences",2,https://profiles.ucalgary.ca/sandy-berzins,source_declared
mem_f8e008892b,Director,Mathison Centre for Mental Health Research and Education,0,https://profiles.ucalgary.ca/matthew-hill,source_declared
mem_f8e008892b,Professor,"Cumming School of Medicine, Department of Cell Biology and Anatomy",1,https://profiles.ucalgary.ca/matthew-hill,source_declared
mem_f8e008892b,Full Member,Hotchkiss Brain Institute,2,https://profiles.ucalgary.ca/matthew-hill,source_declared
mem_f8e008892b,Full Member,Mathison Centre for Mental Health Research and Education,3,https://profiles.ucalgary.ca/matthew-hill,source_declared
mem_f8e008892b,Child Health & Wellness Researcher,Alberta Children's Hospital Research Institute,4,https://profiles.ucalgary.ca/matthew-hill,source_declared
mem_fb9b9dd954,Full Member,Hotchkiss Brain Institute,0,https://profiles.ucalgary.ca/stephanie-borgland,source_declared
mem_fb9b9dd954,Full Member,Mathison Centre for Mental Health Research and Education,1,https://profiles.ucalgary.ca/stephanie-borgland,source_declared
mem_fb9b9dd954,Child Health & Wellness Researcher,Alberta Children's Hospital Research Institute,2,https://profiles.ucalgary.ca/stephanie-borgland,source_declared
mem_fb9f77988d,Professor,Cumming School of Medicine,0,https://profiles.ucalgary.ca/paul-kubes,source_declared
mem_fb9f77988d,Associate Member,Hotchkiss Brain Institute,1,https://profiles.ucalgary.ca/paul-kubes,source_declared
mem_fb9f77988d,Full Member,"The Calvin, Phoebe and Joan Snyder Institute for Chronic Diseases",2,https://profiles.ucalgary.ca/paul-kubes,source_declared
mem_fc7a9521ff,Assistant Professor,"Faculty of Science , Department of Mathematics and Statistics",0,https://profiles.ucalgary.ca/haixu-wang,source_declared
mem_fc88669608,Medical Physicist (MRI),"Faculty of Science , Radiation Oncology Physics",0,https://profiles.ucalgary.ca/ali-golestani,source_declared
mem_fc88669608,Adjunct Assistant Professor,"Faculty of Science , Department of Physics and Astronomy",1,https://profiles.ucalgary.ca/ali-golestani,source_declared
mem_fc88669608,Adjunct Assistant Professor,"Cumming School of Medicine, Department of Oncology",2,https://profiles.ucalgary.ca/ali-golestani,source_declared
mem_fc88669608,Member,Arnie Charbonneau Cancer Institute,3,https://profiles.ucalgary.ca/ali-golestani,source_declared
mem_fc88669608,Associate Member,Hotchkiss Brain Institute,4,https://profiles.ucalgary.ca/ali-golestani,source_declared
mem_fc88669608,Associate Member,Mathison Centre for Mental Health Research and Education,5,https://profiles.ucalgary.ca/ali-golestani,source_declared
mem_fe45b26c09,Associate Professor,"Faculty of Nursing, Faculty",0,https://profiles.ucalgary.ca/jennifer-jackson,source_declared
mem_fe45b26c09,Joint Appointment,Community Health Sciences,1,https://profiles.ucalgary.ca/jennifer-jackson,source_declared
mem_fe45b26c09,Member,O'Brien Institute for Public Health,2,https://profiles.ucalgary.ca/jennifer-jackson,source_declared
mem_fe45b26c09,Member,Taylor Institute for Teaching and Learning,3,https://profiles.ucalgary.ca/jennifer-jackson,source_declared
mem_fe45b26c09,Full Member,"Hotchkiss Brain Institute, Mathison Centre for Mental Health Research and Education",4,https://profiles.ucalgary.ca/jennifer-jackson,source_declared
mem_feaca2a8a0,Adjunct Research Assistant Professor,"Cumming School of Medicine, Department of Clinical Neurosciences",0,https://profiles.ucalgary.ca/alvin-joselin,source_declared
mem_feaca2a8a0,Research Manager,"Cumming School of Medicine, Department of Clinical Neurosciences",1,https://profiles.ucalgary.ca/alvin-joselin,source_declared
mem_feaca2a8a0,Associate Member,Hotchkiss Brain Institute,2,https://profiles.ucalgary.ca/alvin-joselin,source_declared
mem_ff28df9a18,Professor,"Cumming School of Medicine, Department of Clinical Neurosciences",0,https://profiles.ucalgary.ca/shalina-ousman,source_declared
mem_ff28df9a18,Full Member,Hotchkiss Brain Institute,1,https://profiles.ucalgary.ca/shalina-ousman,source_declared
mem_ff28df9a18,Full Member,"The Calvin, Phoebe and Joan Snyder Institute for Chronic Diseases",2,https://profiles.ucalgary.ca/shalina-ousman,source_declared
mem_ff28df9a18,Professor,"Cumming School of Medicine, Department of Cell Biology and Anatomy",3,https://profiles.ucalgary.ca/shalina-ousman,source_declared
mem_ffc70c151e,Associate Professor Emeritus,Faculty of Nursing,0,https://profiles.ucalgary.ca/lorraine-venturato,source_declared
mem_ffc70c151e,Full Member,Hotchkiss Brain Institute,1,https://profiles.ucalgary.ca/lorraine-venturato,source_declared
mem_ffc70c151e,Full Member,Centre on Aging,2,https://profiles.ucalgary.ca/lorraine-venturato,source_declared
