profile_id,display_label,domain,term_type,curated_umbrella,lexicon_provenance,candidate_origins,evidence_count,source_count,latest_year,declared_confidence_0_10,declared_disposition,evidence_snippets,standardization_disposition,standardized_label,concept_id,source_vocabulary,semantic_types,match_method,normalization_confidence_0_10,normalization_reason,mesh_umbrella,public_umbrella,umbrella_method
030f8cde-f2ae-4824-8f5b-98102638bf51,Mental Health,medical,research_area,Mental Health and Psychiatry,linkedin_expertise_lexicon_v1,linkedin_experience_description_current | linkedin_experience_title_current,3,2,2026,9.9,publish,"Research Student in the BrainKids Lab under Dr. Kara Murias I am interested in learning about the use of non-invasive brain stimulation as a treatment for neurodevelopmental and mental health disorders in kids. I’m currently analyzing Diffusion Weighted Imaging MRI scans in kids with and without ADHD. || Mental Health Research 4 Kids - Research Partner | Mathison Centre for Mental Health Research & Education || Mental Health Research 4 Kids - Co-Chair, Many Voices Council | Mathison Centre for Mental Health Research & Education",accepted,Mental Health,C0025353,MSH,Mental Process,umls_exact,9.53,filtered UMLS concept with curated HBI umbrella,Mental Health,Mental Health and Psychiatry,versioned LinkedIn expertise lexicon
030f8cde-f2ae-4824-8f5b-98102638bf51,Child Health,medical,research_area,,hbi_hybrid_accepted | hbi_hybrid_accepted | hbi_hybrid_accepted,linkedin_about,1,1,0,8.55,publish,Passionate about child health and wellness.,review,Child Health,D000067576,MSH,,mesh_fallback,10.0,local MeSH fallback after broad UMLS candidate search,,,
030f8cde-f2ae-4824-8f5b-98102638bf51,Brain Stimulation,medical,technology,Neuroengineering and Medical Technology,linkedin_expertise_lexicon_v1,linkedin_experience_description_current,1,1,2026,7.95,publish,Research Student in the BrainKids Lab under Dr. Kara Murias I am interested in learning about the use of non-invasive brain stimulation as a treatment for neurodevelopmental and mental health disorders in kids. I’m currently analyzing Diffusion Weighted Imaging MRI scans in kids with and without ADHD.,review,Brain stimulation,C0870227,SNOMEDCT_US,Therapeutic or Preventive Procedure,umls_exact,9.85,medical UMLS concept found without a MeSH representation,Pharmacology and Therapeutics,Neuroengineering and Medical Technology,versioned LinkedIn expertise lexicon
030f8cde-f2ae-4824-8f5b-98102638bf51,Magnetic Resonance Imaging,medical,method,Neuroimaging and Medical Imaging,linkedin_expertise_lexicon_v1,linkedin_experience_description_current,1,1,2026,7.95,publish,Research Student in the BrainKids Lab under Dr. Kara Murias I am interested in learning about the use of non-invasive brain stimulation as a treatment for neurodevelopmental and mental health disorders in kids. I’m currently analyzing Diffusion Weighted Imaging MRI scans in kids with and without ADHD.,accepted,Magnetic Resonance Imaging,C0024485,MSH,Diagnostic Procedure,umls_exact,10.0,filtered UMLS concept with curated HBI umbrella,Imaging and Diagnostics,Neuroimaging and Medical Imaging,versioned LinkedIn expertise lexicon
03db3f72-1adc-4d08-bdde-9864a58cb2a6,Deep Learning,computing,method,Artificial Intelligence and Data Science,linkedin_expertise_lexicon_v1,linkedin_about | linkedin_skill,2,2,0,9.9,publish,"PhD candidate in Biomedical Engineering with 8+ years of experience in biomedical image and signal processing, machine learning, and data analysis. I am proficient in MATLAB, Python, and C/C++, with strong expertise in statistical analysis, mathematical modelling, and deep learning. My research focuses on estimating and correcting motion during MRI acquisition using EEG signals, with applications in EEGfMRI analysis. I build data pipelines, develop ML algorithms, and design tools for EEG and MRI analysis, contributing to feature extraction, image processing, visualization, and hardwaresoftware || Deep Learning",not_attempted,,,,,,0.0,UMLS skipped for cross-domain/tool term,,Artificial Intelligence and Data Science,versioned LinkedIn expertise lexicon
03db3f72-1adc-4d08-bdde-9864a58cb2a6,Electrocardiography,medical,method,Physiology and Systems Biology,linkedin_expertise_lexicon_v1,linkedin_skill,1,1,0,9.9,publish,ECG Interpretation,review,Electrocardiography,C1623258,MSH,Diagnostic Procedure,umls_exact,9.83,medical UMLS concept found; HBI umbrella requires review,,Physiology and Systems Biology,versioned LinkedIn expertise lexicon
03db3f72-1adc-4d08-bdde-9864a58cb2a6,Electroencephalography,medical,method,Neuroimaging and Medical Imaging,linkedin_expertise_lexicon_v1,linkedin_about | linkedin_about_explicit,2,2,0,9.9,publish,"PhD candidate in Biomedical Engineering with 8+ years of experience in biomedical image and signal processing, machine learning, and data analysis. I am proficient in MATLAB, Python, and C/C++, with strong expertise in statistical analysis, mathematical modelling, and deep learning. My research focuses on estimating and correcting motion during MRI acquisition using EEG signals, with applications in EEGfMRI analysis. I build data pipelines, develop ML algorithms, and design tools for EEG and MRI analysis, contributing to feature extraction, image processing, visualization, and hardwaresoftware",accepted,Electroencephalography,D004569,MSH,,mesh_reviewed_alias,9.9,reviewed local alias plus MeSH hierarchy umbrella,Neuroscience and Neural Systems,Neuroimaging and Medical Imaging,versioned LinkedIn expertise lexicon
03db3f72-1adc-4d08-bdde-9864a58cb2a6,Magnetic Resonance Imaging,medical,method,Neuroimaging and Medical Imaging,linkedin_expertise_lexicon_v1,linkedin_about | linkedin_about_explicit,2,2,0,9.9,publish,"PhD candidate in Biomedical Engineering with 8+ years of experience in biomedical image and signal processing, machine learning, and data analysis. I am proficient in MATLAB, Python, and C/C++, with strong expertise in statistical analysis, mathematical modelling, and deep learning. My research focuses on estimating and correcting motion during MRI acquisition using EEG signals, with applications in EEGfMRI analysis. I build data pipelines, develop ML algorithms, and design tools for EEG and MRI analysis, contributing to feature extraction, image processing, visualization, and hardwaresoftware",accepted,Magnetic Resonance Imaging,C0024485,MSH,Diagnostic Procedure,umls_exact,10.0,filtered UMLS concept with curated HBI umbrella,Imaging and Diagnostics,Neuroimaging and Medical Imaging,versioned LinkedIn expertise lexicon
03db3f72-1adc-4d08-bdde-9864a58cb2a6,Medical Image Processing,engineering,method,Neuroimaging and Medical Imaging,linkedin_expertise_lexicon_v1,linkedin_about | linkedin_skill,2,2,0,9.9,publish,"PhD candidate in Biomedical Engineering with 8+ years of experience in biomedical image and signal processing, machine learning, and data analysis. I am proficient in MATLAB, Python, and C/C++, with strong expertise in statistical analysis, mathematical modelling, and deep learning. My research focuses on estimating and correcting motion during MRI acquisition using EEG signals, with applications in EEGfMRI analysis. I build data pipelines, develop ML algorithms, and design tools for EEG and MRI analysis, contributing to feature extraction, image processing, visualization, and hardwaresoftware || Image Processing",not_attempted,,,,,,0.0,UMLS skipped for cross-domain/tool term,,Neuroimaging and Medical Imaging,versioned LinkedIn expertise lexicon
03db3f72-1adc-4d08-bdde-9864a58cb2a6,Artificial Intelligence,computing,method,Artificial Intelligence and Data Science,linkedin_expertise_lexicon_v1,linkedin_headline,1,1,0,9.55,publish,Founder and CEO at Thrive Global | Passionate about Health and AI,not_attempted,,,,,,0.0,UMLS skipped for cross-domain/tool term,,Artificial Intelligence and Data Science,versioned LinkedIn expertise lexicon
03db3f72-1adc-4d08-bdde-9864a58cb2a6,Biomedical Engineering,engineering,research_area,Biomedical Engineering,linkedin_expertise_lexicon_v1,linkedin_about,1,1,0,8.55,publish,"PhD candidate in Biomedical Engineering with 8+ years of experience in biomedical image and signal processing, machine learning, and data analysis. I am proficient in MATLAB, Python, and C/C++, with strong expertise in statistical analysis, mathematical modelling, and deep learning. My research focuses on estimating and correcting motion during MRI acquisition using EEG signals, with applications in EEGfMRI analysis. I build data pipelines, develop ML algorithms, and design tools for EEG and MRI analysis, contributing to feature extraction, image processing, visualization, and hardwaresoftware",not_attempted,,,,,,0.0,UMLS skipped for cross-domain/tool term,,Biomedical Engineering,versioned LinkedIn expertise lexicon
03db3f72-1adc-4d08-bdde-9864a58cb2a6,Data Analysis,computing,method,Artificial Intelligence and Data Science,linkedin_expertise_lexicon_v1,linkedin_about,1,1,0,8.55,publish,"PhD candidate in Biomedical Engineering with 8+ years of experience in biomedical image and signal processing, machine learning, and data analysis. I am proficient in MATLAB, Python, and C/C++, with strong expertise in statistical analysis, mathematical modelling, and deep learning. My research focuses on estimating and correcting motion during MRI acquisition using EEG signals, with applications in EEGfMRI analysis. I build data pipelines, develop ML algorithms, and design tools for EEG and MRI analysis, contributing to feature extraction, image processing, visualization, and hardwaresoftware",not_attempted,,,,,,0.0,UMLS skipped for cross-domain/tool term,,Artificial Intelligence and Data Science,versioned LinkedIn expertise lexicon
03db3f72-1adc-4d08-bdde-9864a58cb2a6,Machine Learning,computing,method,Artificial Intelligence and Data Science,linkedin_expertise_lexicon_v1,linkedin_about,1,1,0,8.55,publish,"PhD candidate in Biomedical Engineering with 8+ years of experience in biomedical image and signal processing, machine learning, and data analysis. I am proficient in MATLAB, Python, and C/C++, with strong expertise in statistical analysis, mathematical modelling, and deep learning. My research focuses on estimating and correcting motion during MRI acquisition using EEG signals, with applications in EEGfMRI analysis. I build data pipelines, develop ML algorithms, and design tools for EEG and MRI analysis, contributing to feature extraction, image processing, visualization, and hardwaresoftware",not_attempted,,,,,,0.0,UMLS skipped for cross-domain/tool term,,Artificial Intelligence and Data Science,versioned LinkedIn expertise lexicon
03db3f72-1adc-4d08-bdde-9864a58cb2a6,Neuroimaging,medical,research_area,Neuroimaging and Medical Imaging,linkedin_expertise_lexicon_v1,linkedin_about,1,1,0,8.55,publish,"PhD candidate in Biomedical Engineering with 8+ years of experience in biomedical image and signal processing, machine learning, and data analysis. I am proficient in MATLAB, Python, and C/C++, with strong expertise in statistical analysis, mathematical modelling, and deep learning. My research focuses on estimating and correcting motion during MRI acquisition using EEG signals, with applications in EEGfMRI analysis. I build data pipelines, develop ML algorithms, and design tools for EEG and MRI analysis, contributing to feature extraction, image processing, visualization, and hardwaresoftware",accepted,Neuroimaging,C0679575,MSH,Diagnostic Procedure,umls_exact,10.0,filtered UMLS concept with curated HBI umbrella,Imaging and Diagnostics,Neuroimaging and Medical Imaging,versioned LinkedIn expertise lexicon
03db3f72-1adc-4d08-bdde-9864a58cb2a6,Python,computing,tool,Artificial Intelligence and Data Science,linkedin_expertise_lexicon_v1,linkedin_about,1,1,0,8.55,publish,"PhD candidate in Biomedical Engineering with 8+ years of experience in biomedical image and signal processing, machine learning, and data analysis. I am proficient in MATLAB, Python, and C/C++, with strong expertise in statistical analysis, mathematical modelling, and deep learning. My research focuses on estimating and correcting motion during MRI acquisition using EEG signals, with applications in EEGfMRI analysis. I build data pipelines, develop ML algorithms, and design tools for EEG and MRI analysis, contributing to feature extraction, image processing, visualization, and hardwaresoftware",not_attempted,,,,,,0.0,UMLS skipped for cross-domain/tool term,,Artificial Intelligence and Data Science,versioned LinkedIn expertise lexicon
03db3f72-1adc-4d08-bdde-9864a58cb2a6,Signal Processing,engineering,method,Artificial Intelligence and Data Science,linkedin_expertise_lexicon_v1,linkedin_about,1,1,0,8.55,publish,"PhD candidate in Biomedical Engineering with 8+ years of experience in biomedical image and signal processing, machine learning, and data analysis. I am proficient in MATLAB, Python, and C/C++, with strong expertise in statistical analysis, mathematical modelling, and deep learning. My research focuses on estimating and correcting motion during MRI acquisition using EEG signals, with applications in EEGfMRI analysis. I build data pipelines, develop ML algorithms, and design tools for EEG and MRI analysis, contributing to feature extraction, image processing, visualization, and hardwaresoftware",not_attempted,,,,,,0.0,UMLS skipped for cross-domain/tool term,,Artificial Intelligence and Data Science,versioned LinkedIn expertise lexicon
04c0502c-e2fa-4de1-b7e4-1e471df6d292,Epilepsy,medical,research_area,Neurological and Neurodegenerative Disorders,linkedin_expertise_lexicon_v1,linkedin_experience_description_current,1,1,2026,7.95,publish,"Worked in Dr. Teskey's Lab conducting epilepsy research. Tasks included: - Performed recovery brain surgery on rodents - Conducted data collection using animal models, including seizure administration, treatment with various nutraceuticals, behavioural experiments, and enzymatic expression analyses - Graphed and analyzed data - Presented research at the Hotchkiss Brain Institute (HBI) Summer Student Symposium Program",accepted,Epilepsy,D004827,MSH,,mesh_reviewed_alias,9.9,reviewed local alias plus MeSH hierarchy umbrella,Neurological Disorders,Neurological and Neurodegenerative Disorders,versioned LinkedIn expertise lexicon
04c0502c-e2fa-4de1-b7e4-1e471df6d292,Mathematics,science,research_area,Physical and Mathematical Sciences,linkedin_expertise_lexicon_v1,linkedin_experience_description_current,1,1,2026,7.95,publish,Providing personalized academic support in mathematics and science to K-12 students of varied skill levels - Developing lesson plans and strategies to address student's academic needs and enhance understanding and test performance - Communicating with students and parents to provide feedback to encourage improvement - Applying problem-solving skills to address individual learning needs to help students grasp challenging concepts,review,Mathematics,D008433,MSH,,mesh_fallback,10.0,local MeSH fallback after broad UMLS candidate search,,Physical and Mathematical Sciences,versioned LinkedIn expertise lexicon
05294035-6509-4928-8f61-52aaa10ad166,Biotechnology,engineering,research_area,Biomedical Engineering,linkedin_expertise_lexicon_v1,linkedin_about,1,1,0,8.55,publish,Randall Marusyk is a partner of the firm and has been certified as a specialist in all areas of Canadian Intellectual Property Law (Patent/Trademark/Copyright) by the Law Society of Upper Canada. Randall specializes in designing strategic intellectual property portfolios in light of clients business and marketplace needs. He has extensive experience in drafting and prosecuting a variety of patent applications before the Canadian and United States Patent Offices as well as coordinating their prosecution worldwide. Randall has particular expertise in drafting and prosecuting a wide range of pate,not_attempted,,,,,,0.0,UMLS skipped for cross-domain/tool term,,Biomedical Engineering,versioned LinkedIn expertise lexicon
0a1e9130-a8fc-485a-86f6-cf3bcf6abafe,Biomedical Engineering,engineering,research_area,Biomedical Engineering,linkedin_expertise_lexicon_v1,linkedin_headline,1,1,0,9.55,publish,Biomedical Engineering PhD Candidate @ Hotchkiss Brain Institute | University of Calgary | CEO at Novara ML,not_attempted,,,,,,0.0,UMLS skipped for cross-domain/tool term,,Biomedical Engineering,versioned LinkedIn expertise lexicon
0a1e9130-a8fc-485a-86f6-cf3bcf6abafe,Machine Learning,computing,method,Artificial Intelligence and Data Science,linkedin_expertise_lexicon_v1,linkedin_headline,1,1,0,9.55,publish,Biomedical Engineering PhD Candidate @ Hotchkiss Brain Institute | University of Calgary | CEO at Novara ML,not_attempted,,,,,,0.0,UMLS skipped for cross-domain/tool term,,Artificial Intelligence and Data Science,versioned LinkedIn expertise lexicon
0c2aa172-9ee3-4815-a8e8-940f4c2e9e09,Clinical Neuroscience,medical,clinical_specialty,Neuroscience,linkedin_expertise_lexicon_v1,linkedin_experience_description_current | linkedin_experience_title_current,2,2,2026,9.9,publish,"Department of Clinical Neuroscience EDIA Committee Member | University of Calgary || • Served as a member of the Equity, Diversity, Inclusion & Accessibility (EDI&A) Committee at the University of Calgary. • Advised on developing guidance for opportunities, enhancing transparency for candidates. • Collaborated to define core EDIA principles, fostering a respectful culture in clinical neuroscience. • Supported the creation of a centralized resource hub for integrating EDIA principles into research practices.",accepted,Neurosciences,D009488,MSH,,mesh_fallback,9.7,local MeSH fallback after broad UMLS candidate search,Neuroscience and Neural Systems,Neuroscience,versioned LinkedIn expertise lexicon
0c2aa172-9ee3-4815-a8e8-940f4c2e9e09,Health Equity,medical,research_area,,hbi_hybrid_accepted | hbi_hybrid_accepted,linkedin_about | linkedin_experience_description_current | linkedin_skill,3,3,2026,9.9,publish,"MSc Neuroscience researcher and Co-Executive Director of the Brain Climate Equity Collaborative, working at the intersection of neurological health, climate justice, and health equity. My work focuses on translating research into real-world impact, advancing climate-resilient approaches to neurological health, and building initiatives that center community and inclusion. || Health Equity || Co-founded and lead Canada's first national organization at the intersection of brain health, climate justice, and health equity. Built from the ground up while completing a graduate degree in neuroscience, Brain-CE Collab now operates a 40+ fellow network, a 10-person expert board, and 15+ active research and advocacy projects spanning local, national, and international partnerships in 45 countries. Responsible for organizational strategy, fundraising, research leadership, partnership development, fellow recruitment and mentorship, and public communications. Our founding article was republish",review,Health Equity,D000069576,MSH,,mesh_fallback,10.0,local MeSH fallback after broad UMLS candidate search,,,
0c2aa172-9ee3-4815-a8e8-940f4c2e9e09,Mental Health,medical,research_area,Mental Health and Psychiatry,linkedin_expertise_lexicon_v1,linkedin_skill,1,1,0,9.9,publish,Mental Health,accepted,Mental Health,C0025353,MSH,Mental Process,umls_exact,9.53,filtered UMLS concept with curated HBI umbrella,Mental Health,Mental Health and Psychiatry,versioned LinkedIn expertise lexicon
0c2aa172-9ee3-4815-a8e8-940f4c2e9e09,Neurology,medical,research_area,Neuroscience and Neural Systems,hbi_hybrid_accepted | hbi_hybrid_accepted,linkedin_skill,1,1,0,9.9,publish,Neurology,accepted,Neurology,D009462,MSH,,mesh_reviewed_alias,9.8,reviewed local alias plus MeSH hierarchy umbrella,Neuroscience and Neural Systems,Neuroscience and Neural Systems,versioned LinkedIn expertise lexicon
0c2aa172-9ee3-4815-a8e8-940f4c2e9e09,Neuroscience,medical,research_area,Neuroscience,linkedin_expertise_lexicon_v1,linkedin_about | linkedin_experience_description_current | linkedin_experience_description_recent | linkedin_experience_title_current | linkedin_headline,7,5,2026,9.9,publish,"CIHR CGSM Scholar | Co-Executive Director of Brain Climate Equity Collaborative | UCalgary WRC Distinguished Graduate Student 2026 | MSc Neuroscience Researcher || MSc Neuroscience researcher and Co-Executive Director of the Brain Climate Equity Collaborative, working at the intersection of neurological health, climate justice, and health equity. My work focuses on translating research into real-world impact, advancing climate-resilient approaches to neurological health, and building initiatives that center community and inclusion. || Co-founded and lead Canada's first national organization at the intersection of brain health, climate justice, and health equity. Built from the ground up while completing a graduate degree in neuroscience, Brain-CE Collab now operates a 40+ fellow network, a 10-person expert board, and 15+ active research and advocacy projects spanning local, national, and international partnerships in 45 countries. Responsible for organizational strategy, fundraising, research leadership, partnership development, fellow recruitment and mentorship, and public communications. Our founding article was republish || Department of Clinical Neuroscience EDIA Committee Member | University of Calgary || • Served as a member of the Equity, Diversity, Inclusion & Accessibility (EDI&A) Committee at the University of Calgary. • Advised on developing guidance for opportunities, enhancing transparency for candidates. • Collaborated to define core EDIA principles, fostering a respectful culture in clinical neuroscience. • Supported the creation of a centralized resource hub for integrating EDIA principles into research practices. || • Managed and contributed to multidisciplinary research projects utilizing cutting-edge neurotechnology. • Ensured timely and high-quality ",accepted,Neurosciences,D009488,MSH,,mesh_fallback,9.7,local MeSH fallback after broad UMLS candidate search,Neuroscience and Neural Systems,Neuroscience,versioned LinkedIn expertise lexicon
0c2aa172-9ee3-4815-a8e8-940f4c2e9e09,Public Health,medical,research_area,Population and Public Health,hbi_hybrid_accepted | hbi_hybrid_accepted | hbi_hybrid_accepted | hbi_hybrid_accepted | hbi_hybrid_accepted,linkedin_skill,1,1,0,9.9,publish,Public Health,accepted,Public Health,D011634,MSH,,mesh_fallback,10.0,local MeSH fallback after broad UMLS candidate search,Population and Public Health,Population and Public Health,versioned LinkedIn expertise lexicon
0c2aa172-9ee3-4815-a8e8-940f4c2e9e09,Women's Health,medical,research_area,,hbi_hybrid_accepted,linkedin_experience_description_current,1,1,2026,7.95,publish,"• Collaborated with a creative studio and art collective to merge visual storytelling with community advocacy. • Curated 10+ exhibitions showcasing over 50 original works, raising $10K+ for local nonprofits. • Engaged a diverse audience through narrative-driven art that challenges conventional perspectives. • Exhibited work at notable venues, including: Calgary Public Library — Women’s Health Symposium Glenbow Museum — Sacred Weft Showcase Foothills Medical Centre — Cycles of Renewal Okotoks Art Gallery — Cycles of Renewal",review,Women's Health,D016387,MSH,,mesh_fallback,10.0,local MeSH fallback after broad UMLS candidate search,,,
0c2aa172-9ee3-4815-a8e8-940f4c2e9e09,Artificial Intelligence,computing,method,Artificial Intelligence and Data Science,linkedin_expertise_lexicon_v1,linkedin_experience_description_recent,1,1,2025,6.95,publish,"• Founded and led an innovative educational platform, Brainwave, focusing on personalized learning through AI-driven tutoring. • Designed AI-integrated learning frameworks for over 10 students, achieving a 40% improvement in academic performance. • Developed and licensed customized curricula for educational institutions, scaling the platform's impact across diverse learning environments. • Successfully sold the company to a for-profit educational organization, expanding its reach across North America.",not_attempted,,,,,,0.0,UMLS skipped for cross-domain/tool term,,Artificial Intelligence and Data Science,versioned LinkedIn expertise lexicon
0c2aa172-9ee3-4815-a8e8-940f4c2e9e09,Autism Spectrum Disorders,medical,research_area,Neurodevelopment and Pediatric Health,linkedin_expertise_lexicon_v1,linkedin_experience_description_recent,1,1,2023,6.95,publish,"• Developed original artwork that captured the essence of the Society for Autism Support and Services' mission. • Delivered high-quality pieces within tight deadlines, ensuring stakeholder satisfaction. • Collaborated closely with team members to align artistic vision with organizational values.",accepted,Autism Spectrum Disorder,C1510586,MSH,Mental or Behavioral Dysfunction,umls_exact,10.0,filtered UMLS concept with curated HBI umbrella,Mental Health,Neurodevelopment and Pediatric Health,versioned LinkedIn expertise lexicon
0c2aa172-9ee3-4815-a8e8-940f4c2e9e09,Data Analysis,computing,method,Artificial Intelligence and Data Science,linkedin_expertise_lexicon_v1,linkedin_experience_description_recent,1,1,2023,6.95,publish,"• Assisted in advanced research projects, focusing on experiment execution and data analysis. • Presented findings that informed lab decisions and encouraged collaborative problem-solving among team members. • Developed critical skills in research methodologies and data interpretation while contributing to a leading neuroscience institute.",not_attempted,,,,,,0.0,UMLS skipped for cross-domain/tool term,,Artificial Intelligence and Data Science,versioned LinkedIn expertise lexicon
12c2a5ab-4efc-4485-8621-5a08e597a132,Neuroscience,medical,research_area,Neuroscience,linkedin_expertise_lexicon_v1,linkedin_about | linkedin_experience_description_recent,2,2,2022,9.2,publish,"I am the Open Science Coordinator at the Hotchkiss Brain Institute, where I work to advance open science practices that make research more transparent, accessible, and collaborative. In parallel, I work as a Research Coordinator in the Pediatric Onset of Neuromotor Impairments Lab, where I coordinate projects focused on motion capture for children with mobility challenges and robotic walking interventions. My work bridges research coordination, open science, and knowledge translation with a central goal: ensuring that scientific discoveries are not only rigorous but also accessible to research || Research Assistant- Department of Clinical Neuroscience, Cumming School of Medicine Better Mobility Lab - leading a team of undergraduate students, writing ethics and grant applications, conducting randomized clinical trial Pediatric Onset Neuromotor Impairment Lab - building an open science database, assisting in data collection and management, leading limits of stability outcome measures",accepted,Neurosciences,D009488,MSH,,mesh_fallback,9.7,local MeSH fallback after broad UMLS candidate search,Neuroscience and Neural Systems,Neuroscience,versioned LinkedIn expertise lexicon
12c2a5ab-4efc-4485-8621-5a08e597a132,Positron Emission Tomography,medical,method,Neuroimaging and Medical Imaging,linkedin_expertise_lexicon_v1,linkedin_experience_title_recent,1,1,2022,8.1,publish,Pet Care Technician | Country Club Pet Resort,accepted,Positron-Emission Tomography,C0032743,MSH,Diagnostic Procedure,umls_exact,10.0,filtered UMLS concept with curated HBI umbrella,Imaging and Diagnostics,Neuroimaging and Medical Imaging,versioned LinkedIn expertise lexicon
12c2a5ab-4efc-4485-8621-5a08e597a132,Clinical Neuroscience,medical,clinical_specialty,Neuroscience,linkedin_expertise_lexicon_v1,linkedin_experience_description_recent,1,1,2022,6.95,publish,"Research Assistant- Department of Clinical Neuroscience, Cumming School of Medicine Better Mobility Lab - leading a team of undergraduate students, writing ethics and grant applications, conducting randomized clinical trial Pediatric Onset Neuromotor Impairment Lab - building an open science database, assisting in data collection and management, leading limits of stability outcome measures",accepted,Neurosciences,D009488,MSH,,mesh_fallback,9.7,local MeSH fallback after broad UMLS candidate search,Neuroscience and Neural Systems,Neuroscience,versioned LinkedIn expertise lexicon
12c2a5ab-4efc-4485-8621-5a08e597a132,Clinical Trials,health,method,Clinical and Translational Research,linkedin_expertise_lexicon_v1,linkedin_experience_description_recent,1,1,2022,6.95,publish,"Research Assistant- Department of Clinical Neuroscience, Cumming School of Medicine Better Mobility Lab - leading a team of undergraduate students, writing ethics and grant applications, conducting randomized clinical trial Pediatric Onset Neuromotor Impairment Lab - building an open science database, assisting in data collection and management, leading limits of stability outcome measures",review,Clinical Trials as Topic,C0008976,MSH,Research Activity,umls_exact,9.33,medical UMLS concept found; HBI umbrella requires review,,Clinical and Translational Research,versioned LinkedIn expertise lexicon
12c2a5ab-4efc-4485-8621-5a08e597a132,Social Sciences,health,research_area,Social and Behavioural Sciences,linkedin_expertise_lexicon_v1,linkedin_experience_description_recent,1,1,2021,6.95,publish,"Writing book chapters focussed on natural sciences, social sciences, and history to teach and inspire continued learning.",review,Social Sciences,D012942,MSH,,mesh_fallback,10.0,local MeSH fallback after broad UMLS candidate search,,Social and Behavioural Sciences,versioned LinkedIn expertise lexicon
132edda5-7e0f-4faf-9db7-4dcf646f9565,Public Health,medical,research_area,Population and Public Health,hbi_hybrid_accepted | hbi_hybrid_accepted | hbi_hybrid_accepted | hbi_hybrid_accepted | hbi_hybrid_accepted,linkedin_skill,1,1,0,9.9,publish,Public Health,accepted,Public Health,D011634,MSH,,mesh_fallback,10.0,local MeSH fallback after broad UMLS candidate search,Population and Public Health,Population and Public Health,versioned LinkedIn expertise lexicon
13797022-096e-490a-831c-1b09206cf6f5,Clinical Research,health,method,Clinical and Translational Research,linkedin_expertise_lexicon_v1,linkedin_skill,1,1,0,9.9,publish,Clinical Research,review,Clinical Study,C0008972,MSH,Research Activity,umls_exact,9.33,medical UMLS concept found; HBI umbrella requires review,,Clinical and Translational Research,versioned LinkedIn expertise lexicon
13797022-096e-490a-831c-1b09206cf6f5,Genetics,medical,research_area,Genetics and Genomics,hbi_hybrid_accepted | hbi_hybrid_accepted | hbi_hybrid_accepted | hbi_hybrid_accepted | hbi_hybrid_accepted | hbi_hybrid_accepted | hbi_hybrid_accepted | hbi_hybrid_accepted | hbi_hybrid_accepted,linkedin_skill,1,1,0,9.9,publish,Medical Genetics,accepted,Genetics,D005823,MSH,,mesh_fallback,10.0,local MeSH fallback after broad UMLS candidate search,Genetics and Genomics,Genetics and Genomics,versioned LinkedIn expertise lexicon
13797022-096e-490a-831c-1b09206cf6f5,Stress,medical,research_area,Mental Health and Psychiatry,linkedin_expertise_lexicon_v1,linkedin_publication_description | linkedin_publication_title,2,2,2025,8.4,publish,"Pharmacological activation of integrated stress response kinases inhibits pathological mitochondrial fragmentation || In this work, we show pharmacological activation of the Integrated Stress Response using small molecules promotes adaptive mitochondrial elongation. This proves to be a therapeutic tool for patient derived cells from a patient with CMT2a, harboring MFN2 D414V mutation. … more",review,Stress bismuth subsalicylate,C0723460,MTH,Organic Chemical | Pharmacologic Substance,umls_exact,9.28,medical UMLS concept found without a MeSH representation,,Mental Health and Psychiatry,versioned LinkedIn expertise lexicon
13797022-096e-490a-831c-1b09206cf6f5,Inflammation,medical,research_area,,hbi_hybrid_accepted | hbi_hybrid_accepted | hbi_hybrid_accepted | hbi_hybrid_accepted | hbi_hybrid_accepted | hbi_hybrid_accepted | hbi_hybrid_accepted,linkedin_publication_title,1,1,2025,7.75,publish,The MFN2 Q367H variant reveals a novel pathomechanism connected to mtDNA-mediated inflammation,review,Inflammation,C0021368,MSH,Pathologic Function,umls_exact,9.6,medical UMLS concept found; HBI umbrella requires review,,,
17689c22-cf80-44cf-a1f0-671f6081695e,Bioengineering,engineering,research_area,Biomedical Engineering,linkedin_expertise_lexicon_v1,linkedin_about | linkedin_experience_title_current,3,2,2026,9.9,publish,"Energetic, enthusiastic educator and researcher with expertise in chemical engineering, bioengineering of stem cells, and tissue engineering. Experience with running and expanding a multidisciplinary cross-faculty graduate program. Specialties: My research focus is on the generation of large numbers of stem cells and their differentiated progeny in controlled processes for clinical and therapeutic purposes - the scale-up of stem cell production in bioreactors. This is important because large numbers of stem cells are required for research and treatment of diseases ranging from Parkinson's dise || Director, Center for Bioengineering Research and Education (CBRE) | University of Calgary || Associate Director - Graduate, Centre for Bioengineering Research and Education | University of Calgary",not_attempted,,,,,,0.0,UMLS skipped for cross-domain/tool term,,Biomedical Engineering,versioned LinkedIn expertise lexicon
17689c22-cf80-44cf-a1f0-671f6081695e,Biomedical Engineering,engineering,research_area,Biomedical Engineering,linkedin_expertise_lexicon_v1,linkedin_experience_title_current,5,1,2026,9.9,publish,"Department Head, Biomedical Engineering | University of Calgary || Professor, Department of Biomedical Engineering | University of Calgary || Director, Biomedical Engineering Calgary Initiative | University of Calgary || Interim Department Head, Biomedical Engineering | University of Calgary || Director - Biomedical Engineering Graduate Program | University of Calgary",not_attempted,,,,,,0.0,UMLS skipped for cross-domain/tool term,,Biomedical Engineering,versioned LinkedIn expertise lexicon
17689c22-cf80-44cf-a1f0-671f6081695e,Parkinson Disease,medical,research_area,Neurological and Neurodegenerative Disorders,linkedin_expertise_lexicon_v1,linkedin_about,1,1,0,8.55,publish,"Energetic, enthusiastic educator and researcher with expertise in chemical engineering, bioengineering of stem cells, and tissue engineering. Experience with running and expanding a multidisciplinary cross-faculty graduate program. Specialties: My research focus is on the generation of large numbers of stem cells and their differentiated progeny in controlled processes for clinical and therapeutic purposes - the scale-up of stem cell production in bioreactors. This is important because large numbers of stem cells are required for research and treatment of diseases ranging from Parkinson's dise",accepted,Parkinson Disease,C0030567,MSH,Disease or Syndrome,umls_exact,10.0,filtered UMLS concept with curated HBI umbrella,Neurological Disorders,Neurological and Neurodegenerative Disorders,versioned LinkedIn expertise lexicon
17689c22-cf80-44cf-a1f0-671f6081695e,Stem Cells,medical,research_area,,hbi_hybrid_accepted | hbi_hybrid_accepted | hbi_hybrid_accepted,linkedin_about,1,1,0,8.55,publish,"Energetic, enthusiastic educator and researcher with expertise in chemical engineering, bioengineering of stem cells, and tissue engineering. Experience with running and expanding a multidisciplinary cross-faculty graduate program. Specialties: My research focus is on the generation of large numbers of stem cells and their differentiated progeny in controlled processes for clinical and therapeutic purposes - the scale-up of stem cell production in bioreactors. This is important because large numbers of stem cells are required for research and treatment of diseases ranging from Parkinson's dise",review,Stem Cells,C0038250,MSH,Cell,umls_exact,9.83,medical UMLS concept found; HBI umbrella requires review,,,
17689c22-cf80-44cf-a1f0-671f6081695e,Tissue Engineering,medical,research_area,,hbi_hybrid_accepted,linkedin_about,1,1,0,8.55,publish,"Energetic, enthusiastic educator and researcher with expertise in chemical engineering, bioengineering of stem cells, and tissue engineering. Experience with running and expanding a multidisciplinary cross-faculty graduate program. Specialties: My research focus is on the generation of large numbers of stem cells and their differentiated progeny in controlled processes for clinical and therapeutic purposes - the scale-up of stem cell production in bioreactors. This is important because large numbers of stem cells are required for research and treatment of diseases ranging from Parkinson's dise",review,Tissue Engineering,C0596171,MSH,Therapeutic or Preventive Procedure,umls_exact,9.9,medical UMLS concept found; HBI umbrella requires review,,,
17689c22-cf80-44cf-a1f0-671f6081695e,Cell Therapy,medical,technology,Cancer and Immunotherapy,linkedin_expertise_lexicon_v1,linkedin_publication_title,2,1,2018,8.0,publish,An Integrated Approach toward the Biomanufacturing of Engineered Cell Therapy Products in a Stirred-Suspension Bioreactor || Serum-free bioprocessing of adult human and rodent skin-derived Schwann cells: implications for cell therapy in nervous system injury,review,CELL THER,C0302189,MSH,Therapeutic or Preventive Procedure,umls_exact,10.0,filtered UMLS concept with curated HBI umbrella; retained for review because the UMLS label loses specificity from the supported LinkedIn term,Pharmacology and Therapeutics,Cancer and Immunotherapy,versioned LinkedIn expertise lexicon
17689c22-cf80-44cf-a1f0-671f6081695e,Schwann Cells,medical,research_area,,hbi_hybrid_accepted | hbi_hybrid_accepted,linkedin_publication_title,2,1,2017,8.0,publish,Serum-free bioprocessing of adult human and rodent skin-derived Schwann cells: implications for cell therapy in nervous system injury || Inter-microcarrier transfer and phenotypic stability of stem cell-derived Schwann cells in stirred suspension bioreactor culture,review,Schwann Cells,C0036387,MSH,Cell,umls_exact,9.83,medical UMLS concept found; HBI umbrella requires review,,,
17689c22-cf80-44cf-a1f0-671f6081695e,Nervous System,medical,research_area,Neuroscience and Neural Systems,hbi_hybrid_accepted | hbi_hybrid_accepted | hbi_hybrid_accepted | hbi_hybrid_accepted | hbi_hybrid_accepted | hbi_hybrid_accepted | hbi_hybrid_accepted | hbi_hybrid_accepted | hbi_hybrid_accepted | hbi_hybrid_accepted,linkedin_publication_title,1,1,2017,7.75,publish,Serum-free bioprocessing of adult human and rodent skin-derived Schwann cells: implications for cell therapy in nervous system injury,accepted,Nervous System,D009420,MSH,,mesh_fallback,10.0,local MeSH fallback after broad UMLS candidate search,Neuroscience and Neural Systems,Neuroscience and Neural Systems,versioned LinkedIn expertise lexicon
17689c22-cf80-44cf-a1f0-671f6081695e,Stress,medical,research_area,Mental Health and Psychiatry,linkedin_expertise_lexicon_v1,linkedin_publication_title,1,1,2018,7.75,publish,Non‐Newtonian rheology in suspension cell cultures significantly impacts bioreactor shear stress quantification,review,Stress bismuth subsalicylate,C0723460,MTH,Organic Chemical | Pharmacologic Substance,umls_exact,9.28,medical UMLS concept found without a MeSH representation,,Mental Health and Psychiatry,versioned LinkedIn expertise lexicon
192f55da-ccb8-4044-aaa6-85ecbb975620,Artificial Intelligence,computing,method,Artificial Intelligence and Data Science,linkedin_expertise_lexicon_v1,linkedin_about | linkedin_headline | linkedin_skill,3,3,0,9.9,publish,"PhD Candidate in Medical Imaging @ UofC | Developing AI tools for medical imaging application || Hi there! I'm Reza, and I'd like to share a brief introduction about myself. I am an experienced biomedical data scientist with over 5 years of hands-on experience and a proven track record of delivering successful projects. Holding dual master's degrees in medical radiation engineering and neuroscience from the University of Victoria, I am currently pursuing a Ph.D. at the University of Calgary, furthering my expertise in applied AI/ML in medical imaging. Proficient in a wide array of tools and languages including Python (Pandas, NumPy, Matplotlib), TensorFlow, R, Tableau, and SQL. In additio || Artificial Intelligence (AI)",not_attempted,,,,,,0.0,UMLS skipped for cross-domain/tool term,,Artificial Intelligence and Data Science,versioned LinkedIn expertise lexicon
192f55da-ccb8-4044-aaa6-85ecbb975620,Biomedical Engineering,engineering,research_area,Biomedical Engineering,linkedin_expertise_lexicon_v1,linkedin_experience_description_current | linkedin_skill,2,2,2026,9.9,publish,"Biomedical Engineering || As a teaching assistant and guest lecturer in Data Science, I help students with data analysis, machine learning, and coding, while also giving guest lectures on Neuroimaging, Health Canada Regulations, in the following courses: Introduction to Biomedical Engineering Biomedical signals, systems, and instrumentation ¹ Biomedical signals, systems, and instrumentation ²",not_attempted,,,,,,0.0,UMLS skipped for cross-domain/tool term,,Biomedical Engineering,versioned LinkedIn expertise lexicon
192f55da-ccb8-4044-aaa6-85ecbb975620,Computational Neuroscience,computing,research_area,Artificial Intelligence and Data Science,linkedin_expertise_lexicon_v1,linkedin_skill,1,1,0,9.9,publish,Computational Neuroscience,not_attempted,,,,,,0.0,UMLS skipped for cross-domain/tool term,,Artificial Intelligence and Data Science,versioned LinkedIn expertise lexicon
192f55da-ccb8-4044-aaa6-85ecbb975620,Data Modeling,computing,method,Artificial Intelligence and Data Science,linkedin_expertise_lexicon_v1,linkedin_skill,1,1,0,9.9,publish,Data Modeling,not_attempted,,,,,,0.0,UMLS skipped for cross-domain/tool term,,Artificial Intelligence and Data Science,versioned LinkedIn expertise lexicon
192f55da-ccb8-4044-aaa6-85ecbb975620,Machine Learning,computing,method,Artificial Intelligence and Data Science,linkedin_expertise_lexicon_v1,linkedin_about | linkedin_experience_description_current | linkedin_skill,4,3,2026,9.9,publish,"Hi there! I'm Reza, and I'd like to share a brief introduction about myself. I am an experienced biomedical data scientist with over 5 years of hands-on experience and a proven track record of delivering successful projects. Holding dual master's degrees in medical radiation engineering and neuroscience from the University of Victoria, I am currently pursuing a Ph.D. at the University of Calgary, furthering my expertise in applied AI/ML in medical imaging. Proficient in a wide array of tools and languages including Python (Pandas, NumPy, Matplotlib), TensorFlow, R, Tableau, and SQL. In additio || Machine Learning || As a teaching assistant and guest lecturer in Data Science, I help students with data analysis, machine learning, and coding, while also giving guest lectures on Neuroimaging, Health Canada Regulations, in the following courses: Introduction to Biomedical Engineering Biomedical signals, systems, and instrumentation ¹ Biomedical signals, systems, and instrumentation ² || Studying brain states dynamics via dynamic functional connectivity. Applying ML on resting-state fMRI to explore brain states in IMID patients and their dynamics linked to cognitive disorders.",not_attempted,,,,,,0.0,UMLS skipped for cross-domain/tool term,,Artificial Intelligence and Data Science,versioned LinkedIn expertise lexicon
192f55da-ccb8-4044-aaa6-85ecbb975620,Medical Imaging,medical,research_area,Neuroimaging and Medical Imaging,linkedin_expertise_lexicon_v1,linkedin_about | linkedin_experience_title_recent | linkedin_headline,3,3,2017,9.9,publish,"PhD Candidate in Medical Imaging @ UofC | Developing AI tools for medical imaging application || Hi there! I'm Reza, and I'd like to share a brief introduction about myself. I am an experienced biomedical data scientist with over 5 years of hands-on experience and a proven track record of delivering successful projects. Holding dual master's degrees in medical radiation engineering and neuroscience from the University of Victoria, I am currently pursuing a Ph.D. at the University of Calgary, furthering my expertise in applied AI/ML in medical imaging. Proficient in a wide array of tools and languages including Python (Pandas, NumPy, Matplotlib), TensorFlow, R, Tableau, and SQL. In additio || Medical Imaging Technician | Sadr hospital",review,IMAGING MED,C0025086,MSH,Diagnostic Procedure,umls_exact,10.0,filtered UMLS concept with curated HBI umbrella; retained for review because the UMLS label loses specificity from the supported LinkedIn term,Imaging and Diagnostics,Neuroimaging and Medical Imaging,versioned LinkedIn expertise lexicon
192f55da-ccb8-4044-aaa6-85ecbb975620,Neuroscience,medical,research_area,Neuroscience,linkedin_expertise_lexicon_v1,linkedin_about | linkedin_skill,2,2,0,9.9,publish,"Hi there! I'm Reza, and I'd like to share a brief introduction about myself. I am an experienced biomedical data scientist with over 5 years of hands-on experience and a proven track record of delivering successful projects. Holding dual master's degrees in medical radiation engineering and neuroscience from the University of Victoria, I am currently pursuing a Ph.D. at the University of Calgary, furthering my expertise in applied AI/ML in medical imaging. Proficient in a wide array of tools and languages including Python (Pandas, NumPy, Matplotlib), TensorFlow, R, Tableau, and SQL. In additio || Computational Neuroscience",accepted,Neurosciences,D009488,MSH,,mesh_fallback,9.7,local MeSH fallback after broad UMLS candidate search,Neuroscience and Neural Systems,Neuroscience,versioned LinkedIn expertise lexicon
192f55da-ccb8-4044-aaa6-85ecbb975620,Python,computing,tool,Artificial Intelligence and Data Science,linkedin_expertise_lexicon_v1,linkedin_about | linkedin_skill,2,2,0,9.9,publish,"Hi there! I'm Reza, and I'd like to share a brief introduction about myself. I am an experienced biomedical data scientist with over 5 years of hands-on experience and a proven track record of delivering successful projects. Holding dual master's degrees in medical radiation engineering and neuroscience from the University of Victoria, I am currently pursuing a Ph.D. at the University of Calgary, furthering my expertise in applied AI/ML in medical imaging. Proficient in a wide array of tools and languages including Python (Pandas, NumPy, Matplotlib), TensorFlow, R, Tableau, and SQL. In additio || Python (Programming Language)",not_attempted,,,,,,0.0,UMLS skipped for cross-domain/tool term,,Artificial Intelligence and Data Science,versioned LinkedIn expertise lexicon
192f55da-ccb8-4044-aaa6-85ecbb975620,Data Science,computing,method,Artificial Intelligence and Data Science,linkedin_expertise_lexicon_v1,linkedin_about | linkedin_experience_description_current,2,2,2026,9.2,publish,"Hi there! I'm Reza, and I'd like to share a brief introduction about myself. I am an experienced biomedical data scientist with over 5 years of hands-on experience and a proven track record of delivering successful projects. Holding dual master's degrees in medical radiation engineering and neuroscience from the University of Victoria, I am currently pursuing a Ph.D. at the University of Calgary, furthering my expertise in applied AI/ML in medical imaging. Proficient in a wide array of tools and languages including Python (Pandas, NumPy, Matplotlib), TensorFlow, R, Tableau, and SQL. In additio || As a teaching assistant and guest lecturer in Data Science, I help students with data analysis, machine learning, and coding, while also giving guest lectures on Neuroimaging, Health Canada Regulations, in the following courses: Introduction to Biomedical Engineering Biomedical signals, systems, and instrumentation ¹ Biomedical signals, systems, and instrumentation ²",not_attempted,,,,,,0.0,UMLS skipped for cross-domain/tool term,,Artificial Intelligence and Data Science,versioned LinkedIn expertise lexicon
192f55da-ccb8-4044-aaa6-85ecbb975620,Biomedical Data Science,computing,research_area,Artificial Intelligence and Data Science,linkedin_expertise_lexicon_v1,linkedin_about,1,1,0,8.55,publish,"Hi there! I'm Reza, and I'd like to share a brief introduction about myself. I am an experienced biomedical data scientist with over 5 years of hands-on experience and a proven track record of delivering successful projects. Holding dual master's degrees in medical radiation engineering and neuroscience from the University of Victoria, I am currently pursuing a Ph.D. at the University of Calgary, furthering my expertise in applied AI/ML in medical imaging. Proficient in a wide array of tools and languages including Python (Pandas, NumPy, Matplotlib), TensorFlow, R, Tableau, and SQL. In additio",not_attempted,,,,,,0.0,UMLS skipped for cross-domain/tool term,,Artificial Intelligence and Data Science,versioned LinkedIn expertise lexicon
192f55da-ccb8-4044-aaa6-85ecbb975620,TensorFlow,computing,tool,Artificial Intelligence and Data Science,linkedin_expertise_lexicon_v1,linkedin_about,1,1,0,8.55,publish,"Hi there! I'm Reza, and I'd like to share a brief introduction about myself. I am an experienced biomedical data scientist with over 5 years of hands-on experience and a proven track record of delivering successful projects. Holding dual master's degrees in medical radiation engineering and neuroscience from the University of Victoria, I am currently pursuing a Ph.D. at the University of Calgary, furthering my expertise in applied AI/ML in medical imaging. Proficient in a wide array of tools and languages including Python (Pandas, NumPy, Matplotlib), TensorFlow, R, Tableau, and SQL. In additio",not_attempted,,,,,,0.0,UMLS skipped for cross-domain/tool term,,Artificial Intelligence and Data Science,versioned LinkedIn expertise lexicon
192f55da-ccb8-4044-aaa6-85ecbb975620,Cognitive Disorders,medical,research_area,Cognition and Behaviour,linkedin_expertise_lexicon_v1,linkedin_experience_description_current,1,1,2026,7.95,publish,Studying brain states dynamics via dynamic functional connectivity. Applying ML on resting-state fMRI to explore brain states in IMID patients and their dynamics linked to cognitive disorders.,review,Cognitive Dysfunction,C0338656,MSH,Mental or Behavioral Dysfunction,umls_exact,9.53,medical UMLS concept found; HBI umbrella requires review,,Cognition and Behaviour,versioned LinkedIn expertise lexicon
192f55da-ccb8-4044-aaa6-85ecbb975620,Data Analysis,computing,method,Artificial Intelligence and Data Science,linkedin_expertise_lexicon_v1,linkedin_experience_description_current,1,1,2026,7.95,publish,"As a teaching assistant and guest lecturer in Data Science, I help students with data analysis, machine learning, and coding, while also giving guest lectures on Neuroimaging, Health Canada Regulations, in the following courses: Introduction to Biomedical Engineering Biomedical signals, systems, and instrumentation ¹ Biomedical signals, systems, and instrumentation ²",not_attempted,,,,,,0.0,UMLS skipped for cross-domain/tool term,,Artificial Intelligence and Data Science,versioned LinkedIn expertise lexicon
192f55da-ccb8-4044-aaa6-85ecbb975620,Dynamic Functional Connectivity,medical,method,Neuroimaging and Medical Imaging,linkedin_expertise_lexicon_v1,linkedin_experience_description_current,1,1,2026,7.95,publish,Studying brain states dynamics via dynamic functional connectivity. Applying ML on resting-state fMRI to explore brain states in IMID patients and their dynamics linked to cognitive disorders.,unresolved,,,,,,0.0,no sufficiently similar medical UMLS or MeSH concept,,Neuroimaging and Medical Imaging,versioned LinkedIn expertise lexicon
192f55da-ccb8-4044-aaa6-85ecbb975620,Functional Connectivity,medical,method,Neuroimaging and Medical Imaging,linkedin_expertise_lexicon_v1,linkedin_experience_description_current,1,1,2026,7.95,publish,Studying brain states dynamics via dynamic functional connectivity. Applying ML on resting-state fMRI to explore brain states in IMID patients and their dynamics linked to cognitive disorders.,review,Functional Connectivity Magnetic Resonance Imaging,C3896579,NCI,Diagnostic Procedure,umls_words,8.41,broad UMLS words result retained for manual review,Imaging and Diagnostics,Neuroimaging and Medical Imaging,versioned LinkedIn expertise lexicon
192f55da-ccb8-4044-aaa6-85ecbb975620,Functional MRI,medical,method,Neuroimaging and Medical Imaging,linkedin_expertise_lexicon_v1,linkedin_experience_description_current,1,1,2026,7.95,publish,Studying brain states dynamics via dynamic functional connectivity. Applying ML on resting-state fMRI to explore brain states in IMID patients and their dynamics linked to cognitive disorders.,accepted,Functional MRI,C0376335,MSH,Diagnostic Procedure,umls_exact,9.9,filtered UMLS concept with curated HBI umbrella,Imaging and Diagnostics,Neuroimaging and Medical Imaging,versioned LinkedIn expertise lexicon
192f55da-ccb8-4044-aaa6-85ecbb975620,Neuroimaging,medical,research_area,Neuroimaging and Medical Imaging,linkedin_expertise_lexicon_v1,linkedin_experience_description_current,1,1,2026,7.95,publish,"As a teaching assistant and guest lecturer in Data Science, I help students with data analysis, machine learning, and coding, while also giving guest lectures on Neuroimaging, Health Canada Regulations, in the following courses: Introduction to Biomedical Engineering Biomedical signals, systems, and instrumentation ¹ Biomedical signals, systems, and instrumentation ²",accepted,Neuroimaging,C0679575,MSH,Diagnostic Procedure,umls_exact,10.0,filtered UMLS concept with curated HBI umbrella,Imaging and Diagnostics,Neuroimaging and Medical Imaging,versioned LinkedIn expertise lexicon
192f55da-ccb8-4044-aaa6-85ecbb975620,Decision Making,medical,research_area,Cognition and Behaviour,linkedin_expertise_lexicon_v1,linkedin_experience_description_recent,1,1,2023,6.95,publish,Thesis: Neural areas of activation during feedback processing of clinical decision making.,review,Decision Making,C0011109,MSH,Mental Process,umls_exact,9.5,medical UMLS concept found; HBI umbrella requires review,,Cognition and Behaviour,versioned LinkedIn expertise lexicon
1d2f3d61-4015-4a66-a140-bf98f283d695,Research Design,health,method,Research Methods and Practice,linkedin_expertise_lexicon_v1,linkedin_skill,1,1,0,9.9,publish,Research Design & Experimental Planning,review,Research Design,C0035171,MSH,Research Activity,umls_exact,9.33,medical UMLS concept found; HBI umbrella requires review,,Research Methods and Practice,versioned LinkedIn expertise lexicon
1d2f3d61-4015-4a66-a140-bf98f283d695,Data Extraction,unmapped,candidate,,dynamic_explicit_phrase,linkedin_skill,1,1,0,9.75,publish,Data Extraction,review,Data Extraction,C1707635,NCI,Research Activity,umls_exact,9.15,medical UMLS concept found without a MeSH representation,,,
1d700dd9-938f-4cad-b67b-c643c0c6aa67,Artificial Intelligence,computing,method,Artificial Intelligence and Data Science,linkedin_expertise_lexicon_v1,linkedin_skill,1,1,0,9.9,publish,Medical AI,not_attempted,,,,,,0.0,UMLS skipped for cross-domain/tool term,,Artificial Intelligence and Data Science,versioned LinkedIn expertise lexicon
1d700dd9-938f-4cad-b67b-c643c0c6aa67,Deep Learning,computing,method,Artificial Intelligence and Data Science,linkedin_expertise_lexicon_v1,linkedin_headline | linkedin_skill,2,2,0,9.9,publish,Postdoctoral Fellow | PhD in Applied Math | Machine Learning and Deep Learning for Medical Image Processing | Systems Biology || Deep Learning,not_attempted,,,,,,0.0,UMLS skipped for cross-domain/tool term,,Artificial Intelligence and Data Science,versioned LinkedIn expertise lexicon
1d700dd9-938f-4cad-b67b-c643c0c6aa67,Machine Learning,computing,method,Artificial Intelligence and Data Science,linkedin_expertise_lexicon_v1,linkedin_about | linkedin_headline,2,2,0,9.9,publish,"Postdoctoral Fellow | PhD in Applied Math | Machine Learning and Deep Learning for Medical Image Processing | Systems Biology || Postdoctoral Fellow at the University of Calgary, Hotchkiss Brain Institute in the Medical Image Processing and Machine Learning Lab. U.S. Citizen and Canadian Permanent Resident.",not_attempted,,,,,,0.0,UMLS skipped for cross-domain/tool term,,Artificial Intelligence and Data Science,versioned LinkedIn expertise lexicon
1d700dd9-938f-4cad-b67b-c643c0c6aa67,Mathematics,science,research_area,Physical and Mathematical Sciences,linkedin_expertise_lexicon_v1,linkedin_skill,1,1,0,9.9,publish,Applied Mathematics,review,Mathematics,D008433,MSH,,mesh_fallback,10.0,local MeSH fallback after broad UMLS candidate search,,Physical and Mathematical Sciences,versioned LinkedIn expertise lexicon
1d700dd9-938f-4cad-b67b-c643c0c6aa67,Medical Image Processing,engineering,method,Neuroimaging and Medical Imaging,linkedin_expertise_lexicon_v1,linkedin_about | linkedin_headline,2,2,0,9.9,publish,"Postdoctoral Fellow | PhD in Applied Math | Machine Learning and Deep Learning for Medical Image Processing | Systems Biology || Postdoctoral Fellow at the University of Calgary, Hotchkiss Brain Institute in the Medical Image Processing and Machine Learning Lab. U.S. Citizen and Canadian Permanent Resident.",not_attempted,,,,,,0.0,UMLS skipped for cross-domain/tool term,,Neuroimaging and Medical Imaging,versioned LinkedIn expertise lexicon
1f1f4f23-4334-4f7d-8036-fa26d1c08d07,Data Analysis,computing,method,Artificial Intelligence and Data Science,linkedin_expertise_lexicon_v1,linkedin_skill,1,1,0,9.9,publish,Data Analysis,not_attempted,,,,,,0.0,UMLS skipped for cross-domain/tool term,,Artificial Intelligence and Data Science,versioned LinkedIn expertise lexicon
1f1f4f23-4334-4f7d-8036-fa26d1c08d07,Social Research,unmapped,candidate,,dynamic_explicit_phrase,linkedin_skill,1,1,0,9.75,publish,Social Research,review,"Social Validity, Research",C3658367,MSH,Research Activity,umls_words,8.36,broad UMLS words result retained for manual review,,,
227f9d77-1bcf-487a-82db-0b1b7e563d80,Global Health,medical,research_area,,hbi_hybrid_accepted,linkedin_skill,1,1,0,9.9,publish,Global Health,review,Global Health,D014943,MSH,,mesh_fallback,10.0,local MeSH fallback after broad UMLS candidate search,,,
227f9d77-1bcf-487a-82db-0b1b7e563d80,Computed Tomography (CT) Imaging,unmapped,candidate,,dynamic_explicit_phrase,linkedin_skill,1,1,0,9.75,publish,Computed Tomography (CT) Imaging,accepted,Tomography,C0040395,MSH,Diagnostic Procedure,umls_exact,10.0,filtered UMLS concept with curated HBI umbrella,Imaging and Diagnostics,Imaging and Diagnostics,MeSH hierarchy
227f9d77-1bcf-487a-82db-0b1b7e563d80,Medical Education,unmapped,candidate,,dynamic_explicit_phrase,linkedin_skill,1,1,0,9.75,publish,Medical Education,review,"Education, Medical",D004501,MSH,,mesh_fallback,9.7,local MeSH fallback after broad UMLS candidate search,,,
227f9d77-1bcf-487a-82db-0b1b7e563d80,clinical radiology,unmapped,candidate,,dynamic_explicit_phrase,linkedin_about_explicit,1,1,0,9.35,publish,"Ethiopia-trained Radiologist with experience in clinical radiology and patient-centered care. A collaborative team player who thrives in multidisciplinary healthcare environments, working closely with diverse professionals to support accurate diagnosis and optimal patient outcomes. I have a strong interest in research focused on advancing diagnostic accuracy and healthcare innovation, and I actively volunteer in roles supporting patient navigation and community care.",review,"Unlisted procedure, therapeutic radiology clinical treatment planning",C0203527,MTH,Therapeutic or Preventive Procedure,umls_words,8.09,broad UMLS words result retained for manual review,Pharmacology and Therapeutics,,
243b2072-1c3f-41c3-8d48-e9cbf31365dc,Mental Health,medical,research_area,Mental Health and Psychiatry,linkedin_expertise_lexicon_v1,linkedin_headline,1,1,0,9.55,publish,"Your sleep, diet & exercise habits affect your mental health more than you think. This Mental Health Week, we're bringing together experts in exercise, sleep medicine, and nutrition for a free public panel at the Calgary Public Library . Learn how small changes to your daily routine can make a big difference for your mood, stress levels, and overall wellbeing. May 5, 2026 | 6:00 - 7:30 PM Calgary Public Library",accepted,Mental Health,C0025353,MSH,Mental Process,umls_exact,9.53,filtered UMLS concept with curated HBI umbrella,Mental Health,Mental Health and Psychiatry,versioned LinkedIn expertise lexicon
243b2072-1c3f-41c3-8d48-e9cbf31365dc,Stress,medical,research_area,Mental Health and Psychiatry,linkedin_expertise_lexicon_v1,linkedin_headline,1,1,0,9.55,publish,"Your sleep, diet & exercise habits affect your mental health more than you think. This Mental Health Week, we're bringing together experts in exercise, sleep medicine, and nutrition for a free public panel at the Calgary Public Library . Learn how small changes to your daily routine can make a big difference for your mood, stress levels, and overall wellbeing. May 5, 2026 | 6:00 - 7:30 PM Calgary Public Library",review,Stress bismuth subsalicylate,C0723460,MTH,Organic Chemical | Pharmacologic Substance,umls_exact,9.28,medical UMLS concept found without a MeSH representation,,Mental Health and Psychiatry,versioned LinkedIn expertise lexicon
25fa0ffc-7dff-42ae-b791-0fc9a8a27e41,Medical Imaging,medical,research_area,Neuroimaging and Medical Imaging,linkedin_expertise_lexicon_v1,linkedin_headline,1,1,0,9.55,publish,MSc Medical Science Student Specializing in Medical Imaging | BHSc (First Class Honours) in Biomedical Sciences,review,IMAGING MED,C0025086,MSH,Diagnostic Procedure,umls_exact,10.0,filtered UMLS concept with curated HBI umbrella; retained for review because the UMLS label loses specificity from the supported LinkedIn term,Imaging and Diagnostics,Neuroimaging and Medical Imaging,versioned LinkedIn expertise lexicon
25fa0ffc-7dff-42ae-b791-0fc9a8a27e41,Neuroscience,medical,research_area,Neuroscience,linkedin_expertise_lexicon_v1,linkedin_about,1,1,0,8.55,publish,"Hello! My name is CreeAnn, and I am a curious, passionate, and motivated student at the University of Calgary. I am passionate about finding solutions and answers to advance the field of neuroscience, stroke, and geriatric health.",accepted,Neurosciences,D009488,MSH,,mesh_fallback,9.7,local MeSH fallback after broad UMLS candidate search,Neuroscience and Neural Systems,Neuroscience,versioned LinkedIn expertise lexicon
25fa0ffc-7dff-42ae-b791-0fc9a8a27e41,Stroke,medical,research_area,Neurological and Neurodegenerative Disorders,linkedin_expertise_lexicon_v1,linkedin_about,1,1,0,8.55,publish,"Hello! My name is CreeAnn, and I am a curious, passionate, and motivated student at the University of Calgary. I am passionate about finding solutions and answers to advance the field of neuroscience, stroke, and geriatric health.",accepted,Stroke,C0038454,MSH,Disease or Syndrome,umls_exact,9.73,filtered UMLS concept with curated HBI umbrella,Cardiovascular Health,Neurological and Neurodegenerative Disorders,versioned LinkedIn expertise lexicon
2639593a-850c-4dcb-be8b-e338bccf7a2f,Alzheimer Disease,medical,research_area,Neurological Disorders,hbi_hybrid_accepted | hbi_hybrid_accepted | hbi_hybrid_accepted | hbi_hybrid_accepted | hbi_hybrid_accepted | hbi_hybrid_accepted | hbi_hybrid_accepted | hbi_hybrid_accepted | hbi_hybrid_accepted | hbi_hybrid_accepted | hbi_hybrid_accepted | hbi_hybrid_accepted | hbi_hybrid_accepted | hbi_hybrid_accepted | hbi_hybrid_accepted | hbi_hybrid_accepted | hbi_hybrid_accepted | hbi_hybrid_accepted | hbi_hybrid_accepted | hbi_hybrid_accepted,linkedin_skill,1,1,0,9.9,publish,Alzheimer's Disease,accepted,Alzheimer Disease,D000544,MSH,,mesh_fallback,10.0,local MeSH fallback after broad UMLS candidate search,Neurological Disorders,Neurological Disorders,versioned LinkedIn expertise lexicon
2639593a-850c-4dcb-be8b-e338bccf7a2f,Biomedical Engineering,engineering,research_area,Biomedical Engineering,linkedin_expertise_lexicon_v1,linkedin_about | linkedin_headline,2,2,0,9.9,publish,"Computational Neuroscience Enthusiast | Biomedical Engineering Student || My name is Pouya, and I am currently pursuing an MSc in Biomedical Engineering with a specialization in computational neuroscience at the University of Calgary. I completed my BSc in Biomedical Engineering and Computer Science simultaneously at Amirkabir University of Technology (Tehran Polytechnic). Alongside my studies, I have also been interested in volleyball, movies, music, and books. I am passionate about the field of AI, specifically machine learning, deep learning, deep neural networks, and the application of AI-based models in healthcare, especially in computational and cognitive neur",not_attempted,,,,,,0.0,UMLS skipped for cross-domain/tool term,,Biomedical Engineering,versioned LinkedIn expertise lexicon
2639593a-850c-4dcb-be8b-e338bccf7a2f,Computational Neuroscience,computing,research_area,Artificial Intelligence and Data Science,linkedin_expertise_lexicon_v1,linkedin_about | linkedin_experience_description_current | linkedin_headline,3,3,2026,9.9,publish,"Computational Neuroscience Enthusiast | Biomedical Engineering Student || My name is Pouya, and I am currently pursuing an MSc in Biomedical Engineering with a specialization in computational neuroscience at the University of Calgary. I completed my BSc in Biomedical Engineering and Computer Science simultaneously at Amirkabir University of Technology (Tehran Polytechnic). Alongside my studies, I have also been interested in volleyball, movies, music, and books. I am passionate about the field of AI, specifically machine learning, deep learning, deep neural networks, and the application of AI-based models in healthcare, especially in computational and cognitive neur || Lab: Computational Neurophysics Lab PI: Dr. Roberto C. Sotero Institution: Hotchkiss Brain Institute University: University of Calgary",not_attempted,,,,,,0.0,UMLS skipped for cross-domain/tool term,,Artificial Intelligence and Data Science,versioned LinkedIn expertise lexicon
2639593a-850c-4dcb-be8b-e338bccf7a2f,Computer Vision,computing,method,Artificial Intelligence and Data Science,linkedin_expertise_lexicon_v1,linkedin_skill,1,1,0,9.9,publish,Computer Vision,not_attempted,,,,,,0.0,UMLS skipped for cross-domain/tool term,,Artificial Intelligence and Data Science,versioned LinkedIn expertise lexicon
2639593a-850c-4dcb-be8b-e338bccf7a2f,Deep Neural Networks,computing,method,Artificial Intelligence and Data Science,linkedin_expertise_lexicon_v1,linkedin_about | linkedin_about_explicit | linkedin_skill,3,3,0,9.9,publish,"My name is Pouya, and I am currently pursuing an MSc in Biomedical Engineering with a specialization in computational neuroscience at the University of Calgary. I completed my BSc in Biomedical Engineering and Computer Science simultaneously at Amirkabir University of Technology (Tehran Polytechnic). Alongside my studies, I have also been interested in volleyball, movies, music, and books. I am passionate about the field of AI, specifically machine learning, deep learning, deep neural networks, and the application of AI-based models in healthcare, especially in computational and cognitive neur || Deep Neural Networks (DNN)",not_attempted,,,,,,0.0,UMLS skipped for cross-domain/tool term,,Artificial Intelligence and Data Science,versioned LinkedIn expertise lexicon
2639593a-850c-4dcb-be8b-e338bccf7a2f,Electrocardiography,medical,method,Physiology and Systems Biology,linkedin_expertise_lexicon_v1,linkedin_skill,1,1,0,9.9,publish,Electrocardiography (EKG),review,Electrocardiography,C1623258,MSH,Diagnostic Procedure,umls_exact,9.83,medical UMLS concept found; HBI umbrella requires review,,Physiology and Systems Biology,versioned LinkedIn expertise lexicon
2639593a-850c-4dcb-be8b-e338bccf7a2f,Electroencephalography,medical,method,Neuroimaging and Medical Imaging,linkedin_expertise_lexicon_v1,linkedin_about | linkedin_about_explicit | linkedin_experience_description_current | linkedin_experience_description_recent,5,4,2026,9.9,publish,"My name is Pouya, and I am currently pursuing an MSc in Biomedical Engineering with a specialization in computational neuroscience at the University of Calgary. I completed my BSc in Biomedical Engineering and Computer Science simultaneously at Amirkabir University of Technology (Tehran Polytechnic). Alongside my studies, I have also been interested in volleyball, movies, music, and books. I am passionate about the field of AI, specifically machine learning, deep learning, deep neural networks, and the application of AI-based models in healthcare, especially in computational and cognitive neur || Gait and Motion Analysis lab Supervisor(s): Dr. Mostafa Rostami, Sadegh Madadi Project(s): 1- Parkinson’s disease classification using EEG and a hybrid EEGNet–LSTM architecture 2- Next-Generation Transformer-Based EEG Modeling for Parkinson’s Disease Detection Using Resting-State Data || Neural and Cognitive Systems Engineering Lab Supervisor: Dr. Golnaz Baghdadi Project(s): 1- Neural Network-Based Seizure Epilepsy Prediction and Detection. 2-Dynamic Connectivity Graph Attention Transformer for Multi-Task EEG Classification. || Developing Predictive Models for Reading Behavior and Cognitive Responses through Deep Learning Integration of EEG and Eye-Tracking Data",accepted,Electroencephalography,D004569,MSH,,mesh_reviewed_alias,9.9,reviewed local alias plus MeSH hierarchy umbrella,Neuroscience and Neural Systems,Neuroimaging and Medical Imaging,versioned LinkedIn expertise lexicon
2639593a-850c-4dcb-be8b-e338bccf7a2f,Electromyography,medical,method,Physiology and Systems Biology,linkedin_expertise_lexicon_v1,linkedin_skill,1,1,0,9.9,publish,Electromyography (EMG),review,Electromyography,C0013839,MSH,Diagnostic Procedure,umls_exact,9.83,medical UMLS concept found; HBI umbrella requires review,,Physiology and Systems Biology,versioned LinkedIn expertise lexicon
2639593a-850c-4dcb-be8b-e338bccf7a2f,Functional MRI,medical,method,Neuroimaging and Medical Imaging,linkedin_expertise_lexicon_v1,linkedin_about | linkedin_about_explicit,2,2,0,9.9,publish,"My name is Pouya, and I am currently pursuing an MSc in Biomedical Engineering with a specialization in computational neuroscience at the University of Calgary. I completed my BSc in Biomedical Engineering and Computer Science simultaneously at Amirkabir University of Technology (Tehran Polytechnic). Alongside my studies, I have also been interested in volleyball, movies, music, and books. I am passionate about the field of AI, specifically machine learning, deep learning, deep neural networks, and the application of AI-based models in healthcare, especially in computational and cognitive neur",accepted,Functional MRI,C0376335,MSH,Diagnostic Procedure,umls_exact,9.9,filtered UMLS concept with curated HBI umbrella,Imaging and Diagnostics,Neuroimaging and Medical Imaging,versioned LinkedIn expertise lexicon
2639593a-850c-4dcb-be8b-e338bccf7a2f,Mathematics,science,research_area,Physical and Mathematical Sciences,linkedin_expertise_lexicon_v1,linkedin_experience_description_recent | linkedin_skill,3,2,2023,9.9,publish,Mathematics || Course: General Mathematics Supervisor: Dr. Mehdi Rostami || Course: General Mathematics II Supervisor: Dr. Sara Saeidi Madani,review,Mathematics,D008433,MSH,,mesh_fallback,10.0,local MeSH fallback after broad UMLS candidate search,,Physical and Mathematical Sciences,versioned LinkedIn expertise lexicon
2639593a-850c-4dcb-be8b-e338bccf7a2f,Neural Networks,computing,method,Artificial Intelligence and Data Science,linkedin_expertise_lexicon_v1,linkedin_about | linkedin_about_explicit | linkedin_experience_description_recent | linkedin_skill,5,4,2026,9.9,publish,"My name is Pouya, and I am currently pursuing an MSc in Biomedical Engineering with a specialization in computational neuroscience at the University of Calgary. I completed my BSc in Biomedical Engineering and Computer Science simultaneously at Amirkabir University of Technology (Tehran Polytechnic). Alongside my studies, I have also been interested in volleyball, movies, music, and books. I am passionate about the field of AI, specifically machine learning, deep learning, deep neural networks, and the application of AI-based models in healthcare, especially in computational and cognitive neur || Deep Neural Networks (DNN) || Neural Networks || Neural and Cognitive Systems Engineering Lab Supervisor: Dr. Golnaz Baghdadi Project(s): 1- Neural Network-Based Seizure Epilepsy Prediction and Detection. 2-Dynamic Connectivity Graph Attention Transformer for Multi-Task EEG Classification.",not_attempted,,,,,,0.0,UMLS skipped for cross-domain/tool term,,Artificial Intelligence and Data Science,versioned LinkedIn expertise lexicon
2639593a-850c-4dcb-be8b-e338bccf7a2f,Neurodegenerative Diseases,medical,research_area,Neurological and Neurodegenerative Disorders,linkedin_expertise_lexicon_v1,linkedin_about | linkedin_about_explicit,2,2,0,9.9,publish,"My name is Pouya, and I am currently pursuing an MSc in Biomedical Engineering with a specialization in computational neuroscience at the University of Calgary. I completed my BSc in Biomedical Engineering and Computer Science simultaneously at Amirkabir University of Technology (Tehran Polytechnic). Alongside my studies, I have also been interested in volleyball, movies, music, and books. I am passionate about the field of AI, specifically machine learning, deep learning, deep neural networks, and the application of AI-based models in healthcare, especially in computational and cognitive neur",accepted,Neurodegenerative Diseases,C0524851,MSH,Disease or Syndrome,umls_exact,9.73,filtered UMLS concept with curated HBI umbrella,Neurological Disorders,Neurological and Neurodegenerative Disorders,versioned LinkedIn expertise lexicon
2639593a-850c-4dcb-be8b-e338bccf7a2f,Neuroscience,medical,research_area,Neuroscience,linkedin_expertise_lexicon_v1,linkedin_about | linkedin_headline,2,2,0,9.9,publish,"Computational Neuroscience Enthusiast | Biomedical Engineering Student || My name is Pouya, and I am currently pursuing an MSc in Biomedical Engineering with a specialization in computational neuroscience at the University of Calgary. I completed my BSc in Biomedical Engineering and Computer Science simultaneously at Amirkabir University of Technology (Tehran Polytechnic). Alongside my studies, I have also been interested in volleyball, movies, music, and books. I am passionate about the field of AI, specifically machine learning, deep learning, deep neural networks, and the application of AI-based models in healthcare, especially in computational and cognitive neur",accepted,Neurosciences,D009488,MSH,,mesh_fallback,9.7,local MeSH fallback after broad UMLS candidate search,Neuroscience and Neural Systems,Neuroscience,versioned LinkedIn expertise lexicon
2639593a-850c-4dcb-be8b-e338bccf7a2f,Parkinson Disease,medical,research_area,Neurological and Neurodegenerative Disorders,linkedin_expertise_lexicon_v1,linkedin_experience_description_current | linkedin_skill,2,2,2026,9.9,publish,"Parkinson's Disease || Gait and Motion Analysis lab Supervisor(s): Dr. Mostafa Rostami, Sadegh Madadi Project(s): 1- Parkinson’s disease classification using EEG and a hybrid EEGNet–LSTM architecture 2- Next-Generation Transformer-Based EEG Modeling for Parkinson’s Disease Detection Using Resting-State Data",accepted,Parkinson Disease,C0030567,MSH,Disease or Syndrome,umls_exact,10.0,filtered UMLS concept with curated HBI umbrella,Neurological Disorders,Neurological and Neurodegenerative Disorders,versioned LinkedIn expertise lexicon
2639593a-850c-4dcb-be8b-e338bccf7a2f,PyTorch,computing,tool,Artificial Intelligence and Data Science,linkedin_expertise_lexicon_v1,linkedin_skill,1,1,0,9.9,publish,PyTorch,not_attempted,,,,,,0.0,UMLS skipped for cross-domain/tool term,,Artificial Intelligence and Data Science,versioned LinkedIn expertise lexicon
2639593a-850c-4dcb-be8b-e338bccf7a2f,Python,computing,tool,Artificial Intelligence and Data Science,linkedin_expertise_lexicon_v1,linkedin_skill,1,1,0,9.9,publish,Python (Programming Language),not_attempted,,,,,,0.0,UMLS skipped for cross-domain/tool term,,Artificial Intelligence and Data Science,versioned LinkedIn expertise lexicon
2639593a-850c-4dcb-be8b-e338bccf7a2f,Bioelectronics,unmapped,candidate,,dynamic_explicit_phrase,linkedin_skill,1,1,0,9.75,publish,Bioelectronics,unresolved,,,,,,0.0,no sufficiently similar medical UMLS or MeSH concept,,,
2639593a-850c-4dcb-be8b-e338bccf7a2f,Machine Learning,computing,method,Artificial Intelligence and Data Science,linkedin_expertise_lexicon_v1,linkedin_about | linkedin_experience_title_recent,2,2,2023,9.55,publish,"My name is Pouya, and I am currently pursuing an MSc in Biomedical Engineering with a specialization in computational neuroscience at the University of Calgary. I completed my BSc in Biomedical Engineering and Computer Science simultaneously at Amirkabir University of Technology (Tehran Polytechnic). Alongside my studies, I have also been interested in volleyball, movies, music, and books. I am passionate about the field of AI, specifically machine learning, deep learning, deep neural networks, and the application of AI-based models in healthcare, especially in computational and cognitive neur || Machine Learning and Signal Processing R&D | Radial",not_attempted,,,,,,0.0,UMLS skipped for cross-domain/tool term,,Artificial Intelligence and Data Science,versioned LinkedIn expertise lexicon
2639593a-850c-4dcb-be8b-e338bccf7a2f,Deep Learning,computing,method,Artificial Intelligence and Data Science,linkedin_expertise_lexicon_v1,linkedin_about | linkedin_experience_description_current,2,2,2026,9.2,publish,"My name is Pouya, and I am currently pursuing an MSc in Biomedical Engineering with a specialization in computational neuroscience at the University of Calgary. I completed my BSc in Biomedical Engineering and Computer Science simultaneously at Amirkabir University of Technology (Tehran Polytechnic). Alongside my studies, I have also been interested in volleyball, movies, music, and books. I am passionate about the field of AI, specifically machine learning, deep learning, deep neural networks, and the application of AI-based models in healthcare, especially in computational and cognitive neur || Developing Predictive Models for Reading Behavior and Cognitive Responses through Deep Learning Integration of EEG and Eye-Tracking Data",not_attempted,,,,,,0.0,UMLS skipped for cross-domain/tool term,,Artificial Intelligence and Data Science,versioned LinkedIn expertise lexicon
2639593a-850c-4dcb-be8b-e338bccf7a2f,Signal Processing,engineering,method,Artificial Intelligence and Data Science,linkedin_expertise_lexicon_v1,linkedin_experience_description_recent | linkedin_experience_title_recent,2,2,2023,8.75,publish,Course: Signal processing and Systems Supervisor: Dr. Amir Khakpour || Machine Learning and Signal Processing R&D | Radial,not_attempted,,,,,,0.0,UMLS skipped for cross-domain/tool term,,Artificial Intelligence and Data Science,versioned LinkedIn expertise lexicon
2639593a-850c-4dcb-be8b-e338bccf7a2f,Artificial Intelligence,computing,method,Artificial Intelligence and Data Science,linkedin_expertise_lexicon_v1,linkedin_about,1,1,0,8.55,publish,"My name is Pouya, and I am currently pursuing an MSc in Biomedical Engineering with a specialization in computational neuroscience at the University of Calgary. I completed my BSc in Biomedical Engineering and Computer Science simultaneously at Amirkabir University of Technology (Tehran Polytechnic). Alongside my studies, I have also been interested in volleyball, movies, music, and books. I am passionate about the field of AI, specifically machine learning, deep learning, deep neural networks, and the application of AI-based models in healthcare, especially in computational and cognitive neur",not_attempted,,,,,,0.0,UMLS skipped for cross-domain/tool term,,Artificial Intelligence and Data Science,versioned LinkedIn expertise lexicon
2639593a-850c-4dcb-be8b-e338bccf7a2f,Cognitive Neuroscience,medical,research_area,Cognition and Behaviour,linkedin_expertise_lexicon_v1,linkedin_about,1,1,0,8.55,publish,"My name is Pouya, and I am currently pursuing an MSc in Biomedical Engineering with a specialization in computational neuroscience at the University of Calgary. I completed my BSc in Biomedical Engineering and Computer Science simultaneously at Amirkabir University of Technology (Tehran Polytechnic). Alongside my studies, I have also been interested in volleyball, movies, music, and books. I am passionate about the field of AI, specifically machine learning, deep learning, deep neural networks, and the application of AI-based models in healthcare, especially in computational and cognitive neur",accepted,Cognitive Neuroscience,D000066494,MSH,,mesh_fallback,10.0,local MeSH fallback after broad UMLS candidate search,Neuroscience and Neural Systems,Cognition and Behaviour,versioned LinkedIn expertise lexicon
2639593a-850c-4dcb-be8b-e338bccf7a2f,Biostatistics,health,research_area,Population and Public Health,linkedin_expertise_lexicon_v1,linkedin_experience_description_recent,1,1,2025,6.95,publish,Course: Biostatistics and probabilities Supervisor: Dr. Mehrdad Saviz,review,Biostatistics,C2717898,MSH,Research Activity,umls_exact,9.33,medical UMLS concept found; HBI umbrella requires review,,Population and Public Health,versioned LinkedIn expertise lexicon
2639593a-850c-4dcb-be8b-e338bccf7a2f,Epilepsy,medical,research_area,Neurological and Neurodegenerative Disorders,linkedin_expertise_lexicon_v1,linkedin_experience_description_recent,1,1,2026,6.95,publish,Neural and Cognitive Systems Engineering Lab Supervisor: Dr. Golnaz Baghdadi Project(s): 1- Neural Network-Based Seizure Epilepsy Prediction and Detection. 2-Dynamic Connectivity Graph Attention Transformer for Multi-Task EEG Classification.,accepted,Epilepsy,D004827,MSH,,mesh_reviewed_alias,9.9,reviewed local alias plus MeSH hierarchy umbrella,Neurological Disorders,Neurological and Neurodegenerative Disorders,versioned LinkedIn expertise lexicon
2639593a-850c-4dcb-be8b-e338bccf7a2f,Neuroimaging,medical,research_area,Neuroimaging and Medical Imaging,linkedin_expertise_lexicon_v1,linkedin_experience_description_recent,1,1,2026,6.95,publish,Project: Designing an extension for sleep data and annotations based on BIDS (Brain Imaging Data Structure),accepted,Neuroimaging,C0679575,MSH,Diagnostic Procedure,umls_exact,10.0,filtered UMLS concept with curated HBI umbrella,Imaging and Diagnostics,Neuroimaging and Medical Imaging,versioned LinkedIn expertise lexicon
2639593a-850c-4dcb-be8b-e338bccf7a2f,Physics,science,research_area,Physical and Mathematical Sciences,linkedin_expertise_lexicon_v1,linkedin_experience_description_recent,1,1,2025,6.95,publish,Course: Medical Physics Supervisor: Dr. Malikeh Nabaei,review,Physics,D010825,MSH,,mesh_fallback,10.0,local MeSH fallback after broad UMLS candidate search,,Physical and Mathematical Sciences,versioned LinkedIn expertise lexicon
28009f57-6b6a-4100-9a98-3408978540af,Addiction,medical,research_area,Mental Health and Psychiatry,linkedin_expertise_lexicon_v1,linkedin_about | linkedin_experience_title_current | linkedin_headline,4,3,2026,9.9,publish,"This is stigma! Discrimination! And frankly racism. Addiction is a complex and chronic illness like heart disease or cancer. Lets treat it like so and take a recovery approach for everyone! CSAM Recovery Capital Conference of Canada Phoenix Drug & Alcohol Recovery and Education Society Alberta Adolescent Recovery Centre (AARC) Hard Knox Talks: Your Addiction Podcast Cumming School of Medicine UCalgary Faculty of Medicine at the University of British Columbia Aventa Centre of Excellence for Women with Addictions CAMH CAMH Foundation Government of Alberta Public Health Agency of Canada | Agence  || Dr. Tanguay is a psychiatrist who completed two fellowships, Addiction and Pain. He is a clinical assistant professor at the University of Calgary. He is the Senior Medical Lead for Addiction Services with Recovery Alberta leading the largest addiction health authority in Canada. He is also the Senior Medical Lead for Compassionate Intervention with Recovery Alberta. Dr. Tanguay is member of the Calgary Police Commission, representing the board of the Calgary Police Services, Canadas second largest municipal police service with an annual budget of ~$600 million. He is a member of the Alberta C || Interim Senior Medical Lead, Addiction Services | Recovery Alberta || Medical Lead, Alberta Addiction Education Sessions | Alberta Health Services",accepted,"Behavior, Addictive",C0085281,MSH,Mental or Behavioral Dysfunction,umls_exact,9.73,filtered UMLS concept with curated HBI umbrella,Mental Health,Mental Health and Psychiatry,versioned LinkedIn expertise lexicon
28009f57-6b6a-4100-9a98-3408978540af,Mental Health,medical,research_area,Mental Health and Psychiatry,linkedin_expertise_lexicon_v1,linkedin_about | linkedin_headline,2,2,0,9.9,publish,"This is stigma! Discrimination! And frankly racism. Addiction is a complex and chronic illness like heart disease or cancer. Lets treat it like so and take a recovery approach for everyone! CSAM Recovery Capital Conference of Canada Phoenix Drug & Alcohol Recovery and Education Society Alberta Adolescent Recovery Centre (AARC) Hard Knox Talks: Your Addiction Podcast Cumming School of Medicine UCalgary Faculty of Medicine at the University of British Columbia Aventa Centre of Excellence for Women with Addictions CAMH CAMH Foundation Government of Alberta Public Health Agency of Canada | Agence  || Dr. Tanguay is a psychiatrist who completed two fellowships, Addiction and Pain. He is a clinical assistant professor at the University of Calgary. He is the Senior Medical Lead for Addiction Services with Recovery Alberta leading the largest addiction health authority in Canada. He is also the Senior Medical Lead for Compassionate Intervention with Recovery Alberta. Dr. Tanguay is member of the Calgary Police Commission, representing the board of the Calgary Police Services, Canadas second largest municipal police service with an annual budget of ~$600 million. He is a member of the Alberta C",accepted,Mental Health,C0025353,MSH,Mental Process,umls_exact,9.53,filtered UMLS concept with curated HBI umbrella,Mental Health,Mental Health and Psychiatry,versioned LinkedIn expertise lexicon
28009f57-6b6a-4100-9a98-3408978540af,Pain,medical,research_area,Pain and Sensory Systems,linkedin_expertise_lexicon_v1,linkedin_about | linkedin_experience_title_current,3,2,2026,9.9,publish,"Dr. Tanguay is a psychiatrist who completed two fellowships, Addiction and Pain. He is a clinical assistant professor at the University of Calgary. He is the Senior Medical Lead for Addiction Services with Recovery Alberta leading the largest addiction health authority in Canada. He is also the Senior Medical Lead for Compassionate Intervention with Recovery Alberta. Dr. Tanguay is member of the Calgary Police Commission, representing the board of the Calgary Police Services, Canadas second largest municipal police service with an annual budget of ~$600 million. He is a member of the Alberta C || Alberta Pain Strategy Co-Chair | Alberta Health Services || Founder- Opioid Deprescribing Pain Program | Alberta Health Services",review,Pain,C0030193,MSH,Sign or Symptom,umls_exact,9.6,medical UMLS concept found; HBI umbrella requires review,,Pain and Sensory Systems,versioned LinkedIn expertise lexicon
28009f57-6b6a-4100-9a98-3408978540af,Public Health,medical,research_area,Population and Public Health,hbi_hybrid_accepted | hbi_hybrid_accepted | hbi_hybrid_accepted | hbi_hybrid_accepted | hbi_hybrid_accepted,linkedin_about | linkedin_headline,2,2,0,9.9,publish,"This is stigma! Discrimination! And frankly racism. Addiction is a complex and chronic illness like heart disease or cancer. Lets treat it like so and take a recovery approach for everyone! CSAM Recovery Capital Conference of Canada Phoenix Drug & Alcohol Recovery and Education Society Alberta Adolescent Recovery Centre (AARC) Hard Knox Talks: Your Addiction Podcast Cumming School of Medicine UCalgary Faculty of Medicine at the University of British Columbia Aventa Centre of Excellence for Women with Addictions CAMH CAMH Foundation Government of Alberta Public Health Agency of Canada | Agence  || Dr. Tanguay is a psychiatrist who completed two fellowships, Addiction and Pain. He is a clinical assistant professor at the University of Calgary. He is the Senior Medical Lead for Addiction Services with Recovery Alberta leading the largest addiction health authority in Canada. He is also the Senior Medical Lead for Compassionate Intervention with Recovery Alberta. Dr. Tanguay is member of the Calgary Police Commission, representing the board of the Calgary Police Services, Canadas second largest municipal police service with an annual budget of ~$600 million. He is a member of the Alberta C",accepted,Public Health,D011634,MSH,,mesh_fallback,10.0,local MeSH fallback after broad UMLS candidate search,Population and Public Health,Population and Public Health,versioned LinkedIn expertise lexicon
28009f57-6b6a-4100-9a98-3408978540af,Cannabis,medical,research_area,Pharmacology and Therapeutics,linkedin_expertise_lexicon_v1,linkedin_about,1,1,0,8.55,publish,"Dr. Tanguay is a psychiatrist who completed two fellowships, Addiction and Pain. He is a clinical assistant professor at the University of Calgary. He is the Senior Medical Lead for Addiction Services with Recovery Alberta leading the largest addiction health authority in Canada. He is also the Senior Medical Lead for Compassionate Intervention with Recovery Alberta. Dr. Tanguay is member of the Calgary Police Commission, representing the board of the Calgary Police Services, Canadas second largest municipal police service with an annual budget of ~$600 million. He is a member of the Alberta C",review,Cannabis,D002188,MSH,,mesh_fallback,10.0,local MeSH fallback after broad UMLS candidate search,,Pharmacology and Therapeutics,versioned LinkedIn expertise lexicon
28009f57-6b6a-4100-9a98-3408978540af,Psychedelics,medical,research_area,Pharmacology and Therapeutics,linkedin_expertise_lexicon_v1,linkedin_about,1,1,0,8.55,publish,"Dr. Tanguay is a psychiatrist who completed two fellowships, Addiction and Pain. He is a clinical assistant professor at the University of Calgary. He is the Senior Medical Lead for Addiction Services with Recovery Alberta leading the largest addiction health authority in Canada. He is also the Senior Medical Lead for Compassionate Intervention with Recovery Alberta. Dr. Tanguay is member of the Calgary Police Commission, representing the board of the Calgary Police Services, Canadas second largest municipal police service with an annual budget of ~$600 million. He is a member of the Alberta C",review,Hallucinogens,C0018533,MSH,Pharmacologic Substance | Hazardous or Poisonous Substance,umls_exact,9.53,medical UMLS concept found; HBI umbrella requires review,,Pharmacology and Therapeutics,versioned LinkedIn expertise lexicon
2a2307e2-2c74-413f-9558-05450144be6f,Artificial Intelligence,computing,method,Artificial Intelligence and Data Science,linkedin_expertise_lexicon_v1,linkedin_experience_description_current,1,1,2026,7.95,publish,Society for AI Literacy (SAIL) - Promoting Ethical and Responsible AI Use | Society for AI Literacy,not_attempted,,,,,,0.0,UMLS skipped for cross-domain/tool term,,Artificial Intelligence and Data Science,versioned LinkedIn expertise lexicon
2a2307e2-2c74-413f-9558-05450144be6f,Stroke,medical,research_area,Neurological and Neurodegenerative Disorders,linkedin_expertise_lexicon_v1,linkedin_experience_description_recent,1,1,2024,6.95,publish,"Supervisor: Dr. Sean Dukelow, Neuro Robot Lab Project: ""Exploring Visuospatial Neglect in Stroke Survivors: A VR-Based Dual-tasking Study""",accepted,Stroke,C0038454,MSH,Disease or Syndrome,umls_exact,9.73,filtered UMLS concept with curated HBI umbrella,Cardiovascular Health,Neurological and Neurodegenerative Disorders,versioned LinkedIn expertise lexicon
2bd57a38-f080-4c1e-923a-7b67106ab828,Neuroscience,medical,research_area,Neuroscience,linkedin_expertise_lexicon_v1,linkedin_about | linkedin_about_explicit,2,2,0,9.9,publish,"RESEARCH FOCUS The Ryan Lab strives to answer fundamental questions in neuroscience, develop new tools for collaborative investigation into the mechanisms underlying neurological disorders and train scientists in the areas of molecular neuroscience and stem cell biology. We currently utilize stem cell and animal based models of Parkinson's Disease (PD) to study how protein aggregation impact on neuronal function in human disease.",accepted,Neurosciences,D009488,MSH,,mesh_fallback,9.7,local MeSH fallback after broad UMLS candidate search,Neuroscience and Neural Systems,Neuroscience,versioned LinkedIn expertise lexicon
2bd57a38-f080-4c1e-923a-7b67106ab828,Parkinson Disease,medical,research_area,Neurological and Neurodegenerative Disorders,linkedin_expertise_lexicon_v1,linkedin_about,1,1,0,8.55,publish,"RESEARCH FOCUS The Ryan Lab strives to answer fundamental questions in neuroscience, develop new tools for collaborative investigation into the mechanisms underlying neurological disorders and train scientists in the areas of molecular neuroscience and stem cell biology. We currently utilize stem cell and animal based models of Parkinson's Disease (PD) to study how protein aggregation impact on neuronal function in human disease.",accepted,Parkinson Disease,C0030567,MSH,Disease or Syndrome,umls_exact,10.0,filtered UMLS concept with curated HBI umbrella,Neurological Disorders,Neurological and Neurodegenerative Disorders,versioned LinkedIn expertise lexicon
2bd57a38-f080-4c1e-923a-7b67106ab828,Biological Sciences,science,research_area,Physiology and Systems Biology,linkedin_expertise_lexicon_v1,linkedin_experience_description_current,1,1,2026,7.95,publish,I held a position as an Associate Professor in the Department of Molecular and Cellular Biology with the College of Biological Sciences at the University of Guelph,review,Biological Science Disciplines,D001690,MSH,,mesh_fallback,9.0,local MeSH fallback after broad UMLS candidate search,,Physiology and Systems Biology,versioned LinkedIn expertise lexicon
2c2e0c9d-4d45-42e1-a0a2-1d47225a64a5,Biomedical Engineering,engineering,research_area,Biomedical Engineering,linkedin_expertise_lexicon_v1,linkedin_about,1,1,0,8.55,publish,"Hello, my name is Ravi! Current MSc student in biomedical engineering with a specialization in medical imaging BSc (Hons.) graduate with a major in computer science and minor in mathematics (+Premed) Honours thesis in Computational Convex Analysis Two-time Faculty of Medicine Summer Student Research Program (FoM SSRP) awardee. Owerko Graduate Scholarship awardee 2025. I enj.",not_attempted,,,,,,0.0,UMLS skipped for cross-domain/tool term,,Biomedical Engineering,versioned LinkedIn expertise lexicon
2c2e0c9d-4d45-42e1-a0a2-1d47225a64a5,Mathematics,science,research_area,Physical and Mathematical Sciences,linkedin_expertise_lexicon_v1,linkedin_about,1,1,0,8.55,publish,"Hello, my name is Ravi! Current MSc student in biomedical engineering with a specialization in medical imaging BSc (Hons.) graduate with a major in computer science and minor in mathematics (+Premed) Honours thesis in Computational Convex Analysis Two-time Faculty of Medicine Summer Student Research Program (FoM SSRP) awardee. Owerko Graduate Scholarship awardee 2025. I enj.",review,Mathematics,D008433,MSH,,mesh_fallback,10.0,local MeSH fallback after broad UMLS candidate search,,Physical and Mathematical Sciences,versioned LinkedIn expertise lexicon
2c2e0c9d-4d45-42e1-a0a2-1d47225a64a5,Medical Imaging,medical,research_area,Neuroimaging and Medical Imaging,linkedin_expertise_lexicon_v1,linkedin_about,1,1,0,8.55,publish,"Hello, my name is Ravi! Current MSc student in biomedical engineering with a specialization in medical imaging BSc (Hons.) graduate with a major in computer science and minor in mathematics (+Premed) Honours thesis in Computational Convex Analysis Two-time Faculty of Medicine Summer Student Research Program (FoM SSRP) awardee. Owerko Graduate Scholarship awardee 2025. I enj.",review,IMAGING MED,C0025086,MSH,Diagnostic Procedure,umls_exact,10.0,filtered UMLS concept with curated HBI umbrella; retained for review because the UMLS label loses specificity from the supported LinkedIn term,Imaging and Diagnostics,Neuroimaging and Medical Imaging,versioned LinkedIn expertise lexicon
2c2e0c9d-4d45-42e1-a0a2-1d47225a64a5,Machine Learning,computing,method,Artificial Intelligence and Data Science,linkedin_expertise_lexicon_v1,linkedin_publication_description,1,1,2026,6.95,publish,An evaluation framework that may be used to benchmark machine learning-based biological brain age prediction methods using synthetic data,not_attempted,,,,,,0.0,UMLS skipped for cross-domain/tool term,,Artificial Intelligence and Data Science,versioned LinkedIn expertise lexicon
2c9beb01-eb2c-4e00-b3b8-888aad09b85b,Epilepsy,medical,research_area,Neurological and Neurodegenerative Disorders,linkedin_expertise_lexicon_v1,linkedin_about,1,1,0,8.55,publish,"I am currently involved in research at the Hotchkiss Brain Institute, studying seizures and seizure-related phenomenon. I am interested glia and signalling, neuropharmacology, and disorders such as epilepsy, stroke, and concussion.",accepted,Epilepsy,D004827,MSH,,mesh_reviewed_alias,9.9,reviewed local alias plus MeSH hierarchy umbrella,Neurological Disorders,Neurological and Neurodegenerative Disorders,versioned LinkedIn expertise lexicon
2c9beb01-eb2c-4e00-b3b8-888aad09b85b,Neuropharmacology,medical,research_area,Pharmacology and Therapeutics,linkedin_expertise_lexicon_v1,linkedin_about,1,1,0,8.55,publish,"I am currently involved in research at the Hotchkiss Brain Institute, studying seizures and seizure-related phenomenon. I am interested glia and signalling, neuropharmacology, and disorders such as epilepsy, stroke, and concussion.",review,Neuropharmacology,D009480,MSH,,mesh_fallback,10.0,local MeSH fallback after broad UMLS candidate search,,Pharmacology and Therapeutics,versioned LinkedIn expertise lexicon
2c9beb01-eb2c-4e00-b3b8-888aad09b85b,Stroke,medical,research_area,Neurological and Neurodegenerative Disorders,linkedin_expertise_lexicon_v1,linkedin_about,1,1,0,8.55,publish,"I am currently involved in research at the Hotchkiss Brain Institute, studying seizures and seizure-related phenomenon. I am interested glia and signalling, neuropharmacology, and disorders such as epilepsy, stroke, and concussion.",accepted,Stroke,C0038454,MSH,Disease or Syndrome,umls_exact,9.73,filtered UMLS concept with curated HBI umbrella,Cardiovascular Health,Neurological and Neurodegenerative Disorders,versioned LinkedIn expertise lexicon
2c9beb01-eb2c-4e00-b3b8-888aad09b85b,Brain Injury,medical,research_area,Neurological and Neurodegenerative Disorders,linkedin_expertise_lexicon_v1,linkedin_publication_title,1,1,2019,7.75,publish,When Two Wrongs Make a Right: The Effect of Acute and Chronic Binge Drinking on Traumatic Brain Injury Outcomes in Young Adult Female Rats,accepted,Brain Injuries,C0270611,MSH,Injury or Poisoning,umls_exact,9.73,filtered UMLS concept with curated HBI umbrella,Brain Injury and Neurotrauma,Neurological and Neurodegenerative Disorders,versioned LinkedIn expertise lexicon
2dbbabc5-fbe2-4ec4-8d94-ac9b4c4cddbd,Health Services,medical,research_area,,hbi_hybrid_accepted | hbi_hybrid_accepted,linkedin_experience_description_current | linkedin_experience_description_recent,2,2,2026,8.6,publish,"• Scheduling and Meetings o Manage and prioritize schedules for the Director, Deputy Director, and Senior Managers, resolving conflicts promptly. o Book meetings using sound judgment, accommodating participant availability for in-person or remote formats. o Ensure the Director is fully prepared for meetings by organizing and providing necessary materials. • Travel Coordination o Arrange travel for the Institute Director and Senior Managers. o Plan and manage travel, accommodations, and itineraries for guest speakers, visiting scientists, and recruitment candidates. • Event Logistics o Provide  || •Strengthened member retention and boosted growth by cultivating relationships with stakeholders and leveraging referrals from existing members. •Engaged new donors by promoting the organization’s mission and aligning communications to support fundraising goals. •Contributed to donor campaigns by providing stakeholder insights, conducting testimonial interviews, and incorporating findings into reports, letters, and presentations. •Improved administrative efficiency by implementing new filing systems, optimizing workflows, and creating comprehensive documentation. •Developed and authored the or",review,Health Services,D006296,MSH,,mesh_fallback,10.0,local MeSH fallback after broad UMLS candidate search,,,
2dbbabc5-fbe2-4ec4-8d94-ac9b4c4cddbd,Computational Neuroscience,computing,research_area,Artificial Intelligence and Data Science,linkedin_expertise_lexicon_v1,linkedin_experience_description_current,1,1,2026,7.95,publish,"•Provide comprehensive administrative support to HBI Directors, Senior Managers, and Coordinators for operational activities, including education portfolio operations, communications, and event management. •Minute key internal meetings, including monthly executive meetings. •Support program-specific projects and assist in compiling, transcribing, and preparing research proposals, meeting materials, and project documentation. •Coordinate and facilitate the planning and logistics for faculty visits, recruitment candidates, and visiting scientists. •Manage executive schedules, resolving conflicts",not_attempted,,,,,,0.0,UMLS skipped for cross-domain/tool term,,Artificial Intelligence and Data Science,versioned LinkedIn expertise lexicon
2dbbabc5-fbe2-4ec4-8d94-ac9b4c4cddbd,Mental Health,medical,research_area,Mental Health and Psychiatry,linkedin_expertise_lexicon_v1,linkedin_experience_description_current,1,1,2026,7.95,publish,"• Scheduling and Meetings o Manage and prioritize schedules for the Director, Deputy Director, and Senior Managers, resolving conflicts promptly. o Book meetings using sound judgment, accommodating participant availability for in-person or remote formats. o Ensure the Director is fully prepared for meetings by organizing and providing necessary materials. • Travel Coordination o Arrange travel for the Institute Director and Senior Managers. o Plan and manage travel, accommodations, and itineraries for guest speakers, visiting scientists, and recruitment candidates. • Event Logistics o Provide ",accepted,Mental Health,C0025353,MSH,Mental Process,umls_exact,9.53,filtered UMLS concept with curated HBI umbrella,Mental Health,Mental Health and Psychiatry,versioned LinkedIn expertise lexicon
2dbbabc5-fbe2-4ec4-8d94-ac9b4c4cddbd,Neuroscience,medical,research_area,Neuroscience,linkedin_expertise_lexicon_v1,linkedin_experience_description_current,1,1,2026,7.95,publish,"•Provide comprehensive administrative support to HBI Directors, Senior Managers, and Coordinators for operational activities, including education portfolio operations, communications, and event management. •Minute key internal meetings, including monthly executive meetings. •Support program-specific projects and assist in compiling, transcribing, and preparing research proposals, meeting materials, and project documentation. •Coordinate and facilitate the planning and logistics for faculty visits, recruitment candidates, and visiting scientists. •Manage executive schedules, resolving conflicts",accepted,Neurosciences,D009488,MSH,,mesh_fallback,9.7,local MeSH fallback after broad UMLS candidate search,Neuroscience and Neural Systems,Neuroscience,versioned LinkedIn expertise lexicon
2dbbabc5-fbe2-4ec4-8d94-ac9b4c4cddbd,Decision Making,medical,research_area,Cognition and Behaviour,linkedin_expertise_lexicon_v1,linkedin_experience_description_recent,2,1,2022,7.2,publish,"• Implement Community Access client service plans to achieve the Wellness Services outcomes. • Facilitate the connection of Community Access clients to the community through meaningful activities that increase their overall wellbeing. • Build the capacity of Community Access clients to gain self-determination and decision-making skills. • Work with the Community Access Team Leaders and the Client Service Specialists to provide a seamless continuum of services for Community Access clients. • Utilize ShareVision to capture client data and to monitor client progress • Work with the Wellness Servi || •Strengthened member retention and boosted growth by cultivating relationships with stakeholders and leveraging referrals from existing members. •Engaged new donors by promoting the organization’s mission and aligning communications to support fundraising goals. •Contributed to donor campaigns by providing stakeholder insights, conducting testimonial interviews, and incorporating findings into reports, letters, and presentations. •Improved administrative efficiency by implementing new filing systems, optimizing workflows, and creating comprehensive documentation. •Developed and authored the or",review,Decision Making,C0011109,MSH,Mental Process,umls_exact,9.5,medical UMLS concept found; HBI umbrella requires review,,Cognition and Behaviour,versioned LinkedIn expertise lexicon
2e1e9717-70fc-455a-b655-4c0ed3c40f34,Alzheimer Disease,medical,research_area,Neurological Disorders,hbi_hybrid_accepted | hbi_hybrid_accepted | hbi_hybrid_accepted | hbi_hybrid_accepted | hbi_hybrid_accepted | hbi_hybrid_accepted | hbi_hybrid_accepted | hbi_hybrid_accepted | hbi_hybrid_accepted | hbi_hybrid_accepted | hbi_hybrid_accepted | hbi_hybrid_accepted | hbi_hybrid_accepted | hbi_hybrid_accepted | hbi_hybrid_accepted | hbi_hybrid_accepted | hbi_hybrid_accepted | hbi_hybrid_accepted | hbi_hybrid_accepted | hbi_hybrid_accepted,linkedin_publication_title,2,1,0,8.0,publish,Deletion of Abca7 increases cerebral amyloid-β accumulation in the J20 mouse model of Alzheimer’s disease || Increased ATP-binding cassette transporter A1 expression in Alzheimer's disease hippocampal neurons.,accepted,Alzheimer Disease,D000544,MSH,,mesh_fallback,10.0,local MeSH fallback after broad UMLS candidate search,Neurological Disorders,Neurological Disorders,versioned LinkedIn expertise lexicon
2e1e9717-70fc-455a-b655-4c0ed3c40f34,Hippocampus,medical,research_area,,hbi_hybrid_accepted,linkedin_publication_title,1,1,0,7.75,publish,Apolipoprotein-E forms dimers in human frontal cortex and hippocampus.,review,Hippocampus,C3887642,MSH,"Body Part, Organ, or Organ Component",umls_exact,9.3,medical UMLS concept found; HBI umbrella requires review,,,
2e1e9717-70fc-455a-b655-4c0ed3c40f34,Parkinson Disease,medical,research_area,Neurological and Neurodegenerative Disorders,linkedin_expertise_lexicon_v1,linkedin_publication_title,1,1,0,7.75,publish,Leucine-rich repeat kinase 2 and alternative splicing in Parkinson's disease,accepted,Parkinson Disease,C0030567,MSH,Disease or Syndrome,umls_exact,10.0,filtered UMLS concept with curated HBI umbrella,Neurological Disorders,Neurological and Neurodegenerative Disorders,versioned LinkedIn expertise lexicon
2e1e9717-70fc-455a-b655-4c0ed3c40f34,Psychiatric Disorders,medical,research_area,Mental Health and Psychiatry,linkedin_expertise_lexicon_v1,linkedin_publication_title,1,1,0,7.75,publish,Apolipoproteins in the brain – implications for neurological and psychiatric disorders.,accepted,Mental Disorders,C0004936,MSH,Mental or Behavioral Dysfunction,umls_exact,9.73,filtered UMLS concept with curated HBI umbrella,Mental Health,Mental Health and Psychiatry,versioned LinkedIn expertise lexicon
2ebb1f65-4f5d-4acd-92de-62d2c34e9f5f,Chronic Disease,medical,research_area,,hbi_hybrid_accepted | hbi_hybrid_accepted | hbi_hybrid_accepted | hbi_hybrid_accepted | hbi_hybrid_accepted | hbi_hybrid_accepted | hbi_hybrid_accepted | hbi_hybrid_accepted | hbi_hybrid_accepted | hbi_hybrid_accepted | hbi_hybrid_accepted | hbi_hybrid_accepted | hbi_hybrid_accepted | hbi_hybrid_accepted,linkedin_about,1,1,0,8.55,publish,"Dr. Turin's primary research interests are challenges in access to care and unmet needs faced by the socially vulnerable population of the society, including new immigrants, refugees, and ethnic communities. He leads his program of research through the approach of Community Based Participatory Research and Integrated Knowledge Translation where efforts for Meaningful Community Engagement is at the core. Dr. Turin has been highly productive and has published more than 280 scholarly / academic publications including research manuscripts, conference proceedings, and book/book-chapters. He draws u",review,Chronic Disease,C0008679,MSH,Disease or Syndrome,umls_exact,9.83,medical UMLS concept found; HBI umbrella requires review,,,
2ebb1f65-4f5d-4acd-92de-62d2c34e9f5f,Epidemiology,health,research_area,Population and Public Health,linkedin_expertise_lexicon_v1,linkedin_about,1,1,0,8.55,publish,"Dr. Turin's primary research interests are challenges in access to care and unmet needs faced by the socially vulnerable population of the society, including new immigrants, refugees, and ethnic communities. He leads his program of research through the approach of Community Based Participatory Research and Integrated Knowledge Translation where efforts for Meaningful Community Engagement is at the core. Dr. Turin has been highly productive and has published more than 280 scholarly / academic publications including research manuscripts, conference proceedings, and book/book-chapters. He draws u",review,Epidemiology,D004813,MSH,,mesh_fallback,10.0,local MeSH fallback after broad UMLS candidate search,,Population and Public Health,versioned LinkedIn expertise lexicon
2ebb1f65-4f5d-4acd-92de-62d2c34e9f5f,Health Services,medical,research_area,,hbi_hybrid_accepted | hbi_hybrid_accepted,linkedin_about,1,1,0,8.55,publish,"Dr. Turin's primary research interests are challenges in access to care and unmet needs faced by the socially vulnerable population of the society, including new immigrants, refugees, and ethnic communities. He leads his program of research through the approach of Community Based Participatory Research and Integrated Knowledge Translation where efforts for Meaningful Community Engagement is at the core. Dr. Turin has been highly productive and has published more than 280 scholarly / academic publications including research manuscripts, conference proceedings, and book/book-chapters. He draws u",review,Health Services,D006296,MSH,,mesh_fallback,10.0,local MeSH fallback after broad UMLS candidate search,,,
2ebb1f65-4f5d-4acd-92de-62d2c34e9f5f,Health Services Research,medical,research_area,Population and Public Health,hbi_hybrid_accepted | hbi_hybrid_accepted | hbi_hybrid_accepted | hbi_hybrid_accepted | hbi_hybrid_accepted | hbi_hybrid_accepted | hbi_hybrid_accepted | hbi_hybrid_accepted | hbi_hybrid_accepted | hbi_hybrid_accepted | hbi_hybrid_accepted | hbi_hybrid_accepted | hbi_hybrid_accepted,linkedin_about,1,1,0,8.55,publish,"Dr. Turin's primary research interests are challenges in access to care and unmet needs faced by the socially vulnerable population of the society, including new immigrants, refugees, and ethnic communities. He leads his program of research through the approach of Community Based Participatory Research and Integrated Knowledge Translation where efforts for Meaningful Community Engagement is at the core. Dr. Turin has been highly productive and has published more than 280 scholarly / academic publications including research manuscripts, conference proceedings, and book/book-chapters. He draws u",accepted,Health Services Research,C0018757,MSH,Research Activity,umls_exact,9.53,filtered UMLS concept with curated HBI umbrella,Population and Public Health,Population and Public Health,versioned LinkedIn expertise lexicon
2ebb1f65-4f5d-4acd-92de-62d2c34e9f5f,Public Health,medical,research_area,Population and Public Health,hbi_hybrid_accepted | hbi_hybrid_accepted | hbi_hybrid_accepted | hbi_hybrid_accepted | hbi_hybrid_accepted,linkedin_about,1,1,0,8.55,publish,"Dr. Turin's primary research interests are challenges in access to care and unmet needs faced by the socially vulnerable population of the society, including new immigrants, refugees, and ethnic communities. He leads his program of research through the approach of Community Based Participatory Research and Integrated Knowledge Translation where efforts for Meaningful Community Engagement is at the core. Dr. Turin has been highly productive and has published more than 280 scholarly / academic publications including research manuscripts, conference proceedings, and book/book-chapters. He draws u",accepted,Public Health,D011634,MSH,,mesh_fallback,10.0,local MeSH fallback after broad UMLS candidate search,Population and Public Health,Population and Public Health,versioned LinkedIn expertise lexicon
2fbf709e-7f3c-43b6-b7b8-e61155861101,Data Science,computing,method,Artificial Intelligence and Data Science,linkedin_expertise_lexicon_v1,linkedin_skill,1,1,0,9.9,publish,Data Science,not_attempted,,,,,,0.0,UMLS skipped for cross-domain/tool term,,Artificial Intelligence and Data Science,versioned LinkedIn expertise lexicon
2fbf709e-7f3c-43b6-b7b8-e61155861101,Mathematics,science,research_area,Physical and Mathematical Sciences,linkedin_expertise_lexicon_v1,linkedin_skill,1,1,0,9.9,publish,Mathematics Instruction,review,Mathematics,D008433,MSH,,mesh_fallback,10.0,local MeSH fallback after broad UMLS candidate search,,Physical and Mathematical Sciences,versioned LinkedIn expertise lexicon
2fbf709e-7f3c-43b6-b7b8-e61155861101,Positron Emission Tomography,medical,method,Neuroimaging and Medical Imaging,linkedin_expertise_lexicon_v1,linkedin_headline,1,1,0,9.55,publish,"MSc in Computer Science | Tech and pet enthusiast | Dont believe me, read a couple of my writings | Writing since June 19, 2019 | tanu-n-prabhu",accepted,Positron-Emission Tomography,C0032743,MSH,Diagnostic Procedure,umls_exact,10.0,filtered UMLS concept with curated HBI umbrella,Imaging and Diagnostics,Neuroimaging and Medical Imaging,versioned LinkedIn expertise lexicon
31734037-6b81-4bc5-b485-650f05e4fe91,Cannabis,medical,research_area,Pharmacology and Therapeutics,linkedin_expertise_lexicon_v1,linkedin_about,1,1,0,8.55,publish,"Im a graduate-level researcher in school and applied child psychology with several years of experience in youth mental health, and school-based contexts. I have training in both qualitative and quantitative research methods, with quantitative work focused on cannabis use and mental health, including a sole-authored publication in this area. My background includes research assistantships, counselling and volunteer roles that support high-risk youth. I have developed strong skills in interviewing, survey design, statistical analysis, thematic analysis, academic writing, and collaborative project",review,Cannabis,D002188,MSH,,mesh_fallback,10.0,local MeSH fallback after broad UMLS candidate search,,Pharmacology and Therapeutics,versioned LinkedIn expertise lexicon
31734037-6b81-4bc5-b485-650f05e4fe91,Mental Health,medical,research_area,Mental Health and Psychiatry,linkedin_expertise_lexicon_v1,linkedin_about,1,1,0,8.55,publish,"Im a graduate-level researcher in school and applied child psychology with several years of experience in youth mental health, and school-based contexts. I have training in both qualitative and quantitative research methods, with quantitative work focused on cannabis use and mental health, including a sole-authored publication in this area. My background includes research assistantships, counselling and volunteer roles that support high-risk youth. I have developed strong skills in interviewing, survey design, statistical analysis, thematic analysis, academic writing, and collaborative project",accepted,Mental Health,C0025353,MSH,Mental Process,umls_exact,9.53,filtered UMLS concept with curated HBI umbrella,Mental Health,Mental Health and Psychiatry,versioned LinkedIn expertise lexicon
31734037-6b81-4bc5-b485-650f05e4fe91,Psychology,health,research_area,Cognition and Behaviour,linkedin_expertise_lexicon_v1,linkedin_about,1,1,0,8.55,publish,"Im a graduate-level researcher in school and applied child psychology with several years of experience in youth mental health, and school-based contexts. I have training in both qualitative and quantitative research methods, with quantitative work focused on cannabis use and mental health, including a sole-authored publication in this area. My background includes research assistantships, counselling and volunteer roles that support high-risk youth. I have developed strong skills in interviewing, survey design, statistical analysis, thematic analysis, academic writing, and collaborative project",review,Psychology,D011584,MSH,,mesh_fallback,10.0,local MeSH fallback after broad UMLS candidate search,,Cognition and Behaviour,versioned LinkedIn expertise lexicon
323fbbed-76a5-4236-be5c-8a730e2b37fd,Biomedical Engineering,engineering,research_area,Biomedical Engineering,linkedin_expertise_lexicon_v1,linkedin_headline | linkedin_skill,2,2,0,9.9,publish,Helping biosignals researchers simplify research setups | M.Sc. Biomedical Engineering || Biomedical Engineering,not_attempted,,,,,,0.0,UMLS skipped for cross-domain/tool term,,Biomedical Engineering,versioned LinkedIn expertise lexicon
323fbbed-76a5-4236-be5c-8a730e2b37fd,Medical Devices,unmapped,candidate,,dynamic_explicit_phrase,linkedin_skill,1,1,0,9.75,publish,Medical Devices,review,Equipment and Supplies,D004864,MSH,,mesh_fallback,9.0,local MeSH fallback after broad UMLS candidate search,,,
323fbbed-76a5-4236-be5c-8a730e2b37fd,Stroke,medical,research_area,Neurological and Neurodegenerative Disorders,linkedin_expertise_lexicon_v1,linkedin_about,1,1,0,8.55,publish,"As a Postdoctoral Research Fellow and Sessional Instructor at the University of Calgary with over eleven years of combined academic and research experience, my work focuses on advancing knowledge in biomechanics, injury prevention, and movement and neurodevelopment disorders. I am driven by a commitment to leveraging technology for improving human performance and well-being. My academic and research journey is firmly rooted in the development of innovative solutions, from prosthetic devices to assistive technologies for post-stroke and spinal cord injury rehabilitation, supported by multiple r",accepted,Stroke,C0038454,MSH,Disease or Syndrome,umls_exact,9.73,filtered UMLS concept with curated HBI umbrella,Cardiovascular Health,Neurological and Neurodegenerative Disorders,versioned LinkedIn expertise lexicon
323fbbed-76a5-4236-be5c-8a730e2b37fd,Electroencephalography,medical,method,Neuroimaging and Medical Imaging,linkedin_expertise_lexicon_v1,linkedin_publication_title,1,1,2023,7.75,publish,Influence of Binaural Beats Stimulation of Gamma Frequency over Memory Performance and EEG Spectral Density,accepted,Electroencephalography,D004569,MSH,,mesh_reviewed_alias,9.9,reviewed local alias plus MeSH hierarchy umbrella,Neuroscience and Neural Systems,Neuroimaging and Medical Imaging,versioned LinkedIn expertise lexicon
323fbbed-76a5-4236-be5c-8a730e2b37fd,Data Analysis,computing,method,Artificial Intelligence and Data Science,linkedin_expertise_lexicon_v1,linkedin_experience_description_recent,1,1,2020,6.95,publish,"Provided mentorship to students in the Human Performance Lab throughout all stages of their research projects. Guided the development and refinement of research proposals, including study design and methodology. Supported data collection processes, ensuring adherence to protocols and research standards. Assisted with data analysis using appropriate statistical and computational methods. Offered feedback on data interpretation and presentation of results. Helped troubleshoot technical and methodological challenges during project execution. Promoted best practices in research ethics, organizatio",not_attempted,,,,,,0.0,UMLS skipped for cross-domain/tool term,,Artificial Intelligence and Data Science,versioned LinkedIn expertise lexicon
3304a215-893f-4362-b84d-4bb61a7ab080,Clinical Trials,health,method,Clinical and Translational Research,linkedin_expertise_lexicon_v1,linkedin_about | linkedin_headline,2,2,0,9.9,publish,"MSc Community Health Sciences student at the University of Calgary | Research Coordinator for Stroke Clinical Trials Group & Calgary Stroke Program || Master's student in Community Health Sciences, specializing in Epidemiology, at the University of Calgary. Thesis research examines the potential protective association between vaccination and stroke occurrence, with a focus on understanding implications for public health treatments and stroke prevention. Currently working as a Research Coordinator for the Stroke Clinical Trials Group & Calgary Stroke Program at the University of Calgary, supporting data quality control, management of electronic Trial Master Files, and large clinical trial management.",review,Clinical Trials as Topic,C0008976,MSH,Research Activity,umls_exact,9.33,medical UMLS concept found; HBI umbrella requires review,,Clinical and Translational Research,versioned LinkedIn expertise lexicon
3304a215-893f-4362-b84d-4bb61a7ab080,Epidemiology,health,research_area,Population and Public Health,linkedin_expertise_lexicon_v1,linkedin_about | linkedin_about_explicit,2,2,0,9.9,publish,"Master's student in Community Health Sciences, specializing in Epidemiology, at the University of Calgary. Thesis research examines the potential protective association between vaccination and stroke occurrence, with a focus on understanding implications for public health treatments and stroke prevention. Currently working as a Research Coordinator for the Stroke Clinical Trials Group & Calgary Stroke Program at the University of Calgary, supporting data quality control, management of electronic Trial Master Files, and large clinical trial management.",review,Epidemiology,D004813,MSH,,mesh_fallback,10.0,local MeSH fallback after broad UMLS candidate search,,Population and Public Health,versioned LinkedIn expertise lexicon
3304a215-893f-4362-b84d-4bb61a7ab080,Stroke,medical,research_area,Neurological and Neurodegenerative Disorders,linkedin_expertise_lexicon_v1,linkedin_about | linkedin_headline,2,2,0,9.9,publish,"MSc Community Health Sciences student at the University of Calgary | Research Coordinator for Stroke Clinical Trials Group & Calgary Stroke Program || Master's student in Community Health Sciences, specializing in Epidemiology, at the University of Calgary. Thesis research examines the potential protective association between vaccination and stroke occurrence, with a focus on understanding implications for public health treatments and stroke prevention. Currently working as a Research Coordinator for the Stroke Clinical Trials Group & Calgary Stroke Program at the University of Calgary, supporting data quality control, management of electronic Trial Master Files, and large clinical trial management.",accepted,Stroke,C0038454,MSH,Disease or Syndrome,umls_exact,9.73,filtered UMLS concept with curated HBI umbrella,Cardiovascular Health,Neurological and Neurodegenerative Disorders,versioned LinkedIn expertise lexicon
3304a215-893f-4362-b84d-4bb61a7ab080,Public Health,medical,research_area,Population and Public Health,hbi_hybrid_accepted | hbi_hybrid_accepted | hbi_hybrid_accepted | hbi_hybrid_accepted | hbi_hybrid_accepted,linkedin_about,1,1,0,8.55,publish,"Master's student in Community Health Sciences, specializing in Epidemiology, at the University of Calgary. Thesis research examines the potential protective association between vaccination and stroke occurrence, with a focus on understanding implications for public health treatments and stroke prevention. Currently working as a Research Coordinator for the Stroke Clinical Trials Group & Calgary Stroke Program at the University of Calgary, supporting data quality control, management of electronic Trial Master Files, and large clinical trial management.",accepted,Public Health,D011634,MSH,,mesh_fallback,10.0,local MeSH fallback after broad UMLS candidate search,Population and Public Health,Population and Public Health,versioned LinkedIn expertise lexicon
35907a16-9410-45ac-92ed-2912d1bc44e5,Biological Sciences,science,research_area,Physiology and Systems Biology,linkedin_expertise_lexicon_v1,linkedin_headline,1,1,0,9.55,publish,Undergraduate Research Assistant @ Hotchkiss Brain Institute | Biological Sciences Student,review,Biological Science Disciplines,D001690,MSH,,mesh_fallback,9.0,local MeSH fallback after broad UMLS candidate search,,Physiology and Systems Biology,versioned LinkedIn expertise lexicon
37968b3f-84d7-4292-84c0-b2be36cec56e,Mental Health,medical,research_area,Mental Health and Psychiatry,linkedin_expertise_lexicon_v1,linkedin_headline,1,1,0,9.55,publish,"Director, MESSI Research Lab | Assistant Professor, Software Engineering, University of Calgary | Full Member, Hotchkiss Brain Institute | Full Member, Mathison Centre for Mental Health Research & Education",accepted,Mental Health,C0025353,MSH,Mental Process,umls_exact,9.53,filtered UMLS concept with curated HBI umbrella,Mental Health,Mental Health and Psychiatry,versioned LinkedIn expertise lexicon
38acbe79-6c1d-44bb-9a7e-30d7a3ce2efc,Clinical Research,health,method,Clinical and Translational Research,linkedin_expertise_lexicon_v1,linkedin_skill,1,1,0,9.9,publish,Clinical Research,review,Clinical Study,C0008972,MSH,Research Activity,umls_exact,9.33,medical UMLS concept found; HBI umbrella requires review,,Clinical and Translational Research,versioned LinkedIn expertise lexicon
38acbe79-6c1d-44bb-9a7e-30d7a3ce2efc,Data Analysis,computing,method,Artificial Intelligence and Data Science,linkedin_expertise_lexicon_v1,linkedin_skill,1,1,0,9.9,publish,Data Analysis,not_attempted,,,,,,0.0,UMLS skipped for cross-domain/tool term,,Artificial Intelligence and Data Science,versioned LinkedIn expertise lexicon
38acbe79-6c1d-44bb-9a7e-30d7a3ce2efc,Electroencephalography,medical,method,Neuroimaging and Medical Imaging,linkedin_expertise_lexicon_v1,linkedin_skill,1,1,0,9.9,publish,EEG,accepted,Electroencephalography,D004569,MSH,,mesh_reviewed_alias,9.9,reviewed local alias plus MeSH hierarchy umbrella,Neuroscience and Neural Systems,Neuroimaging and Medical Imaging,versioned LinkedIn expertise lexicon
38acbe79-6c1d-44bb-9a7e-30d7a3ce2efc,Python,computing,tool,Artificial Intelligence and Data Science,linkedin_expertise_lexicon_v1,linkedin_skill,1,1,0,9.9,publish,Python (Programming Language),not_attempted,,,,,,0.0,UMLS skipped for cross-domain/tool term,,Artificial Intelligence and Data Science,versioned LinkedIn expertise lexicon
38acbe79-6c1d-44bb-9a7e-30d7a3ce2efc,Mathematics,science,research_area,Physical and Mathematical Sciences,linkedin_expertise_lexicon_v1,linkedin_experience_description_recent,1,1,2025,6.95,publish,"Creative Problem Solving, Mathematics Education and +9 skills",review,Mathematics,D008433,MSH,,mesh_fallback,10.0,local MeSH fallback after broad UMLS candidate search,,Physical and Mathematical Sciences,versioned LinkedIn expertise lexicon
3d67002f-ea42-477e-9764-d79d06acc9be,Mathematics,science,research_area,Physical and Mathematical Sciences,linkedin_expertise_lexicon_v1,linkedin_skill,1,1,0,9.9,publish,Mathematics,review,Mathematics,D008433,MSH,,mesh_fallback,10.0,local MeSH fallback after broad UMLS candidate search,,Physical and Mathematical Sciences,versioned LinkedIn expertise lexicon
3d67002f-ea42-477e-9764-d79d06acc9be,Numerical Analysis,computing,method,Artificial Intelligence and Data Science,linkedin_expertise_lexicon_v1,linkedin_skill,1,1,0,9.9,publish,Numerical Analysis,not_attempted,,,,,,0.0,UMLS skipped for cross-domain/tool term,,Artificial Intelligence and Data Science,versioned LinkedIn expertise lexicon
3d67002f-ea42-477e-9764-d79d06acc9be,Photonics,quantum,research_area,Quantum Science and Technology,linkedin_expertise_lexicon_v1,linkedin_skill,1,1,0,9.9,publish,Photonics,not_attempted,,,,,,0.0,UMLS skipped for cross-domain/tool term,,Quantum Science and Technology,versioned LinkedIn expertise lexicon
3d67002f-ea42-477e-9764-d79d06acc9be,Physics,science,research_area,Physical and Mathematical Sciences,linkedin_expertise_lexicon_v1,linkedin_about | linkedin_publication_description | linkedin_skill,3,3,2026,9.9,publish,"Research & training: Quantum information including quantum control, quantum optics, quantum sensing, quantum communication and quantum computing from computer science and mathematical physics to theoretical physics and theoretical chemistry plus collaboration and co-development with experimentalists. Outreach: Global research collaboration and training activities in the spirit of Open Science. Leadership: Experienced Chair of Professional Society Divisions, committees, panels, projects and centres. || Physics || We investigate the concept of macroscopically distinguishable superpositions within an infinite array of boson sites. Our approach is rigorous within the frame of Hilbert space theory. In this context, it is natural to differentiate between states–and corresponding dynamics–that involve only finitely many degrees of freedom, referred to as local, and those that are inherently nonlocal. Previous studies have shown that such systems can support nonlocal coherent states (NCS). In this work, we demonstrate that NCS can dynamically evolve into nonlocal cat states under the influence of a nonlocal H",review,Physics,D010825,MSH,,mesh_fallback,10.0,local MeSH fallback after broad UMLS candidate search,,Physical and Mathematical Sciences,versioned LinkedIn expertise lexicon
3d67002f-ea42-477e-9764-d79d06acc9be,Quantum Computing,quantum,research_area,Quantum Science and Technology,linkedin_expertise_lexicon_v1,linkedin_about | linkedin_publication_description | linkedin_publication_title,6,3,2025,9.9,publish,"Research & training: Quantum information including quantum control, quantum optics, quantum sensing, quantum communication and quantum computing from computer science and mathematical physics to theoretical physics and theoretical chemistry plus collaboration and co-development with experimentalists. Outreach: Global research collaboration and training activities in the spirit of Open Science. Leadership: Experienced Chair of Professional Society Divisions, committees, panels, projects and centres. || We explore a new quantum computing approach to time series anomaly detection (TAD). Our approach - Quantum Variational Rewinding (QVR) - trains a family of parameterized unitary time-devolution operators to cluster normal time series instances encoded within quantum states. Unseen time series are assigned an anomaly score based upon their distance from the cluster center, which, beyond a given threshold, classifies anomalous behaviour. We apply QVR to identify anomalous trading activity in cryptocurrency market data and blockchain. Finally, we study our algorithm on IBM’s Falcon r5.11H family  || The success and failure of quantum computing start-ups || The potential value of quantum computing remains uncertain, which creates substantial risks for any quantum computing start-up. But the successes and failures seen so far in the quantum innovation ecosystem hold lessons for the field. … more || Quantum Computation || This chapter summarizes quantum computation, including the motivation for introducing quantum resources into computation and how quantum computation is done. Furthermore, this chapterarticulates advantages and limitations of quantum computation, both fundamental and practical. Finally, this chapter expands on the underlying concepts for building quantum compute",not_attempted,,,,,,0.0,UMLS skipped for cross-domain/tool term,,Quantum Science and Technology,versioned LinkedIn expertise lexicon
3d67002f-ea42-477e-9764-d79d06acc9be,Quantum Information,quantum,research_area,Quantum Science and Technology,linkedin_expertise_lexicon_v1,linkedin_about | linkedin_experience_description_current | linkedin_experience_title_current | linkedin_publication_description,5,4,2026,9.9,publish,"Research & training: Quantum information including quantum control, quantum optics, quantum sensing, quantum communication and quantum computing from computer science and mathematical physics to theoretical physics and theoretical chemistry plus collaboration and co-development with experimentalists. Outreach: Global research collaboration and training activities in the spirit of Open Science. Leadership: Experienced Chair of Professional Society Divisions, committees, panels, projects and centres. || AITF iCORE Strategic Chair in Quantum Information Science | University of Calgary || iCORE Chair in Quantum Information Science | University of Calgary || Externally funded Chair; Director of the Institute for Quantum Information Science at the University of Calgary. || High-dimensional quantum systems are a valuable resource for quantum information processing. They can be used to encode error-correctable logical qubits, which has been demonstrated using continuous-variable states in microwave cavities or the motional modes of trapped ions. For example, high-dimensional systems can be used to realize ‘Schrödinger cat’ states, which are superpositions of widely displaced coherent states that can be used to illustrate quantum effects at large scales. Recent proposals have suggested encoding qubits in high-spin atomic nuclei, which are finite-dimensional systems",not_attempted,,,,,,0.0,UMLS skipped for cross-domain/tool term,,Quantum Science and Technology,versioned LinkedIn expertise lexicon
3d67002f-ea42-477e-9764-d79d06acc9be,Quantum Optics,quantum,research_area,Quantum Science and Technology,linkedin_expertise_lexicon_v1,linkedin_about | linkedin_skill,2,2,0,9.9,publish,"Research & training: Quantum information including quantum control, quantum optics, quantum sensing, quantum communication and quantum computing from computer science and mathematical physics to theoretical physics and theoretical chemistry plus collaboration and co-development with experimentalists. Outreach: Global research collaboration and training activities in the spirit of Open Science. Leadership: Experienced Chair of Professional Society Divisions, committees, panels, projects and centres. || Quantum Optics",not_attempted,,,,,,0.0,UMLS skipped for cross-domain/tool term,,Quantum Science and Technology,versioned LinkedIn expertise lexicon
3d67002f-ea42-477e-9764-d79d06acc9be,Mathematical Physics,quantum,research_area,Quantum Science and Technology,linkedin_expertise_lexicon_v1,linkedin_about,1,1,0,8.55,publish,"Research & training: Quantum information including quantum control, quantum optics, quantum sensing, quantum communication and quantum computing from computer science and mathematical physics to theoretical physics and theoretical chemistry plus collaboration and co-development with experimentalists. Outreach: Global research collaboration and training activities in the spirit of Open Science. Leadership: Experienced Chair of Professional Society Divisions, committees, panels, projects and centres.",not_attempted,,,,,,0.0,UMLS skipped for cross-domain/tool term,,Quantum Science and Technology,versioned LinkedIn expertise lexicon
3d67002f-ea42-477e-9764-d79d06acc9be,Quantum Communication,quantum,research_area,Quantum Science and Technology,linkedin_expertise_lexicon_v1,linkedin_about,1,1,0,8.55,publish,"Research & training: Quantum information including quantum control, quantum optics, quantum sensing, quantum communication and quantum computing from computer science and mathematical physics to theoretical physics and theoretical chemistry plus collaboration and co-development with experimentalists. Outreach: Global research collaboration and training activities in the spirit of Open Science. Leadership: Experienced Chair of Professional Society Divisions, committees, panels, projects and centres.",not_attempted,,,,,,0.0,UMLS skipped for cross-domain/tool term,,Quantum Science and Technology,versioned LinkedIn expertise lexicon
3d67002f-ea42-477e-9764-d79d06acc9be,Quantum Control,quantum,research_area,Quantum Science and Technology,linkedin_expertise_lexicon_v1,linkedin_about,1,1,0,8.55,publish,"Research & training: Quantum information including quantum control, quantum optics, quantum sensing, quantum communication and quantum computing from computer science and mathematical physics to theoretical physics and theoretical chemistry plus collaboration and co-development with experimentalists. Outreach: Global research collaboration and training activities in the spirit of Open Science. Leadership: Experienced Chair of Professional Society Divisions, committees, panels, projects and centres.",not_attempted,,,,,,0.0,UMLS skipped for cross-domain/tool term,,Quantum Science and Technology,versioned LinkedIn expertise lexicon
3d67002f-ea42-477e-9764-d79d06acc9be,Quantum Sensing,quantum,research_area,Quantum Science and Technology,linkedin_expertise_lexicon_v1,linkedin_about,1,1,0,8.55,publish,"Research & training: Quantum information including quantum control, quantum optics, quantum sensing, quantum communication and quantum computing from computer science and mathematical physics to theoretical physics and theoretical chemistry plus collaboration and co-development with experimentalists. Outreach: Global research collaboration and training activities in the spirit of Open Science. Leadership: Experienced Chair of Professional Society Divisions, committees, panels, projects and centres.",not_attempted,,,,,,0.0,UMLS skipped for cross-domain/tool term,,Quantum Science and Technology,versioned LinkedIn expertise lexicon
3d67002f-ea42-477e-9764-d79d06acc9be,Theoretical Chemistry,quantum,research_area,Quantum Science and Technology,linkedin_expertise_lexicon_v1,linkedin_about,1,1,0,8.55,publish,"Research & training: Quantum information including quantum control, quantum optics, quantum sensing, quantum communication and quantum computing from computer science and mathematical physics to theoretical physics and theoretical chemistry plus collaboration and co-development with experimentalists. Outreach: Global research collaboration and training activities in the spirit of Open Science. Leadership: Experienced Chair of Professional Society Divisions, committees, panels, projects and centres.",not_attempted,,,,,,0.0,UMLS skipped for cross-domain/tool term,,Quantum Science and Technology,versioned LinkedIn expertise lexicon
3d67002f-ea42-477e-9764-d79d06acc9be,Theoretical Physics,quantum,research_area,Quantum Science and Technology,linkedin_expertise_lexicon_v1,linkedin_about,1,1,0,8.55,publish,"Research & training: Quantum information including quantum control, quantum optics, quantum sensing, quantum communication and quantum computing from computer science and mathematical physics to theoretical physics and theoretical chemistry plus collaboration and co-development with experimentalists. Outreach: Global research collaboration and training activities in the spirit of Open Science. Leadership: Experienced Chair of Professional Society Divisions, committees, panels, projects and centres.",not_attempted,,,,,,0.0,UMLS skipped for cross-domain/tool term,,Quantum Science and Technology,versioned LinkedIn expertise lexicon
3d67002f-ea42-477e-9764-d79d06acc9be,Gene Expression,medical,research_area,Genetics and Molecular Biology,linkedin_expertise_lexicon_v1,linkedin_publication_description | linkedin_publication_title,2,2,0,8.4,publish,"Bimodality in E. coli gene expression: Sources and robustness to genome-wide stresses || Bacteria evolved genes whose single-cell distributions of expression levels are broad, or even bimodal. Evidence suggests that they might enhance phenotypic diversity for coping with fluctuating environments. We identified seven genes in E. coli with bimodal (low and high) single-cell expression levels under standard growth conditions and studied how their dynamics are modified by environmental and antibiotic stresses known to target gene expression. We found that all genes lose bimodality under some, but not under all, stresses. Also, bimodality can reemerge upon cells returning to standard c",accepted,Gene Expression,C0017262,MSH,Genetic Function,umls_exact,9.8,filtered UMLS concept with curated HBI umbrella,Genetics and Genomics,Genetics and Molecular Biology,versioned LinkedIn expertise lexicon
3d67002f-ea42-477e-9764-d79d06acc9be,Machine Learning,computing,method,Artificial Intelligence and Data Science,linkedin_expertise_lexicon_v1,linkedin_publication_description,2,1,2025,7.2,publish,"A popular machine-learning model for regression tasks, including stock-market prediction, weather forecasting and real-estate pricing, is the classical support vector regression (SVR). However, a practically realisable quantum SVR remains to be formulated. We devise annealing-based algorithms, namely simulated and quantum-classical hybrid, for training two SVR models and compare their empirical performances against the SVR implementation of Python’s scikit-learn package for facial-landmark detection (FLD), a particular use case for SVR. Our method is to derive a quadratic-unconstrained-binary  || Perceptrons, which perform binary classification, are the fundamental building blocks of neural networks. Given a data set of size 𝑁 and margin 𝛾 (how well the given data are separated), the query complexity of the best-known quantum training algorithm scales as either (√𝑁/𝛾2)⁢log(1/⁢𝛾2) or 𝑁/√𝛾, which is achieved by a hybrid of classical and quantum search. In this paper, we improve the version space quantum training method for perceptrons such that the query complexity of our algorithm scales as √𝑁/𝛾. This is achieved by constructing an oracle for the perceptrons using quantum counting of th",not_attempted,,,,,,0.0,UMLS skipped for cross-domain/tool term,,Artificial Intelligence and Data Science,versioned LinkedIn expertise lexicon
3d67002f-ea42-477e-9764-d79d06acc9be,Forecasting,medical,research_area,,hbi_hybrid_accepted,linkedin_publication_description,1,1,2025,6.95,publish,"A popular machine-learning model for regression tasks, including stock-market prediction, weather forecasting and real-estate pricing, is the classical support vector regression (SVR). However, a practically realisable quantum SVR remains to be formulated. We devise annealing-based algorithms, namely simulated and quantum-classical hybrid, for training two SVR models and compare their empirical performances against the SVR implementation of Python’s scikit-learn package for facial-landmark detection (FLD), a particular use case for SVR. Our method is to derive a quadratic-unconstrained-binary ",review,Forecasting,D005544,MSH,,mesh_fallback,10.0,local MeSH fallback after broad UMLS candidate search,,,
3d67002f-ea42-477e-9764-d79d06acc9be,Neural Networks,computing,method,Artificial Intelligence and Data Science,linkedin_expertise_lexicon_v1,linkedin_publication_description,1,1,2024,6.95,publish,"Perceptrons, which perform binary classification, are the fundamental building blocks of neural networks. Given a data set of size 𝑁 and margin 𝛾 (how well the given data are separated), the query complexity of the best-known quantum training algorithm scales as either (√𝑁/𝛾2)⁢log(1/⁢𝛾2) or 𝑁/√𝛾, which is achieved by a hybrid of classical and quantum search. In this paper, we improve the version space quantum training method for perceptrons such that the query complexity of our algorithm scales as √𝑁/𝛾. This is achieved by constructing an oracle for the perceptrons using quantum counting of th",not_attempted,,,,,,0.0,UMLS skipped for cross-domain/tool term,,Artificial Intelligence and Data Science,versioned LinkedIn expertise lexicon
3d67002f-ea42-477e-9764-d79d06acc9be,Python,computing,tool,Artificial Intelligence and Data Science,linkedin_expertise_lexicon_v1,linkedin_publication_description,1,1,2025,6.95,publish,"A popular machine-learning model for regression tasks, including stock-market prediction, weather forecasting and real-estate pricing, is the classical support vector regression (SVR). However, a practically realisable quantum SVR remains to be formulated. We devise annealing-based algorithms, namely simulated and quantum-classical hybrid, for training two SVR models and compare their empirical performances against the SVR implementation of Python’s scikit-learn package for facial-landmark detection (FLD), a particular use case for SVR. Our method is to derive a quadratic-unconstrained-binary ",not_attempted,,,,,,0.0,UMLS skipped for cross-domain/tool term,,Artificial Intelligence and Data Science,versioned LinkedIn expertise lexicon
3ffdeca2-9b8b-40c9-aff0-dc5d23dcb88d,Clinical Data Management,health,method,Clinical and Translational Research,linkedin_expertise_lexicon_v1,linkedin_skill,1,1,0,9.9,publish,Clinical Data Management,unresolved,,,,,,0.0,no sufficiently similar medical UMLS or MeSH concept,,Clinical and Translational Research,versioned LinkedIn expertise lexicon
3ffdeca2-9b8b-40c9-aff0-dc5d23dcb88d,Electronic Data Capture,health,method,Clinical and Translational Research,linkedin_expertise_lexicon_v1,linkedin_skill,1,1,0,9.9,publish,Electronic Data Capture (EDC),unresolved,,,,,,0.0,no sufficiently similar medical UMLS or MeSH concept,,Clinical and Translational Research,versioned LinkedIn expertise lexicon
413e38f3-fde4-41ab-86d9-0bf48f4c5eec,Python,computing,tool,Artificial Intelligence and Data Science,linkedin_expertise_lexicon_v1,linkedin_skill,1,1,0,9.9,publish,"Programing Software (Python, C++, HTML, Java)",not_attempted,,,,,,0.0,UMLS skipped for cross-domain/tool term,,Artificial Intelligence and Data Science,versioned LinkedIn expertise lexicon
413e38f3-fde4-41ab-86d9-0bf48f4c5eec,Clinical Study Management,unmapped,candidate,,dynamic_explicit_phrase,linkedin_skill,1,1,0,9.75,publish,Clinical Study Management,unresolved,,,,,,0.0,no sufficiently similar medical UMLS or MeSH concept,,,
41601368-5883-4c8c-acc3-410a620df99c,Clinical Research,health,method,Clinical and Translational Research,linkedin_expertise_lexicon_v1,linkedin_about | linkedin_headline,2,2,0,9.9,publish,"MD | LMCC | Healthcare Leadership | Clinical Research | Physician (Clinical Assistant) @NLHS | Precision Medicine @UCalgary || I am a Medical Doctor with experience across primary care, emergency care, inpatient medicine, surgical outpatient care, and hospital-based clinical practice. I have worked as a General Practitioner providing comprehensive patient care, managing acute and chronic medical conditions, coordinating admissions and discharges, participating in multidisciplinary care, and supporting continuity of care in both outpatient and inpatient settings. My clinical experience also includes surgical outpatient services, emergency stabilization, minor procedures, and telemedicine consultation, alongside active ",review,Clinical Study,C0008972,MSH,Research Activity,umls_exact,9.33,medical UMLS concept found; HBI umbrella requires review,,Clinical and Translational Research,versioned LinkedIn expertise lexicon
41601368-5883-4c8c-acc3-410a620df99c,Precision Medicine,medical,research_area,,hbi_hybrid_accepted,linkedin_about | linkedin_experience_title_current | linkedin_headline | linkedin_skill,4,4,2026,9.9,publish,"MD | LMCC | Healthcare Leadership | Clinical Research | Physician (Clinical Assistant) @NLHS | Precision Medicine @UCalgary || I am a Medical Doctor with experience across primary care, emergency care, inpatient medicine, surgical outpatient care, and hospital-based clinical practice. I have worked as a General Practitioner providing comprehensive patient care, managing acute and chronic medical conditions, coordinating admissions and discharges, participating in multidisciplinary care, and supporting continuity of care in both outpatient and inpatient settings. My clinical experience also includes surgical outpatient services, emergency stabilization, minor procedures, and telemedicine consultation, alongside active  || Precision Medicine || Translational research and precision medicine journal club chair | Hotchkiss Brain Institute",review,Precision Medicine,C2718059,MSH,Therapeutic or Preventive Procedure,umls_exact,9.9,medical UMLS concept found; HBI umbrella requires review,,,
41601368-5883-4c8c-acc3-410a620df99c,Electronic Medical Record (EMR),unmapped,candidate,,dynamic_explicit_phrase,linkedin_skill,1,1,0,9.75,publish,Electronic Medical Record (EMR),unresolved,,,,,,0.0,no sufficiently similar medical UMLS or MeSH concept,,,
41601368-5883-4c8c-acc3-410a620df99c,Health Education,unmapped,candidate,,dynamic_explicit_phrase,linkedin_skill,1,1,0,9.75,publish,Health Education,review,Health Education,D006266,MSH,,mesh_fallback,10.0,local MeSH fallback after broad UMLS candidate search,,,
465607d0-7eec-4fc1-9e85-f3ba7630de87,Cognitive Neuroscience,medical,research_area,Cognition and Behaviour,linkedin_expertise_lexicon_v1,linkedin_skill,1,1,0,9.9,publish,Cognitive Neuroscience,accepted,Cognitive Neuroscience,D000066494,MSH,,mesh_fallback,10.0,local MeSH fallback after broad UMLS candidate search,Neuroscience and Neural Systems,Cognition and Behaviour,versioned LinkedIn expertise lexicon
465607d0-7eec-4fc1-9e85-f3ba7630de87,Computational Neuroscience,computing,research_area,Artificial Intelligence and Data Science,linkedin_expertise_lexicon_v1,linkedin_skill,1,1,0,9.9,publish,Computational Neuroscience,not_attempted,,,,,,0.0,UMLS skipped for cross-domain/tool term,,Artificial Intelligence and Data Science,versioned LinkedIn expertise lexicon
465607d0-7eec-4fc1-9e85-f3ba7630de87,Movement Disorders,medical,research_area,Neurological Disorders,hbi_hybrid_accepted | hbi_hybrid_accepted | hbi_hybrid_accepted | hbi_hybrid_accepted | hbi_hybrid_accepted | hbi_hybrid_accepted | hbi_hybrid_accepted | hbi_hybrid_accepted | hbi_hybrid_accepted | hbi_hybrid_accepted | hbi_hybrid_accepted | hbi_hybrid_accepted | hbi_hybrid_accepted | hbi_hybrid_accepted | hbi_hybrid_accepted | hbi_hybrid_accepted | hbi_hybrid_accepted | hbi_hybrid_accepted | hbi_hybrid_accepted | hbi_hybrid_accepted | hbi_hybrid_accepted | hbi_hybrid_accepted | hbi_hybrid_accepted,linkedin_skill,1,1,0,9.9,publish,Movement Disorders,accepted,Movement Disorders,C0026650,MSH,Disease or Syndrome,umls_exact,10.0,filtered UMLS concept with curated HBI umbrella,Neurological Disorders,Neurological Disorders,versioned LinkedIn expertise lexicon
465607d0-7eec-4fc1-9e85-f3ba7630de87,Neuroscience,medical,research_area,Neuroscience,linkedin_expertise_lexicon_v1,linkedin_about | linkedin_skill,3,2,0,9.9,publish,Recent graduate from the MSc Neuroscience program at the University of Calgary and former student-athlete at Mount Royal University. Passionate about the brain and it's impact on human behaviour! || Cognitive Neuroscience || Computational Neuroscience,accepted,Neurosciences,D009488,MSH,,mesh_fallback,9.7,local MeSH fallback after broad UMLS candidate search,Neuroscience and Neural Systems,Neuroscience,versioned LinkedIn expertise lexicon
465607d0-7eec-4fc1-9e85-f3ba7630de87,Transcranial Magnetic Stimulation,medical,research_area,Pharmacology and Therapeutics,hbi_hybrid_accepted | hbi_hybrid_accepted,linkedin_skill,1,1,0,9.9,publish,Transcranial Magnetic Stimulation,accepted,Transcranial Magnetic Stimulation,C0436548,MSH,Therapeutic or Preventive Procedure,umls_exact,10.0,filtered UMLS concept with curated HBI umbrella,Pharmacology and Therapeutics,Pharmacology and Therapeutics,versioned LinkedIn expertise lexicon
46f9fd7a-681a-433b-9b1b-b1b97419df7f,Epilepsy,medical,research_area,Neurological and Neurodegenerative Disorders,linkedin_expertise_lexicon_v1,linkedin_experience_description_current | linkedin_experience_description_recent | linkedin_experience_title_current,3,3,2026,9.9,publish,"Co-Director of Education, Calgary Comprehensive Epilepsy Program | University of Calgary || Calgary Comprehensive Epilepsy Program, Department of Clinical Neurosciences. || Epilepsy Program & Analytical Neurophysiology (ANPHY) Lab (Supervisor: Prof. Birgit Frauscher, MD, PD), Montreal Neurological Institute and Hospital, McGill University Health Centre: https://mcgill.ca/frauscher-lab/. Canadian Department Visit Program, World Federation of Neurology (WFN), Montreal Neurological Institute (MNI) and Canadian Neurological Society (CNS). The purpose of this observership was to experience the Canadian neurological system in an international environment, meet new colleagues and foster future cooperation.",accepted,Epilepsy,D004827,MSH,,mesh_reviewed_alias,9.9,reviewed local alias plus MeSH hierarchy umbrella,Neurological Disorders,Neurological and Neurodegenerative Disorders,versioned LinkedIn expertise lexicon
46f9fd7a-681a-433b-9b1b-b1b97419df7f,Neurology,medical,research_area,Neuroscience and Neural Systems,hbi_hybrid_accepted | hbi_hybrid_accepted,linkedin_experience_description_current | linkedin_experience_description_recent | linkedin_experience_title_current | linkedin_experience_title_recent,11,4,2026,9.9,publish,"Clinical Assistant Professor (Neurology) | University of Calgary || Editorial Board Member, Neurology® Clinical Practice | American Academy of Neurology || Classification of Evidence (CoE) Review Team Member, Neurology® | American Academy of Neurology || International Member, Editorial Team, Resident and Fellow Section, Neurology® | American Academy of Neurology || The Neurology® Resident and Fellow Section is trainee-run: a team of residents and fellows has responsibility for writing, reviewing, editing, and publishing articles of interest to trainees. The group also has responsibility for initiating and developing other unique projects, including podcasts, other electronic communications, a website, and new subsection ideas. || Guest Lecturer in Neuroanatomy (Anatomy of the Autonomic Nervous System, 2018), Vascular Neurology (Vasculitis, 2019), and Neuro-Infectious Diseases (Meningeal Tuberculosis, 2019). Neurocampus is an initiative of the National Institute of Neurology (Mexico) and the Open University and Distance Education Center (CUAED), National Autonomous University of Mexico (UNAM). Website: https://neurocampus.cuaed.unam.mx/ || Resident Physician (Adult Neurology) | Instituto Nacional de Neurología y Neurocirugía || ""The National Institute of Neurology and Neurosurgery was initially conceived as an institution where the three main divisions of clinical neurosciences would coexist with equal academic pre-eminence: neurology, neurosurgery, and psychiatry. [...] In the academic field, the National Institute of Neurology and Neurosurgery is the largest training center for specialists in Latin America. In its 40 years, it has graduated almost 1000 specialists in the neurological sciences and more than 250 MSc and PhD researchers"" (Handb Clin Neurol. 2010;95:801-14",accepted,Neurology,D009462,MSH,,mesh_reviewed_alias,9.8,reviewed local alias plus MeSH hierarchy umbrella,Neuroscience and Neural Systems,Neuroscience and Neural Systems,versioned LinkedIn expertise lexicon
46f9fd7a-681a-433b-9b1b-b1b97419df7f,Artificial Intelligence,computing,method,Artificial Intelligence and Data Science,linkedin_expertise_lexicon_v1,linkedin_headline,1,1,0,9.55,publish,Epidemiologist | Consultant | AI in healthcare,not_attempted,,,,,,0.0,UMLS skipped for cross-domain/tool term,,Artificial Intelligence and Data Science,versioned LinkedIn expertise lexicon
46f9fd7a-681a-433b-9b1b-b1b97419df7f,Epidemiology,health,research_area,Population and Public Health,linkedin_expertise_lexicon_v1,linkedin_headline,1,1,0,9.55,publish,Epidemiologist | Consultant | AI in healthcare,review,Epidemiology,D004813,MSH,,mesh_fallback,10.0,local MeSH fallback after broad UMLS candidate search,,Population and Public Health,versioned LinkedIn expertise lexicon
46f9fd7a-681a-433b-9b1b-b1b97419df7f,Clinical Neuroscience,medical,clinical_specialty,Neuroscience,linkedin_expertise_lexicon_v1,linkedin_experience_description_current | linkedin_experience_description_recent,2,2,2026,8.6,publish,"Calgary Comprehensive Epilepsy Program, Department of Clinical Neurosciences. || ""The National Institute of Neurology and Neurosurgery was initially conceived as an institution where the three main divisions of clinical neurosciences would coexist with equal academic pre-eminence: neurology, neurosurgery, and psychiatry. [...] In the academic field, the National Institute of Neurology and Neurosurgery is the largest training center for specialists in Latin America. In its 40 years, it has graduated almost 1000 specialists in the neurological sciences and more than 250 MSc and PhD researchers"" (Handb Clin Neurol. 2010;95:801-14).",accepted,Neurosciences,D009488,MSH,,mesh_fallback,9.7,local MeSH fallback after broad UMLS candidate search,Neuroscience and Neural Systems,Neuroscience,versioned LinkedIn expertise lexicon
46f9fd7a-681a-433b-9b1b-b1b97419df7f,Neuroscience,medical,research_area,Neuroscience,linkedin_expertise_lexicon_v1,linkedin_experience_description_current | linkedin_experience_description_recent,2,2,2026,8.6,publish,"Calgary Comprehensive Epilepsy Program, Department of Clinical Neurosciences. || ""The National Institute of Neurology and Neurosurgery was initially conceived as an institution where the three main divisions of clinical neurosciences would coexist with equal academic pre-eminence: neurology, neurosurgery, and psychiatry. [...] In the academic field, the National Institute of Neurology and Neurosurgery is the largest training center for specialists in Latin America. In its 40 years, it has graduated almost 1000 specialists in the neurological sciences and more than 250 MSc and PhD researchers"" (Handb Clin Neurol. 2010;95:801-14).",accepted,Neurosciences,D009488,MSH,,mesh_fallback,9.7,local MeSH fallback after broad UMLS candidate search,Neuroscience and Neural Systems,Neuroscience,versioned LinkedIn expertise lexicon
46f9fd7a-681a-433b-9b1b-b1b97419df7f,Adolescent Psychiatry,medical,research_area,,hbi_hybrid_accepted,linkedin_experience_description_recent,1,1,2020,6.95,publish,"Child & Adolescent Psychiatry Fellowship Program. Module II, Didactic Unit 2: ""The Neurological Diagnosis of the Child: Neurological Basis of Child Psychiatry.""",review,Adolescent Psychiatry,D000296,MSH,,mesh_fallback,10.0,local MeSH fallback after broad UMLS candidate search,,,
46f9fd7a-681a-433b-9b1b-b1b97419df7f,Nervous System,medical,research_area,Neuroscience and Neural Systems,hbi_hybrid_accepted | hbi_hybrid_accepted | hbi_hybrid_accepted | hbi_hybrid_accepted | hbi_hybrid_accepted | hbi_hybrid_accepted | hbi_hybrid_accepted | hbi_hybrid_accepted | hbi_hybrid_accepted | hbi_hybrid_accepted,linkedin_experience_description_recent,1,1,2020,6.95,publish,"Guest Lecturer in Neuroanatomy (Anatomy of the Autonomic Nervous System, 2018), Vascular Neurology (Vasculitis, 2019), and Neuro-Infectious Diseases (Meningeal Tuberculosis, 2019). Neurocampus is an initiative of the National Institute of Neurology (Mexico) and the Open University and Distance Education Center (CUAED), National Autonomous University of Mexico (UNAM). Website: https://neurocampus.cuaed.unam.mx/",accepted,Nervous System,D009420,MSH,,mesh_fallback,10.0,local MeSH fallback after broad UMLS candidate search,Neuroscience and Neural Systems,Neuroscience and Neural Systems,versioned LinkedIn expertise lexicon
46f9fd7a-681a-433b-9b1b-b1b97419df7f,Neurodegenerative Diseases,medical,research_area,Neurological and Neurodegenerative Disorders,linkedin_expertise_lexicon_v1,linkedin_experience_description_recent,1,1,2019,6.95,publish,"The Sistema Nacional de Investigadores (National Researchers System) or SNI is a governmental agency established in Mexico in 1984, to promote both the quantity and quality of research. It is a subsidiary of the National Council on Science and Technology (Consejo Nacional de Ciencia y Tecnología, CONACYT). Institutional Affiliation: Clinical Laboratory of Neurodegenerative Diseases (Head: Prof. Teresa Corona, MD, MSc), National Institute of Neurology and Neurosurgery, Mexico City.",accepted,Neurodegenerative Diseases,C0524851,MSH,Disease or Syndrome,umls_exact,9.73,filtered UMLS concept with curated HBI umbrella,Neurological Disorders,Neurological and Neurodegenerative Disorders,versioned LinkedIn expertise lexicon
46f9fd7a-681a-433b-9b1b-b1b97419df7f,Neurophysiology,medical,research_area,Neuroscience and Neural Systems,hbi_hybrid_accepted | hbi_hybrid_accepted,linkedin_experience_description_recent,1,1,2019,6.95,publish,"Epilepsy Program & Analytical Neurophysiology (ANPHY) Lab (Supervisor: Prof. Birgit Frauscher, MD, PD), Montreal Neurological Institute and Hospital, McGill University Health Centre: https://mcgill.ca/frauscher-lab/. Canadian Department Visit Program, World Federation of Neurology (WFN), Montreal Neurological Institute (MNI) and Canadian Neurological Society (CNS). The purpose of this observership was to experience the Canadian neurological system in an international environment, meet new colleagues and foster future cooperation.",accepted,Neurophysiology,D009482,MSH,,mesh_reviewed_alias,9.9,reviewed local alias plus MeSH hierarchy umbrella,Neuroscience and Neural Systems,Neuroscience and Neural Systems,versioned LinkedIn expertise lexicon
480cc2ee-0cb0-41ea-96b5-90c6afcb2a8d,Health Systems,health,research_area,Population and Public Health,linkedin_expertise_lexicon_v1,linkedin_experience_title_current | linkedin_headline,2,2,2026,9.9,publish,"Senior Business Partner, Health System Enablement | Problem Solver, Connector, Smile Sharer || Senior Business Partner, Health System Enablement | Alberta Innovates",review,Delivery of Health Care,D003695,MSH,,mesh_reviewed_alias,9.0,reviewed local alias plus MeSH hierarchy umbrella; retained for review because the UMLS label loses specificity from the supported LinkedIn term,Population and Public Health,Population and Public Health,versioned LinkedIn expertise lexicon
480cc2ee-0cb0-41ea-96b5-90c6afcb2a8d,Biomedical Engineering,engineering,research_area,Biomedical Engineering,linkedin_expertise_lexicon_v1,linkedin_experience_title_recent,1,1,2024,8.1,publish,Biomedical Engineering Research Coordinator | University of Calgary,not_attempted,,,,,,0.0,UMLS skipped for cross-domain/tool term,,Biomedical Engineering,versioned LinkedIn expertise lexicon
485a2419-bb01-4142-868a-e70aa0b15adb,Data Analysis,computing,method,Artificial Intelligence and Data Science,linkedin_expertise_lexicon_v1,linkedin_skill,1,1,0,9.9,publish,Data Analysis,not_attempted,,,,,,0.0,UMLS skipped for cross-domain/tool term,,Artificial Intelligence and Data Science,versioned LinkedIn expertise lexicon
485a2419-bb01-4142-868a-e70aa0b15adb,Brain Injury,medical,research_area,Neurological and Neurodegenerative Disorders,linkedin_expertise_lexicon_v1,linkedin_experience_description_current,1,1,2026,7.95,publish,"Working in the Lohman Lab at the Hotchkiss Brain Institute this summer, my focus was on a project investigating the potential of applying Remote Ischemic Conditioning (RIC) to rodent models of repeated mild Traumatic Brain Injury (rmTBI) as a therapeutic treatment. I worked closely with other members of the lab to prepare tissue samples, perform immunohistochemistry staining, image samples and analyze data.",accepted,Brain Injuries,C0270611,MSH,Injury or Poisoning,umls_exact,9.73,filtered UMLS concept with curated HBI umbrella,Brain Injury and Neurotrauma,Neurological and Neurodegenerative Disorders,versioned LinkedIn expertise lexicon
49763fcc-eef0-4d5c-b7b6-e50306059e11,Neuroscience,medical,research_area,Neuroscience,linkedin_expertise_lexicon_v1,linkedin_headline,1,1,0,9.55,publish,"I'm honoured to (finally) share that I've won the Canada Graduate Research Scholarship from Canadian Institutes of Health Research | Instituts de recherche en sant du Canada ! This support means so much as I continue my PhD research in Neuroscience. Im especially thankful to my supervisors ( Leah Mayo and Dr. Matt Hill) mentors, lab members, friends, and family for all of their encouragement and guidance throughout this journey. Looking forward to the next stage of this work and the oppo",accepted,Neurosciences,D009488,MSH,,mesh_fallback,9.7,local MeSH fallback after broad UMLS candidate search,Neuroscience and Neural Systems,Neuroscience,versioned LinkedIn expertise lexicon
49763fcc-eef0-4d5c-b7b6-e50306059e11,Psychedelics,medical,research_area,Pharmacology and Therapeutics,linkedin_expertise_lexicon_v1,linkedin_publication_title,2,1,0,8.0,publish,"Psychedelic-assisted therapies for substance use disorders: Evidence from clinical trials || The Intersection of Psychedelics and Stress: Possible Mechanisms, Therapeutic Potential, and Clinical Applications",review,Hallucinogens,C0018533,MSH,Pharmacologic Substance | Hazardous or Poisonous Substance,umls_exact,9.53,medical UMLS concept found; HBI umbrella requires review,,Pharmacology and Therapeutics,versioned LinkedIn expertise lexicon
49763fcc-eef0-4d5c-b7b6-e50306059e11,Stress,medical,research_area,Mental Health and Psychiatry,linkedin_expertise_lexicon_v1,linkedin_publication_title,2,1,0,8.0,publish,"The Intersection of Psychedelics and Stress: Possible Mechanisms, Therapeutic Potential, and Clinical Applications || The impact of acute stress on endocannabinoids in healthy humans",review,Stress bismuth subsalicylate,C0723460,MTH,Organic Chemical | Pharmacologic Substance,umls_exact,9.28,medical UMLS concept found without a MeSH representation,,Mental Health and Psychiatry,versioned LinkedIn expertise lexicon
49763fcc-eef0-4d5c-b7b6-e50306059e11,Cannabis,medical,research_area,Pharmacology and Therapeutics,linkedin_expertise_lexicon_v1,linkedin_publication_title,1,1,2026,7.75,publish,"Hazardous Cannabis Use Among University Students: Understanding Differences in Modes, Patterns and Motivations Related to Use.",review,Cannabis,D002188,MSH,,mesh_fallback,10.0,local MeSH fallback after broad UMLS candidate search,,Pharmacology and Therapeutics,versioned LinkedIn expertise lexicon
49763fcc-eef0-4d5c-b7b6-e50306059e11,Clinical Trials,health,method,Clinical and Translational Research,linkedin_expertise_lexicon_v1,linkedin_publication_title,1,1,0,7.75,publish,Psychedelic-assisted therapies for substance use disorders: Evidence from clinical trials,review,Clinical Trials as Topic,C0008976,MSH,Research Activity,umls_exact,9.33,medical UMLS concept found; HBI umbrella requires review,,Clinical and Translational Research,versioned LinkedIn expertise lexicon
49763fcc-eef0-4d5c-b7b6-e50306059e11,Endocannabinoid System,medical,research_area,Pharmacology and Therapeutics,linkedin_expertise_lexicon_v1,linkedin_publication_title,1,1,0,7.75,publish,The impact of acute stress on endocannabinoids in healthy humans,unresolved,,,,,,0.0,no sufficiently similar medical UMLS or MeSH concept,,Pharmacology and Therapeutics,versioned LinkedIn expertise lexicon
49763fcc-eef0-4d5c-b7b6-e50306059e11,Mental Health,medical,research_area,Mental Health and Psychiatry,linkedin_expertise_lexicon_v1,linkedin_publication_title,1,1,2025,7.75,publish,Mental health and coping among graduate students during the COVID-19 pandemic: a gender-based analysis,accepted,Mental Health,C0025353,MSH,Mental Process,umls_exact,9.53,filtered UMLS concept with curated HBI umbrella,Mental Health,Mental Health and Psychiatry,versioned LinkedIn expertise lexicon
49763fcc-eef0-4d5c-b7b6-e50306059e11,Substance Use Disorders,medical,research_area,Mental Health and Psychiatry,linkedin_expertise_lexicon_v1,linkedin_publication_title,1,1,0,7.75,publish,Psychedelic-assisted therapies for substance use disorders: Evidence from clinical trials,accepted,"Disorder, Substance Use",C0038586,MSH,Mental or Behavioral Dysfunction,umls_exact,10.0,filtered UMLS concept with curated HBI umbrella,Mental Health,Mental Health and Psychiatry,versioned LinkedIn expertise lexicon
4ca5a463-1b29-4e01-a88b-e104f8a763ae,Neuroscience,medical,research_area,Neuroscience,linkedin_expertise_lexicon_v1,linkedin_experience_title_recent,1,1,2022,8.1,publish,"Research Science, Management, Collaborations, Medicine, Neuroscience | The University of British Columbia",accepted,Neurosciences,D009488,MSH,,mesh_fallback,9.7,local MeSH fallback after broad UMLS candidate search,Neuroscience and Neural Systems,Neuroscience,versioned LinkedIn expertise lexicon
4ca5a463-1b29-4e01-a88b-e104f8a763ae,Clinical Research,health,method,Clinical and Translational Research,linkedin_expertise_lexicon_v1,linkedin_experience_description_recent,2,1,2022,7.2,publish,"• Business development and Project Management: Established and managing local and international life science projects • Liaison to the Research protection, technology transfer, and other inter & intra-departmental offices. • Liaison to external institutions for projects, collaboration & fund share. • Established and managed clinical research and trials, material transfer agreements and non-disclosure agreements. • Identifying collaborations, opportunities for development & upcoming trends. • Management of over millions of dollars in awards annually from funding agencies, industry sponsors, and || • Business development and Project Management: Established and managed over 20 different business development projects per year. • Established the Center of Neuroregeneration comprising multiple laboratories generating new safety, animal and laboratory operations, and standard operating procedures, strategic development strategies and managing compliance. • Liaison to the Research protection, technology transfer, and other inter & intra-departmental offices. • Liaison to external institutions for projects, collaboration & fund share. • Established and managed clinical research and trials, mate",review,Clinical Study,C0008972,MSH,Research Activity,umls_exact,9.33,medical UMLS concept found; HBI umbrella requires review,,Clinical and Translational Research,versioned LinkedIn expertise lexicon
4ca5a463-1b29-4e01-a88b-e104f8a763ae,Drug Discovery,medical,research_area,,hbi_hybrid_accepted | hbi_hybrid_accepted,linkedin_experience_description_recent,1,1,2019,6.95,publish,"• Business development and Project Management: Established and managed over 20 different business development projects per year. • Established the Center of Neuroregeneration comprising multiple laboratories generating new safety, animal and laboratory operations, and standard operating procedures, strategic development strategies and managing compliance. • Liaison to the Research protection, technology transfer, and other inter & intra-departmental offices. • Liaison to external institutions for projects, collaboration & fund share. • Established and managed clinical research and trials, mate",review,Drug Discovery,C0920472,MSH,Research Activity,umls_exact,9.5,medical UMLS concept found; HBI umbrella requires review,,,
4ca5a463-1b29-4e01-a88b-e104f8a763ae,Photonics,quantum,research_area,Quantum Science and Technology,linkedin_expertise_lexicon_v1,linkedin_experience_description_recent,1,1,2022,6.95,publish,"• Business development and Project Management: Established and managing local and international life science projects • Liaison to the Research protection, technology transfer, and other inter & intra-departmental offices. • Liaison to external institutions for projects, collaboration & fund share. • Established and managed clinical research and trials, material transfer agreements and non-disclosure agreements. • Identifying collaborations, opportunities for development & upcoming trends. • Management of over millions of dollars in awards annually from funding agencies, industry sponsors, and",not_attempted,,,,,,0.0,UMLS skipped for cross-domain/tool term,,Quantum Science and Technology,versioned LinkedIn expertise lexicon
4d2317ef-afdf-416f-bbae-969aef2f648d,Clinical Research,health,method,Clinical and Translational Research,linkedin_expertise_lexicon_v1,linkedin_experience_description_current | linkedin_experience_title_current,2,2,2026,9.9,publish,"Co-Chair Clinical Research Unit | University of Calgary || Established in 2007, the Clinical Research Unit (CRU) is a faculty-wide core resource designed to facilitate research data acquisition, management and analytics, and opportunities for collaboration and education in clinical research. With a focus largely on data management, statistical and methodological support and big data and analytics, the CRU is a custodian for a variety of large and complex data resources, from highly confidential patient information to generic anonymized health information. In addition to facilitating data access and analytics, the CRU supports researchers by providing ",review,Clinical Study,C0008972,MSH,Research Activity,umls_exact,9.33,medical UMLS concept found; HBI umbrella requires review,,Clinical and Translational Research,versioned LinkedIn expertise lexicon
4d2317ef-afdf-416f-bbae-969aef2f648d,Epidemiology,health,research_area,Population and Public Health,linkedin_expertise_lexicon_v1,linkedin_experience_description_recent | linkedin_experience_title_current,4,2,2026,9.9,publish,"Professor Epidemiology of Infectious Disease | University of Calgary || The University of Calgary Biostatistics Centre (UCBC) is a multi-faculty initiative “housed” in the O’Brien Institute for Public Health, under the umbrella of the OIPH’s priority theme “Innovative Tools and Methods for Public Health.” The UCBC positions the University of Calgary as a leader in the development and application of biostatistical methodology for research problems on the cutting edge of biomedical research. Emphasis is placed on analyzing big data problems, and high-end computational and ‘statistical learning’ techniques (data science), in the context of, many of University’s exist || Professor Epidemiology and Farm Service | University of Prince Edward Island || Assoc. Professor Epidemiology and Farm Service | University of Prince Edward Island",review,Epidemiology,D004813,MSH,,mesh_fallback,10.0,local MeSH fallback after broad UMLS candidate search,,Population and Public Health,versioned LinkedIn expertise lexicon
4d2317ef-afdf-416f-bbae-969aef2f648d,Clinical Trials,health,method,Clinical and Translational Research,linkedin_expertise_lexicon_v1,linkedin_experience_description_current | linkedin_experience_description_recent,2,2,2026,8.6,publish,"Established in 2007, the Clinical Research Unit (CRU) is a faculty-wide core resource designed to facilitate research data acquisition, management and analytics, and opportunities for collaboration and education in clinical research. With a focus largely on data management, statistical and methodological support and big data and analytics, the CRU is a custodian for a variety of large and complex data resources, from highly confidential patient information to generic anonymized health information. In addition to facilitating data access and analytics, the CRU supports researchers by providing  || The University of Calgary Biostatistics Centre (UCBC) is a multi-faculty initiative “housed” in the O’Brien Institute for Public Health, under the umbrella of the OIPH’s priority theme “Innovative Tools and Methods for Public Health.” The UCBC positions the University of Calgary as a leader in the development and application of biostatistical methodology for research problems on the cutting edge of biomedical research. Emphasis is placed on analyzing big data problems, and high-end computational and ‘statistical learning’ techniques (data science), in the context of, many of University’s exist",review,Clinical Trials as Topic,C0008976,MSH,Research Activity,umls_exact,9.33,medical UMLS concept found; HBI umbrella requires review,,Clinical and Translational Research,versioned LinkedIn expertise lexicon
4d2317ef-afdf-416f-bbae-969aef2f648d,Social Factors,medical,research_area,,hbi_hybrid_accepted,linkedin_experience_description_current,1,1,2026,7.95,publish,"One Health at UCalgary (OH@UC) was founded in 2019 with funding as an emerging, cross-cutting research theme from the Office of the Vice-President (Research). We are committed to tackling complex problems at the convergence of people, animals, and the environment and the underlying economic and social factors that determine the opportunities for health across all ecosystems. Using a One Health approach we will develop research, training, and community engagement programs to meet that commitment.",review,Social Factors,D000083663,MSH,,mesh_fallback,10.0,local MeSH fallback after broad UMLS candidate search,,,
4d2317ef-afdf-416f-bbae-969aef2f648d,Biomedical Research,medical,research_area,,hbi_hybrid_accepted | hbi_hybrid_accepted | hbi_hybrid_accepted | hbi_hybrid_accepted | hbi_hybrid_accepted | hbi_hybrid_accepted,linkedin_experience_description_recent,1,1,2023,6.95,publish,"The University of Calgary Biostatistics Centre (UCBC) is a multi-faculty initiative “housed” in the O’Brien Institute for Public Health, under the umbrella of the OIPH’s priority theme “Innovative Tools and Methods for Public Health.” The UCBC positions the University of Calgary as a leader in the development and application of biostatistical methodology for research problems on the cutting edge of biomedical research. Emphasis is placed on analyzing big data problems, and high-end computational and ‘statistical learning’ techniques (data science), in the context of, many of University’s exist",review,Biomedical Research,C0005540,MSH,Research Activity,umls_exact,9.5,medical UMLS concept found; HBI umbrella requires review,,,
4d2317ef-afdf-416f-bbae-969aef2f648d,Biostatistics,health,research_area,Population and Public Health,linkedin_expertise_lexicon_v1,linkedin_experience_description_recent,1,1,2023,6.95,publish,"The University of Calgary Biostatistics Centre (UCBC) is a multi-faculty initiative “housed” in the O’Brien Institute for Public Health, under the umbrella of the OIPH’s priority theme “Innovative Tools and Methods for Public Health.” The UCBC positions the University of Calgary as a leader in the development and application of biostatistical methodology for research problems on the cutting edge of biomedical research. Emphasis is placed on analyzing big data problems, and high-end computational and ‘statistical learning’ techniques (data science), in the context of, many of University’s exist",review,Biostatistics,C2717898,MSH,Research Activity,umls_exact,9.33,medical UMLS concept found; HBI umbrella requires review,,Population and Public Health,versioned LinkedIn expertise lexicon
4d2317ef-afdf-416f-bbae-969aef2f648d,Data Science,computing,method,Artificial Intelligence and Data Science,linkedin_expertise_lexicon_v1,linkedin_experience_description_recent,1,1,2023,6.95,publish,"The University of Calgary Biostatistics Centre (UCBC) is a multi-faculty initiative “housed” in the O’Brien Institute for Public Health, under the umbrella of the OIPH’s priority theme “Innovative Tools and Methods for Public Health.” The UCBC positions the University of Calgary as a leader in the development and application of biostatistical methodology for research problems on the cutting edge of biomedical research. Emphasis is placed on analyzing big data problems, and high-end computational and ‘statistical learning’ techniques (data science), in the context of, many of University’s exist",not_attempted,,,,,,0.0,UMLS skipped for cross-domain/tool term,,Artificial Intelligence and Data Science,versioned LinkedIn expertise lexicon
4d2317ef-afdf-416f-bbae-969aef2f648d,Genetics,medical,research_area,Genetics and Genomics,hbi_hybrid_accepted | hbi_hybrid_accepted | hbi_hybrid_accepted | hbi_hybrid_accepted | hbi_hybrid_accepted | hbi_hybrid_accepted | hbi_hybrid_accepted | hbi_hybrid_accepted | hbi_hybrid_accepted,linkedin_experience_description_recent,1,1,2023,6.95,publish,"The University of Calgary Biostatistics Centre (UCBC) is a multi-faculty initiative “housed” in the O’Brien Institute for Public Health, under the umbrella of the OIPH’s priority theme “Innovative Tools and Methods for Public Health.” The UCBC positions the University of Calgary as a leader in the development and application of biostatistical methodology for research problems on the cutting edge of biomedical research. Emphasis is placed on analyzing big data problems, and high-end computational and ‘statistical learning’ techniques (data science), in the context of, many of University’s exist",accepted,Genetics,D005823,MSH,,mesh_fallback,10.0,local MeSH fallback after broad UMLS candidate search,Genetics and Genomics,Genetics and Genomics,versioned LinkedIn expertise lexicon
4d2317ef-afdf-416f-bbae-969aef2f648d,Public Health,medical,research_area,Population and Public Health,hbi_hybrid_accepted | hbi_hybrid_accepted | hbi_hybrid_accepted | hbi_hybrid_accepted | hbi_hybrid_accepted,linkedin_experience_description_recent,1,1,2023,6.95,publish,"The University of Calgary Biostatistics Centre (UCBC) is a multi-faculty initiative “housed” in the O’Brien Institute for Public Health, under the umbrella of the OIPH’s priority theme “Innovative Tools and Methods for Public Health.” The UCBC positions the University of Calgary as a leader in the development and application of biostatistical methodology for research problems on the cutting edge of biomedical research. Emphasis is placed on analyzing big data problems, and high-end computational and ‘statistical learning’ techniques (data science), in the context of, many of University’s exist",accepted,Public Health,D011634,MSH,,mesh_fallback,10.0,local MeSH fallback after broad UMLS candidate search,Population and Public Health,Population and Public Health,versioned LinkedIn expertise lexicon
5113b5b0-63d8-40cf-ae2e-561c3cd83dff,Psychology,health,research_area,Cognition and Behaviour,linkedin_expertise_lexicon_v1,linkedin_experience_title_current,1,1,2026,9.3,publish,Assistant Professor of Psychology | St. Mary's University,review,Psychology,D011584,MSH,,mesh_fallback,10.0,local MeSH fallback after broad UMLS candidate search,,Cognition and Behaviour,versioned LinkedIn expertise lexicon
5113b5b0-63d8-40cf-ae2e-561c3cd83dff,Bipolar Disorder,medical,research_area,Mental Health,hbi_hybrid_accepted | hbi_hybrid_accepted | hbi_hybrid_accepted | hbi_hybrid_accepted | hbi_hybrid_accepted | hbi_hybrid_accepted,linkedin_about,1,1,0,8.55,publish,"I am interested in building pedictive models for serious mental illnesses like schizophrenia, bipolar disorder, and MDD.",accepted,Bipolar Disorder,C0005586,MSH,Mental or Behavioral Dysfunction,umls_exact,10.0,filtered UMLS concept with curated HBI umbrella,Mental Health,Mental Health,versioned LinkedIn expertise lexicon
5113b5b0-63d8-40cf-ae2e-561c3cd83dff,Schizophrenia,medical,research_area,Mental Health and Psychiatry,linkedin_expertise_lexicon_v1,linkedin_about,1,1,0,8.55,publish,"I am interested in building pedictive models for serious mental illnesses like schizophrenia, bipolar disorder, and MDD.",accepted,Schizophrenia,C0036341,MSH,Mental or Behavioral Dysfunction,umls_exact,10.0,filtered UMLS concept with curated HBI umbrella,Mental Health,Mental Health and Psychiatry,versioned LinkedIn expertise lexicon
56a1930b-86d2-43fd-8ba5-cf49dddd7b32,Psychology,health,research_area,Cognition and Behaviour,linkedin_expertise_lexicon_v1,linkedin_about | linkedin_headline,2,2,0,9.9,publish,"Psychology Student at UCalgary | Arts and Science Honours Academy | Horatio Alger Scholar 25 || I am a first year psychology student at the University of Calgary. I could say a lot in this bio but the description with the greatest potency in the least amount of words is this: asking stupid questions has served me well. I love learning, whenever I can; everything I do reflects that.",review,Psychology,D011584,MSH,,mesh_fallback,10.0,local MeSH fallback after broad UMLS candidate search,,Cognition and Behaviour,versioned LinkedIn expertise lexicon
56a1930b-86d2-43fd-8ba5-cf49dddd7b32,Research Design,health,method,Research Methods and Practice,linkedin_expertise_lexicon_v1,linkedin_skill,1,1,0,9.9,publish,Research Design,review,Research Design,C0035171,MSH,Research Activity,umls_exact,9.33,medical UMLS concept found; HBI umbrella requires review,,Research Methods and Practice,versioned LinkedIn expertise lexicon
59f1baa7-c47e-4120-aab8-90de02a38acf,Artificial Intelligence,computing,method,Artificial Intelligence and Data Science,linkedin_expertise_lexicon_v1,linkedin_about | linkedin_experience_description_recent | linkedin_skill,3,3,2024,9.9,publish,"With the explosion of Remote Sensing (RS) data, fast market growth is bottlenecked by the lack of intelligent analytics that can automatically transfer large-volume, ever-increasing, noisy, heterogeneous raw RS data into compact, real-time, value-added information products. I tailor-design cutting-edge AI solutions to enable automatic generation of scalable RS information products in a high-precision, fast and cost-effective manner to better support various key applications in environmental monitoring, climate change studies and resource exploration. I have strong expertise on AI and machine l || AI and machine learning || Mapping sea ice with artificial intelligence | Water Institute",not_attempted,,,,,,0.0,UMLS skipped for cross-domain/tool term,,Artificial Intelligence and Data Science,versioned LinkedIn expertise lexicon
59f1baa7-c47e-4120-aab8-90de02a38acf,Machine Learning,computing,method,Artificial Intelligence and Data Science,linkedin_expertise_lexicon_v1,linkedin_about | linkedin_skill,2,2,0,9.9,publish,"With the explosion of Remote Sensing (RS) data, fast market growth is bottlenecked by the lack of intelligent analytics that can automatically transfer large-volume, ever-increasing, noisy, heterogeneous raw RS data into compact, real-time, value-added information products. I tailor-design cutting-edge AI solutions to enable automatic generation of scalable RS information products in a high-precision, fast and cost-effective manner to better support various key applications in environmental monitoring, climate change studies and resource exploration. I have strong expertise on AI and machine l || AI and machine learning",not_attempted,,,,,,0.0,UMLS skipped for cross-domain/tool term,,Artificial Intelligence and Data Science,versioned LinkedIn expertise lexicon
59f1baa7-c47e-4120-aab8-90de02a38acf,Convolutional Neural Networks,computing,method,Artificial Intelligence and Data Science,linkedin_expertise_lexicon_v1,linkedin_publication_title,1,1,2022,7.75,publish,BCUN: Bayesian Fully Convolutional Neural Network for Hyperspectral Spectral Unmixing,not_attempted,,,,,,0.0,UMLS skipped for cross-domain/tool term,,Artificial Intelligence and Data Science,versioned LinkedIn expertise lexicon
59f1baa7-c47e-4120-aab8-90de02a38acf,Neural Networks,computing,method,Artificial Intelligence and Data Science,linkedin_expertise_lexicon_v1,linkedin_publication_title,1,1,2022,7.75,publish,BCUN: Bayesian Fully Convolutional Neural Network for Hyperspectral Spectral Unmixing,not_attempted,,,,,,0.0,UMLS skipped for cross-domain/tool term,,Artificial Intelligence and Data Science,versioned LinkedIn expertise lexicon
61d6dada-0d7d-4b02-8c05-7dc3816c9a49,Mathematics,science,research_area,Physical and Mathematical Sciences,linkedin_expertise_lexicon_v1,linkedin_experience_title_current | linkedin_experience_title_recent | linkedin_skill,3,3,2026,9.9,publish,Mathematics Education || Mathematics Tutor | Self Employed || Mathematics and Science Tutor | Tutor Doctor - Calgary,review,Mathematics,D008433,MSH,,mesh_fallback,10.0,local MeSH fallback after broad UMLS candidate search,,Physical and Mathematical Sciences,versioned LinkedIn expertise lexicon
61d6dada-0d7d-4b02-8c05-7dc3816c9a49,Dosing and Drug Administration,unmapped,candidate,,dynamic_explicit_phrase,linkedin_skill,1,1,0,9.75,publish,Dosing and Drug Administration,accepted,Pharmaceutical Preparations,C0013227,MSH,Pharmacologic Substance,umls_exact,10.0,filtered UMLS concept with curated HBI umbrella,Pharmacology and Therapeutics,Pharmacology and Therapeutics,MeSH hierarchy
61d6dada-0d7d-4b02-8c05-7dc3816c9a49,Autism Spectrum Disorders,medical,research_area,Neurodevelopment and Pediatric Health,linkedin_expertise_lexicon_v1,linkedin_experience_description_current,1,1,2026,7.95,publish,"Researcher in Dr. Ning Cheng’s lab through MDSC 528, investigating ERK pathway activation through Western blot analysis in Fragile X mouse models to better understand its link to autism spectrum disorder.",accepted,Autism Spectrum Disorder,C1510586,MSH,Mental or Behavioral Dysfunction,umls_exact,10.0,filtered UMLS concept with curated HBI umbrella,Mental Health,Neurodevelopment and Pediatric Health,versioned LinkedIn expertise lexicon
62fa7380-8183-42fe-a930-117c70326e50,Data Analysis,computing,method,Artificial Intelligence and Data Science,linkedin_expertise_lexicon_v1,linkedin_skill,1,1,0,9.9,publish,Data Analysis,not_attempted,,,,,,0.0,UMLS skipped for cross-domain/tool term,,Artificial Intelligence and Data Science,versioned LinkedIn expertise lexicon
63786a31-72e1-4fab-a6ce-cf85ad72db2f,Data Analysis,computing,method,Artificial Intelligence and Data Science,linkedin_expertise_lexicon_v1,linkedin_skill,1,1,0,9.9,publish,Statistical Data Analysis,not_attempted,,,,,,0.0,UMLS skipped for cross-domain/tool term,,Artificial Intelligence and Data Science,versioned LinkedIn expertise lexicon
63786a31-72e1-4fab-a6ce-cf85ad72db2f,TensorFlow,computing,tool,Artificial Intelligence and Data Science,linkedin_expertise_lexicon_v1,linkedin_skill,1,1,0,9.9,publish,TensorFlow,not_attempted,,,,,,0.0,UMLS skipped for cross-domain/tool term,,Artificial Intelligence and Data Science,versioned LinkedIn expertise lexicon
63786a31-72e1-4fab-a6ce-cf85ad72db2f,Biomedical Engineering,engineering,research_area,Biomedical Engineering,linkedin_expertise_lexicon_v1,linkedin_headline,1,1,0,9.55,publish,MSc - Biomedical Engineering @ University of Calgary | BHSc - Bioinformatics Honours,not_attempted,,,,,,0.0,UMLS skipped for cross-domain/tool term,,Biomedical Engineering,versioned LinkedIn expertise lexicon
639a2e46-1f1b-4d39-bf3e-786c15609979,Intellectual Disability,medical,research_area,,hbi_hybrid_accepted,linkedin_experience_description_current,1,1,2026,7.95,publish,"As a member of the Affiliate Management Committee, I am responsible for ensuring that there is a clear vision for Special Olympics Calgary that is founded in championing the health and social benefits afforded to Calgarians with an intellectual disability through the Special Olympics programs offered.",review,Intellectual Disability,C3714756,MSH,Mental or Behavioral Dysfunction,umls_exact,9.83,medical UMLS concept found; HBI umbrella requires review,,,
639a2e46-1f1b-4d39-bf3e-786c15609979,Retina,medical,research_area,Vision and Eye Health,hbi_hybrid_accepted,linkedin_experience_description_recent,1,1,2019,6.95,publish,"Over the summers of 2017, 2018, and 2019, I was a summer research student for the Calgary Retina Consultants. For my project, I completed a retrospective chart review of patients who had received surgical treatment for bilateral rhegmatogenous retinal detachments (RRD). The purpose of this work was to better understand how bilateral RRD presented in the clinic, as it is an extremely rare condition. Additionally, my project sought to determine which surgical repair methods provided the best visual outcomes at one-year post-operation.",accepted,Retina,C0035298,MSH,"Body Part, Organ, or Organ Component",umls_exact,9.8,filtered UMLS concept with curated HBI umbrella,Vision and Eye Health,Vision and Eye Health,versioned LinkedIn expertise lexicon
639a2e46-1f1b-4d39-bf3e-786c15609979,Robotics,engineering,technology,Neuroengineering and Medical Technology,linkedin_expertise_lexicon_v1,linkedin_experience_description_recent,1,1,2022,6.95,publish,"The focus of my thesis was the use of robotics to better understand and rehabilitate arm function in stroke survivors. Specifically, I looked at the ipsilesional arm in stroke survivors (often referred to as the ""less-affected"" arm), and how movement deficits in this arm presented and changed in the first 6-months following stroke. Ipsilesional deficits were previously overlooked in stroke rehabilitation, often being cited as ""insignificantly contributing"" to overall motor impairment following stroke. As a result, my work presented an exciting opportunity to provide clinicians with much needed",not_attempted,,,,,,0.0,UMLS skipped for cross-domain/tool term,,Neuroengineering and Medical Technology,versioned LinkedIn expertise lexicon
639a2e46-1f1b-4d39-bf3e-786c15609979,Stroke,medical,research_area,Neurological and Neurodegenerative Disorders,linkedin_expertise_lexicon_v1,linkedin_experience_description_recent,1,1,2022,6.95,publish,"The focus of my thesis was the use of robotics to better understand and rehabilitate arm function in stroke survivors. Specifically, I looked at the ipsilesional arm in stroke survivors (often referred to as the ""less-affected"" arm), and how movement deficits in this arm presented and changed in the first 6-months following stroke. Ipsilesional deficits were previously overlooked in stroke rehabilitation, often being cited as ""insignificantly contributing"" to overall motor impairment following stroke. As a result, my work presented an exciting opportunity to provide clinicians with much needed",accepted,Stroke,C0038454,MSH,Disease or Syndrome,umls_exact,9.73,filtered UMLS concept with curated HBI umbrella,Cardiovascular Health,Neurological and Neurodegenerative Disorders,versioned LinkedIn expertise lexicon
639a2e46-1f1b-4d39-bf3e-786c15609979,Stroke Rehabilitation,medical,research_area,Rehabilitation,hbi_hybrid_accepted,linkedin_experience_description_recent,1,1,2022,6.95,publish,"The focus of my thesis was the use of robotics to better understand and rehabilitate arm function in stroke survivors. Specifically, I looked at the ipsilesional arm in stroke survivors (often referred to as the ""less-affected"" arm), and how movement deficits in this arm presented and changed in the first 6-months following stroke. Ipsilesional deficits were previously overlooked in stroke rehabilitation, often being cited as ""insignificantly contributing"" to overall motor impairment following stroke. As a result, my work presented an exciting opportunity to provide clinicians with much needed",accepted,Stroke Rehabilitation,C0204097,MSH,Therapeutic or Preventive Procedure,umls_exact,10.0,filtered UMLS concept with curated HBI umbrella,Rehabilitation,Rehabilitation,versioned LinkedIn expertise lexicon
65d6a6cf-d455-43a7-924b-1d1b25bb37d1,Clinical Research,health,method,Clinical and Translational Research,linkedin_expertise_lexicon_v1,linkedin_skill,1,1,0,9.9,publish,Clinical Research,review,Clinical Study,C0008972,MSH,Research Activity,umls_exact,9.33,medical UMLS concept found; HBI umbrella requires review,,Clinical and Translational Research,versioned LinkedIn expertise lexicon
65d6a6cf-d455-43a7-924b-1d1b25bb37d1,Neuroscience,medical,research_area,Neuroscience,linkedin_expertise_lexicon_v1,linkedin_skill,1,1,0,9.9,publish,Neuroscience,accepted,Neurosciences,D009488,MSH,,mesh_fallback,9.7,local MeSH fallback after broad UMLS candidate search,Neuroscience and Neural Systems,Neuroscience,versioned LinkedIn expertise lexicon
65d6a6cf-d455-43a7-924b-1d1b25bb37d1,Artificial Intelligence,computing,method,Artificial Intelligence and Data Science,linkedin_expertise_lexicon_v1,linkedin_headline,1,1,0,9.55,publish,"Incoming MS1, UofA | Co-Founder, Society for AI Literacy",not_attempted,,,,,,0.0,UMLS skipped for cross-domain/tool term,,Artificial Intelligence and Data Science,versioned LinkedIn expertise lexicon
67131b7a-94c9-4634-a781-207a798c7e7f,Clinical Neuroscience,medical,clinical_specialty,Neuroscience,linkedin_expertise_lexicon_v1,linkedin_experience_title_current,1,1,2026,9.3,publish,Undergraduate Research Assistant - Department of Clinical Neurosciences (Ganesh Lab) | Hotchkiss Brain Institute,accepted,Neurosciences,D009488,MSH,,mesh_fallback,9.7,local MeSH fallback after broad UMLS candidate search,Neuroscience and Neural Systems,Neuroscience,versioned LinkedIn expertise lexicon
67131b7a-94c9-4634-a781-207a798c7e7f,Neuroscience,medical,research_area,Neuroscience,linkedin_expertise_lexicon_v1,linkedin_experience_title_current,1,1,2026,9.3,publish,Undergraduate Research Assistant - Department of Clinical Neurosciences (Ganesh Lab) | Hotchkiss Brain Institute,accepted,Neurosciences,D009488,MSH,,mesh_fallback,9.7,local MeSH fallback after broad UMLS candidate search,Neuroscience and Neural Systems,Neuroscience,versioned LinkedIn expertise lexicon
67131b7a-94c9-4634-a781-207a798c7e7f,Genetics,medical,research_area,Genetics and Genomics,hbi_hybrid_accepted | hbi_hybrid_accepted | hbi_hybrid_accepted | hbi_hybrid_accepted | hbi_hybrid_accepted | hbi_hybrid_accepted | hbi_hybrid_accepted | hbi_hybrid_accepted | hbi_hybrid_accepted,linkedin_publication_title,1,1,2026,7.75,publish,"Raynaud’s Phenomenon Uncovered: Symptoms, Genetics, and Heart Implications",accepted,Genetics,D005823,MSH,,mesh_fallback,10.0,local MeSH fallback after broad UMLS candidate search,Genetics and Genomics,Genetics and Genomics,versioned LinkedIn expertise lexicon
67131b7a-94c9-4634-a781-207a798c7e7f,Stroke,medical,research_area,Neurological and Neurodegenerative Disorders,linkedin_expertise_lexicon_v1,linkedin_publication_title,1,1,2025,7.75,publish,EVALUATING THE PREDICTIVE VALIDITY AND DISCRIMINATORY POWER OF CLINICAL RISK SCORES FOR RECURRENT CEREBROVASCULAR EVENTS USING ROUTINELY COLLECTED STROKE AND TIA PATIENT DATA,accepted,Stroke,C0038454,MSH,Disease or Syndrome,umls_exact,9.73,filtered UMLS concept with curated HBI umbrella,Cardiovascular Health,Neurological and Neurodegenerative Disorders,versioned LinkedIn expertise lexicon
68c33bb0-415b-414f-88f4-6834e2e24d3f,Bioengineering,engineering,research_area,Biomedical Engineering,linkedin_expertise_lexicon_v1,linkedin_about | linkedin_experience_title_recent,2,2,2018,9.55,publish,"I am a registered Professional Engineer in the Province of Alberta, and an experienced educator and researcher with expertise in chemical, biochemical and biomedical engineering. My research interests involve the use of fundamental chemical engineering principles to solve problems in the area of applied biology. The intersection of disciplines offers me the opportunity to work on a range of interesting and collaborative projects. I am developing bioreactor-based protocols to scale-up the production of adult stem cell populations and their differentiated progeny for use in tissue repair and reg || Director (Interim), Centre for Bioengineering Research and Education | University of Calgary",not_attempted,,,,,,0.0,UMLS skipped for cross-domain/tool term,,Biomedical Engineering,versioned LinkedIn expertise lexicon
68c33bb0-415b-414f-88f4-6834e2e24d3f,Physics,science,research_area,Physical and Mathematical Sciences,linkedin_expertise_lexicon_v1,linkedin_headline,1,1,0,9.55,publish,"Professor | UCalgary Research Excellence Chair | Director, Schulich Energy Momentum | Co-Founder, EnviCore | Associate Editor, Physics of Fluids",review,Physics,D010825,MSH,,mesh_fallback,10.0,local MeSH fallback after broad UMLS candidate search,,Physical and Mathematical Sciences,versioned LinkedIn expertise lexicon
68c33bb0-415b-414f-88f4-6834e2e24d3f,Biomedical Engineering,engineering,research_area,Biomedical Engineering,linkedin_expertise_lexicon_v1,linkedin_about,1,1,0,8.55,publish,"I am a registered Professional Engineer in the Province of Alberta, and an experienced educator and researcher with expertise in chemical, biochemical and biomedical engineering. My research interests involve the use of fundamental chemical engineering principles to solve problems in the area of applied biology. The intersection of disciplines offers me the opportunity to work on a range of interesting and collaborative projects. I am developing bioreactor-based protocols to scale-up the production of adult stem cell populations and their differentiated progeny for use in tissue repair and reg",not_attempted,,,,,,0.0,UMLS skipped for cross-domain/tool term,,Biomedical Engineering,versioned LinkedIn expertise lexicon
68c33bb0-415b-414f-88f4-6834e2e24d3f,Tissue Engineering,medical,research_area,,hbi_hybrid_accepted,linkedin_about,1,1,0,8.55,publish,"I am a registered Professional Engineer in the Province of Alberta, and an experienced educator and researcher with expertise in chemical, biochemical and biomedical engineering. My research interests involve the use of fundamental chemical engineering principles to solve problems in the area of applied biology. The intersection of disciplines offers me the opportunity to work on a range of interesting and collaborative projects. I am developing bioreactor-based protocols to scale-up the production of adult stem cell populations and their differentiated progeny for use in tissue repair and reg",review,Tissue Engineering,C0596171,MSH,Therapeutic or Preventive Procedure,umls_exact,9.9,medical UMLS concept found; HBI umbrella requires review,,,
6da8654b-0024-4612-b1bc-7bb110709506,Data Analysis,computing,method,Artificial Intelligence and Data Science,linkedin_expertise_lexicon_v1,linkedin_skill,1,1,0,9.9,publish,Data Analysis,not_attempted,,,,,,0.0,UMLS skipped for cross-domain/tool term,,Artificial Intelligence and Data Science,versioned LinkedIn expertise lexicon
6da8654b-0024-4612-b1bc-7bb110709506,Biological Sciences,science,research_area,Physiology and Systems Biology,linkedin_expertise_lexicon_v1,linkedin_headline,1,1,0,9.55,publish,"BSc Biological Sciences, University of Calgary | Researcher at the Hotchkiss Brain Institute",review,Biological Science Disciplines,D001690,MSH,,mesh_fallback,9.0,local MeSH fallback after broad UMLS candidate search,,Physiology and Systems Biology,versioned LinkedIn expertise lexicon
778f461f-2111-46bb-9a89-f85ae4e0bc64,Artificial Intelligence,computing,method,Artificial Intelligence and Data Science,linkedin_expertise_lexicon_v1,linkedin_about | linkedin_about_explicit,2,2,0,9.9,publish,"As a Software Developer & Data Scientist specializing in health tech, I build scalable, production-grade software that seamlessly integrates advanced AI and machine learning capabilities into clinical workflows. Currently developing robust software systems at the University of Calgary, my expertise lies at the intersection of full-stack software architecture and applied AI. I focus on transforming complex clinical datasets and Electronic Health Records (EHR) into reliable, high-performance applications that improve patient outcomes. Key Highlights & Expertise: -AI-Applied Software Engineering:",not_attempted,,,,,,0.0,UMLS skipped for cross-domain/tool term,,Artificial Intelligence and Data Science,versioned LinkedIn expertise lexicon
778f461f-2111-46bb-9a89-f85ae4e0bc64,Machine Learning,computing,method,Artificial Intelligence and Data Science,linkedin_expertise_lexicon_v1,linkedin_about | linkedin_about_explicit,2,2,0,9.9,publish,"As a Software Developer & Data Scientist specializing in health tech, I build scalable, production-grade software that seamlessly integrates advanced AI and machine learning capabilities into clinical workflows. Currently developing robust software systems at the University of Calgary, my expertise lies at the intersection of full-stack software architecture and applied AI. I focus on transforming complex clinical datasets and Electronic Health Records (EHR) into reliable, high-performance applications that improve patient outcomes. Key Highlights & Expertise: -AI-Applied Software Engineering:",not_attempted,,,,,,0.0,UMLS skipped for cross-domain/tool term,,Artificial Intelligence and Data Science,versioned LinkedIn expertise lexicon
778f461f-2111-46bb-9a89-f85ae4e0bc64,health tech,unmapped,candidate,,dynamic_explicit_phrase,linkedin_about_explicit,1,1,0,9.35,publish,"As a Software Developer & Data Scientist specializing in health tech, I build scalable, production-grade software that seamlessly integrates advanced AI and machine learning capabilities into clinical workflows. Currently developing robust software systems at the University of Calgary, my expertise lies at the intersection of full-stack software architecture and applied AI. I focus on transforming complex clinical datasets and Electronic Health Records (EHR) into reliable, high-performance applications that improve patient outcomes. Key Highlights & Expertise: -AI-Applied Software Engineering:",unresolved,,,,,,0.0,no sufficiently similar medical UMLS or MeSH concept,,,
778f461f-2111-46bb-9a89-f85ae4e0bc64,Data Science,computing,method,Artificial Intelligence and Data Science,linkedin_expertise_lexicon_v1,linkedin_about,1,1,0,8.55,publish,"As a Software Developer & Data Scientist specializing in health tech, I build scalable, production-grade software that seamlessly integrates advanced AI and machine learning capabilities into clinical workflows. Currently developing robust software systems at the University of Calgary, my expertise lies at the intersection of full-stack software architecture and applied AI. I focus on transforming complex clinical datasets and Electronic Health Records (EHR) into reliable, high-performance applications that improve patient outcomes. Key Highlights & Expertise: -AI-Applied Software Engineering:",not_attempted,,,,,,0.0,UMLS skipped for cross-domain/tool term,,Artificial Intelligence and Data Science,versioned LinkedIn expertise lexicon
778f461f-2111-46bb-9a89-f85ae4e0bc64,PyTorch,computing,tool,Artificial Intelligence and Data Science,linkedin_expertise_lexicon_v1,linkedin_about,1,1,0,8.55,publish,"As a Software Developer & Data Scientist specializing in health tech, I build scalable, production-grade software that seamlessly integrates advanced AI and machine learning capabilities into clinical workflows. Currently developing robust software systems at the University of Calgary, my expertise lies at the intersection of full-stack software architecture and applied AI. I focus on transforming complex clinical datasets and Electronic Health Records (EHR) into reliable, high-performance applications that improve patient outcomes. Key Highlights & Expertise: -AI-Applied Software Engineering:",not_attempted,,,,,,0.0,UMLS skipped for cross-domain/tool term,,Artificial Intelligence and Data Science,versioned LinkedIn expertise lexicon
78215c93-f205-4d9e-a8f8-a873f47ed90b,Clinical Research,health,method,Clinical and Translational Research,linkedin_expertise_lexicon_v1,linkedin_skill,1,1,0,9.9,publish,Clinical Research,review,Clinical Study,C0008972,MSH,Research Activity,umls_exact,9.33,medical UMLS concept found; HBI umbrella requires review,,Clinical and Translational Research,versioned LinkedIn expertise lexicon
78215c93-f205-4d9e-a8f8-a873f47ed90b,Python,computing,tool,Artificial Intelligence and Data Science,linkedin_expertise_lexicon_v1,linkedin_experience_description_current | linkedin_skill,2,2,2026,9.9,publish,"Python (Programming Language) || JavaScript, Python (Programming Language) and +5 skills",not_attempted,,,,,,0.0,UMLS skipped for cross-domain/tool term,,Artificial Intelligence and Data Science,versioned LinkedIn expertise lexicon
78215c93-f205-4d9e-a8f8-a873f47ed90b,Prompt Engineering,unmapped,candidate,,dynamic_explicit_phrase,linkedin_skill,1,1,0,9.75,publish,Prompt Engineering,unresolved,,,,,,0.0,no sufficiently similar medical UMLS or MeSH concept,,,
78215c93-f205-4d9e-a8f8-a873f47ed90b,Artificial Intelligence,computing,method,Artificial Intelligence and Data Science,linkedin_expertise_lexicon_v1,linkedin_headline,1,1,0,9.55,publish,Co-Founder @ Society for AI Literacy | Research Associate @ Hotchkiss Brain Institute,not_attempted,,,,,,0.0,UMLS skipped for cross-domain/tool term,,Artificial Intelligence and Data Science,versioned LinkedIn expertise lexicon
78215c93-f205-4d9e-a8f8-a873f47ed90b,Clinical Neuroscience,medical,clinical_specialty,Neuroscience,linkedin_expertise_lexicon_v1,linkedin_experience_title_current,1,1,2026,9.3,publish,Technical Research Assistant - Clinical Neurosciences | University of Calgary,accepted,Neurosciences,D009488,MSH,,mesh_fallback,9.7,local MeSH fallback after broad UMLS candidate search,Neuroscience and Neural Systems,Neuroscience,versioned LinkedIn expertise lexicon
78215c93-f205-4d9e-a8f8-a873f47ed90b,Neuroscience,medical,research_area,Neuroscience,linkedin_expertise_lexicon_v1,linkedin_experience_title_current,1,1,2026,9.3,publish,Technical Research Assistant - Clinical Neurosciences | University of Calgary,accepted,Neurosciences,D009488,MSH,,mesh_fallback,9.7,local MeSH fallback after broad UMLS candidate search,Neuroscience and Neural Systems,Neuroscience,versioned LinkedIn expertise lexicon
79d2e96a-feb5-4c91-a1c4-b089333ae954,Biomedical Engineering,engineering,research_area,Biomedical Engineering,linkedin_expertise_lexicon_v1,linkedin_experience_title_current,1,1,2026,9.3,publish,Research Coordinator - Biomedical Engineering | University of Calgary,not_attempted,,,,,,0.0,UMLS skipped for cross-domain/tool term,,Biomedical Engineering,versioned LinkedIn expertise lexicon
7fedd5a7-fdd5-4e8b-b956-2783b161a1d8,Neurology,medical,research_area,Neuroscience and Neural Systems,hbi_hybrid_accepted | hbi_hybrid_accepted,linkedin_headline,1,1,0,9.55,publish,Neurology Researcher | Powerlifting Coach @ SOBC & SOAB,accepted,Neurology,D009462,MSH,,mesh_reviewed_alias,9.8,reviewed local alias plus MeSH hierarchy umbrella,Neuroscience and Neural Systems,Neuroscience and Neural Systems,versioned LinkedIn expertise lexicon
7fedd5a7-fdd5-4e8b-b956-2783b161a1d8,Disease Progression,medical,research_area,,hbi_hybrid_accepted,linkedin_publication_description,1,1,2025,6.95,publish,"This paper explores the roles of lipids—LDL, HDL, and triglycerides—in health and disease, emphasizing their contribution to atherosclerosis and cardiovascular risk. It also examines the causes, effects, and management strategies for dyslipidemia, highlighting both lifestyle interventions and pharmacological treatments used to improve lipid profiles and reduce disease progression. … more",review,Disease Progression,C0242656,MSH,Pathologic Function,umls_exact,9.6,medical UMLS concept found; HBI umbrella requires review,,,
8113edcb-7d34-4b96-ab2b-49f9e96ef448,Mental Health,medical,research_area,Mental Health and Psychiatry,linkedin_expertise_lexicon_v1,linkedin_experience_title_current | linkedin_headline | linkedin_skill,3,3,2026,9.9,publish,School Mental Health and MTSS Strategist | School Avoidance Specialist | National Presenter || Mental Health || Faculty- Napa Infant-Parent Mental Health Fellowship | UC Davis Continuing and Professional Education,accepted,Mental Health,C0025353,MSH,Mental Process,umls_exact,9.53,filtered UMLS concept with curated HBI umbrella,Mental Health,Mental Health and Psychiatry,versioned LinkedIn expertise lexicon
8113edcb-7d34-4b96-ab2b-49f9e96ef448,Psychology,health,research_area,Cognition and Behaviour,linkedin_expertise_lexicon_v1,linkedin_skill,1,1,0,9.9,publish,Psychology,review,Psychology,D011584,MSH,,mesh_fallback,10.0,local MeSH fallback after broad UMLS candidate search,,Cognition and Behaviour,versioned LinkedIn expertise lexicon
8113edcb-7d34-4b96-ab2b-49f9e96ef448,Therapeutics,medical,research_area,Pharmacology and Therapeutics,linkedin_expertise_lexicon_v1,linkedin_experience_description_recent | linkedin_experience_title_current,2,2,2026,9.9,publish,Neurosequential Model of Therapeutics Mentor | The Neurosequential Network || Certified in the Neurosequential Model of Therapeutics (2012),accepted,Therapeutics,C0087111,MSH,Therapeutic or Preventive Procedure,umls_exact,9.73,filtered UMLS concept with curated HBI umbrella,Pharmacology and Therapeutics,Pharmacology and Therapeutics,versioned LinkedIn expertise lexicon
835db8ff-2a81-4470-a51f-3a9567827e6b,Artificial Intelligence,computing,method,Artificial Intelligence and Data Science,linkedin_expertise_lexicon_v1,linkedin_experience_description_current | linkedin_headline,2,2,2026,9.9,publish,"Doctor of Philosophy (Ph.D.), Canada | Sessional Instructor I Electrical, Software, & Computer Engineer | 6G & AI Enthusiast | Alberta Innova || Alhamdulillah! 🙏 I am honored to be teaching as a Sessional Instructor for Explorations in Information Security and Privacy for Spring 2026 by the Department of Computer Science at the University of Calgary, Canada 🇨🇦. This course continues to engage a diverse cohort of undergraduate students ranging from 1st year to 5th year 🎓, exploring critical areas such as cybersecurity 🔐, ethical hacking 🧠⚔️, privacy laws ⚖️, AI-driven risks 🤖, and even the future of cryptographic security in the quantum era ⚛️ . As Albert Einstein once said, ""Education is not the learning of facts, but the training of t",not_attempted,,,,,,0.0,UMLS skipped for cross-domain/tool term,,Artificial Intelligence and Data Science,versioned LinkedIn expertise lexicon
835db8ff-2a81-4470-a51f-3a9567827e6b,Data Analysis,computing,method,Artificial Intelligence and Data Science,linkedin_expertise_lexicon_v1,linkedin_experience_description_current | linkedin_experience_title_current,5,2,2026,9.9,publish,"Alhamdulillah! 🙏 I am honoured to be teaching as the Doctoral Sessional Instructor for the TWO courses: Applied Optimization for Sustainable Design (Graduate M.Eng. Course)(2nd time) and Scalable Data Analytics (Upper-year Undergraduate Course) for the Upcoming Fall 2025 Term by the Department of Electrical and Software Engineering at the University of Calgary, Canada 🇨🇦. These courses serve a dynamic range of graduate and senior undergraduate students 🎓, and delve into the fascinating worlds of optimization for sustainable engineering—covering convex analysis, linear, integer, non-linear, and || Doctoral Sessional Instructor of Scalable Data Analytics | University of Calgary || I’m happy to share that I have been selected among 150 other applicants to teach the fundamentals of programming constructs, data structures and algorithm development, that facilitates data analytics, validation and visualization using Python and Machine Learning to first-year students in all engineering disciplines. #University_of_Calgary ❤🇨🇦😇✌ || Doctoral Teaching Assistant of Engineering Large Scale Data Analytics Systems - Fall 2023 | University of Calgary || I am blessed to share that I will be teaching this Big Scalable Data Analytics course to new M.Eng., M.Sc. and Ph.D. Students at the University of Calgary, which has several Industrial Applications. #University_Of_Calgary ✌️🇨🇦❤️",not_attempted,,,,,,0.0,UMLS skipped for cross-domain/tool term,,Artificial Intelligence and Data Science,versioned LinkedIn expertise lexicon
835db8ff-2a81-4470-a51f-3a9567827e6b,Signal Processing,engineering,method,Artificial Intelligence and Data Science,linkedin_expertise_lexicon_v1,linkedin_about | linkedin_experience_description_current | linkedin_experience_description_recent,6,3,2026,9.9,publish,"I hold a Doctor of Philosophy (Ph.D.) Degree with a 1st Class Top Ranking in Electrical and Computer Engineering from the University of Calgary, Canada. My doctoral thesis and research lie at the intersection of Artificial Intelligencedriven signal processing, data-driven optimization, and advanced wireless communications for 5G, 6G, and beyond, with a strong emphasis on energy-efficient transmission, high-mobility systems, and the integration of software optimization with reliable, energy-aware hardware implementation for embedded and sensor-based devices. My work reflects a balanced blend of || Alhamdulillah! 🙏 I am honoured to be teaching as a Sessional Instructor for the TWO upper-year Undergraduate Courses: Application-Specific Processors & Accelerators (for the Electrical and Software Engineering Department) and Explorations in Information Security and Privacy (2nd time)(for the Computer Science Department) for teaching over 250 students for the Upcoming Winter 2026 Term at the University of Calgary, Canada 🇨🇦. These courses serve a diverse and motivated cohort of senior undergraduate students 🎓 and engage deeply with two essential dimensions of modern computing systems: • Applic || Conducted full-time doctoral research focused on advanced theoretical and applied problems in wireless communications, signal processing, and data-driven optimization. - Designed and implemented mathematical models, simulations, and algorithmic frameworks for high-mobility 5G/6G communication systems. - Authored and published research in peer-reviewed IEEE journals and conferences, contributing novel methodologies and performance analyses. - Collaborated closely with faculty supervisors, research teams, and external partners on grant-funded projects and technical deliverables. - Presen",not_attempted,,,,,,0.0,UMLS skipped for cross-domain/tool term,,Artificial Intelligence and Data Science,versioned LinkedIn expertise lexicon
835db8ff-2a81-4470-a51f-3a9567827e6b,Computer Science,unmapped,candidate,,dynamic_explicit_phrase,linkedin_skill,1,1,0,9.75,publish,Computer Science,unresolved,,,,,,0.0,no sufficiently similar medical UMLS or MeSH concept,,,
835db8ff-2a81-4470-a51f-3a9567827e6b,Electrical Engineering,unmapped,candidate,,dynamic_explicit_phrase,linkedin_skill,1,1,0,9.75,publish,Electrical Engineering,review,"Assess and report electrical hazards to the responsible department (Physical Plant, Engineering Services, etc.)",C0548189,PCDS,Therapeutic or Preventive Procedure,umls_words,7.73,broad UMLS words result retained for manual review,,,
835db8ff-2a81-4470-a51f-3a9567827e6b,Neural Networks,computing,method,Artificial Intelligence and Data Science,linkedin_expertise_lexicon_v1,linkedin_publication_description | linkedin_publication_title,3,2,2025,8.65,publish,"Orthogonal frequency division multiplexing (OFDM) is a well-known modulation technique in wireless communications, due to its spectral efficiency and robustness against frequency-selective fading. Nevertheless, OFDM signals confront a significant challenge in the form of a high peak-to-average power ratio (PAPR), leading to distortion when transmitted through power amplifiers (PAs). This research introduces an artificial neural network-aided tone reservation with particle swarm optimization (ANN-TR-PSO) PAPR reduction technique to address this issue. The proposed method not only attains superi || Artificial Neural Network (ANN) based Classification of High and Low PAPR OFDM signals || In the upcoming era, 5G is expected to enhance communications in terms of high-speed data rate, low latency, and efficient power utilization. Orthogonal frequency division multiplexing (OFDM) is the modulation technique of 5G. However, OFDM suffers from a large peak-to-average power ratio (PAPR). This degrades the performance of the power amplifiers (PA). As a result, the PAPR deteriorates the overall power efficiency of the 5G system. So, it is often highly essential to find which type of OFDM signals results in high PAPR. This classification will enable PAPR reduction techniques such as Clip",not_attempted,,,,,,0.0,UMLS skipped for cross-domain/tool term,,Artificial Intelligence and Data Science,versioned LinkedIn expertise lexicon
835db8ff-2a81-4470-a51f-3a9567827e6b,Python,computing,tool,Artificial Intelligence and Data Science,linkedin_expertise_lexicon_v1,linkedin_experience_description_current | linkedin_publication_description,2,2,2026,8.6,publish,"I’m happy to share that I have been selected among 150 other applicants to teach the fundamentals of programming constructs, data structures and algorithm development, that facilitates data analytics, validation and visualization using Python and Machine Learning to first-year students in all engineering disciplines. #University_of_Calgary ❤🇨🇦😇✌ || Recently, the importance of channel coding has become prominent for next-generation 5G wireless communication networks. Channel coding is becoming an active area of research and scholars are aiming to improve their knowledge about channel coding schemes which will be playing a crucial part in high-performance 5G networks. polar codes are the class of channel coding techniques that have been standardized in 5G. Moreover, it is a fact that activity tool-based learning raises the learning efficiency and generates intrinsic motivation for learning. Therefore, the main motivation for designing this",not_attempted,,,,,,0.0,UMLS skipped for cross-domain/tool term,,Artificial Intelligence and Data Science,versioned LinkedIn expertise lexicon
835db8ff-2a81-4470-a51f-3a9567827e6b,Machine Learning,computing,method,Artificial Intelligence and Data Science,linkedin_expertise_lexicon_v1,linkedin_experience_description_current,2,1,2026,8.2,publish,"Alhamdulillah! 🙏 I am honoured to be teaching as a Sessional Instructor for the TWO upper-year Undergraduate Courses: Application-Specific Processors & Accelerators (for the Electrical and Software Engineering Department) and Explorations in Information Security and Privacy (2nd time)(for the Computer Science Department) for teaching over 250 students for the Upcoming Winter 2026 Term at the University of Calgary, Canada 🇨🇦. These courses serve a diverse and motivated cohort of senior undergraduate students 🎓 and engage deeply with two essential dimensions of modern computing systems: • Applic || I’m happy to share that I have been selected among 150 other applicants to teach the fundamentals of programming constructs, data structures and algorithm development, that facilitates data analytics, validation and visualization using Python and Machine Learning to first-year students in all engineering disciplines. #University_of_Calgary ❤🇨🇦😇✌",not_attempted,,,,,,0.0,UMLS skipped for cross-domain/tool term,,Artificial Intelligence and Data Science,versioned LinkedIn expertise lexicon
835db8ff-2a81-4470-a51f-3a9567827e6b,Medical Image Processing,engineering,method,Neuroimaging and Medical Imaging,linkedin_expertise_lexicon_v1,linkedin_experience_description_current,1,1,2026,7.95,publish,"I serve to teach Digital Communications as TA of my Advisor as part of my Master's Degree at the Faculty of Engineering, Chulalongkorn University. Digital Communications is the use of Digital Signal Processing (DSP), by computers and more specialized digital signal processors, to perform a variety of Digital Signal Processing. The Digital Signal processed in this manner are a sequence of numbers that represent sample of a continuous variable in a domain such as time, space and frequency. It has many uses in audio, speech processing, sonar, radar, sensor array, spectral density estimation, stat",not_attempted,,,,,,0.0,UMLS skipped for cross-domain/tool term,,Neuroimaging and Medical Imaging,versioned LinkedIn expertise lexicon
835db8ff-2a81-4470-a51f-3a9567827e6b,data-driven optimization,unmapped,candidate,,dynamic_explicit_phrase,linkedin_experience_description_current,1,1,2026,7.95,review,"Conducted full-time doctoral research focused on advanced theoretical and applied problems in wireless communications, signal processing, and data-driven optimization. - Designed and implemented mathematical models, simulations, and algorithmic frameworks for high-mobility 5G/6G communication systems. - Authored and published research in peer-reviewed IEEE journals and conferences, contributing novel methodologies and performance analyses. - Collaborated closely with faculty supervisors, research teams, and external partners on grant-funded projects and technical deliverables. - Presented rese",not_attempted,,,,,,0.0,Candidate held below declaration threshold,,,
83b39db3-81d5-4826-a845-78dd04233ffe,Biological Sciences,science,research_area,Physiology and Systems Biology,linkedin_expertise_lexicon_v1,linkedin_headline,1,1,0,9.55,publish,Master of Management Student Class of 2026 | Bachelor of Biological Sciences,review,Biological Science Disciplines,D001690,MSH,,mesh_fallback,9.0,local MeSH fallback after broad UMLS candidate search,,Physiology and Systems Biology,versioned LinkedIn expertise lexicon
87d34558-e6f5-49d9-a78f-32e3e073159d,Dementia,medical,research_area,Neurological and Neurodegenerative Disorders,linkedin_expertise_lexicon_v1,linkedin_about | linkedin_about_explicit | linkedin_publication_title,7,3,2025,9.9,publish,"I graduated with the Governor General's Silver medal from my honours degree in Neuroscience from the University of Calgary and am an MD student at the University of British Columbia. I am passionate about health advocacy and reducing the barriers to healthcare. I am a strong advocate for the destigmatization of mental health and providing mental health resources, particularly to marginalized communities. I am also interested in dementia care and geriatric medicine. As such, I have been conducting research on dementia markers at the University of Calgary and have contributed several first-autho || The cross-sectional associations between enlarged perivascular spaces and mild behavioral impairment in dementia-free older adults || Early life factors and dementia risk: A study of adverse childhood experiences and later-life cognition and behaviour || The mind and motion: exploring the interplay between physical activity and Mild Behavioral Impairment in dementia-free older adults || Longitudinal Associations Between Mild Behavioral Impairment, Sleep Disturbance, and Progression to Dementia || The effect of study partner characteristics on the reporting of neuropsychiatric symptoms in older adults with and without dementia",accepted,Dementia,C0497327,MSH,Mental or Behavioral Dysfunction,umls_exact,10.0,filtered UMLS concept with curated HBI umbrella,Neurological Disorders,Neurological and Neurodegenerative Disorders,versioned LinkedIn expertise lexicon
87d34558-e6f5-49d9-a78f-32e3e073159d,Mental Health,medical,research_area,Mental Health and Psychiatry,linkedin_expertise_lexicon_v1,linkedin_about | linkedin_experience_title_current,2,2,2026,9.9,publish,"I graduated with the Governor General's Silver medal from my honours degree in Neuroscience from the University of Calgary and am an MD student at the University of British Columbia. I am passionate about health advocacy and reducing the barriers to healthcare. I am a strong advocate for the destigmatization of mental health and providing mental health resources, particularly to marginalized communities. I am also interested in dementia care and geriatric medicine. As such, I have been conducting research on dementia markers at the University of Calgary and have contributed several first-autho || Mental Health Researcher | Mental Health for South Asia",accepted,Mental Health,C0025353,MSH,Mental Process,umls_exact,9.53,filtered UMLS concept with curated HBI umbrella,Mental Health,Mental Health and Psychiatry,versioned LinkedIn expertise lexicon
87d34558-e6f5-49d9-a78f-32e3e073159d,Neuroscience,medical,research_area,Neuroscience,linkedin_expertise_lexicon_v1,linkedin_about | linkedin_headline,2,2,0,9.9,publish,"Governor Generals Silver + Bronze Medal Recipient | MD Student, UBC | BSc Neuroscience (Honors || I graduated with the Governor General's Silver medal from my honours degree in Neuroscience from the University of Calgary and am an MD student at the University of British Columbia. I am passionate about health advocacy and reducing the barriers to healthcare. I am a strong advocate for the destigmatization of mental health and providing mental health resources, particularly to marginalized communities. I am also interested in dementia care and geriatric medicine. As such, I have been conducting research on dementia markers at the University of Calgary and have contributed several first-autho",accepted,Neurosciences,D009488,MSH,,mesh_fallback,9.7,local MeSH fallback after broad UMLS candidate search,Neuroscience and Neural Systems,Neuroscience,versioned LinkedIn expertise lexicon
87d34558-e6f5-49d9-a78f-32e3e073159d,Adverse Childhood Experiences,medical,research_area,,hbi_hybrid_accepted,linkedin_publication_title,1,1,2025,7.75,publish,Early life factors and dementia risk: A study of adverse childhood experiences and later-life cognition and behaviour,review,Adverse Childhood Experiences,C4296616,MSH,Finding,umls_exact,9.33,medical UMLS concept found; HBI umbrella requires review,,,
87d34558-e6f5-49d9-a78f-32e3e073159d,Cognition,medical,research_area,Cognition and Behaviour,linkedin_expertise_lexicon_v1,linkedin_publication_title,1,1,2025,7.75,publish,Early life factors and dementia risk: A study of adverse childhood experiences and later-life cognition and behaviour,accepted,Cognition,C0009240,MSH,Mental Process,umls_exact,9.53,filtered UMLS concept with curated HBI umbrella,Cognitive and Behavioural Neuroscience,Cognition and Behaviour,versioned LinkedIn expertise lexicon
8be8ad99-b886-468d-9896-5bc9b32d2f71,Clinical Research,health,method,Clinical and Translational Research,linkedin_expertise_lexicon_v1,linkedin_about,1,1,0,8.55,publish,"* Eight years of neurophysiology research experience in academia that included studying ion channels in in-vitro brain experiments and thereby relating ion-channel functioning to animal physiology and behavior. * More than ten years of pre-clinical drug discovery research experience in a multinational pharmaceutical R&D that included planning and execution of screen designing, hit identification and hit to lead optimization in a variety of drug discovery projects. * Education background in neuroscience (PhD), pharmacy (UG), clinical research (PG). * Demonstrated expertise in quality management",review,Clinical Study,C0008972,MSH,Research Activity,umls_exact,9.33,medical UMLS concept found; HBI umbrella requires review,,Clinical and Translational Research,versioned LinkedIn expertise lexicon
8be8ad99-b886-468d-9896-5bc9b32d2f71,Drug Discovery,medical,research_area,,hbi_hybrid_accepted | hbi_hybrid_accepted,linkedin_about,1,1,0,8.55,publish,"* Eight years of neurophysiology research experience in academia that included studying ion channels in in-vitro brain experiments and thereby relating ion-channel functioning to animal physiology and behavior. * More than ten years of pre-clinical drug discovery research experience in a multinational pharmaceutical R&D that included planning and execution of screen designing, hit identification and hit to lead optimization in a variety of drug discovery projects. * Education background in neuroscience (PhD), pharmacy (UG), clinical research (PG). * Demonstrated expertise in quality management",review,Drug Discovery,C0920472,MSH,Research Activity,umls_exact,9.5,medical UMLS concept found; HBI umbrella requires review,,,
8be8ad99-b886-468d-9896-5bc9b32d2f71,Neurophysiology,medical,research_area,Neuroscience and Neural Systems,hbi_hybrid_accepted | hbi_hybrid_accepted,linkedin_about,1,1,0,8.55,publish,"* Eight years of neurophysiology research experience in academia that included studying ion channels in in-vitro brain experiments and thereby relating ion-channel functioning to animal physiology and behavior. * More than ten years of pre-clinical drug discovery research experience in a multinational pharmaceutical R&D that included planning and execution of screen designing, hit identification and hit to lead optimization in a variety of drug discovery projects. * Education background in neuroscience (PhD), pharmacy (UG), clinical research (PG). * Demonstrated expertise in quality management",accepted,Neurophysiology,D009482,MSH,,mesh_reviewed_alias,9.9,reviewed local alias plus MeSH hierarchy umbrella,Neuroscience and Neural Systems,Neuroscience and Neural Systems,versioned LinkedIn expertise lexicon
8be8ad99-b886-468d-9896-5bc9b32d2f71,Neuroscience,medical,research_area,Neuroscience,linkedin_expertise_lexicon_v1,linkedin_about,1,1,0,8.55,publish,"* Eight years of neurophysiology research experience in academia that included studying ion channels in in-vitro brain experiments and thereby relating ion-channel functioning to animal physiology and behavior. * More than ten years of pre-clinical drug discovery research experience in a multinational pharmaceutical R&D that included planning and execution of screen designing, hit identification and hit to lead optimization in a variety of drug discovery projects. * Education background in neuroscience (PhD), pharmacy (UG), clinical research (PG). * Demonstrated expertise in quality management",accepted,Neurosciences,D009488,MSH,,mesh_fallback,9.7,local MeSH fallback after broad UMLS candidate search,Neuroscience and Neural Systems,Neuroscience,versioned LinkedIn expertise lexicon
8be8ad99-b886-468d-9896-5bc9b32d2f71,Physiology,medical,research_area,Physiology and Systems Biology,linkedin_expertise_lexicon_v1,linkedin_about,1,1,0,8.55,publish,"* Eight years of neurophysiology research experience in academia that included studying ion channels in in-vitro brain experiments and thereby relating ion-channel functioning to animal physiology and behavior. * More than ten years of pre-clinical drug discovery research experience in a multinational pharmaceutical R&D that included planning and execution of screen designing, hit identification and hit to lead optimization in a variety of drug discovery projects. * Education background in neuroscience (PhD), pharmacy (UG), clinical research (PG). * Demonstrated expertise in quality management",review,PH,C0031843,MSH,Physiologic Function,umls_exact,9.23,filtered UMLS concept with curated HBI umbrella; retained for review because the UMLS label loses specificity from the supported LinkedIn term,Physiology and Systems Biology,Physiology and Systems Biology,versioned LinkedIn expertise lexicon
8be8ad99-b886-468d-9896-5bc9b32d2f71,Molecular Biology,medical,research_area,Genetics and Genomics,hbi_hybrid_accepted | hbi_hybrid_accepted | hbi_hybrid_accepted | hbi_hybrid_accepted | hbi_hybrid_accepted | hbi_hybrid_accepted | hbi_hybrid_accepted | hbi_hybrid_accepted,linkedin_experience_description_current,1,1,2026,7.95,publish,"Objective: Genotypic profiling of knockout mice Key deliverables: Design, perform and anlayse molecular biology experiments to ensure proper breeding of knockout mice Major technique used: PCR, Western Blot",accepted,Molecular Biology,D008967,MSH,,mesh_fallback,10.0,local MeSH fallback after broad UMLS candidate search,Cellular and Molecular Neuroscience,Genetics and Genomics,versioned LinkedIn expertise lexicon
92b379c6-3c0a-4620-a98b-6b023aa0806f,Neuroscience,medical,research_area,Neuroscience,linkedin_expertise_lexicon_v1,linkedin_about | linkedin_experience_title_recent | linkedin_headline,3,3,2022,9.9,publish,"Pharmacologist | Neuroscientist | CIHR Doctoral Scholar || I am a Doctoral Researcher in the field of Neuroscience at the Hotchkiss Brain Institute, with nearly a decade of experience in Behavioural Neuroscience and Neuropsychopharmacology. I hold both a BSc. and MSc. in Biomedical Science (Neuroscience Specialization) with broader training in addiction, stress, and mood-related disorders. My work spans both preclinical and clinical research, focusing on the neural mechanisms that shape eating behaviours. I currently study how diet induces alterations in brain circuitry that influences decision-making leading to the persistence of maladaptive habits,  || Neuroscience Researcher | Ontario Veterinary College, University of Guelph",accepted,Neurosciences,D009488,MSH,,mesh_fallback,9.7,local MeSH fallback after broad UMLS candidate search,Neuroscience and Neural Systems,Neuroscience,versioned LinkedIn expertise lexicon
92b379c6-3c0a-4620-a98b-6b023aa0806f,Pharmacology,medical,research_area,Pharmacology and Therapeutics,linkedin_expertise_lexicon_v1,linkedin_experience_title_recent | linkedin_headline,2,2,2021,9.9,publish,Pharmacologist | Neuroscientist | CIHR Doctoral Scholar || Pharmacology Graduate Teaching Assistant | University of Guelph,review,Network Pharmacology,C5544472,MSH,Research Activity,umls_words,8.21,broad UMLS words result retained for manual review,,Pharmacology and Therapeutics,versioned LinkedIn expertise lexicon
92b379c6-3c0a-4620-a98b-6b023aa0806f,Addiction,medical,research_area,Mental Health and Psychiatry,linkedin_expertise_lexicon_v1,linkedin_about,1,1,0,8.55,publish,"I am a Doctoral Researcher in the field of Neuroscience at the Hotchkiss Brain Institute, with nearly a decade of experience in Behavioural Neuroscience and Neuropsychopharmacology. I hold both a BSc. and MSc. in Biomedical Science (Neuroscience Specialization) with broader training in addiction, stress, and mood-related disorders. My work spans both preclinical and clinical research, focusing on the neural mechanisms that shape eating behaviours. I currently study how diet induces alterations in brain circuitry that influences decision-making leading to the persistence of maladaptive habits, ",accepted,"Behavior, Addictive",C0085281,MSH,Mental or Behavioral Dysfunction,umls_exact,9.73,filtered UMLS concept with curated HBI umbrella,Mental Health,Mental Health and Psychiatry,versioned LinkedIn expertise lexicon
92b379c6-3c0a-4620-a98b-6b023aa0806f,Astrocytes,medical,research_area,Neuroscience,linkedin_expertise_lexicon_v1,linkedin_about,1,1,0,8.55,publish,"I am a Doctoral Researcher in the field of Neuroscience at the Hotchkiss Brain Institute, with nearly a decade of experience in Behavioural Neuroscience and Neuropsychopharmacology. I hold both a BSc. and MSc. in Biomedical Science (Neuroscience Specialization) with broader training in addiction, stress, and mood-related disorders. My work spans both preclinical and clinical research, focusing on the neural mechanisms that shape eating behaviours. I currently study how diet induces alterations in brain circuitry that influences decision-making leading to the persistence of maladaptive habits, ",review,Astrocytes,C0004112,MSH,Cell,umls_exact,9.83,medical UMLS concept found; HBI umbrella requires review,,Neuroscience,versioned LinkedIn expertise lexicon
92b379c6-3c0a-4620-a98b-6b023aa0806f,Behavioural Neuroscience,medical,research_area,Neuroscience,linkedin_expertise_lexicon_v1,linkedin_about,1,1,0,8.55,publish,"I am a Doctoral Researcher in the field of Neuroscience at the Hotchkiss Brain Institute, with nearly a decade of experience in Behavioural Neuroscience and Neuropsychopharmacology. I hold both a BSc. and MSc. in Biomedical Science (Neuroscience Specialization) with broader training in addiction, stress, and mood-related disorders. My work spans both preclinical and clinical research, focusing on the neural mechanisms that shape eating behaviours. I currently study how diet induces alterations in brain circuitry that influences decision-making leading to the persistence of maladaptive habits, ",accepted,Neurosciences,D009488,MSH,,mesh_fallback,9.7,local MeSH fallback after broad UMLS candidate search,Neuroscience and Neural Systems,Neuroscience,versioned LinkedIn expertise lexicon
92b379c6-3c0a-4620-a98b-6b023aa0806f,Brain Circuitry,medical,research_area,Neuroscience,linkedin_expertise_lexicon_v1,linkedin_about,1,1,0,8.55,publish,"I am a Doctoral Researcher in the field of Neuroscience at the Hotchkiss Brain Institute, with nearly a decade of experience in Behavioural Neuroscience and Neuropsychopharmacology. I hold both a BSc. and MSc. in Biomedical Science (Neuroscience Specialization) with broader training in addiction, stress, and mood-related disorders. My work spans both preclinical and clinical research, focusing on the neural mechanisms that shape eating behaviours. I currently study how diet induces alterations in brain circuitry that influences decision-making leading to the persistence of maladaptive habits, ",unresolved,,,,,,0.0,no sufficiently similar medical UMLS or MeSH concept,,Neuroscience,versioned LinkedIn expertise lexicon
92b379c6-3c0a-4620-a98b-6b023aa0806f,Clinical Research,health,method,Clinical and Translational Research,linkedin_expertise_lexicon_v1,linkedin_about,1,1,0,8.55,publish,"I am a Doctoral Researcher in the field of Neuroscience at the Hotchkiss Brain Institute, with nearly a decade of experience in Behavioural Neuroscience and Neuropsychopharmacology. I hold both a BSc. and MSc. in Biomedical Science (Neuroscience Specialization) with broader training in addiction, stress, and mood-related disorders. My work spans both preclinical and clinical research, focusing on the neural mechanisms that shape eating behaviours. I currently study how diet induces alterations in brain circuitry that influences decision-making leading to the persistence of maladaptive habits, ",review,Clinical Study,C0008972,MSH,Research Activity,umls_exact,9.33,medical UMLS concept found; HBI umbrella requires review,,Clinical and Translational Research,versioned LinkedIn expertise lexicon
92b379c6-3c0a-4620-a98b-6b023aa0806f,Data Analysis,computing,method,Artificial Intelligence and Data Science,linkedin_expertise_lexicon_v1,linkedin_about,1,1,0,8.55,publish,"I am a Doctoral Researcher in the field of Neuroscience at the Hotchkiss Brain Institute, with nearly a decade of experience in Behavioural Neuroscience and Neuropsychopharmacology. I hold both a BSc. and MSc. in Biomedical Science (Neuroscience Specialization) with broader training in addiction, stress, and mood-related disorders. My work spans both preclinical and clinical research, focusing on the neural mechanisms that shape eating behaviours. I currently study how diet induces alterations in brain circuitry that influences decision-making leading to the persistence of maladaptive habits, ",not_attempted,,,,,,0.0,UMLS skipped for cross-domain/tool term,,Artificial Intelligence and Data Science,versioned LinkedIn expertise lexicon
92b379c6-3c0a-4620-a98b-6b023aa0806f,Decision Making,medical,research_area,Cognition and Behaviour,linkedin_expertise_lexicon_v1,linkedin_about,1,1,0,8.55,publish,"I am a Doctoral Researcher in the field of Neuroscience at the Hotchkiss Brain Institute, with nearly a decade of experience in Behavioural Neuroscience and Neuropsychopharmacology. I hold both a BSc. and MSc. in Biomedical Science (Neuroscience Specialization) with broader training in addiction, stress, and mood-related disorders. My work spans both preclinical and clinical research, focusing on the neural mechanisms that shape eating behaviours. I currently study how diet induces alterations in brain circuitry that influences decision-making leading to the persistence of maladaptive habits, ",review,Decision Making,C0011109,MSH,Mental Process,umls_exact,9.5,medical UMLS concept found; HBI umbrella requires review,,Cognition and Behaviour,versioned LinkedIn expertise lexicon
92b379c6-3c0a-4620-a98b-6b023aa0806f,Eating Behaviour,medical,research_area,Cognition and Behaviour,linkedin_expertise_lexicon_v1,linkedin_about,1,1,0,8.55,publish,"I am a Doctoral Researcher in the field of Neuroscience at the Hotchkiss Brain Institute, with nearly a decade of experience in Behavioural Neuroscience and Neuropsychopharmacology. I hold both a BSc. and MSc. in Biomedical Science (Neuroscience Specialization) with broader training in addiction, stress, and mood-related disorders. My work spans both preclinical and clinical research, focusing on the neural mechanisms that shape eating behaviours. I currently study how diet induces alterations in brain circuitry that influences decision-making leading to the persistence of maladaptive habits, ",review,Binge eating behavior,C5551396,MTH,Sign or Symptom,umls_words,7.74,broad UMLS words result retained for manual review,Cognitive and Behavioural Neuroscience,Cognition and Behaviour,versioned LinkedIn expertise lexicon
92b379c6-3c0a-4620-a98b-6b023aa0806f,Eating Disorders,medical,research_area,Mental Health and Psychiatry,linkedin_expertise_lexicon_v1,linkedin_about,1,1,0,8.55,publish,"I am a Doctoral Researcher in the field of Neuroscience at the Hotchkiss Brain Institute, with nearly a decade of experience in Behavioural Neuroscience and Neuropsychopharmacology. I hold both a BSc. and MSc. in Biomedical Science (Neuroscience Specialization) with broader training in addiction, stress, and mood-related disorders. My work spans both preclinical and clinical research, focusing on the neural mechanisms that shape eating behaviours. I currently study how diet induces alterations in brain circuitry that influences decision-making leading to the persistence of maladaptive habits, ",review,Eating Disorder,C0013473,MSH,Mental or Behavioral Dysfunction,umls_exact,9.83,medical UMLS concept found; HBI umbrella requires review,,Mental Health and Psychiatry,versioned LinkedIn expertise lexicon
92b379c6-3c0a-4620-a98b-6b023aa0806f,Mood Disorders,medical,research_area,Mental Health and Psychiatry,linkedin_expertise_lexicon_v1,linkedin_about,1,1,0,8.55,publish,"I am a Doctoral Researcher in the field of Neuroscience at the Hotchkiss Brain Institute, with nearly a decade of experience in Behavioural Neuroscience and Neuropsychopharmacology. I hold both a BSc. and MSc. in Biomedical Science (Neuroscience Specialization) with broader training in addiction, stress, and mood-related disorders. My work spans both preclinical and clinical research, focusing on the neural mechanisms that shape eating behaviours. I currently study how diet induces alterations in brain circuitry that influences decision-making leading to the persistence of maladaptive habits, ",accepted,Mood Disorders,C0525045,MSH,Mental or Behavioral Dysfunction,umls_exact,10.0,filtered UMLS concept with curated HBI umbrella,Mental Health,Mental Health and Psychiatry,versioned LinkedIn expertise lexicon
92b379c6-3c0a-4620-a98b-6b023aa0806f,Neuropharmacology,medical,research_area,Pharmacology and Therapeutics,linkedin_expertise_lexicon_v1,linkedin_about,1,1,0,8.55,publish,"I am a Doctoral Researcher in the field of Neuroscience at the Hotchkiss Brain Institute, with nearly a decade of experience in Behavioural Neuroscience and Neuropsychopharmacology. I hold both a BSc. and MSc. in Biomedical Science (Neuroscience Specialization) with broader training in addiction, stress, and mood-related disorders. My work spans both preclinical and clinical research, focusing on the neural mechanisms that shape eating behaviours. I currently study how diet induces alterations in brain circuitry that influences decision-making leading to the persistence of maladaptive habits, ",review,Neuropharmacology,D009480,MSH,,mesh_fallback,10.0,local MeSH fallback after broad UMLS candidate search,,Pharmacology and Therapeutics,versioned LinkedIn expertise lexicon
92b379c6-3c0a-4620-a98b-6b023aa0806f,Research Design,health,method,Research Methods and Practice,linkedin_expertise_lexicon_v1,linkedin_about,1,1,0,8.55,publish,"I am a Doctoral Researcher in the field of Neuroscience at the Hotchkiss Brain Institute, with nearly a decade of experience in Behavioural Neuroscience and Neuropsychopharmacology. I hold both a BSc. and MSc. in Biomedical Science (Neuroscience Specialization) with broader training in addiction, stress, and mood-related disorders. My work spans both preclinical and clinical research, focusing on the neural mechanisms that shape eating behaviours. I currently study how diet induces alterations in brain circuitry that influences decision-making leading to the persistence of maladaptive habits, ",review,Research Design,C0035171,MSH,Research Activity,umls_exact,9.33,medical UMLS concept found; HBI umbrella requires review,,Research Methods and Practice,versioned LinkedIn expertise lexicon
92b379c6-3c0a-4620-a98b-6b023aa0806f,Stress,medical,research_area,Mental Health and Psychiatry,linkedin_expertise_lexicon_v1,linkedin_about,1,1,0,8.55,publish,"I am a Doctoral Researcher in the field of Neuroscience at the Hotchkiss Brain Institute, with nearly a decade of experience in Behavioural Neuroscience and Neuropsychopharmacology. I hold both a BSc. and MSc. in Biomedical Science (Neuroscience Specialization) with broader training in addiction, stress, and mood-related disorders. My work spans both preclinical and clinical research, focusing on the neural mechanisms that shape eating behaviours. I currently study how diet induces alterations in brain circuitry that influences decision-making leading to the persistence of maladaptive habits, ",review,Stress bismuth subsalicylate,C0723460,MTH,Organic Chemical | Pharmacologic Substance,umls_exact,9.28,medical UMLS concept found without a MeSH representation,,Mental Health and Psychiatry,versioned LinkedIn expertise lexicon
92b379c6-3c0a-4620-a98b-6b023aa0806f,Cannabis,medical,research_area,Pharmacology and Therapeutics,linkedin_expertise_lexicon_v1,linkedin_publication_title,1,1,2022,7.75,publish,"The Relationship Between Cannabis, Cognition, and Schizophrenia: It’s Complicated",review,Cannabis,D002188,MSH,,mesh_fallback,10.0,local MeSH fallback after broad UMLS candidate search,,Pharmacology and Therapeutics,versioned LinkedIn expertise lexicon
92b379c6-3c0a-4620-a98b-6b023aa0806f,Cognition,medical,research_area,Cognition and Behaviour,linkedin_expertise_lexicon_v1,linkedin_publication_title,1,1,2022,7.75,publish,"The Relationship Between Cannabis, Cognition, and Schizophrenia: It’s Complicated",accepted,Cognition,C0009240,MSH,Mental Process,umls_exact,9.53,filtered UMLS concept with curated HBI umbrella,Cognitive and Behavioural Neuroscience,Cognition and Behaviour,versioned LinkedIn expertise lexicon
92b379c6-3c0a-4620-a98b-6b023aa0806f,Schizophrenia,medical,research_area,Mental Health and Psychiatry,linkedin_expertise_lexicon_v1,linkedin_publication_title,1,1,2022,7.75,publish,"The Relationship Between Cannabis, Cognition, and Schizophrenia: It’s Complicated",accepted,Schizophrenia,C0036341,MSH,Mental or Behavioral Dysfunction,umls_exact,10.0,filtered UMLS concept with curated HBI umbrella,Mental Health,Mental Health and Psychiatry,versioned LinkedIn expertise lexicon
9790dd4e-368b-491d-a1af-4e756a236d6c,Neuroscience,medical,research_area,Neuroscience,linkedin_expertise_lexicon_v1,linkedin_experience_title_current,2,1,2026,9.55,publish,Neuroscientist | University of Calgary || Neuroscientist | University of Ottawa,accepted,Neurosciences,D009488,MSH,,mesh_fallback,9.7,local MeSH fallback after broad UMLS candidate search,Neuroscience and Neural Systems,Neuroscience,versioned LinkedIn expertise lexicon
997a851c-ca3e-4456-92a0-d5ec84cdffc1,Clinical Research,health,method,Clinical and Translational Research,linkedin_expertise_lexicon_v1,linkedin_skill,1,1,0,9.9,publish,Clinical Research,review,Clinical Study,C0008972,MSH,Research Activity,umls_exact,9.33,medical UMLS concept found; HBI umbrella requires review,,Clinical and Translational Research,versioned LinkedIn expertise lexicon
997a851c-ca3e-4456-92a0-d5ec84cdffc1,Clinical Neuroscience,medical,clinical_specialty,Neuroscience,linkedin_expertise_lexicon_v1,linkedin_experience_title_current,2,1,2026,9.55,publish,Summer Research Associate - Clinical Neuroscience | Hotchkiss Brain Institute || Research Project Lead/Coordinator - Clinical Neuroscience | Hotchkiss Brain Institute,accepted,Neurosciences,D009488,MSH,,mesh_fallback,9.7,local MeSH fallback after broad UMLS candidate search,Neuroscience and Neural Systems,Neuroscience,versioned LinkedIn expertise lexicon
997a851c-ca3e-4456-92a0-d5ec84cdffc1,Neuroscience,medical,research_area,Neuroscience,linkedin_expertise_lexicon_v1,linkedin_experience_title_current,2,1,2026,9.55,publish,Summer Research Associate - Clinical Neuroscience | Hotchkiss Brain Institute || Research Project Lead/Coordinator - Clinical Neuroscience | Hotchkiss Brain Institute,accepted,Neurosciences,D009488,MSH,,mesh_fallback,9.7,local MeSH fallback after broad UMLS candidate search,Neuroscience and Neural Systems,Neuroscience,versioned LinkedIn expertise lexicon
997a851c-ca3e-4456-92a0-d5ec84cdffc1,Artificial Intelligence,computing,method,Artificial Intelligence and Data Science,linkedin_expertise_lexicon_v1,linkedin_experience_description_current,1,1,2026,7.95,publish,"Orchestrating operations planning, organizing and execution at multiple scales across Canada for the Society for AI Literacy, a non-profit organization dedicated to democratizing AI understanding and fostering a culture of AI literacy",not_attempted,,,,,,0.0,UMLS skipped for cross-domain/tool term,,Artificial Intelligence and Data Science,versioned LinkedIn expertise lexicon
9d5f0bbb-93d1-4b95-be33-efdd0d0da533,Social Work,health,research_area,Social and Behavioural Sciences,linkedin_expertise_lexicon_v1,linkedin_experience_title_current,1,1,2026,9.3,publish,"Dean of Faculty of Social Work, University of Calgary | University of Calgary",review,Social Work,D012947,MSH,,mesh_fallback,10.0,local MeSH fallback after broad UMLS candidate search,,Social and Behavioural Sciences,versioned LinkedIn expertise lexicon
aabd2af1-3e36-47c2-9dd4-64ae2244aced,Behavioural Neuroscience,medical,research_area,Neuroscience,linkedin_expertise_lexicon_v1,linkedin_skill,1,1,0,9.9,publish,Behavioral Neuroscience,accepted,Neurosciences,D009488,MSH,,mesh_fallback,9.7,local MeSH fallback after broad UMLS candidate search,Neuroscience and Neural Systems,Neuroscience,versioned LinkedIn expertise lexicon
aabd2af1-3e36-47c2-9dd4-64ae2244aced,Computational Neuroscience,computing,research_area,Artificial Intelligence and Data Science,linkedin_expertise_lexicon_v1,linkedin_skill,1,1,0,9.9,publish,Computational Neuroscience,not_attempted,,,,,,0.0,UMLS skipped for cross-domain/tool term,,Artificial Intelligence and Data Science,versioned LinkedIn expertise lexicon
aabd2af1-3e36-47c2-9dd4-64ae2244aced,Data Analysis,computing,method,Artificial Intelligence and Data Science,linkedin_expertise_lexicon_v1,linkedin_skill,1,1,0,9.9,publish,Data Analysis,not_attempted,,,,,,0.0,UMLS skipped for cross-domain/tool term,,Artificial Intelligence and Data Science,versioned LinkedIn expertise lexicon
aabd2af1-3e36-47c2-9dd4-64ae2244aced,Neuroscience,medical,research_area,Neuroscience,linkedin_expertise_lexicon_v1,linkedin_about | linkedin_skill,3,2,0,9.9,publish,"An undergraduate Neuroscience student interested in experimental/clinical Neuroscience. Seeking to expand my understanding, experience, and learn from innovative research while pursuing my academic and career goals in neuroscience. || Computational Neuroscience || Behavioral Neuroscience",accepted,Neurosciences,D009488,MSH,,mesh_fallback,9.7,local MeSH fallback after broad UMLS candidate search,Neuroscience and Neural Systems,Neuroscience,versioned LinkedIn expertise lexicon
aabd2af1-3e36-47c2-9dd4-64ae2244aced,Medical Research,unmapped,candidate,,dynamic_explicit_phrase,linkedin_skill,1,1,0,9.75,publish,Medical Research,review,MED RESEARCH,C0079816,MSH,Research Activity,umls_exact,9.03,medical UMLS concept found; HBI umbrella requires review,,,
aabd2af1-3e36-47c2-9dd4-64ae2244aced,Artificial Intelligence,computing,method,Artificial Intelligence and Data Science,linkedin_expertise_lexicon_v1,linkedin_headline,1,1,0,9.55,publish,Senior Project Manager @ Publicis Agency | Driving PMO Compliance & Governance | AI-Driven Workflow Specialist,not_attempted,,,,,,0.0,UMLS skipped for cross-domain/tool term,,Artificial Intelligence and Data Science,versioned LinkedIn expertise lexicon
aabd2af1-3e36-47c2-9dd4-64ae2244aced,Clinical Neuroscience,medical,clinical_specialty,Neuroscience,linkedin_expertise_lexicon_v1,linkedin_about,1,1,0,8.55,publish,"An undergraduate Neuroscience student interested in experimental/clinical Neuroscience. Seeking to expand my understanding, experience, and learn from innovative research while pursuing my academic and career goals in neuroscience.",accepted,Neurosciences,D009488,MSH,,mesh_fallback,9.7,local MeSH fallback after broad UMLS candidate search,Neuroscience and Neural Systems,Neuroscience,versioned LinkedIn expertise lexicon
abb97cd8-36de-4c7d-ab17-23817efe1904,Artificial Intelligence,computing,method,Artificial Intelligence and Data Science,linkedin_expertise_lexicon_v1,linkedin_skill,1,1,0,9.9,publish,Artificial Intelligence (AI),not_attempted,,,,,,0.0,UMLS skipped for cross-domain/tool term,,Artificial Intelligence and Data Science,versioned LinkedIn expertise lexicon
abb97cd8-36de-4c7d-ab17-23817efe1904,Data Analysis,computing,method,Artificial Intelligence and Data Science,linkedin_expertise_lexicon_v1,linkedin_skill,1,1,0,9.9,publish,Statistical Data Analysis,not_attempted,,,,,,0.0,UMLS skipped for cross-domain/tool term,,Artificial Intelligence and Data Science,versioned LinkedIn expertise lexicon
abfaa604-a017-4d5e-9aec-ecb586b0ddd4,Neuroscience,medical,research_area,Neuroscience,linkedin_expertise_lexicon_v1,linkedin_about | linkedin_experience_description_recent | linkedin_headline,3,3,2023,9.9,publish,"Neuroscience Student at the University of Calgary | Aspiring Pharmacology Professional || As a dedicated neuroscience student with a deep passion for understanding the brain's complexities, I am eager to leverage my academic background and hands-on research experience to contribute to advancements in pharmacology. My studies have equipped me with a solid foundation in neurobiology, cognitive processes, and experimental techniques, while my involvement in research projects has honed my laboratory skills and techniques. My work experience has taught me teamwork skills, problem solving and dedication. With a keen interest in the intersection of neuroscience and pharmacology, I am enth || During my internship at the Hotchkiss Brain Institute (HBI), I supported a graduate student in pioneering research exploring the relationship between asthma and the brain. My role involved hands-on assistance with various lab tasks, including the preparation and execution of experiments designed to investigate the neurological impact of asthma. This role enhanced my skills in both data analysis and experimental design, deepening my understanding of the intricate interactions between respiratory conditions and brain function. The internship not only strengthened my research capabilities but als",accepted,Neurosciences,D009488,MSH,,mesh_fallback,9.7,local MeSH fallback after broad UMLS candidate search,Neuroscience and Neural Systems,Neuroscience,versioned LinkedIn expertise lexicon
abfaa604-a017-4d5e-9aec-ecb586b0ddd4,Pharmacology,medical,research_area,Pharmacology and Therapeutics,linkedin_expertise_lexicon_v1,linkedin_about | linkedin_experience_description_recent | linkedin_headline,3,3,2023,9.9,publish,"Neuroscience Student at the University of Calgary | Aspiring Pharmacology Professional || As a dedicated neuroscience student with a deep passion for understanding the brain's complexities, I am eager to leverage my academic background and hands-on research experience to contribute to advancements in pharmacology. My studies have equipped me with a solid foundation in neurobiology, cognitive processes, and experimental techniques, while my involvement in research projects has honed my laboratory skills and techniques. My work experience has taught me teamwork skills, problem solving and dedication. With a keen interest in the intersection of neuroscience and pharmacology, I am enth || During my internship at the Hotchkiss Brain Institute (HBI), I supported a graduate student in pioneering research exploring the relationship between asthma and the brain. My role involved hands-on assistance with various lab tasks, including the preparation and execution of experiments designed to investigate the neurological impact of asthma. This role enhanced my skills in both data analysis and experimental design, deepening my understanding of the intricate interactions between respiratory conditions and brain function. The internship not only strengthened my research capabilities but als",review,Network Pharmacology,C5544472,MSH,Research Activity,umls_words,8.21,broad UMLS words result retained for manual review,,Pharmacology and Therapeutics,versioned LinkedIn expertise lexicon
abfaa604-a017-4d5e-9aec-ecb586b0ddd4,Research Design,health,method,Research Methods and Practice,linkedin_expertise_lexicon_v1,linkedin_experience_description_recent | linkedin_skill,2,2,2023,9.9,publish,"Research Design || During my internship at the Hotchkiss Brain Institute (HBI), I supported a graduate student in pioneering research exploring the relationship between asthma and the brain. My role involved hands-on assistance with various lab tasks, including the preparation and execution of experiments designed to investigate the neurological impact of asthma. This role enhanced my skills in both data analysis and experimental design, deepening my understanding of the intricate interactions between respiratory conditions and brain function. The internship not only strengthened my research capabilities but als",review,Research Design,C0035171,MSH,Research Activity,umls_exact,9.33,medical UMLS concept found; HBI umbrella requires review,,Research Methods and Practice,versioned LinkedIn expertise lexicon
abfaa604-a017-4d5e-9aec-ecb586b0ddd4,Addiction,medical,research_area,Mental Health and Psychiatry,linkedin_expertise_lexicon_v1,linkedin_about | linkedin_experience_description_current,2,2,2026,9.2,publish,"As a dedicated neuroscience student with a deep passion for understanding the brain's complexities, I am eager to leverage my academic background and hands-on research experience to contribute to advancements in pharmacology. My studies have equipped me with a solid foundation in neurobiology, cognitive processes, and experimental techniques, while my involvement in research projects has honed my laboratory skills and techniques. My work experience has taught me teamwork skills, problem solving and dedication. With a keen interest in the intersection of neuroscience and pharmacology, I am enth || This summer, I am conducting research in the Borgland Lab at the Hotchkiss Brain Institute, focusing on the neural mechanisms underlying the salience of food and addiction, with additional interests in cannabis-related research. I assist with behavioral experiments in mice, data analysis, and a variety of laboratory techniques, working closely with a team of neuroscientists. The skills and insights I gain during this studentship will directly support my honours thesis, which I will complete with the Borgland Lab during the upcoming academic year.",accepted,"Behavior, Addictive",C0085281,MSH,Mental or Behavioral Dysfunction,umls_exact,9.73,filtered UMLS concept with curated HBI umbrella,Mental Health,Mental Health and Psychiatry,versioned LinkedIn expertise lexicon
abfaa604-a017-4d5e-9aec-ecb586b0ddd4,Data Analysis,computing,method,Artificial Intelligence and Data Science,linkedin_expertise_lexicon_v1,linkedin_experience_description_current | linkedin_experience_description_recent,2,2,2026,8.6,publish,"This summer, I am conducting research in the Borgland Lab at the Hotchkiss Brain Institute, focusing on the neural mechanisms underlying the salience of food and addiction, with additional interests in cannabis-related research. I assist with behavioral experiments in mice, data analysis, and a variety of laboratory techniques, working closely with a team of neuroscientists. The skills and insights I gain during this studentship will directly support my honours thesis, which I will complete with the Borgland Lab during the upcoming academic year. || During my internship at the Hotchkiss Brain Institute (HBI), I supported a graduate student in pioneering research exploring the relationship between asthma and the brain. My role involved hands-on assistance with various lab tasks, including the preparation and execution of experiments designed to investigate the neurological impact of asthma. This role enhanced my skills in both data analysis and experimental design, deepening my understanding of the intricate interactions between respiratory conditions and brain function. The internship not only strengthened my research capabilities but als",not_attempted,,,,,,0.0,UMLS skipped for cross-domain/tool term,,Artificial Intelligence and Data Science,versioned LinkedIn expertise lexicon
abfaa604-a017-4d5e-9aec-ecb586b0ddd4,Mental Health,medical,research_area,Mental Health and Psychiatry,linkedin_expertise_lexicon_v1,linkedin_about,1,1,0,8.55,publish,"As a dedicated neuroscience student with a deep passion for understanding the brain's complexities, I am eager to leverage my academic background and hands-on research experience to contribute to advancements in pharmacology. My studies have equipped me with a solid foundation in neurobiology, cognitive processes, and experimental techniques, while my involvement in research projects has honed my laboratory skills and techniques. My work experience has taught me teamwork skills, problem solving and dedication. With a keen interest in the intersection of neuroscience and pharmacology, I am enth",accepted,Mental Health,C0025353,MSH,Mental Process,umls_exact,9.53,filtered UMLS concept with curated HBI umbrella,Mental Health,Mental Health and Psychiatry,versioned LinkedIn expertise lexicon
abfaa604-a017-4d5e-9aec-ecb586b0ddd4,Cannabis,medical,research_area,Pharmacology and Therapeutics,linkedin_expertise_lexicon_v1,linkedin_experience_description_current,1,1,2026,7.95,publish,"This summer, I am conducting research in the Borgland Lab at the Hotchkiss Brain Institute, focusing on the neural mechanisms underlying the salience of food and addiction, with additional interests in cannabis-related research. I assist with behavioral experiments in mice, data analysis, and a variety of laboratory techniques, working closely with a team of neuroscientists. The skills and insights I gain during this studentship will directly support my honours thesis, which I will complete with the Borgland Lab during the upcoming academic year.",review,Cannabis,D002188,MSH,,mesh_fallback,10.0,local MeSH fallback after broad UMLS candidate search,,Pharmacology and Therapeutics,versioned LinkedIn expertise lexicon
abfaa604-a017-4d5e-9aec-ecb586b0ddd4,Forecasting,medical,research_area,,hbi_hybrid_accepted,linkedin_experience_description_current,1,1,2026,7.95,publish,"As the Financial Manager and Owner of Girls Who Like To Do Things, I oversee all financial operations and strategic planning for a growing social club that creates events and experiences for women in their 20s. I manage budgeting, forecasting, and expense tracking across multiple monthly events to ensure financial sustainability and transparency. My role includes handling vendor payments, managing registration fees and reimbursements, preparing financial summaries, and maintaining accurate records for a volunteer-run team. I also implement cost-effective strategies that keep events accessible ",review,Forecasting,D005544,MSH,,mesh_fallback,10.0,local MeSH fallback after broad UMLS candidate search,,,
afede334-d3bd-4233-860a-c2ebeed96bef,Clinical Trials,health,method,Clinical and Translational Research,linkedin_expertise_lexicon_v1,linkedin_skill,1,1,0,9.9,publish,Clinical Trials,review,Clinical Trials as Topic,C0008976,MSH,Research Activity,umls_exact,9.33,medical UMLS concept found; HBI umbrella requires review,,Clinical and Translational Research,versioned LinkedIn expertise lexicon
afede334-d3bd-4233-860a-c2ebeed96bef,Stroke,medical,research_area,Neurological and Neurodegenerative Disorders,linkedin_expertise_lexicon_v1,linkedin_headline | linkedin_publication_description | linkedin_publication_title,11,3,2026,9.9,publish,"Congratulations to the Calgary Stroke Program team! They have won the 2025 ASTech Researcher of the Year Award! Research led by the Calgary Stroke Program has transformed stroke treatment globally and improved the lives of countless patients. Their ESCAPE study showed how endovascular thrombectomy (EVT) could drastically reduce stroke-related disability and death. Successful trials have helped determine international guidelines for stroke care and established Calgary as a leader in the field. Bravo to the many members of the Calgary Stroke Team! Read more: https://lnkd.in/gV3EftYz Hotchkiss Br || Brain Atrophy and White Matter Changes Grading Agreement on NCCT and MRI in Ischemic Stroke || Cerebral Amyloid Angiopathy Imaging Markers, Radiological Boston Criteria, and Thrombolysis Outcomes in Ischemic Stroke || Remote Ischemic Conditioning for the Acute Treatment of Ischemic and Hemorrhagic Stroke: A Systematic Review and Meta-Analysis || Published abstract presented at the 2026 International Stroke Conference (ISC). || Association of Cerebral Amyloid Angiopathy Neuroimaging Markers and Boston Criteria with the Safety and Efficacy of Thrombolysis in Patients with Acute Ischemic Stroke: Results from the AcT Trial || Published abstract presented at the 2026 International Stroke Conference (ISC) - awarded the Paul Dudley White award for best Canadian abstract. || Brain Frailty and Functional Outcomes After Thrombolysis for Acute Ischemic Stroke || Evaluating the Usability of a Remote Ischemic Conditioning Device for Pre-Hospital Stroke Management: Insights from Paramedic Simulations || Usability Testing of a Novel Remote Ischemic Conditioning System for Pre-hospital Stroke Care || Published abstract presented at the 2024 European Stroke Organization Conference (ESOC).",accepted,Stroke,C0038454,MSH,Disease or Syndrome,umls_exact,9.73,filtered UMLS concept with curated HBI umbrella,Cardiovascular Health,Neurological and Neurodegenerative Disorders,versioned LinkedIn expertise lexicon
afede334-d3bd-4233-860a-c2ebeed96bef,Medical Research,unmapped,candidate,,dynamic_explicit_phrase,linkedin_skill,1,1,0,9.75,publish,Medical Research,review,MED RESEARCH,C0079816,MSH,Research Activity,umls_exact,9.03,medical UMLS concept found; HBI umbrella requires review,,,
afede334-d3bd-4233-860a-c2ebeed96bef,Health Services,medical,research_area,,hbi_hybrid_accepted | hbi_hybrid_accepted,linkedin_headline,1,1,0,9.55,publish,Congratulations to the Calgary Stroke Program team! They have won the 2025 ASTech Researcher of the Year Award! Research led by the Calgary Stroke Program has transformed stroke treatment globally and improved the lives of countless patients. Their ESCAPE study showed how endovascular thrombectomy (EVT) could drastically reduce stroke-related disability and death. Successful trials have helped determine international guidelines for stroke care and established Calgary as a leader in the field. Bravo to the many members of the Calgary Stroke Team! Read more: https://lnkd.in/gV3EftYz Hotchkiss Br,review,Health Services,D006296,MSH,,mesh_fallback,10.0,local MeSH fallback after broad UMLS candidate search,,,
afede334-d3bd-4233-860a-c2ebeed96bef,Public Health,medical,research_area,Population and Public Health,hbi_hybrid_accepted | hbi_hybrid_accepted | hbi_hybrid_accepted | hbi_hybrid_accepted | hbi_hybrid_accepted,linkedin_headline,1,1,0,9.55,publish,Congratulations to the Calgary Stroke Program team! They have won the 2025 ASTech Researcher of the Year Award! Research led by the Calgary Stroke Program has transformed stroke treatment globally and improved the lives of countless patients. Their ESCAPE study showed how endovascular thrombectomy (EVT) could drastically reduce stroke-related disability and death. Successful trials have helped determine international guidelines for stroke care and established Calgary as a leader in the field. Bravo to the many members of the Calgary Stroke Team! Read more: https://lnkd.in/gV3EftYz Hotchkiss Br,accepted,Public Health,D011634,MSH,,mesh_fallback,10.0,local MeSH fallback after broad UMLS candidate search,Population and Public Health,Population and Public Health,versioned LinkedIn expertise lexicon
afede334-d3bd-4233-860a-c2ebeed96bef,Dementia,medical,research_area,Neurological and Neurodegenerative Disorders,linkedin_expertise_lexicon_v1,linkedin_experience_description_recent | linkedin_publication_description | linkedin_publication_title,4,3,2024,9.3,publish,"Entertaining residents (assisting in active games, entertaining, going on walks and outings, and having conversations). Interacting with dementia residents and ensuring they feel comfortable and secure. || Comparing the Montreal Cognitive Assessment (MoCA) and Rowland Universal Dementia Assessment Scale (RUDAS) for the detection of dementia || Published abstract presented at the 2023 Canadian Conference on Dementia (CCD). || Association of Montreal Cognitive Assessment (MoCA) and Rowland Universal Dementia Assessment Scale (RUDAS) Cognitive Testing Profiles with Cortical Atrophy and White Matter Disease",accepted,Dementia,C0497327,MSH,Mental or Behavioral Dysfunction,umls_exact,10.0,filtered UMLS concept with curated HBI umbrella,Neurological Disorders,Neurological and Neurodegenerative Disorders,versioned LinkedIn expertise lexicon
afede334-d3bd-4233-860a-c2ebeed96bef,Ischemic Stroke,medical,research_area,Cardiovascular Health,hbi_hybrid_accepted | hbi_hybrid_accepted,linkedin_publication_title,4,1,2026,8.5,publish,"Brain Atrophy and White Matter Changes Grading Agreement on NCCT and MRI in Ischemic Stroke || Cerebral Amyloid Angiopathy Imaging Markers, Radiological Boston Criteria, and Thrombolysis Outcomes in Ischemic Stroke || Association of Cerebral Amyloid Angiopathy Neuroimaging Markers and Boston Criteria with the Safety and Efficacy of Thrombolysis in Patients with Acute Ischemic Stroke: Results from the AcT Trial || Brain Frailty and Functional Outcomes After Thrombolysis for Acute Ischemic Stroke",accepted,Ischemic Stroke,C0948008,MSH,Disease or Syndrome,umls_exact,10.0,filtered UMLS concept with curated HBI umbrella,Cardiovascular Health,Cardiovascular Health,versioned LinkedIn expertise lexicon
afede334-d3bd-4233-860a-c2ebeed96bef,Magnetic Resonance Imaging,medical,method,Neuroimaging and Medical Imaging,linkedin_expertise_lexicon_v1,linkedin_publication_title,1,1,2026,7.75,publish,Brain Atrophy and White Matter Changes Grading Agreement on NCCT and MRI in Ischemic Stroke,accepted,Magnetic Resonance Imaging,C0024485,MSH,Diagnostic Procedure,umls_exact,10.0,filtered UMLS concept with curated HBI umbrella,Imaging and Diagnostics,Neuroimaging and Medical Imaging,versioned LinkedIn expertise lexicon
afede334-d3bd-4233-860a-c2ebeed96bef,Neuroimaging,medical,research_area,Neuroimaging and Medical Imaging,linkedin_expertise_lexicon_v1,linkedin_publication_title,1,1,2026,7.75,publish,Association of Cerebral Amyloid Angiopathy Neuroimaging Markers and Boston Criteria with the Safety and Efficacy of Thrombolysis in Patients with Acute Ischemic Stroke: Results from the AcT Trial,accepted,Neuroimaging,C0679575,MSH,Diagnostic Procedure,umls_exact,10.0,filtered UMLS concept with curated HBI umbrella,Imaging and Diagnostics,Neuroimaging and Medical Imaging,versioned LinkedIn expertise lexicon
b033cf86-58d8-4d70-b0e1-26881c3adb66,Pain,medical,research_area,Pain and Sensory Systems,linkedin_expertise_lexicon_v1,linkedin_publication_title,5,1,2025,8.75,publish,"Locus coeruleus microcircuitry processes periaqueductal gray inputs into distinct outputs for regulation of pain and anxiety || Central and peripheral contributions of T-type calcium channels in pain || The T-type calcium channel antagonist, Z944, reduces spinal excitability and pain hypersensitivity || Chapter 17 - Changing Pain - Opioids and Pain || VIP cortical conductors set the tone for chronic pain",review,Pain,C0030193,MSH,Sign or Symptom,umls_exact,9.6,medical UMLS concept found; HBI umbrella requires review,,Pain and Sensory Systems,versioned LinkedIn expertise lexicon
b033cf86-58d8-4d70-b0e1-26881c3adb66,Anxiety Disorders,medical,research_area,Mental Health and Psychiatry,linkedin_expertise_lexicon_v1,linkedin_publication_title,1,1,2025,7.75,publish,Locus coeruleus microcircuitry processes periaqueductal gray inputs into distinct outputs for regulation of pain and anxiety,accepted,Anxiety Disorders,C0003469,MSH,Mental or Behavioral Dysfunction,umls_exact,10.0,filtered UMLS concept with curated HBI umbrella,Mental Health,Mental Health and Psychiatry,versioned LinkedIn expertise lexicon
b09e11c3-3662-43d4-be74-d01aa75f830e,Clinical Research,health,method,Clinical and Translational Research,linkedin_expertise_lexicon_v1,linkedin_skill,1,1,0,9.9,publish,Clinical Research,review,Clinical Study,C0008972,MSH,Research Activity,umls_exact,9.33,medical UMLS concept found; HBI umbrella requires review,,Clinical and Translational Research,versioned LinkedIn expertise lexicon
b09e11c3-3662-43d4-be74-d01aa75f830e,Electroencephalography,medical,method,Neuroimaging and Medical Imaging,linkedin_expertise_lexicon_v1,linkedin_skill,2,1,0,9.9,publish,MNE Python (for EEG processing and analysis) || EEG,accepted,Electroencephalography,D004569,MSH,,mesh_reviewed_alias,9.9,reviewed local alias plus MeSH hierarchy umbrella,Neuroscience and Neural Systems,Neuroimaging and Medical Imaging,versioned LinkedIn expertise lexicon
b09e11c3-3662-43d4-be74-d01aa75f830e,Magnetic Resonance Imaging,medical,method,Neuroimaging and Medical Imaging,linkedin_expertise_lexicon_v1,linkedin_skill,1,1,0,9.9,publish,MRI,accepted,Magnetic Resonance Imaging,C0024485,MSH,Diagnostic Procedure,umls_exact,10.0,filtered UMLS concept with curated HBI umbrella,Imaging and Diagnostics,Neuroimaging and Medical Imaging,versioned LinkedIn expertise lexicon
b09e11c3-3662-43d4-be74-d01aa75f830e,Python,computing,tool,Artificial Intelligence and Data Science,linkedin_expertise_lexicon_v1,linkedin_skill,2,1,0,9.9,publish,MNE Python (for EEG processing and analysis) || Python (Programming Language),not_attempted,,,,,,0.0,UMLS skipped for cross-domain/tool term,,Artificial Intelligence and Data Science,versioned LinkedIn expertise lexicon
b09e11c3-3662-43d4-be74-d01aa75f830e,Computer Science,unmapped,candidate,,dynamic_explicit_phrase,linkedin_skill,1,1,0,9.75,publish,Computer Science,unresolved,,,,,,0.0,no sufficiently similar medical UMLS or MeSH concept,,,
b09e11c3-3662-43d4-be74-d01aa75f830e,Neurodevelopmental Disorders,medical,research_area,Mental Health,hbi_hybrid_accepted | hbi_hybrid_accepted | hbi_hybrid_accepted | hbi_hybrid_accepted | hbi_hybrid_accepted | hbi_hybrid_accepted | hbi_hybrid_accepted | hbi_hybrid_accepted | hbi_hybrid_accepted | hbi_hybrid_accepted | hbi_hybrid_accepted | hbi_hybrid_accepted | hbi_hybrid_accepted | hbi_hybrid_accepted | hbi_hybrid_accepted | hbi_hybrid_accepted | hbi_hybrid_accepted | hbi_hybrid_accepted | hbi_hybrid_accepted | hbi_hybrid_accepted | hbi_hybrid_accepted | hbi_hybrid_accepted | hbi_hybrid_accepted | hbi_hybrid_accepted | hbi_hybrid_accepted | hbi_hybrid_accepted | hbi_hybrid_accepted | hbi_hybrid_accepted,linkedin_about,1,1,0,8.55,publish,"I am currently an incoming fourth year student at the University of Calgary working towards an Honours Bachelor of Science degree in Neuroscience. I am passionate about everything science-related (especially the brain) and always strive to improve the world even in little ways. I have previously held two student research positions and have presented my project at the Calgary Youth Science Fairs in 2022 and 2023 where I have received multiple medals and awards for my scientific research projects. Over the summer of 2023, I volunteered at numerous locations primarily to work with and give back t",accepted,Neurodevelopmental Disorders,C1535926,MSH,Mental or Behavioral Dysfunction,umls_exact,10.0,filtered UMLS concept with curated HBI umbrella,Mental Health,Mental Health,versioned LinkedIn expertise lexicon
b09e11c3-3662-43d4-be74-d01aa75f830e,Neuroscience,medical,research_area,Neuroscience,linkedin_expertise_lexicon_v1,linkedin_about,1,1,0,8.55,publish,"I am currently an incoming fourth year student at the University of Calgary working towards an Honours Bachelor of Science degree in Neuroscience. I am passionate about everything science-related (especially the brain) and always strive to improve the world even in little ways. I have previously held two student research positions and have presented my project at the Calgary Youth Science Fairs in 2022 and 2023 where I have received multiple medals and awards for my scientific research projects. Over the summer of 2023, I volunteered at numerous locations primarily to work with and give back t",accepted,Neurosciences,D009488,MSH,,mesh_fallback,9.7,local MeSH fallback after broad UMLS candidate search,Neuroscience and Neural Systems,Neuroscience,versioned LinkedIn expertise lexicon
b2e463f1-fa7c-4f6f-890d-0cd5676599a8,Harm Reduction,medical,research_area,Population and Public Health,hbi_hybrid_accepted | hbi_hybrid_accepted,linkedin_experience_title_current,1,1,2026,9.3,publish,Lead Undergraduate Researcher - Qualitative Study on Harm Reduction | University of Alberta,accepted,Harm Reduction,C0679771,MSH,Therapeutic or Preventive Procedure,umls_exact,10.0,filtered UMLS concept with curated HBI umbrella,Population and Public Health,Population and Public Health,versioned LinkedIn expertise lexicon
b2e463f1-fa7c-4f6f-890d-0cd5676599a8,Social Determinants of Health,medical,research_area,,hbi_hybrid_accepted | hbi_hybrid_accepted | hbi_hybrid_accepted | hbi_hybrid_accepted,linkedin_publication_description | linkedin_publication_title,2,2,2025,8.4,publish,"Digital Twin Cities: Simulating Aging Outcomes By Modifying Social Determinants of Health || This includes our published paper and an accompanying explanatory video for “Digital Twin Cities: Simulating Aging Outcomes by Modifying Social Determinants of Health”, submitted to the STEM Fellowship IUBDC program.",review,Social Determinants of Health,C3658315,MSH,Finding,umls_exact,9.33,medical UMLS concept found; HBI umbrella requires review,,,
b3fcb97c-7759-4234-98aa-0272cc1c65ef,Clinical Trials,health,method,Clinical and Translational Research,linkedin_expertise_lexicon_v1,linkedin_experience_description_recent | linkedin_skill,2,2,2023,9.9,publish,"Clinical Trials || Led the Clinical Sleep Science team, member of the Senior Leadership Team, and chair of the Scientific Advisory Board at Cerebra - a sleep biotech medical device startup company focused on bringing in-lab technology into the home and using novel sleep EEG metrics to better diagnose and treat sleep disorders. Supported marketing and sales activities with brand strategy, field materials, post-marketing surveys, and the ""scientific voice"" of Cerebra's technology as evidenced by building key relationships with sleep KOLs, 24 sleep conference presentations, moderated 11 conference symposia/webinars",review,Clinical Trials as Topic,C0008976,MSH,Research Activity,umls_exact,9.33,medical UMLS concept found; HBI umbrella requires review,,Clinical and Translational Research,versioned LinkedIn expertise lexicon
b3fcb97c-7759-4234-98aa-0272cc1c65ef,Neuroscience,medical,research_area,Neuroscience,linkedin_expertise_lexicon_v1,linkedin_skill,1,1,0,9.9,publish,Neuroscience,accepted,Neurosciences,D009488,MSH,,mesh_fallback,9.7,local MeSH fallback after broad UMLS candidate search,Neuroscience and Neural Systems,Neuroscience,versioned LinkedIn expertise lexicon
b3fcb97c-7759-4234-98aa-0272cc1c65ef,Clinical Outcomes,unmapped,candidate,,dynamic_explicit_phrase,linkedin_skill,1,1,0,9.75,publish,Clinical Outcomes,review,Assessment using Clinical Outcomes in Routine Evaluation 10,C4273501,SNOMEDCT_US,Diagnostic Procedure,umls_words,8.11,broad UMLS words result retained for manual review,,,
b3fcb97c-7759-4234-98aa-0272cc1c65ef,Clinical Sleep Research,unmapped,candidate,,dynamic_explicit_phrase,linkedin_skill,1,1,0,9.75,publish,Clinical Sleep Research,unresolved,,,,,,0.0,no sufficiently similar medical UMLS or MeSH concept,,,
b3fcb97c-7759-4234-98aa-0272cc1c65ef,Medical Science,unmapped,candidate,,dynamic_explicit_phrase,linkedin_skill,1,1,0,9.75,publish,Medical Science,unresolved,,,,,,0.0,no sufficiently similar medical UMLS or MeSH concept,,,
b3fcb97c-7759-4234-98aa-0272cc1c65ef,Mental Health,medical,research_area,Mental Health and Psychiatry,linkedin_expertise_lexicon_v1,linkedin_about | linkedin_experience_description_recent,2,2,2021,9.2,publish,"19 years of sleep expertise across diverse sleep sectors including clinical (RPSGT), academia (MS, PhD, Postdoc), medical device industry, mental health, athlete high-performance, and the biopharmaceutical industry. || Manages all aspects of research projects and outcome monitoring at Canada’s top counselling centre focused on data-driven results and evidence-based practice for counselling success with over 100,000 client outcomes.  Executed high-impact research project for COVID-19 data – created relevant research questions and executed analyses to understand how mental health outcomes changed during the COVID-19 pandemic. Disseminated results to internal stakeholders and preparing presentations and reports for external stakeholders to generate funding. Preparing research paper.  Built partnerships for st",accepted,Mental Health,C0025353,MSH,Mental Process,umls_exact,9.53,filtered UMLS concept with curated HBI umbrella,Mental Health,Mental Health and Psychiatry,versioned LinkedIn expertise lexicon
b3fcb97c-7759-4234-98aa-0272cc1c65ef,Sleep Quality,medical,research_area,,hbi_hybrid_accepted,linkedin_publication_title,2,1,0,8.0,publish,"Sleep quality and chronotype differences between elite athletes and non-athlete controls || Comment on ""Does Elite Sport Degrade Sleep Quality? A Systematic Review""",review,Sleep Quality,C0424563,MSH,Finding,umls_exact,9.03,medical UMLS concept found; HBI umbrella requires review,,,
b3fcb97c-7759-4234-98aa-0272cc1c65ef,Autism Spectrum Disorders,medical,research_area,Neurodevelopment and Pediatric Health,linkedin_expertise_lexicon_v1,linkedin_publication_title,1,1,0,7.75,publish,"Differences in sleep patterns, sleepiness, and physical activity between young adults with Autism Spectrum Disorder and typically developing controls.",accepted,Autism Spectrum Disorder,C1510586,MSH,Mental or Behavioral Dysfunction,umls_exact,10.0,filtered UMLS concept with curated HBI umbrella,Mental Health,Neurodevelopment and Pediatric Health,versioned LinkedIn expertise lexicon
b3fcb97c-7759-4234-98aa-0272cc1c65ef,Electroencephalography,medical,method,Neuroimaging and Medical Imaging,linkedin_expertise_lexicon_v1,linkedin_experience_description_recent,1,1,2023,6.95,publish,"Led the Clinical Sleep Science team, member of the Senior Leadership Team, and chair of the Scientific Advisory Board at Cerebra - a sleep biotech medical device startup company focused on bringing in-lab technology into the home and using novel sleep EEG metrics to better diagnose and treat sleep disorders. Supported marketing and sales activities with brand strategy, field materials, post-marketing surveys, and the ""scientific voice"" of Cerebra's technology as evidenced by building key relationships with sleep KOLs, 24 sleep conference presentations, moderated 11 conference symposia/webinars",accepted,Electroencephalography,D004569,MSH,,mesh_reviewed_alias,9.9,reviewed local alias plus MeSH hierarchy umbrella,Neuroscience and Neural Systems,Neuroimaging and Medical Imaging,versioned LinkedIn expertise lexicon
b7ca6cfe-e71a-439b-a674-b3410e093e16,Health Equity,medical,research_area,,hbi_hybrid_accepted | hbi_hybrid_accepted,linkedin_headline,1,1,0,9.55,publish,MSc Neuroscience Candidate | Brain Canada/Heart & Stroke/ CIHR Scholar | Health Equity Advocate | National Program Coordinator @MBCC | Director @Brain-CE,review,Health Equity,D000069576,MSH,,mesh_fallback,10.0,local MeSH fallback after broad UMLS candidate search,,,
b7ca6cfe-e71a-439b-a674-b3410e093e16,Neuroscience,medical,research_area,Neuroscience,linkedin_expertise_lexicon_v1,linkedin_headline,1,1,0,9.55,publish,MSc Neuroscience Candidate | Brain Canada/Heart & Stroke/ CIHR Scholar | Health Equity Advocate | National Program Coordinator @MBCC | Director @Brain-CE,accepted,Neurosciences,D009488,MSH,,mesh_fallback,9.7,local MeSH fallback after broad UMLS candidate search,Neuroscience and Neural Systems,Neuroscience,versioned LinkedIn expertise lexicon
b7ca6cfe-e71a-439b-a674-b3410e093e16,Stroke,medical,research_area,Neurological and Neurodegenerative Disorders,linkedin_expertise_lexicon_v1,linkedin_headline,1,1,0,9.55,publish,MSc Neuroscience Candidate | Brain Canada/Heart & Stroke/ CIHR Scholar | Health Equity Advocate | National Program Coordinator @MBCC | Director @Brain-CE,accepted,Stroke,C0038454,MSH,Disease or Syndrome,umls_exact,9.73,filtered UMLS concept with curated HBI umbrella,Cardiovascular Health,Neurological and Neurodegenerative Disorders,versioned LinkedIn expertise lexicon
b7ca6cfe-e71a-439b-a674-b3410e093e16,Childhood Maltreatment,medical,research_area,Mental Health and Psychiatry,linkedin_expertise_lexicon_v1,linkedin_publication_description | linkedin_publication_title,2,2,2022,8.4,publish,Evaluating the role of adult hippocampal neurogenesis as a modulator of perineuronal nets in early life stress induced depression (Abstract) || Chronic stress is considered a significant causal agent in depression. The hippocampus is particularly vulnerable to stress and depression and has been associated with impaired adult hippocampal neurogenesis. Previous research has shown that modulation of adult hippocampal neurogenesis or modulation of immature hippocampal neuron activity changes structure and function of CA1 in the hippocampus. Modulation of neurogenesis has been shown to affect the number of perineuronal nets (PNNs) surrounding inhibitory interneurons. Several neuropsychiatric disorders show changes in the density and compos,review,PhenX measure - childhood maltreatment,C3165956,MTH,Finding,umls_words,7.79,broad UMLS words result retained for manual review,,Mental Health and Psychiatry,versioned LinkedIn expertise lexicon
b7ca6cfe-e71a-439b-a674-b3410e093e16,Depression,medical,research_area,Mental Health and Psychiatry,linkedin_expertise_lexicon_v1,linkedin_publication_description | linkedin_publication_title,2,2,2022,8.4,publish,Evaluating the role of adult hippocampal neurogenesis as a modulator of perineuronal nets in early life stress induced depression (Abstract) || Chronic stress is considered a significant causal agent in depression. The hippocampus is particularly vulnerable to stress and depression and has been associated with impaired adult hippocampal neurogenesis. Previous research has shown that modulation of adult hippocampal neurogenesis or modulation of immature hippocampal neuron activity changes structure and function of CA1 in the hippocampus. Modulation of neurogenesis has been shown to affect the number of perineuronal nets (PNNs) surrounding inhibitory interneurons. Several neuropsychiatric disorders show changes in the density and compos,accepted,Depression,C0011570,MSH,Mental or Behavioral Dysfunction,umls_exact,9.73,filtered UMLS concept with curated HBI umbrella,Mental Health,Mental Health and Psychiatry,versioned LinkedIn expertise lexicon
b7ca6cfe-e71a-439b-a674-b3410e093e16,Stress,medical,research_area,Mental Health and Psychiatry,linkedin_expertise_lexicon_v1,linkedin_publication_description | linkedin_publication_title,2,2,2022,8.4,publish,Evaluating the role of adult hippocampal neurogenesis as a modulator of perineuronal nets in early life stress induced depression (Abstract) || Chronic stress is considered a significant causal agent in depression. The hippocampus is particularly vulnerable to stress and depression and has been associated with impaired adult hippocampal neurogenesis. Previous research has shown that modulation of adult hippocampal neurogenesis or modulation of immature hippocampal neuron activity changes structure and function of CA1 in the hippocampus. Modulation of neurogenesis has been shown to affect the number of perineuronal nets (PNNs) surrounding inhibitory interneurons. Several neuropsychiatric disorders show changes in the density and compos,review,Stress bismuth subsalicylate,C0723460,MTH,Organic Chemical | Pharmacologic Substance,umls_exact,9.28,medical UMLS concept found without a MeSH representation,,Mental Health and Psychiatry,versioned LinkedIn expertise lexicon
b7ca6cfe-e71a-439b-a674-b3410e093e16,Hippocampus,medical,research_area,,hbi_hybrid_accepted,linkedin_publication_description,2,1,2022,7.2,publish,"Chronic stress is considered a significant causal agent in depression. The hippocampus is particularly vulnerable to stress and depression and has been associated with impaired adult hippocampal neurogenesis. Previous research has shown that modulation of adult hippocampal neurogenesis or modulation of immature hippocampal neuron activity changes structure and function of CA1 in the hippocampus. Modulation of neurogenesis has been shown to affect the number of perineuronal nets (PNNs) surrounding inhibitory interneurons. Several neuropsychiatric disorders show changes in the density and compos || The process underlying the formation of long-term memories by our brains remains a fundamental question in memory research. Neurogenesis, the birth of new neurons, occurs in very few mammalian brain regions during adulthood, one of these regions being the hippocampus. Neurogenesis in the hippocampus plays a major role in long?term memory. It is known that memory is initially dependent on the hippocampus. As memories mature, they become increasingly dependent on other brain regions such as the cortex. In this project, we try to determine whether decreasing neurogenesis will impact how memory tr",review,Hippocampus,C3887642,MSH,"Body Part, Organ, or Organ Component",umls_exact,9.3,medical UMLS concept found; HBI umbrella requires review,,,
b7ca6cfe-e71a-439b-a674-b3410e093e16,Decision Making,medical,research_area,Cognition and Behaviour,linkedin_expertise_lexicon_v1,linkedin_publication_description,1,1,2025,6.95,publish,"Background: Climate change is an urgent public health challenge with emerging evidence linking climate-related events (such as wildfire smoke, heatwaves, and air pollution) to neurological impacts. These effects disproportionately burden equity-deserving populations, including Indigenous communities, persons with disabilities, and rural or underserved groups. Despite these risks, climate-neurology intersections remain largely unaddressed within health research and policy frameworks. Objective: The Brain Climate Equity Collaborative (Brain-CE Collab), a Canadian non-profit, aims to embed eviden",review,Decision Making,C0011109,MSH,Mental Process,umls_exact,9.5,medical UMLS concept found; HBI umbrella requires review,,Cognition and Behaviour,versioned LinkedIn expertise lexicon
b7ca6cfe-e71a-439b-a674-b3410e093e16,Functional Connectivity,medical,method,Neuroimaging and Medical Imaging,linkedin_expertise_lexicon_v1,linkedin_publication_description,1,1,2020,6.95,publish,"The process underlying the formation of long-term memories by our brains remains a fundamental question in memory research. Neurogenesis, the birth of new neurons, occurs in very few mammalian brain regions during adulthood, one of these regions being the hippocampus. Neurogenesis in the hippocampus plays a major role in long?term memory. It is known that memory is initially dependent on the hippocampus. As memories mature, they become increasingly dependent on other brain regions such as the cortex. In this project, we try to determine whether decreasing neurogenesis will impact how memory tr",review,Functional Connectivity Magnetic Resonance Imaging,C3896579,NCI,Diagnostic Procedure,umls_words,8.41,broad UMLS words result retained for manual review,Imaging and Diagnostics,Neuroimaging and Medical Imaging,versioned LinkedIn expertise lexicon
b7ca6cfe-e71a-439b-a674-b3410e093e16,Health Systems,health,research_area,Population and Public Health,linkedin_expertise_lexicon_v1,linkedin_publication_description,1,1,2025,6.95,publish,"Background: Climate change is an urgent public health challenge with emerging evidence linking climate-related events (such as wildfire smoke, heatwaves, and air pollution) to neurological impacts. These effects disproportionately burden equity-deserving populations, including Indigenous communities, persons with disabilities, and rural or underserved groups. Despite these risks, climate-neurology intersections remain largely unaddressed within health research and policy frameworks. Objective: The Brain Climate Equity Collaborative (Brain-CE Collab), a Canadian non-profit, aims to embed eviden",review,Delivery of Health Care,D003695,MSH,,mesh_reviewed_alias,9.0,reviewed local alias plus MeSH hierarchy umbrella; retained for review because the UMLS label loses specificity from the supported LinkedIn term,Population and Public Health,Population and Public Health,versioned LinkedIn expertise lexicon
b7ca6cfe-e71a-439b-a674-b3410e093e16,Major Depressive Disorder,medical,research_area,Mental Health,hbi_hybrid_accepted | hbi_hybrid_accepted | hbi_hybrid_accepted,linkedin_publication_description,1,1,2022,6.95,publish,Chronic stress is considered a significant causal agent in depression. The hippocampus is particularly vulnerable to stress and depression and has been associated with impaired adult hippocampal neurogenesis. Previous research has shown that modulation of adult hippocampal neurogenesis or modulation of immature hippocampal neuron activity changes structure and function of CA1 in the hippocampus. Modulation of neurogenesis has been shown to affect the number of perineuronal nets (PNNs) surrounding inhibitory interneurons. Several neuropsychiatric disorders show changes in the density and compos,accepted,Major Depressive Disorder,C1269683,MSH,Mental or Behavioral Dysfunction,umls_exact,10.0,filtered UMLS concept with curated HBI umbrella,Mental Health,Mental Health,versioned LinkedIn expertise lexicon
b7ca6cfe-e71a-439b-a674-b3410e093e16,Neurology,medical,research_area,Neuroscience and Neural Systems,hbi_hybrid_accepted | hbi_hybrid_accepted,linkedin_publication_description,1,1,2025,6.95,publish,"Background: Climate change is an urgent public health challenge with emerging evidence linking climate-related events (such as wildfire smoke, heatwaves, and air pollution) to neurological impacts. These effects disproportionately burden equity-deserving populations, including Indigenous communities, persons with disabilities, and rural or underserved groups. Despite these risks, climate-neurology intersections remain largely unaddressed within health research and policy frameworks. Objective: The Brain Climate Equity Collaborative (Brain-CE Collab), a Canadian non-profit, aims to embed eviden",accepted,Neurology,D009462,MSH,,mesh_reviewed_alias,9.8,reviewed local alias plus MeSH hierarchy umbrella,Neuroscience and Neural Systems,Neuroscience and Neural Systems,versioned LinkedIn expertise lexicon
b7ca6cfe-e71a-439b-a674-b3410e093e16,Public Health,medical,research_area,Population and Public Health,hbi_hybrid_accepted | hbi_hybrid_accepted | hbi_hybrid_accepted | hbi_hybrid_accepted | hbi_hybrid_accepted,linkedin_publication_description,1,1,2025,6.95,publish,"Background: Climate change is an urgent public health challenge with emerging evidence linking climate-related events (such as wildfire smoke, heatwaves, and air pollution) to neurological impacts. These effects disproportionately burden equity-deserving populations, including Indigenous communities, persons with disabilities, and rural or underserved groups. Despite these risks, climate-neurology intersections remain largely unaddressed within health research and policy frameworks. Objective: The Brain Climate Equity Collaborative (Brain-CE Collab), a Canadian non-profit, aims to embed eviden",accepted,Public Health,D011634,MSH,,mesh_fallback,10.0,local MeSH fallback after broad UMLS candidate search,Population and Public Health,Population and Public Health,versioned LinkedIn expertise lexicon
b99bf52f-dedb-4bdb-827c-ec326d849d0e,Biomedical Engineering,engineering,research_area,Biomedical Engineering,linkedin_expertise_lexicon_v1,linkedin_about | linkedin_about_explicit | linkedin_headline,3,3,0,9.9,publish,"PhD student in Biomedical Engineering at the University of Calgary | International Medical Graduate (IMG) | Systems & Computational Neuroscience || Trained as a medical doctor and now pursuing a PhD degree in biomedical engineering. As a physician-scientist in training, I am bridging the bench and bedside through fundamental neuroscience and engineering. My research sits at the intersection of systems neuroscience and computational modeling, interrogating fundamental mechanisms of brain function. My long-term focus is translating this work toward clinical impact, particularly through neuromodulation and brain stimulation therapies for neurological diseases. I am also a digital artist and science communicator passionate about scientific vi",not_attempted,,,,,,0.0,UMLS skipped for cross-domain/tool term,,Biomedical Engineering,versioned LinkedIn expertise lexicon
b99bf52f-dedb-4bdb-827c-ec326d849d0e,Neuroscience,medical,research_area,Neuroscience,linkedin_expertise_lexicon_v1,linkedin_about | linkedin_headline,2,2,0,9.9,publish,"PhD student in Biomedical Engineering at the University of Calgary | International Medical Graduate (IMG) | Systems & Computational Neuroscience || Trained as a medical doctor and now pursuing a PhD degree in biomedical engineering. As a physician-scientist in training, I am bridging the bench and bedside through fundamental neuroscience and engineering. My research sits at the intersection of systems neuroscience and computational modeling, interrogating fundamental mechanisms of brain function. My long-term focus is translating this work toward clinical impact, particularly through neuromodulation and brain stimulation therapies for neurological diseases. I am also a digital artist and science communicator passionate about scientific vi",accepted,Neurosciences,D009488,MSH,,mesh_fallback,9.7,local MeSH fallback after broad UMLS candidate search,Neuroscience and Neural Systems,Neuroscience,versioned LinkedIn expertise lexicon
b99bf52f-dedb-4bdb-827c-ec326d849d0e,Computational Neuroscience,computing,research_area,Artificial Intelligence and Data Science,linkedin_expertise_lexicon_v1,linkedin_headline,1,1,0,9.55,publish,PhD student in Biomedical Engineering at the University of Calgary | International Medical Graduate (IMG) | Systems & Computational Neuroscience,not_attempted,,,,,,0.0,UMLS skipped for cross-domain/tool term,,Artificial Intelligence and Data Science,versioned LinkedIn expertise lexicon
b99bf52f-dedb-4bdb-827c-ec326d849d0e,Brain Stimulation,medical,technology,Neuroengineering and Medical Technology,linkedin_expertise_lexicon_v1,linkedin_about,1,1,0,8.55,publish,"Trained as a medical doctor and now pursuing a PhD degree in biomedical engineering. As a physician-scientist in training, I am bridging the bench and bedside through fundamental neuroscience and engineering. My research sits at the intersection of systems neuroscience and computational modeling, interrogating fundamental mechanisms of brain function. My long-term focus is translating this work toward clinical impact, particularly through neuromodulation and brain stimulation therapies for neurological diseases. I am also a digital artist and science communicator passionate about scientific vi",review,Brain stimulation,C0870227,SNOMEDCT_US,Therapeutic or Preventive Procedure,umls_exact,9.85,medical UMLS concept found without a MeSH representation,Pharmacology and Therapeutics,Neuroengineering and Medical Technology,versioned LinkedIn expertise lexicon
bba2f0fd-61b9-44c9-913f-539995be1bb0,Bioengineering,engineering,research_area,Biomedical Engineering,linkedin_expertise_lexicon_v1,linkedin_skill,1,1,0,9.9,publish,Bioengineering Design Thinking,not_attempted,,,,,,0.0,UMLS skipped for cross-domain/tool term,,Biomedical Engineering,versioned LinkedIn expertise lexicon
bba2f0fd-61b9-44c9-913f-539995be1bb0,Biotechnology,engineering,research_area,Biomedical Engineering,linkedin_expertise_lexicon_v1,linkedin_skill,1,1,0,9.9,publish,Biotechnology,not_attempted,,,,,,0.0,UMLS skipped for cross-domain/tool term,,Biomedical Engineering,versioned LinkedIn expertise lexicon
bba2f0fd-61b9-44c9-913f-539995be1bb0,CAR T-Cell Therapy,medical,technology,Cancer and Immunotherapy,linkedin_expertise_lexicon_v1,linkedin_about | linkedin_headline,2,2,0,9.9,publish,"Co-Founder @ ClotGuard | CAR-T Cell Researcher | Activate @ TKS 25-26 | Innovator @ Moonshot Pirates | Applied Rese || Hi, Im Sophia! Im currently focused on developing next-generation CAR-T strategies for solid tumors, a field where immunotherapy has historically faced challenges like the tumor microenvironment, antigen heterogeneity, and T-cell persistence. Im exploring how we can engineer smarter, more resilient cell therapies that overcome these barriers.",review,"Immunotherapy, Adoptive",C0079613,MSH,Therapeutic or Preventive Procedure,umls_exact,9.53,medical UMLS concept found; HBI umbrella requires review,,Cancer and Immunotherapy,versioned LinkedIn expertise lexicon
bba2f0fd-61b9-44c9-913f-539995be1bb0,Immunotherapy,medical,research_area,Cancer and Immunotherapy,linkedin_expertise_lexicon_v1,linkedin_about | linkedin_skill,2,2,0,9.9,publish,"Hi, Im Sophia! Im currently focused on developing next-generation CAR-T strategies for solid tumors, a field where immunotherapy has historically faced challenges like the tumor microenvironment, antigen heterogeneity, and T-cell persistence. Im exploring how we can engineer smarter, more resilient cell therapies that overcome these barriers. || Immunotherapy Delivery Optimization",review,Immunotherapy,C0021083,MSH,Therapeutic or Preventive Procedure,umls_exact,9.83,medical UMLS concept found; HBI umbrella requires review,,Cancer and Immunotherapy,versioned LinkedIn expertise lexicon
bba2f0fd-61b9-44c9-913f-539995be1bb0,T-Cell Engineering,engineering,technology,Cancer and Immunotherapy,linkedin_expertise_lexicon_v1,linkedin_skill,1,1,0,9.9,publish,Advanced Receptor Engineering,not_attempted,,,,,,0.0,UMLS skipped for cross-domain/tool term,,Cancer and Immunotherapy,versioned LinkedIn expertise lexicon
bba2f0fd-61b9-44c9-913f-539995be1bb0,Cell Therapy,medical,technology,Cancer and Immunotherapy,linkedin_expertise_lexicon_v1,linkedin_about,1,1,0,8.55,publish,"Hi, Im Sophia! Im currently focused on developing next-generation CAR-T strategies for solid tumors, a field where immunotherapy has historically faced challenges like the tumor microenvironment, antigen heterogeneity, and T-cell persistence. Im exploring how we can engineer smarter, more resilient cell therapies that overcome these barriers.",review,CELL THER,C0302189,MSH,Therapeutic or Preventive Procedure,umls_exact,10.0,filtered UMLS concept with curated HBI umbrella; retained for review because the UMLS label loses specificity from the supported LinkedIn term,Pharmacology and Therapeutics,Cancer and Immunotherapy,versioned LinkedIn expertise lexicon
bba2f0fd-61b9-44c9-913f-539995be1bb0,Solid Tumors,medical,research_area,Cancer and Immunotherapy,linkedin_expertise_lexicon_v1,linkedin_about,1,1,0,8.55,publish,"Hi, Im Sophia! Im currently focused on developing next-generation CAR-T strategies for solid tumors, a field where immunotherapy has historically faced challenges like the tumor microenvironment, antigen heterogeneity, and T-cell persistence. Im exploring how we can engineer smarter, more resilient cell therapies that overcome these barriers.",accepted,Neoplasms,C0027651,MSH,Neoplastic Process,umls_exact,10.0,filtered UMLS concept with curated HBI umbrella,Cancer and Tumours,Cancer and Immunotherapy,versioned LinkedIn expertise lexicon
bba2f0fd-61b9-44c9-913f-539995be1bb0,Tumor Microenvironment,medical,research_area,Cancer and Immunotherapy,linkedin_expertise_lexicon_v1,linkedin_about,1,1,0,8.55,publish,"Hi, Im Sophia! Im currently focused on developing next-generation CAR-T strategies for solid tumors, a field where immunotherapy has historically faced challenges like the tumor microenvironment, antigen heterogeneity, and T-cell persistence. Im exploring how we can engineer smarter, more resilient cell therapies that overcome these barriers.",review,Tumor Microenvironment,D059016,MSH,,mesh_fallback,10.0,local MeSH fallback after broad UMLS candidate search,,Cancer and Immunotherapy,versioned LinkedIn expertise lexicon
be905b1e-163c-4cd9-b36b-a1bdd45d8abe,Immunofluorescence,unmapped,candidate,,dynamic_explicit_phrase,linkedin_skill,1,1,0,9.75,publish,Immunofluorescence,review,Immunofluorescence,C0079603,MSH,Laboratory Procedure,umls_exact,9.3,medical UMLS concept found; HBI umbrella requires review,,,
be905b1e-163c-4cd9-b36b-a1bdd45d8abe,Single Cell Sequencing,unmapped,candidate,,dynamic_explicit_phrase,linkedin_skill,1,1,0,9.75,publish,Single Cell Sequencing,review,"Oncology (non-small cell lung cancer), next-generation sequencing with identification of single nucleotide variants, copy number variants, insertions and deletions, and structural variants in 37 cancer-related genes, plasma, with report for alteration detection",C5851991,CPT,Laboratory Procedure,umls_words,7.51,broad UMLS words result retained for manual review,Cancer and Tumours,,
be905b1e-163c-4cd9-b36b-a1bdd45d8abe,Neuroscience,medical,research_area,Neuroscience,linkedin_expertise_lexicon_v1,linkedin_about | linkedin_experience_description_recent,2,2,2020,9.2,publish,"As a PhD Candidate in Neuroscience, I study glia and their role in retinal regeneration using a variety of computer programming and wet lab techniques. As I prepare to finish my PhD in 2026, I am keeping an open mind about career opportunities in industry or medicine. || Neuroscience Concentration Directed study in the field of Adult Neurogenesis",accepted,Neurosciences,D009488,MSH,,mesh_fallback,9.7,local MeSH fallback after broad UMLS candidate search,Neuroscience and Neural Systems,Neuroscience,versioned LinkedIn expertise lexicon
c0a6cc1c-b442-4941-8df3-fe6bdebe5d5e,Bioinformatics,unmapped,candidate,,dynamic_explicit_phrase,linkedin_skill,1,1,0,9.75,publish,Bioinformatics,review,Computational Biology,D019295,MSH,,mesh_fallback,9.0,local MeSH fallback after broad UMLS candidate search,,,
c0a6cc1c-b442-4941-8df3-fe6bdebe5d5e,CNS cell isolation,unmapped,candidate,,dynamic_explicit_phrase,linkedin_skill,1,1,0,9.75,publish,CNS cell isolation,unresolved,,,,,,0.0,no sufficiently similar medical UMLS or MeSH concept,,,
c0a6cc1c-b442-4941-8df3-fe6bdebe5d5e,Immunohistochemistry,unmapped,candidate,,dynamic_explicit_phrase,linkedin_skill,1,1,0,9.75,publish,Immunohistochemistry,review,Immunohistochemistry,C0021044,MSH,Diagnostic Procedure,umls_exact,9.83,medical UMLS concept found; HBI umbrella requires review,,,
c0a6cc1c-b442-4941-8df3-fe6bdebe5d5e,Single Cell Sequencing,unmapped,candidate,,dynamic_explicit_phrase,linkedin_skill,1,1,0,9.75,publish,Single Cell Sequencing,review,"Oncology (non-small cell lung cancer), next-generation sequencing with identification of single nucleotide variants, copy number variants, insertions and deletions, and structural variants in 37 cancer-related genes, plasma, with report for alteration detection",C5851991,CPT,Laboratory Procedure,umls_words,7.51,broad UMLS words result retained for manual review,Cancer and Tumours,,
c0a6cc1c-b442-4941-8df3-fe6bdebe5d5e,Single cell transcriptomics analysis,unmapped,candidate,,dynamic_explicit_phrase,linkedin_skill,1,1,0,9.75,publish,Single cell transcriptomics analysis,unresolved,,,,,,0.0,no sufficiently similar medical UMLS or MeSH concept,,,
c0a6cc1c-b442-4941-8df3-fe6bdebe5d5e,Multiple Sclerosis,medical,research_area,Neurological Disorders,hbi_hybrid_accepted | hbi_hybrid_accepted | hbi_hybrid_accepted | hbi_hybrid_accepted | hbi_hybrid_accepted | hbi_hybrid_accepted | hbi_hybrid_accepted | hbi_hybrid_accepted | hbi_hybrid_accepted | hbi_hybrid_accepted | hbi_hybrid_accepted | hbi_hybrid_accepted | hbi_hybrid_accepted | hbi_hybrid_accepted | hbi_hybrid_accepted | hbi_hybrid_accepted | hbi_hybrid_accepted | hbi_hybrid_accepted | hbi_hybrid_accepted | hbi_hybrid_accepted | hbi_hybrid_accepted | hbi_hybrid_accepted | hbi_hybrid_accepted | hbi_hybrid_accepted | hbi_hybrid_accepted | hbi_hybrid_accepted | hbi_hybrid_accepted | hbi_hybrid_accepted | hbi_hybrid_accepted | hbi_hybrid_accepted,linkedin_experience_description_recent | linkedin_publication_description | linkedin_publication_title,9,3,2024,9.55,publish,"Assist members of multiple sclerosis group with single cell transcriptomics workflow from sample prep to bioinformatics analysis || Impairment of oligodendrocytes and myelin contributes to neurological disorders including multiple sclerosis (MS), stroke and Alzheimer's disease. Regeneration of myelin (remyelination) decreases the vulnerability of demyelinated axons, but this repair process commonly fails with disease progression. A contributor to inefficient remyelination is the altered extracellular matrix (ECM) in lesions that remains to be better defined. We have identified fibulin-2 (FBLN2) as a highly upregulated ECM component in lesions of MS and stroke, and in proteome databases of Alzheimer’s disease and traumatic  || Uncovering novel extracellular matrix transcriptome alterations in lesions of multiple sclerosis || The extracellular matrix (ECM) of the central nervous system (CNS) is an interconnected network of proteins and sugars with critical roles in both homeostasis and disease. In neurological diseases, excessive ECM deposition and remodeling impact both injury and repair. CNS lesions of multiple sclerosis (MS), a chronic inflammatory and degenerative disease, cause prominent alterations of the ECM. However, there are a lack of data investigating how the multitude of ECM members change in relation to each other and how this affects the MS disease course. Here, we evaluated ECM changes in MS lesions || Elevated Galectin-3 Is Associated with Aging, Multiple Sclerosis, and Oxidized Phosphatidylcholine-Induced Neurodegeneration || Aging is a significant risk factor associated with the progression of CNS neurodegenerative diseases including multiple sclerosis (MS). Microglia, the resident macrophages of the CNS parenchyma, are a major population of immune cell",accepted,Multiple Sclerosis,C0026769,MSH,Disease or Syndrome,umls_exact,10.0,filtered UMLS concept with curated HBI umbrella,Neurological Disorders,Neurological Disorders,versioned LinkedIn expertise lexicon
c0a6cc1c-b442-4941-8df3-fe6bdebe5d5e,Inflammation,medical,research_area,,hbi_hybrid_accepted | hbi_hybrid_accepted | hbi_hybrid_accepted | hbi_hybrid_accepted | hbi_hybrid_accepted | hbi_hybrid_accepted | hbi_hybrid_accepted,linkedin_publication_description | linkedin_publication_title,5,2,2022,9.15,publish,"Microglia are the immune sentinels of the central nervous system with protective roles such as the removal of neurotoxic oxidized phosphatidylcholines (OxPCs). As aging alters microglial function and elevates neurological disability in diseases such as multiple sclerosis, defining aging-associated factors that cause microglia to lose their custodial properties or even become injurious can help to restore their homeostasis. We used single-cell and spatial RNA sequencing in the spinal cord of young (6-week-old) and middle-aged (52-week-old) mice to determine aging-driven microglial reprogramming || Immune-to-Brain Communication Pathways in Inflammation-Associated Sickness and Depression || Abstract A growing body of evidence now highlights a key role for inflammation in mediating sickness behaviors and depression. Systemic inflammatory diseases such as rheumatoid arthritis, inflammatory bowel disease, and chronic liver disease have high comorbidity with depression. How the periphery communicates with the brain to mediate changes in neurotransmission and thereby behavior is not completely understood. Traditional routes of communication between the periphery and the brain involve neural and humoral pathways with TNFα, IL-1β, and IL-6 being the three main cytokines that have primar || . P-selectin mediated monocyte: cerebral endothelium adhesive interactions link peripheral organ inflammation to sickness behaviors || Abstract: Sickness behaviors, such as fatigue, mood alterations, and cognitive dysfunction, which result from changes in central neurotransmission, are prevalent in systemic inflammatory diseases and greatly impact patient quality of life. Although, microglia (resident cerebral immune cells) and cytokines (e.g., TNFα) are associated with changes in central neuro",review,Inflammation,C0021368,MSH,Pathologic Function,umls_exact,9.6,medical UMLS concept found; HBI umbrella requires review,,,
c0a6cc1c-b442-4941-8df3-fe6bdebe5d5e,Genomics,medical,research_area,Genetics and Genomics,hbi_hybrid_accepted | hbi_hybrid_accepted | hbi_hybrid_accepted | hbi_hybrid_accepted | hbi_hybrid_accepted | hbi_hybrid_accepted,linkedin_about,1,1,0,8.55,publish,"Over the last 6 years, I’ve been involved in diverse projects using the 10x Genomics single-cell and spatial transcriptomics platform to study cell phenotypes in CNS disease contexts. I’m thrilled to leverage this expertise in my new role, where I’ll be establishing a transcriptomics core at the Hotchkiss Brain Institute, University of Calgary and offering start-to-end services from sample prep to bioinformatics analysis.",accepted,Genomics,D023281,MSH,,mesh_fallback,10.0,local MeSH fallback after broad UMLS candidate search,Genetics and Genomics,Genetics and Genomics,versioned LinkedIn expertise lexicon
c0a6cc1c-b442-4941-8df3-fe6bdebe5d5e,Depression,medical,research_area,Mental Health and Psychiatry,linkedin_expertise_lexicon_v1,linkedin_publication_description | linkedin_publication_title,2,2,0,8.4,publish,"Immune-to-Brain Communication Pathways in Inflammation-Associated Sickness and Depression || Abstract A growing body of evidence now highlights a key role for inflammation in mediating sickness behaviors and depression. Systemic inflammatory diseases such as rheumatoid arthritis, inflammatory bowel disease, and chronic liver disease have high comorbidity with depression. How the periphery communicates with the brain to mediate changes in neurotransmission and thereby behavior is not completely understood. Traditional routes of communication between the periphery and the brain involve neural and humoral pathways with TNFα, IL-1β, and IL-6 being the three main cytokines that have primar",accepted,Depression,C0011570,MSH,Mental or Behavioral Dysfunction,umls_exact,9.73,filtered UMLS concept with curated HBI umbrella,Mental Health,Mental Health and Psychiatry,versioned LinkedIn expertise lexicon
c0a6cc1c-b442-4941-8df3-fe6bdebe5d5e,Astrocytes,medical,research_area,Neuroscience,linkedin_expertise_lexicon_v1,linkedin_publication_description,2,1,2024,7.2,publish,"Impairment of oligodendrocytes and myelin contributes to neurological disorders including multiple sclerosis (MS), stroke and Alzheimer's disease. Regeneration of myelin (remyelination) decreases the vulnerability of demyelinated axons, but this repair process commonly fails with disease progression. A contributor to inefficient remyelination is the altered extracellular matrix (ECM) in lesions that remains to be better defined. We have identified fibulin-2 (FBLN2) as a highly upregulated ECM component in lesions of MS and stroke, and in proteome databases of Alzheimer’s disease and traumatic  || The extracellular matrix (ECM) of the central nervous system (CNS) is an interconnected network of proteins and sugars with critical roles in both homeostasis and disease. In neurological diseases, excessive ECM deposition and remodeling impact both injury and repair. CNS lesions of multiple sclerosis (MS), a chronic inflammatory and degenerative disease, cause prominent alterations of the ECM. However, there are a lack of data investigating how the multitude of ECM members change in relation to each other and how this affects the MS disease course. Here, we evaluated ECM changes in MS lesions",review,Astrocytes,C0004112,MSH,Cell,umls_exact,9.83,medical UMLS concept found; HBI umbrella requires review,,Neuroscience,versioned LinkedIn expertise lexicon
c0a6cc1c-b442-4941-8df3-fe6bdebe5d5e,Central Nervous System,medical,research_area,Neuroscience and Neural Systems,hbi_hybrid_accepted,linkedin_publication_description,2,1,2024,7.2,publish,"The extracellular matrix (ECM) of the central nervous system (CNS) is an interconnected network of proteins and sugars with critical roles in both homeostasis and disease. In neurological diseases, excessive ECM deposition and remodeling impact both injury and repair. CNS lesions of multiple sclerosis (MS), a chronic inflammatory and degenerative disease, cause prominent alterations of the ECM. However, there are a lack of data investigating how the multitude of ECM members change in relation to each other and how this affects the MS disease course. Here, we evaluated ECM changes in MS lesions || Microglia are the immune sentinels of the central nervous system with protective roles such as the removal of neurotoxic oxidized phosphatidylcholines (OxPCs). As aging alters microglial function and elevates neurological disability in diseases such as multiple sclerosis, defining aging-associated factors that cause microglia to lose their custodial properties or even become injurious can help to restore their homeostasis. We used single-cell and spatial RNA sequencing in the spinal cord of young (6-week-old) and middle-aged (52-week-old) mice to determine aging-driven microglial reprogramming",review,Central Nervous System Cysts,C0349606,MSH,Disease or Syndrome,umls_words,8.98,broad UMLS words result retained for manual review,,Neuroscience and Neural Systems,versioned LinkedIn expertise lexicon
c0a6cc1c-b442-4941-8df3-fe6bdebe5d5e,Disease Progression,medical,research_area,,hbi_hybrid_accepted,linkedin_publication_description,2,1,2024,7.2,publish,"Impairment of oligodendrocytes and myelin contributes to neurological disorders including multiple sclerosis (MS), stroke and Alzheimer's disease. Regeneration of myelin (remyelination) decreases the vulnerability of demyelinated axons, but this repair process commonly fails with disease progression. A contributor to inefficient remyelination is the altered extracellular matrix (ECM) in lesions that remains to be better defined. We have identified fibulin-2 (FBLN2) as a highly upregulated ECM component in lesions of MS and stroke, and in proteome databases of Alzheimer’s disease and traumatic  || Aging is a significant risk factor associated with the progression of CNS neurodegenerative diseases including multiple sclerosis (MS). Microglia, the resident macrophages of the CNS parenchyma, are a major population of immune cells that accumulate in MS lesions. While they normally regulate tissue homeostasis and facilitate the clearance of neurotoxic molecules including oxidized phosphatidylcholines (OxPCs), their transcriptome and neuroprotective functions are reprogrammed by aging. Thus, determining the factors that instigate aging associated microglia dysfunction can lead to new insights",review,Disease Progression,C0242656,MSH,Pathologic Function,umls_exact,9.6,medical UMLS concept found; HBI umbrella requires review,,,
c0a6cc1c-b442-4941-8df3-fe6bdebe5d5e,Nervous System,medical,research_area,Neuroscience and Neural Systems,hbi_hybrid_accepted | hbi_hybrid_accepted | hbi_hybrid_accepted | hbi_hybrid_accepted | hbi_hybrid_accepted | hbi_hybrid_accepted | hbi_hybrid_accepted | hbi_hybrid_accepted | hbi_hybrid_accepted | hbi_hybrid_accepted,linkedin_publication_description,2,1,2024,7.2,publish,"The extracellular matrix (ECM) of the central nervous system (CNS) is an interconnected network of proteins and sugars with critical roles in both homeostasis and disease. In neurological diseases, excessive ECM deposition and remodeling impact both injury and repair. CNS lesions of multiple sclerosis (MS), a chronic inflammatory and degenerative disease, cause prominent alterations of the ECM. However, there are a lack of data investigating how the multitude of ECM members change in relation to each other and how this affects the MS disease course. Here, we evaluated ECM changes in MS lesions || Microglia are the immune sentinels of the central nervous system with protective roles such as the removal of neurotoxic oxidized phosphatidylcholines (OxPCs). As aging alters microglial function and elevates neurological disability in diseases such as multiple sclerosis, defining aging-associated factors that cause microglia to lose their custodial properties or even become injurious can help to restore their homeostasis. We used single-cell and spatial RNA sequencing in the spinal cord of young (6-week-old) and middle-aged (52-week-old) mice to determine aging-driven microglial reprogramming",accepted,Nervous System,D009420,MSH,,mesh_fallback,10.0,local MeSH fallback after broad UMLS candidate search,Neuroscience and Neural Systems,Neuroscience and Neural Systems,versioned LinkedIn expertise lexicon
c0a6cc1c-b442-4941-8df3-fe6bdebe5d5e,Alzheimer Disease,medical,research_area,Neurological Disorders,hbi_hybrid_accepted | hbi_hybrid_accepted | hbi_hybrid_accepted | hbi_hybrid_accepted | hbi_hybrid_accepted | hbi_hybrid_accepted | hbi_hybrid_accepted | hbi_hybrid_accepted | hbi_hybrid_accepted | hbi_hybrid_accepted | hbi_hybrid_accepted | hbi_hybrid_accepted | hbi_hybrid_accepted | hbi_hybrid_accepted | hbi_hybrid_accepted | hbi_hybrid_accepted | hbi_hybrid_accepted | hbi_hybrid_accepted | hbi_hybrid_accepted | hbi_hybrid_accepted,linkedin_publication_description,1,1,2024,6.95,publish,"Impairment of oligodendrocytes and myelin contributes to neurological disorders including multiple sclerosis (MS), stroke and Alzheimer's disease. Regeneration of myelin (remyelination) decreases the vulnerability of demyelinated axons, but this repair process commonly fails with disease progression. A contributor to inefficient remyelination is the altered extracellular matrix (ECM) in lesions that remains to be better defined. We have identified fibulin-2 (FBLN2) as a highly upregulated ECM component in lesions of MS and stroke, and in proteome databases of Alzheimer’s disease and traumatic ",accepted,Alzheimer Disease,D000544,MSH,,mesh_fallback,10.0,local MeSH fallback after broad UMLS candidate search,Neurological Disorders,Neurological Disorders,versioned LinkedIn expertise lexicon
c0a6cc1c-b442-4941-8df3-fe6bdebe5d5e,Brain Injury,medical,research_area,Neurological and Neurodegenerative Disorders,linkedin_expertise_lexicon_v1,linkedin_publication_description,1,1,2024,6.95,publish,"Impairment of oligodendrocytes and myelin contributes to neurological disorders including multiple sclerosis (MS), stroke and Alzheimer's disease. Regeneration of myelin (remyelination) decreases the vulnerability of demyelinated axons, but this repair process commonly fails with disease progression. A contributor to inefficient remyelination is the altered extracellular matrix (ECM) in lesions that remains to be better defined. We have identified fibulin-2 (FBLN2) as a highly upregulated ECM component in lesions of MS and stroke, and in proteome databases of Alzheimer’s disease and traumatic ",accepted,Brain Injuries,C0270611,MSH,Injury or Poisoning,umls_exact,9.73,filtered UMLS concept with curated HBI umbrella,Brain Injury and Neurotrauma,Neurological and Neurodegenerative Disorders,versioned LinkedIn expertise lexicon
c0a6cc1c-b442-4941-8df3-fe6bdebe5d5e,Cognitive Disorders,medical,research_area,Cognition and Behaviour,linkedin_expertise_lexicon_v1,linkedin_publication_description,1,1,0,6.95,publish,"Abstract: Sickness behaviors, such as fatigue, mood alterations, and cognitive dysfunction, which result from changes in central neurotransmission, are prevalent in systemic inflammatory diseases and greatly impact patient quality of life. Although, microglia (resident cerebral immune cells) and cytokines (e.g., TNFα) are associated with changes in central neurotransmission, the link between peripheral organ inflammation, circulating cytokine signaling, and microglial activation remains poorly understood. Here we demonstrate, using cerebral intravital microscopy, that in response to liver infl",review,Cognitive Dysfunction,C0338656,MSH,Mental or Behavioral Dysfunction,umls_exact,9.53,medical UMLS concept found; HBI umbrella requires review,,Cognition and Behaviour,versioned LinkedIn expertise lexicon
c0a6cc1c-b442-4941-8df3-fe6bdebe5d5e,Macrophages,medical,research_area,Cellular and Molecular Neuroscience,hbi_hybrid_accepted,linkedin_publication_description,1,1,2023,6.95,publish,"Aging is a significant risk factor associated with the progression of CNS neurodegenerative diseases including multiple sclerosis (MS). Microglia, the resident macrophages of the CNS parenchyma, are a major population of immune cells that accumulate in MS lesions. While they normally regulate tissue homeostasis and facilitate the clearance of neurotoxic molecules including oxidized phosphatidylcholines (OxPCs), their transcriptome and neuroprotective functions are reprogrammed by aging. Thus, determining the factors that instigate aging associated microglia dysfunction can lead to new insights",accepted,Macrophages,C0024432,MSH,Cell,umls_exact,9.73,filtered UMLS concept with curated HBI umbrella,Cellular and Molecular Neuroscience,Cellular and Molecular Neuroscience,versioned LinkedIn expertise lexicon
c0a6cc1c-b442-4941-8df3-fe6bdebe5d5e,Neurodegenerative Diseases,medical,research_area,Neurological and Neurodegenerative Disorders,linkedin_expertise_lexicon_v1,linkedin_publication_description,1,1,2023,6.95,publish,"Aging is a significant risk factor associated with the progression of CNS neurodegenerative diseases including multiple sclerosis (MS). Microglia, the resident macrophages of the CNS parenchyma, are a major population of immune cells that accumulate in MS lesions. While they normally regulate tissue homeostasis and facilitate the clearance of neurotoxic molecules including oxidized phosphatidylcholines (OxPCs), their transcriptome and neuroprotective functions are reprogrammed by aging. Thus, determining the factors that instigate aging associated microglia dysfunction can lead to new insights",accepted,Neurodegenerative Diseases,C0524851,MSH,Disease or Syndrome,umls_exact,9.73,filtered UMLS concept with curated HBI umbrella,Neurological Disorders,Neurological and Neurodegenerative Disorders,versioned LinkedIn expertise lexicon
c0a6cc1c-b442-4941-8df3-fe6bdebe5d5e,Stress,medical,research_area,Mental Health and Psychiatry,linkedin_expertise_lexicon_v1,linkedin_publication_description,1,1,2021,6.95,publish,"Neurodegeneration occurring in multiple sclerosis (MS) contributes to the progression of disability. It is therefore important to identify and neutralize the mechanisms that promote neurodegeneration in MS. Here, we report that oxidized phosphatidylcholines (OxPCs) found in MS lesions, previously identified as end-product markers of oxidative stress, are potent drivers of neurodegeneration. Cultured neurons and oligodendrocytes were killed by OxPCs, and this was ameliorated by microglia. After OxPC injection, mouse spinal cords developed focal demyelinating lesions with prominent axonal loss. ",review,Stress bismuth subsalicylate,C0723460,MTH,Organic Chemical | Pharmacologic Substance,umls_exact,9.28,medical UMLS concept found without a MeSH representation,,Mental Health and Psychiatry,versioned LinkedIn expertise lexicon
c0a6cc1c-b442-4941-8df3-fe6bdebe5d5e,Stroke,medical,research_area,Neurological and Neurodegenerative Disorders,linkedin_expertise_lexicon_v1,linkedin_publication_description,1,1,2024,6.95,publish,"Impairment of oligodendrocytes and myelin contributes to neurological disorders including multiple sclerosis (MS), stroke and Alzheimer's disease. Regeneration of myelin (remyelination) decreases the vulnerability of demyelinated axons, but this repair process commonly fails with disease progression. A contributor to inefficient remyelination is the altered extracellular matrix (ECM) in lesions that remains to be better defined. We have identified fibulin-2 (FBLN2) as a highly upregulated ECM component in lesions of MS and stroke, and in proteome databases of Alzheimer’s disease and traumatic ",accepted,Stroke,C0038454,MSH,Disease or Syndrome,umls_exact,9.73,filtered UMLS concept with curated HBI umbrella,Cardiovascular Health,Neurological and Neurodegenerative Disorders,versioned LinkedIn expertise lexicon
c0a6cc1c-b442-4941-8df3-fe6bdebe5d5e,Tumor Microenvironment,medical,research_area,Cancer and Immunotherapy,linkedin_expertise_lexicon_v1,linkedin_publication_description,1,1,2023,6.95,publish,"Glioblastomas (GBM) are aggressive brain tumors with extensive intratumoral heterogeneity that contributes to treatment resistance. Spatial characterization of GBMs could provide insights into the role of the brain tumor microenvironment in regulating intratumoral heterogeneity. Here, we performed spatial transcriptomic and single-cell analyses of the mouse and human GBM microenvironment to dissect the impact of distinct anatomical regions of brains on GBM. In a syngeneic GBM mouse model, spatial transcriptomics revealed that numerous extracellular matrix (ECM) molecules, including biglycan, w",review,Tumor Microenvironment,D059016,MSH,,mesh_fallback,10.0,local MeSH fallback after broad UMLS candidate search,,Cancer and Immunotherapy,versioned LinkedIn expertise lexicon
c2a51769-ff4e-41b3-a853-1177cbf076b8,Data Analysis,computing,method,Artificial Intelligence and Data Science,linkedin_expertise_lexicon_v1,linkedin_experience_description_current | linkedin_headline | linkedin_skill,5,3,2026,9.9,publish,"Senior Researcher @TIES Centre for Immigrant Research | Expert in Advanced Data Analysis & Educational, Psychological and Community-Based Research | Advocate for Data-Driven Decision Making | Passionate Educator || Statistical Data Analysis || Statistical Data Analysis, Project Management and +5 skills || Led group sessions for between 40-80 students and offered one-on-one assistance. - Created a syllabus and instructional plans for each class session in accordance with stated course objectives. - Create, administer, and grade exam papers. - Assisted students in conducting research, structuring a debate case, and presenting it. - Teaching these courses for BA students at the University of Mazandaran: Statistical Methods and Data Analysis in Psychology, Educational Psychology; SPSS for psychology students; Social Psychology; Attitude change , Applied social psychology. || Assisted in the design and implementation of survey instruments such as pencil and paper questionnaires to obtain study data. - Wrote reports, gave presentations, and submitted articles to peer-reviewed journals. - Organized paperwork, such as informed consent waivers and research scope documentation, for participants. - Devised, modified, and carried out research methods, procedures, and tests. -Advanced data analysis with SPSS, AMOS, PLS, NVIVO softwares - Conducted extensive literature reviews and collected and analyzed data using a variety of statistical tools in a highly organized manner.",not_attempted,,,,,,0.0,UMLS skipped for cross-domain/tool term,,Artificial Intelligence and Data Science,versioned LinkedIn expertise lexicon
c2a51769-ff4e-41b3-a853-1177cbf076b8,Decision Making,medical,research_area,Cognition and Behaviour,linkedin_expertise_lexicon_v1,linkedin_about | linkedin_headline,2,2,0,9.9,publish,"Senior Researcher @TIES Centre for Immigrant Research | Expert in Advanced Data Analysis & Educational, Psychological and Community-Based Research | Advocate for Data-Driven Decision Making | Passionate Educator || With over a decade of experience in quantitative and qualitative research, in both academic and community-based research contexts, I specialize in designing and executing impactful studies that drive evidence-based decision-making. Currently, as a Senior Researcher at the Centre for Immigrant Research, I focus on developing research strategies to support immigrant integration and enhance settlement services. I bring expertise in working within immigrant-serving organizations, conducting community-based research, and leveraging data to improve services for newcomers. As an experienced education",review,Decision Making,C0011109,MSH,Mental Process,umls_exact,9.5,medical UMLS concept found; HBI umbrella requires review,,Cognition and Behaviour,versioned LinkedIn expertise lexicon
c2a51769-ff4e-41b3-a853-1177cbf076b8,Mental Health,medical,research_area,Mental Health and Psychiatry,linkedin_expertise_lexicon_v1,linkedin_experience_description_current | linkedin_publication_description | linkedin_publication_title,3,3,2026,9.25,publish,"Counsel students regarding educational issues such as course and program selection, class scheduling, time management, study habits, and career planning. - Counsel individuals to help them understand and overcome personal, social, or behavioral problems affecting their educational or vocational situations. - Instruct individuals in career development techniques such as job search and application strategies, resume writing, and interview skills. - Encourage students to seek additional assistance from mental health professionals when necessary. - Psychological assessment and evaluation || Collaborative approaches to crisis intervention: Enhancing mental health support for newcomers || This study uses a narrative review and environmental scan to synthesize existing scholarly findings on the barriers that newcomers and racialized immigrants face when accessing mental health services. It also explores effective strategies for culturally responsive mental health care and collaborative care models. Key findings from an environmental scan are presented, highlighting integrative models that connect immigrant and settlement organizations with mental health services. The findings reveal significant gaps in crisis intervention services for newcomers, particularly in providing cultura",accepted,Mental Health,C0025353,MSH,Mental Process,umls_exact,9.53,filtered UMLS concept with curated HBI umbrella,Mental Health,Mental Health and Psychiatry,versioned LinkedIn expertise lexicon
c2a51769-ff4e-41b3-a853-1177cbf076b8,Psychology,health,research_area,Cognition and Behaviour,linkedin_expertise_lexicon_v1,linkedin_experience_description_current | linkedin_experience_description_recent,3,2,2026,8.85,publish,"Faculty of Education, Educational and Counselling Psychology, and Special Education || Led group sessions for between 40-80 students and offered one-on-one assistance. - Created a syllabus and instructional plans for each class session in accordance with stated course objectives. - Create, administer, and grade exam papers. - Assisted students in conducting research, structuring a debate case, and presenting it. - Teaching these courses for BA students at the University of Mazandaran: Statistical Methods and Data Analysis in Psychology, Educational Psychology; SPSS for psychology students; Social Psychology; Attitude change , Applied social psychology. || Teaching these courses for BA students: Statistical Methods in Psychology, Learning Theories, Psychology Seminar, Applied Behavior Change",review,Psychology,D011584,MSH,,mesh_fallback,10.0,local MeSH fallback after broad UMLS candidate search,,Cognition and Behaviour,versioned LinkedIn expertise lexicon
c2a51769-ff4e-41b3-a853-1177cbf076b8,Qualitative Research,medical,research_area,,hbi_hybrid_accepted,linkedin_about,1,1,0,8.55,publish,"With over a decade of experience in quantitative and qualitative research, in both academic and community-based research contexts, I specialize in designing and executing impactful studies that drive evidence-based decision-making. Currently, as a Senior Researcher at the Centre for Immigrant Research, I focus on developing research strategies to support immigrant integration and enhance settlement services. I bring expertise in working within immigrant-serving organizations, conducting community-based research, and leveraging data to improve services for newcomers. As an experienced education",review,Qualitative Research,C0949415,MSH,Research Activity,umls_exact,9.5,medical UMLS concept found; HBI umbrella requires review,,,
c2a51769-ff4e-41b3-a853-1177cbf076b8,Artificial Intelligence,computing,method,Artificial Intelligence and Data Science,linkedin_expertise_lexicon_v1,linkedin_publication_title,1,1,2026,7.75,publish,"AI-enabled settlement and employment support systems in Canada: Evidence, user experiences, and practical pathways for inclusive productivity [Conference presentation].",not_attempted,,,,,,0.0,UMLS skipped for cross-domain/tool term,,Artificial Intelligence and Data Science,versioned LinkedIn expertise lexicon
c2a51769-ff4e-41b3-a853-1177cbf076b8,Health Services,medical,research_area,,hbi_hybrid_accepted | hbi_hybrid_accepted,linkedin_publication_description,1,1,2025,6.95,publish,"This study uses a narrative review and environmental scan to synthesize existing scholarly findings on the barriers that newcomers and racialized immigrants face when accessing mental health services. It also explores effective strategies for culturally responsive mental health care and collaborative care models. Key findings from an environmental scan are presented, highlighting integrative models that connect immigrant and settlement organizations with mental health services. The findings reveal significant gaps in crisis intervention services for newcomers, particularly in providing cultura",review,Health Services,D006296,MSH,,mesh_fallback,10.0,local MeSH fallback after broad UMLS candidate search,,,
c482b87a-e1fb-469c-bc13-0fe781d721cb,Cognitive Neuroscience,medical,research_area,Cognition and Behaviour,linkedin_expertise_lexicon_v1,linkedin_skill,1,1,0,9.9,publish,Cognitive Neuroscience,accepted,Cognitive Neuroscience,D000066494,MSH,,mesh_fallback,10.0,local MeSH fallback after broad UMLS candidate search,Neuroscience and Neural Systems,Cognition and Behaviour,versioned LinkedIn expertise lexicon
c482b87a-e1fb-469c-bc13-0fe781d721cb,Epilepsy,medical,research_area,Neurological and Neurodegenerative Disorders,linkedin_expertise_lexicon_v1,linkedin_publication_title | linkedin_skill,3,2,2023,9.9,publish,Epilepsy || Deep learning in neuroimaging of epilepsy || A Novel Noninvasive Approach Based on SPECT and EEG for the Location of the Epileptogenic Zone in Pharmacoresistant Non-Lesional Epilepsy,accepted,Epilepsy,D004827,MSH,,mesh_reviewed_alias,9.9,reviewed local alias plus MeSH hierarchy umbrella,Neurological Disorders,Neurological and Neurodegenerative Disorders,versioned LinkedIn expertise lexicon
c482b87a-e1fb-469c-bc13-0fe781d721cb,Magnetic Resonance Imaging,medical,method,Neuroimaging and Medical Imaging,linkedin_expertise_lexicon_v1,linkedin_skill,1,1,0,9.9,publish,MRI,accepted,Magnetic Resonance Imaging,C0024485,MSH,Diagnostic Procedure,umls_exact,10.0,filtered UMLS concept with curated HBI umbrella,Imaging and Diagnostics,Neuroimaging and Medical Imaging,versioned LinkedIn expertise lexicon
c482b87a-e1fb-469c-bc13-0fe781d721cb,Neuroimaging,medical,research_area,Neuroimaging and Medical Imaging,linkedin_expertise_lexicon_v1,linkedin_publication_title | linkedin_skill,2,2,2023,9.9,publish,Neuroimaging || Deep learning in neuroimaging of epilepsy,accepted,Neuroimaging,C0679575,MSH,Diagnostic Procedure,umls_exact,10.0,filtered UMLS concept with curated HBI umbrella,Imaging and Diagnostics,Neuroimaging and Medical Imaging,versioned LinkedIn expertise lexicon
c482b87a-e1fb-469c-bc13-0fe781d721cb,Neuroscience,medical,research_area,Neuroscience,linkedin_expertise_lexicon_v1,linkedin_skill,2,1,0,9.9,publish,Cognitive Neuroscience || Neuroscience,accepted,Neurosciences,D009488,MSH,,mesh_fallback,9.7,local MeSH fallback after broad UMLS candidate search,Neuroscience and Neural Systems,Neuroscience,versioned LinkedIn expertise lexicon
c482b87a-e1fb-469c-bc13-0fe781d721cb,Parkinson Disease,medical,research_area,Neurological and Neurodegenerative Disorders,linkedin_expertise_lexicon_v1,linkedin_skill,1,1,0,9.9,publish,Parkinson's Disease,accepted,Parkinson Disease,C0030567,MSH,Disease or Syndrome,umls_exact,10.0,filtered UMLS concept with curated HBI umbrella,Neurological Disorders,Neurological and Neurodegenerative Disorders,versioned LinkedIn expertise lexicon
c482b87a-e1fb-469c-bc13-0fe781d721cb,Physics,science,research_area,Physical and Mathematical Sciences,linkedin_expertise_lexicon_v1,linkedin_skill,1,1,0,9.9,publish,Physics,review,Physics,D010825,MSH,,mesh_fallback,10.0,local MeSH fallback after broad UMLS candidate search,,Physical and Mathematical Sciences,versioned LinkedIn expertise lexicon
c482b87a-e1fb-469c-bc13-0fe781d721cb,Python,computing,tool,Artificial Intelligence and Data Science,linkedin_expertise_lexicon_v1,linkedin_skill,1,1,0,9.9,publish,Python (Programming Language),not_attempted,,,,,,0.0,UMLS skipped for cross-domain/tool term,,Artificial Intelligence and Data Science,versioned LinkedIn expertise lexicon
c482b87a-e1fb-469c-bc13-0fe781d721cb,Deep Learning,computing,method,Artificial Intelligence and Data Science,linkedin_expertise_lexicon_v1,linkedin_publication_title,1,1,2023,7.75,publish,Deep learning in neuroimaging of epilepsy,not_attempted,,,,,,0.0,UMLS skipped for cross-domain/tool term,,Artificial Intelligence and Data Science,versioned LinkedIn expertise lexicon
c482b87a-e1fb-469c-bc13-0fe781d721cb,Electroencephalography,medical,method,Neuroimaging and Medical Imaging,linkedin_expertise_lexicon_v1,linkedin_publication_title,1,1,2019,7.75,publish,A Novel Noninvasive Approach Based on SPECT and EEG for the Location of the Epileptogenic Zone in Pharmacoresistant Non-Lesional Epilepsy,accepted,Electroencephalography,D004569,MSH,,mesh_reviewed_alias,9.9,reviewed local alias plus MeSH hierarchy umbrella,Neuroscience and Neural Systems,Neuroimaging and Medical Imaging,versioned LinkedIn expertise lexicon
c5df7826-3ecd-4e54-8161-bbf569301079,Autism Spectrum Disorders,medical,research_area,Neurodevelopment and Pediatric Health,linkedin_expertise_lexicon_v1,linkedin_publication_title,1,1,0,7.75,publish,Verbal mands in adult autism,accepted,Autism Spectrum Disorder,C1510586,MSH,Mental or Behavioral Dysfunction,umls_exact,10.0,filtered UMLS concept with curated HBI umbrella,Mental Health,Neurodevelopment and Pediatric Health,versioned LinkedIn expertise lexicon
cdc07aa4-1687-4320-a32e-6583764daa56,Amputee Rehabilitation,medical,research_area,Rehabilitation,linkedin_expertise_lexicon_v1,linkedin_about,1,1,0,8.55,publish,"I am an MD/Ph.D. candidate interested in brain-computer interfacing and neuro-prosthetics for their potential in supporting amputee rehabilitation. At the University of Calgary, I am grateful to be developing neuron-chip interfacing systems that enable targeted drug delivery into the brain. In my undergraduate, I was fortunate to be involved in uncovering drug mechanisms and investigating novel strategies to overcome surgical barriers through robotics. I enjoy solving complex scientific puzzles and my main goal is to learn the skills needed to develop and deploy brain-computer interfaces and n",review,Rehabilitation,C0034991,MSH,Therapeutic or Preventive Procedure,umls_exact,9.73,filtered UMLS concept with curated HBI umbrella; retained for review because the UMLS label loses specificity from the supported LinkedIn term,Rehabilitation,Rehabilitation,versioned LinkedIn expertise lexicon
cdc07aa4-1687-4320-a32e-6583764daa56,Brain-Computer Interfaces,engineering,technology,Neuroengineering and Medical Technology,linkedin_expertise_lexicon_v1,linkedin_about,1,1,0,8.55,publish,"I am an MD/Ph.D. candidate interested in brain-computer interfacing and neuro-prosthetics for their potential in supporting amputee rehabilitation. At the University of Calgary, I am grateful to be developing neuron-chip interfacing systems that enable targeted drug delivery into the brain. In my undergraduate, I was fortunate to be involved in uncovering drug mechanisms and investigating novel strategies to overcome surgical barriers through robotics. I enjoy solving complex scientific puzzles and my main goal is to learn the skills needed to develop and deploy brain-computer interfaces and n",not_attempted,,,,,,0.0,UMLS skipped for cross-domain/tool term,,Neuroengineering and Medical Technology,versioned LinkedIn expertise lexicon
cdc07aa4-1687-4320-a32e-6583764daa56,Drug Delivery,medical,technology,Pharmacology and Therapeutics,linkedin_expertise_lexicon_v1,linkedin_about,1,1,0,8.55,publish,"I am an MD/Ph.D. candidate interested in brain-computer interfacing and neuro-prosthetics for their potential in supporting amputee rehabilitation. At the University of Calgary, I am grateful to be developing neuron-chip interfacing systems that enable targeted drug delivery into the brain. In my undergraduate, I was fortunate to be involved in uncovering drug mechanisms and investigating novel strategies to overcome surgical barriers through robotics. I enjoy solving complex scientific puzzles and my main goal is to learn the skills needed to develop and deploy brain-computer interfaces and n",review,Pharmaceutical Preparations,C0013227,MSH,Pharmacologic Substance,umls_exact,10.0,filtered UMLS concept with curated HBI umbrella; retained for review because the UMLS label loses specificity from the supported LinkedIn term,Pharmacology and Therapeutics,Pharmacology and Therapeutics,versioned LinkedIn expertise lexicon
cdc07aa4-1687-4320-a32e-6583764daa56,Drug Mechanisms,medical,research_area,Pharmacology and Therapeutics,linkedin_expertise_lexicon_v1,linkedin_about,1,1,0,8.55,publish,"I am an MD/Ph.D. candidate interested in brain-computer interfacing and neuro-prosthetics for their potential in supporting amputee rehabilitation. At the University of Calgary, I am grateful to be developing neuron-chip interfacing systems that enable targeted drug delivery into the brain. In my undergraduate, I was fortunate to be involved in uncovering drug mechanisms and investigating novel strategies to overcome surgical barriers through robotics. I enjoy solving complex scientific puzzles and my main goal is to learn the skills needed to develop and deploy brain-computer interfaces and n",review,Pharmaceutical Preparations,C0013227,MSH,Pharmacologic Substance,umls_exact,10.0,filtered UMLS concept with curated HBI umbrella; retained for review because the UMLS label loses specificity from the supported LinkedIn term,Pharmacology and Therapeutics,Pharmacology and Therapeutics,versioned LinkedIn expertise lexicon
cdc07aa4-1687-4320-a32e-6583764daa56,Neuroengineering,engineering,research_area,Neuroengineering and Medical Technology,linkedin_expertise_lexicon_v1,linkedin_about,1,1,0,8.55,publish,"I am an MD/Ph.D. candidate interested in brain-computer interfacing and neuro-prosthetics for their potential in supporting amputee rehabilitation. At the University of Calgary, I am grateful to be developing neuron-chip interfacing systems that enable targeted drug delivery into the brain. In my undergraduate, I was fortunate to be involved in uncovering drug mechanisms and investigating novel strategies to overcome surgical barriers through robotics. I enjoy solving complex scientific puzzles and my main goal is to learn the skills needed to develop and deploy brain-computer interfaces and n",not_attempted,,,,,,0.0,UMLS skipped for cross-domain/tool term,,Neuroengineering and Medical Technology,versioned LinkedIn expertise lexicon
cdc07aa4-1687-4320-a32e-6583764daa56,Neuroprosthetics,engineering,technology,Neuroengineering and Medical Technology,linkedin_expertise_lexicon_v1,linkedin_about,1,1,0,8.55,publish,"I am an MD/Ph.D. candidate interested in brain-computer interfacing and neuro-prosthetics for their potential in supporting amputee rehabilitation. At the University of Calgary, I am grateful to be developing neuron-chip interfacing systems that enable targeted drug delivery into the brain. In my undergraduate, I was fortunate to be involved in uncovering drug mechanisms and investigating novel strategies to overcome surgical barriers through robotics. I enjoy solving complex scientific puzzles and my main goal is to learn the skills needed to develop and deploy brain-computer interfaces and n",not_attempted,,,,,,0.0,UMLS skipped for cross-domain/tool term,,Neuroengineering and Medical Technology,versioned LinkedIn expertise lexicon
cdc07aa4-1687-4320-a32e-6583764daa56,Robotics,engineering,technology,Neuroengineering and Medical Technology,linkedin_expertise_lexicon_v1,linkedin_about,1,1,0,8.55,publish,"I am an MD/Ph.D. candidate interested in brain-computer interfacing and neuro-prosthetics for their potential in supporting amputee rehabilitation. At the University of Calgary, I am grateful to be developing neuron-chip interfacing systems that enable targeted drug delivery into the brain. In my undergraduate, I was fortunate to be involved in uncovering drug mechanisms and investigating novel strategies to overcome surgical barriers through robotics. I enjoy solving complex scientific puzzles and my main goal is to learn the skills needed to develop and deploy brain-computer interfaces and n",not_attempted,,,,,,0.0,UMLS skipped for cross-domain/tool term,,Neuroengineering and Medical Technology,versioned LinkedIn expertise lexicon
cdc07aa4-1687-4320-a32e-6583764daa56,Learning and Memory,medical,research_area,Cognition and Behaviour,linkedin_expertise_lexicon_v1,linkedin_publication_title,3,1,2023,8.25,publish,"Dexmedetomidine Pre-Treatment of Neonatal Rats Prevents Sevoflurane-Induced Deficits in Learning and Memory in the Adult Animals || Selective Menin Deletion in the Hippocampal CA1 Region Leads to Disruption of Contextual Memory in the MEN1 Conditional Knockout Mouse: Behavioral Restoration and Gain of Function following the Reintroduction of MEN1 Gene || Dexmedetomidine does not compromise neuronal viability, synaptic connectivity, learning and memory in a rodent model",review,Learning,C0023185,MSH,Mental Process,umls_exact,9.53,filtered UMLS concept with curated HBI umbrella; retained for review because the UMLS label loses specificity from the supported LinkedIn term,Cognitive and Behavioural Neuroscience,Cognition and Behaviour,versioned LinkedIn expertise lexicon
cdc07aa4-1687-4320-a32e-6583764daa56,Neurotoxicity,medical,research_area,Pharmacology and Therapeutics,linkedin_expertise_lexicon_v1,linkedin_publication_title,3,1,2021,8.25,publish,"A synthetic peptide rescues rat cortical neurons from anesthetic-induced cell death, perturbation of growth and synaptic assembly || Anesthetics: from modes of action to unconsciousness and neurotoxicity || Mechanisms of anesthetic action and neurotoxicity: lessons from molluscs",review,Neurotoxicity Syndromes,C0235032,MSH,Injury or Poisoning,umls_exact,9.7,medical UMLS concept found; HBI umbrella requires review,,Pharmacology and Therapeutics,versioned LinkedIn expertise lexicon
cdc07aa4-1687-4320-a32e-6583764daa56,Synaptic Connectivity,medical,research_area,Neuroscience,linkedin_expertise_lexicon_v1,linkedin_publication_title,3,1,2021,8.25,publish,"Dexmedetomidine does not compromise neuronal viability, synaptic connectivity, learning and memory in a rodent model || A synthetic peptide rescues rat cortical neurons from anesthetic-induced cell death, perturbation of growth and synaptic assembly || The antidepressant sertraline reduces synaptic transmission efficacy and synaptogenesis between identified Lymnaea neurons",unresolved,,,,,,0.0,no sufficiently similar medical UMLS or MeSH concept,,Neuroscience,versioned LinkedIn expertise lexicon
cdc07aa4-1687-4320-a32e-6583764daa56,Anesthetics,medical,research_area,Pharmacology and Therapeutics,linkedin_expertise_lexicon_v1,linkedin_publication_title,2,1,2019,8.0,publish,Anesthetics: from modes of action to unconsciousness and neurotoxicity || Mechanisms of anesthetic action and neurotoxicity: lessons from molluscs,review,Anesthetics,C0002932,MSH,Pharmacologic Substance,umls_exact,9.83,medical UMLS concept found; HBI umbrella requires review,,Pharmacology and Therapeutics,versioned LinkedIn expertise lexicon
d029dce6-a864-4662-9d89-1be8d56154d0,Brain Stimulation,medical,technology,Neuroengineering and Medical Technology,linkedin_expertise_lexicon_v1,linkedin_experience_description_current,1,1,2026,7.95,publish,"This summer I will be volunteering as a undergraduate research assistant in the Philips lab. “The research in the Phillips Lab integrates physiology and neuroscience to understand cardiovascular function. Currently, the laboratory has two primary foci: the first is to understand the mechanisms underlying neurovascular regulation in the human brain; the second is to develop a neurostimulation therapy for treating autonomic dysfunction.""",review,Brain stimulation,C0870227,SNOMEDCT_US,Therapeutic or Preventive Procedure,umls_exact,9.85,medical UMLS concept found without a MeSH representation,Pharmacology and Therapeutics,Neuroengineering and Medical Technology,versioned LinkedIn expertise lexicon
d029dce6-a864-4662-9d89-1be8d56154d0,Neuroscience,medical,research_area,Neuroscience,linkedin_expertise_lexicon_v1,linkedin_experience_description_current,1,1,2026,7.95,publish,"This summer I will be volunteering as a undergraduate research assistant in the Philips lab. “The research in the Phillips Lab integrates physiology and neuroscience to understand cardiovascular function. Currently, the laboratory has two primary foci: the first is to understand the mechanisms underlying neurovascular regulation in the human brain; the second is to develop a neurostimulation therapy for treating autonomic dysfunction.""",accepted,Neurosciences,D009488,MSH,,mesh_fallback,9.7,local MeSH fallback after broad UMLS candidate search,Neuroscience and Neural Systems,Neuroscience,versioned LinkedIn expertise lexicon
d029dce6-a864-4662-9d89-1be8d56154d0,Physiology,medical,research_area,Physiology and Systems Biology,linkedin_expertise_lexicon_v1,linkedin_experience_description_current,1,1,2026,7.95,publish,"This summer I will be volunteering as a undergraduate research assistant in the Philips lab. “The research in the Phillips Lab integrates physiology and neuroscience to understand cardiovascular function. Currently, the laboratory has two primary foci: the first is to understand the mechanisms underlying neurovascular regulation in the human brain; the second is to develop a neurostimulation therapy for treating autonomic dysfunction.""",review,PH,C0031843,MSH,Physiologic Function,umls_exact,9.23,filtered UMLS concept with curated HBI umbrella; retained for review because the UMLS label loses specificity from the supported LinkedIn term,Physiology and Systems Biology,Physiology and Systems Biology,versioned LinkedIn expertise lexicon
d0acaa7f-1d1c-4ed4-b005-f761383bc900,Psychology,health,research_area,Cognition and Behaviour,linkedin_expertise_lexicon_v1,linkedin_experience_title_current | linkedin_headline,2,2,2026,9.9,publish,Sociology + Psychology Honours | Undergraduate Researcher | University of Calgary || Psychology Research Assistant | University of Calgary,review,Psychology,D011584,MSH,,mesh_fallback,10.0,local MeSH fallback after broad UMLS candidate search,,Cognition and Behaviour,versioned LinkedIn expertise lexicon
d0acaa7f-1d1c-4ed4-b005-f761383bc900,Neuroscience,medical,research_area,Neuroscience,linkedin_expertise_lexicon_v1,linkedin_experience_title_current,1,1,2026,9.3,publish,Neuroscience Research Assistant | Hotchkiss Brain Institute,accepted,Neurosciences,D009488,MSH,,mesh_fallback,9.7,local MeSH fallback after broad UMLS candidate search,Neuroscience and Neural Systems,Neuroscience,versioned LinkedIn expertise lexicon
d0acaa7f-1d1c-4ed4-b005-f761383bc900,Social Work,health,research_area,Social and Behavioural Sciences,linkedin_expertise_lexicon_v1,linkedin_experience_title_current,1,1,2026,9.3,publish,Social Work Research Assistant | University of Calgary,review,Social Work,D012947,MSH,,mesh_fallback,10.0,local MeSH fallback after broad UMLS candidate search,,Social and Behavioural Sciences,versioned LinkedIn expertise lexicon
d116db6e-1346-4137-bfb9-698b05b2816a,Biotechnology,engineering,research_area,Biomedical Engineering,linkedin_expertise_lexicon_v1,linkedin_headline,1,1,0,9.55,publish,Innovator - bringing Ideas to life | R&D Leadership - Strategic opportunist | Concept to Vial - Product Development in BioPharma/Biotechnology,not_attempted,,,,,,0.0,UMLS skipped for cross-domain/tool term,,Biomedical Engineering,versioned LinkedIn expertise lexicon
d19c6c74-136b-4169-96fd-c0084355a505,Pain,medical,research_area,Pain and Sensory Systems,linkedin_expertise_lexicon_v1,linkedin_experience_description_recent,1,1,2023,6.95,publish,"• Designing The Experiments • Designing and Fabrication of Custom‑made Epidural Electrode • Neuropathic Pain Models in Rats • Conducting Laminectomy Surgery and Implanting Electrode • Conducting Behavioral VonFrey Test Using a Custom-made Electronic VonFrey • Developing a LabView Interface for Delivering Various Customizable Spinal Cord Stimulation (SCS) Patterns • Contributed to Designing a Chronic ECoG Electrode and Experimental Setup for Monkeys, and Assisted with Training and Recording Hand Kinematics using a Motion Capture System. • Assisted in Experimental Setup Design, Surgical Procedur",review,Pain,C0030193,MSH,Sign or Symptom,umls_exact,9.6,medical UMLS concept found; HBI umbrella requires review,,Pain and Sensory Systems,versioned LinkedIn expertise lexicon
d23db97e-46c1-4abe-9ce3-82d4fd8cf228,Biochemistry,unmapped,candidate,,dynamic_explicit_phrase,linkedin_skill,1,1,0,9.75,publish,Biochemistry,review,Biochemistry,D001671,MSH,,mesh_fallback,10.0,local MeSH fallback after broad UMLS candidate search,,,
d23db97e-46c1-4abe-9ce3-82d4fd8cf228,Neuroimmunology,unmapped,candidate,,dynamic_explicit_phrase,linkedin_skill,1,1,0,9.75,publish,Neuroimmunology,unresolved,,,,,,0.0,no sufficiently similar medical UMLS or MeSH concept,,,
d23db97e-46c1-4abe-9ce3-82d4fd8cf228,Decision Making,medical,research_area,Cognition and Behaviour,linkedin_expertise_lexicon_v1,linkedin_experience_description_recent,1,1,2026,6.95,publish,"For the past seven years, I have officiated minor hockey games in Cochrane and the surrounding communities. This means working effectively with other officials and being able to communicate with players and coaching staff. This job requires quick decision-making, concise communication, and the ability to act under pressure to make the best choices so that the game is safe and fair for all parties. My decision-making, work ethic, communication, teamwork, and leadership have been tested and honed through this position.",review,Decision Making,C0011109,MSH,Mental Process,umls_exact,9.5,medical UMLS concept found; HBI umbrella requires review,,Cognition and Behaviour,versioned LinkedIn expertise lexicon
d23db97e-46c1-4abe-9ce3-82d4fd8cf228,Multiple Sclerosis,medical,research_area,Neurological Disorders,hbi_hybrid_accepted | hbi_hybrid_accepted | hbi_hybrid_accepted | hbi_hybrid_accepted | hbi_hybrid_accepted | hbi_hybrid_accepted | hbi_hybrid_accepted | hbi_hybrid_accepted | hbi_hybrid_accepted | hbi_hybrid_accepted | hbi_hybrid_accepted | hbi_hybrid_accepted | hbi_hybrid_accepted | hbi_hybrid_accepted | hbi_hybrid_accepted | hbi_hybrid_accepted | hbi_hybrid_accepted | hbi_hybrid_accepted | hbi_hybrid_accepted | hbi_hybrid_accepted | hbi_hybrid_accepted | hbi_hybrid_accepted | hbi_hybrid_accepted | hbi_hybrid_accepted | hbi_hybrid_accepted | hbi_hybrid_accepted | hbi_hybrid_accepted | hbi_hybrid_accepted | hbi_hybrid_accepted | hbi_hybrid_accepted,linkedin_experience_description_recent,1,1,2025,6.95,publish,"For the past two summers, I have been a summer student conducting research under Dr. Voon Wee Yong at the Hotchkiss Brain Institute. I investigated oxidative stress and novel therapeutics in Multiple Sclerosis (MS) lesions by using animal models, cell cultures, and human tissue. This position has given me formidable knowledge of lab safety and etiquette, immunohistochemical staining, confocal imaging, 3D image analysis, in-vitro cell studies, and general neuroimmunology. I have also refined my ability to present my findings to my peers by attending conferences, workshops, and symposiums.",accepted,Multiple Sclerosis,C0026769,MSH,Disease or Syndrome,umls_exact,10.0,filtered UMLS concept with curated HBI umbrella,Neurological Disorders,Neurological Disorders,versioned LinkedIn expertise lexicon
d23db97e-46c1-4abe-9ce3-82d4fd8cf228,Stress,medical,research_area,Mental Health and Psychiatry,linkedin_expertise_lexicon_v1,linkedin_experience_description_recent,1,1,2025,6.95,publish,"For the past two summers, I have been a summer student conducting research under Dr. Voon Wee Yong at the Hotchkiss Brain Institute. I investigated oxidative stress and novel therapeutics in Multiple Sclerosis (MS) lesions by using animal models, cell cultures, and human tissue. This position has given me formidable knowledge of lab safety and etiquette, immunohistochemical staining, confocal imaging, 3D image analysis, in-vitro cell studies, and general neuroimmunology. I have also refined my ability to present my findings to my peers by attending conferences, workshops, and symposiums.",review,Stress bismuth subsalicylate,C0723460,MTH,Organic Chemical | Pharmacologic Substance,umls_exact,9.28,medical UMLS concept found without a MeSH representation,,Mental Health and Psychiatry,versioned LinkedIn expertise lexicon
d23db97e-46c1-4abe-9ce3-82d4fd8cf228,Therapeutics,medical,research_area,Pharmacology and Therapeutics,linkedin_expertise_lexicon_v1,linkedin_experience_description_recent,1,1,2025,6.95,publish,"For the past two summers, I have been a summer student conducting research under Dr. Voon Wee Yong at the Hotchkiss Brain Institute. I investigated oxidative stress and novel therapeutics in Multiple Sclerosis (MS) lesions by using animal models, cell cultures, and human tissue. This position has given me formidable knowledge of lab safety and etiquette, immunohistochemical staining, confocal imaging, 3D image analysis, in-vitro cell studies, and general neuroimmunology. I have also refined my ability to present my findings to my peers by attending conferences, workshops, and symposiums.",accepted,Therapeutics,C0087111,MSH,Therapeutic or Preventive Procedure,umls_exact,9.73,filtered UMLS concept with curated HBI umbrella,Pharmacology and Therapeutics,Pharmacology and Therapeutics,versioned LinkedIn expertise lexicon
d2be4191-c62c-489d-9963-e8fdc0fb71bd,Pharmacology,medical,research_area,Pharmacology and Therapeutics,linkedin_expertise_lexicon_v1,linkedin_skill,1,1,0,9.9,publish,Pharmacology,review,Network Pharmacology,C5544472,MSH,Research Activity,umls_words,8.21,broad UMLS words result retained for manual review,,Pharmacology and Therapeutics,versioned LinkedIn expertise lexicon
d2be4191-c62c-489d-9963-e8fdc0fb71bd,Acute Brain Slices,unmapped,candidate,,dynamic_explicit_phrase,linkedin_skill,1,1,0,9.75,publish,Acute Brain Slices,unresolved,,,,,,0.0,no sufficiently similar medical UMLS or MeSH concept,,,
d2be4191-c62c-489d-9963-e8fdc0fb71bd,Bioinformatics,unmapped,candidate,,dynamic_explicit_phrase,linkedin_skill,1,1,0,9.75,publish,Bioinformatics,review,Computational Biology,D019295,MSH,,mesh_fallback,9.0,local MeSH fallback after broad UMLS candidate search,,,
d2be4191-c62c-489d-9963-e8fdc0fb71bd,Brain Slice Electrophysiology,unmapped,candidate,,dynamic_explicit_phrase,linkedin_skill,1,1,0,9.75,publish,Brain Slice Electrophysiology,unresolved,,,,,,0.0,no sufficiently similar medical UMLS or MeSH concept,,,
d2be4191-c62c-489d-9963-e8fdc0fb71bd,Cell Biology,unmapped,candidate,,dynamic_explicit_phrase,linkedin_skill,1,1,0,9.75,publish,Cell Biology,accepted,Cell Biology,D003585,MSH,,mesh_fallback,10.0,local MeSH fallback after broad UMLS candidate search,Cellular and Molecular Neuroscience,Cellular and Molecular Neuroscience,MeSH hierarchy
d2be4191-c62c-489d-9963-e8fdc0fb71bd,Live Cell Imaging,unmapped,candidate,,dynamic_explicit_phrase,linkedin_skill,1,1,0,9.75,publish,Live Cell Imaging,review,Microscopy imaging of live cell,C5549847,SNOMEDCT_US,Laboratory Procedure,umls_normalizedString,9.09,medical UMLS concept found without a MeSH representation,Imaging and Diagnostics,,
d2be4191-c62c-489d-9963-e8fdc0fb71bd,Single-Cell Analysis,unmapped,candidate,,dynamic_explicit_phrase,linkedin_skill,1,1,0,9.75,publish,Single-Cell Analysis,review,Single-Cell Analysis,C0597452,MSH,Laboratory Procedure,umls_exact,9.77,medical UMLS concept found; HBI umbrella requires review,,,
d2be4191-c62c-489d-9963-e8fdc0fb71bd,Neuroscience,medical,research_area,Neuroscience,linkedin_expertise_lexicon_v1,linkedin_headline,1,1,0,9.55,publish,Neuroscience Student at UCalgary | Student-Researcher at HBI,accepted,Neurosciences,D009488,MSH,,mesh_fallback,9.7,local MeSH fallback after broad UMLS candidate search,Neuroscience and Neural Systems,Neuroscience,versioned LinkedIn expertise lexicon
d2be4191-c62c-489d-9963-e8fdc0fb71bd,Astrocytes,medical,research_area,Neuroscience,linkedin_expertise_lexicon_v1,linkedin_about,1,1,0,8.55,publish,"I am a student-researcher interested in astrocytes, neuromodulation, synaptic plasticity, and neurovascular coupling.",review,Astrocytes,C0004112,MSH,Cell,umls_exact,9.83,medical UMLS concept found; HBI umbrella requires review,,Neuroscience,versioned LinkedIn expertise lexicon
d2be4191-c62c-489d-9963-e8fdc0fb71bd,Synaptic Plasticity,medical,research_area,Neuroscience,linkedin_expertise_lexicon_v1,linkedin_about,1,1,0,8.55,publish,"I am a student-researcher interested in astrocytes, neuromodulation, synaptic plasticity, and neurovascular coupling.",accepted,Neuronal Plasticity,D009473,MSH,,mesh_fallback,9.7,local MeSH fallback after broad UMLS candidate search,Cellular and Molecular Neuroscience,Neuroscience,versioned LinkedIn expertise lexicon
d3ee9809-6941-472e-83c1-7060e904c8e6,Biological Sciences,science,research_area,Physiology and Systems Biology,linkedin_expertise_lexicon_v1,linkedin_about | linkedin_headline,2,2,0,9.9,publish,"Research Assistant @ Hotchkiss Brain Institute | Advocate for Accessibility in Health Sciences | University of Calgary Honours Biological Sciences Student with interest in Neurology || As a Biological Sciences student at the University of Calgary, I'm driven to explore gene-based therapy for neurological diseases through an honours thesis. This aligns with my goal of specializing in neurology in medical school. Volunteering at Alberta Foothills Medical Centre has deepened my understanding of patient care, while my involvement with Calgary Outlink has ignited a passion for activism. Through my undergrad, I've honed my research and presentation skills, sharing findings with smaller research-based classes. In essence, I bring a blend of scientific rigour, empathy, and communica",review,Biological Science Disciplines,D001690,MSH,,mesh_fallback,9.0,local MeSH fallback after broad UMLS candidate search,,Physiology and Systems Biology,versioned LinkedIn expertise lexicon
d3ee9809-6941-472e-83c1-7060e904c8e6,Data Analysis,computing,method,Artificial Intelligence and Data Science,linkedin_expertise_lexicon_v1,linkedin_skill,1,1,0,9.9,publish,Data Analysis,not_attempted,,,,,,0.0,UMLS skipped for cross-domain/tool term,,Artificial Intelligence and Data Science,versioned LinkedIn expertise lexicon
d3ee9809-6941-472e-83c1-7060e904c8e6,Neurology,medical,research_area,Neuroscience and Neural Systems,hbi_hybrid_accepted | hbi_hybrid_accepted,linkedin_about | linkedin_about_explicit | linkedin_headline,3,3,0,9.9,publish,"Research Assistant @ Hotchkiss Brain Institute | Advocate for Accessibility in Health Sciences | University of Calgary Honours Biological Sciences Student with interest in Neurology || As a Biological Sciences student at the University of Calgary, I'm driven to explore gene-based therapy for neurological diseases through an honours thesis. This aligns with my goal of specializing in neurology in medical school. Volunteering at Alberta Foothills Medical Centre has deepened my understanding of patient care, while my involvement with Calgary Outlink has ignited a passion for activism. Through my undergrad, I've honed my research and presentation skills, sharing findings with smaller research-based classes. In essence, I bring a blend of scientific rigour, empathy, and communica",accepted,Neurology,D009462,MSH,,mesh_reviewed_alias,9.8,reviewed local alias plus MeSH hierarchy umbrella,Neuroscience and Neural Systems,Neuroscience and Neural Systems,versioned LinkedIn expertise lexicon
d3ee9809-6941-472e-83c1-7060e904c8e6,Social Sciences,health,research_area,Social and Behavioural Sciences,linkedin_expertise_lexicon_v1,linkedin_experience_description_current,1,1,2026,7.95,publish,"SSHRC- Principal Investigator: Dr. Paul Stortz, Department of Communication, Media, and Film, University of Calgary, AB. “English-Canadian University Student Hazing, Initiations, and Bullying as Performative Ritual, 1880-1960.” Social Science and Humanities Research Council of Canada (SSHRC) Insight Grant.",review,Social Sciences,D012942,MSH,,mesh_fallback,10.0,local MeSH fallback after broad UMLS candidate search,,Social and Behavioural Sciences,versioned LinkedIn expertise lexicon
d93bf6ad-efae-4411-9708-bdff1c9fe891,Mass Spectrometry,medical,research_area,,hbi_hybrid_accepted,linkedin_experience_description_recent | linkedin_skill,2,2,2022,9.9,publish,"MALDI-TOF mass spectrometry || •Member of a team providing comprehensive diagnostic bacteriology services to the OVC Health Sciences Centre, practicing veterinarians, researchers, and industry across Canada. •Isolated and identified various bacterial organisms via the use of MALDI-TOF Mass Spectrometry technology. •Proficient in the use of advanced laboratory equipment including incubators, isoplaters and anaerobic chambers and techniques such as ELISA for Clostridium bacteria, inoculating agar plates, slopes and media, pipette use, serial dilution and staining slides for analysis (Gram, MAF). •Clinical, Hatchery and Mastit",review,Mass Spectrometry,C0037813,MSH,Laboratory Procedure,umls_exact,9.6,medical UMLS concept found; HBI umbrella requires review,,,
d93bf6ad-efae-4411-9708-bdff1c9fe891,Cell Culture,unmapped,candidate,,dynamic_explicit_phrase,linkedin_skill,1,1,0,9.75,publish,Cell Culture,review,Cell Culture Techniques,C0007585,MSH,Laboratory Procedure,umls_exact,9.6,medical UMLS concept found; HBI umbrella requires review,,,
d93bf6ad-efae-4411-9708-bdff1c9fe891,Immunocytochemistry,unmapped,candidate,,dynamic_explicit_phrase,linkedin_skill,1,1,0,9.75,publish,Immunocytochemistry,review,IMMUNOCYTOCHEM,C0242349,MSH,Laboratory Procedure,umls_exact,9.6,medical UMLS concept found; HBI umbrella requires review,,,
d93bf6ad-efae-4411-9708-bdff1c9fe891,Mammalian Cell Culture,unmapped,candidate,,dynamic_explicit_phrase,linkedin_skill,1,1,0,9.75,publish,Mammalian Cell Culture,unresolved,,,,,,0.0,no sufficiently similar medical UMLS or MeSH concept,,,
d93bf6ad-efae-4411-9708-bdff1c9fe891,Brain Circuitry,medical,research_area,Neuroscience,linkedin_expertise_lexicon_v1,linkedin_experience_description_current,1,1,2026,7.95,publish,"•Currently establishing a model that aims to restore the damaged neural circuitry of a rat ex vivo model of ischemic stroke, through the use of neuron transplantation, neural activity measurement and optogenetics. • Techniques include: organotypic hippocampal (HPC) slice culture, embryonic cortical neuron culture, multi-electrode array (MEA) recording, immunocytochemistry, western blotting, and viral transduction.",unresolved,,,,,,0.0,no sufficiently similar medical UMLS or MeSH concept,,Neuroscience,versioned LinkedIn expertise lexicon
d93bf6ad-efae-4411-9708-bdff1c9fe891,Ischemic Stroke,medical,research_area,Cardiovascular Health,hbi_hybrid_accepted | hbi_hybrid_accepted,linkedin_experience_description_current,1,1,2026,7.95,publish,"•Currently establishing a model that aims to restore the damaged neural circuitry of a rat ex vivo model of ischemic stroke, through the use of neuron transplantation, neural activity measurement and optogenetics. • Techniques include: organotypic hippocampal (HPC) slice culture, embryonic cortical neuron culture, multi-electrode array (MEA) recording, immunocytochemistry, western blotting, and viral transduction.",accepted,Ischemic Stroke,C0948008,MSH,Disease or Syndrome,umls_exact,10.0,filtered UMLS concept with curated HBI umbrella,Cardiovascular Health,Cardiovascular Health,versioned LinkedIn expertise lexicon
d93bf6ad-efae-4411-9708-bdff1c9fe891,Stroke,medical,research_area,Neurological and Neurodegenerative Disorders,linkedin_expertise_lexicon_v1,linkedin_experience_description_current,1,1,2026,7.95,publish,"•Currently establishing a model that aims to restore the damaged neural circuitry of a rat ex vivo model of ischemic stroke, through the use of neuron transplantation, neural activity measurement and optogenetics. • Techniques include: organotypic hippocampal (HPC) slice culture, embryonic cortical neuron culture, multi-electrode array (MEA) recording, immunocytochemistry, western blotting, and viral transduction.",accepted,Stroke,C0038454,MSH,Disease or Syndrome,umls_exact,9.73,filtered UMLS concept with curated HBI umbrella,Cardiovascular Health,Neurological and Neurodegenerative Disorders,versioned LinkedIn expertise lexicon
d999af6a-e7ea-421f-a46d-f5fda03ed808,Child Health,medical,research_area,,hbi_hybrid_accepted | hbi_hybrid_accepted | hbi_hybrid_accepted,linkedin_publication_description | linkedin_publication_title,2,2,2024,8.4,publish,"Integrating Intersectionality into Child Health || Child health inequities persist in Canada, particularly among sovereignty-deserving First Nations, Métis and Inuit groups and equity-deserving communities. We argue for a fundamental shift in research to remedy these inequities, via an intersectional lens that highlights how social identities and systems of power contribute to disparities. Specifically, we suggest (a) integrating intersectionality, from research conceptualization to results dissemination; (b) respectfully and reciprocally engaging with communities; (c) respectfully collecting and reporting data; (d) recognizing and explicating",review,Child Health,D000067576,MSH,,mesh_fallback,10.0,local MeSH fallback after broad UMLS candidate search,,,
d999af6a-e7ea-421f-a46d-f5fda03ed808,Data Analysis,computing,method,Artificial Intelligence and Data Science,linkedin_expertise_lexicon_v1,linkedin_experience_description_current,1,1,2026,7.95,publish,"I provided research support to a small team carrying out a study of self help readers. My role involved brainstorming research (re)design using cutting edge online and digital research methods, performing literature review and qualitative data analysis and conducting over thirty research interviews with readers of self help books. I managed a participant database and e-mail correspondence with over one hundred research participants and analyzed the data participant interviews to write academic papers for conference presentations and prospective publications.",not_attempted,,,,,,0.0,UMLS skipped for cross-domain/tool term,,Artificial Intelligence and Data Science,versioned LinkedIn expertise lexicon
d999af6a-e7ea-421f-a46d-f5fda03ed808,Decision Making,medical,research_area,Cognition and Behaviour,linkedin_expertise_lexicon_v1,linkedin_experience_description_current,1,1,2026,7.95,publish,"Leading a small and mighty team of smart, superb colleagues within Research Services who work university-wide to implement major institutional EDI action plans in research. We also support researchers, teams, and units in the development and implementation of effective, co-designed action plans and frameworks to deepen EDIA in research design, practice, and administration. In addition to offering strengths and growth-focused coaching and consultations, we develop research-backed training in topics such as: EDI in Peer Review, Building and Presenting EDI Action Plans in Funding Applications, Ap",review,Decision Making,C0011109,MSH,Mental Process,umls_exact,9.5,medical UMLS concept found; HBI umbrella requires review,,Cognition and Behaviour,versioned LinkedIn expertise lexicon
d999af6a-e7ea-421f-a46d-f5fda03ed808,Qualitative Research,medical,research_area,,hbi_hybrid_accepted,linkedin_experience_description_current,1,1,2026,7.95,publish,"In this role, I planned, carried out and supported a program of (mainly) qualitative research to advance understanding of Physician Wellness. I prepared tri-council and external funding agency grant applications, coordinated and oversaw a research-in-progress symposium, and co-authored peer-reviewed journal and conference papers.",review,Qualitative Research,C0949415,MSH,Research Activity,umls_exact,9.5,medical UMLS concept found; HBI umbrella requires review,,,
d999af6a-e7ea-421f-a46d-f5fda03ed808,Research Design,health,method,Research Methods and Practice,linkedin_expertise_lexicon_v1,linkedin_experience_description_current,1,1,2026,7.95,publish,"Leading a small and mighty team of smart, superb colleagues within Research Services who work university-wide to implement major institutional EDI action plans in research. We also support researchers, teams, and units in the development and implementation of effective, co-designed action plans and frameworks to deepen EDIA in research design, practice, and administration. In addition to offering strengths and growth-focused coaching and consultations, we develop research-backed training in topics such as: EDI in Peer Review, Building and Presenting EDI Action Plans in Funding Applications, Ap",review,Research Design,C0035171,MSH,Research Activity,umls_exact,9.33,medical UMLS concept found; HBI umbrella requires review,,Research Methods and Practice,versioned LinkedIn expertise lexicon
d999af6a-e7ea-421f-a46d-f5fda03ed808,Health Inequities,medical,research_area,,hbi_hybrid_accepted,linkedin_publication_description,1,1,2024,6.95,publish,"Child health inequities persist in Canada, particularly among sovereignty-deserving First Nations, Métis and Inuit groups and equity-deserving communities. We argue for a fundamental shift in research to remedy these inequities, via an intersectional lens that highlights how social identities and systems of power contribute to disparities. Specifically, we suggest (a) integrating intersectionality, from research conceptualization to results dissemination; (b) respectfully and reciprocally engaging with communities; (c) respectfully collecting and reporting data; (d) recognizing and explicating",review,Health Inequities,D000091682,MSH,,mesh_fallback,10.0,local MeSH fallback after broad UMLS candidate search,,,
dab82746-9cd9-450f-95b5-7798ea6d8adc,Autism Spectrum Disorders,medical,research_area,Neurodevelopment and Pediatric Health,linkedin_expertise_lexicon_v1,linkedin_publication_description | linkedin_skill,2,2,0,9.9,publish,"Autism Spectrum Disorders || This chapter examines the role of the endocannabinoid (eCB) system in psychiatric disorders, including anxiety, depression, eating disorders, post-traumatic stress disorder, substance use disorders, autism spectrum disorder, and schizophrenia. We pay specific attention to the eCB system's role in regulating stress, fear, emotional processing, metabolism, and synaptic plasticity. 10.1007/978-3-031-87990-6_15 … more",accepted,Autism Spectrum Disorder,C1510586,MSH,Mental or Behavioral Dysfunction,umls_exact,10.0,filtered UMLS concept with curated HBI umbrella,Mental Health,Neurodevelopment and Pediatric Health,versioned LinkedIn expertise lexicon
dab82746-9cd9-450f-95b5-7798ea6d8adc,Cannabinoids,medical,research_area,Pharmacology and Therapeutics,linkedin_expertise_lexicon_v1,linkedin_about | linkedin_headline,2,2,0,9.9,publish,"Neuroscience PhD student @UofC | Psychedelic and Cannabinoid Therapeutics lab | Early life stress | Endocannabinoids | Neuropharmacology || I am a doctoral student in the Psychedelic and Cannabinoid Therapeutics lab at the University of Calgary. I have a special interest in neuropharmacology and the development of novel therapeutics for psychiatric disorders. My current work largely focuses on the psychophysiological impacts of childhood maltreatment, particularly concerning the endocannabinoid system and social information processing. I am eager to connect and collaborate in science, advocacy, community outreach, or on the trails.",review,Cannabinoids,C0006864,MSH,Organic Chemical | Pharmacologic Substance,umls_exact,9.83,medical UMLS concept found; HBI umbrella requires review,,Pharmacology and Therapeutics,versioned LinkedIn expertise lexicon
dab82746-9cd9-450f-95b5-7798ea6d8adc,Childhood Maltreatment,medical,research_area,Mental Health and Psychiatry,linkedin_expertise_lexicon_v1,linkedin_about | linkedin_headline | linkedin_publication_title,3,3,2025,9.9,publish,"Neuroscience PhD student @UofC | Psychedelic and Cannabinoid Therapeutics lab | Early life stress | Endocannabinoids | Neuropharmacology || I am a doctoral student in the Psychedelic and Cannabinoid Therapeutics lab at the University of Calgary. I have a special interest in neuropharmacology and the development of novel therapeutics for psychiatric disorders. My current work largely focuses on the psychophysiological impacts of childhood maltreatment, particularly concerning the endocannabinoid system and social information processing. I am eager to connect and collaborate in science, advocacy, community outreach, or on the trails. || Individual and additive effects of childhood maltreatment and substance use disorder histories on baseline and stress-induced changes in peripheral stress biomarkers",review,PhenX measure - childhood maltreatment,C3165956,MTH,Finding,umls_words,7.79,broad UMLS words result retained for manual review,,Mental Health and Psychiatry,versioned LinkedIn expertise lexicon
dab82746-9cd9-450f-95b5-7798ea6d8adc,Endocannabinoid System,medical,research_area,Pharmacology and Therapeutics,linkedin_expertise_lexicon_v1,linkedin_about | linkedin_headline | linkedin_publication_description | linkedin_publication_title,7,4,2025,9.9,publish,"Neuroscience PhD student @UofC | Psychedelic and Cannabinoid Therapeutics lab | Early life stress | Endocannabinoids | Neuropharmacology || I am a doctoral student in the Psychedelic and Cannabinoid Therapeutics lab at the University of Calgary. I have a special interest in neuropharmacology and the development of novel therapeutics for psychiatric disorders. My current work largely focuses on the psychophysiological impacts of childhood maltreatment, particularly concerning the endocannabinoid system and social information processing. I am eager to connect and collaborate in science, advocacy, community outreach, or on the trails. || Endocannabinoids and the neurobiology of emotional states || Endocannabinoids play a crucial role in regulating the stress response, influencing both the initiation and resolution of stress-related processes in the brain. This discovery has been greatly advanced by the development of pharmacological tools, particularly fatty acid amide hydrolase (FAAH) and monoacylglycerol lipase (MAGL) inhibitors, which have been pivotal in uncovering the endocannabinoid (eCB) system's role in stress regulation. The success of these inhibitors in animal models of stress and emotion has led to the development of clinical therapies targeting eCB enzymes. FAAH inhibitors  || Endocannabinoid Contributions to Psychiatric Risk || This chapter examines the role of the endocannabinoid (eCB) system in psychiatric disorders, including anxiety, depression, eating disorders, post-traumatic stress disorder, substance use disorders, autism spectrum disorder, and schizophrenia. We pay specific attention to the eCB system's role in regulating stress, fear, emotional processing, metabolism, and synaptic plasticity. 10.1007/978-3-031-87990-6_15 … more || Endocannabinoid co",unresolved,,,,,,0.0,no sufficiently similar medical UMLS or MeSH concept,,Pharmacology and Therapeutics,versioned LinkedIn expertise lexicon
dab82746-9cd9-450f-95b5-7798ea6d8adc,Neuropharmacology,medical,research_area,Pharmacology and Therapeutics,linkedin_expertise_lexicon_v1,linkedin_about | linkedin_headline,2,2,0,9.9,publish,"Neuroscience PhD student @UofC | Psychedelic and Cannabinoid Therapeutics lab | Early life stress | Endocannabinoids | Neuropharmacology || I am a doctoral student in the Psychedelic and Cannabinoid Therapeutics lab at the University of Calgary. I have a special interest in neuropharmacology and the development of novel therapeutics for psychiatric disorders. My current work largely focuses on the psychophysiological impacts of childhood maltreatment, particularly concerning the endocannabinoid system and social information processing. I am eager to connect and collaborate in science, advocacy, community outreach, or on the trails.",review,Neuropharmacology,D009480,MSH,,mesh_fallback,10.0,local MeSH fallback after broad UMLS candidate search,,Pharmacology and Therapeutics,versioned LinkedIn expertise lexicon
dab82746-9cd9-450f-95b5-7798ea6d8adc,Psychedelics,medical,research_area,Pharmacology and Therapeutics,linkedin_expertise_lexicon_v1,linkedin_about | linkedin_headline,2,2,0,9.9,publish,"Neuroscience PhD student @UofC | Psychedelic and Cannabinoid Therapeutics lab | Early life stress | Endocannabinoids | Neuropharmacology || I am a doctoral student in the Psychedelic and Cannabinoid Therapeutics lab at the University of Calgary. I have a special interest in neuropharmacology and the development of novel therapeutics for psychiatric disorders. My current work largely focuses on the psychophysiological impacts of childhood maltreatment, particularly concerning the endocannabinoid system and social information processing. I am eager to connect and collaborate in science, advocacy, community outreach, or on the trails.",review,Hallucinogens,C0018533,MSH,Pharmacologic Substance | Hazardous or Poisonous Substance,umls_exact,9.53,medical UMLS concept found; HBI umbrella requires review,,Pharmacology and Therapeutics,versioned LinkedIn expertise lexicon
dab82746-9cd9-450f-95b5-7798ea6d8adc,Stress,medical,research_area,Mental Health and Psychiatry,linkedin_expertise_lexicon_v1,linkedin_headline | linkedin_publication_description | linkedin_publication_title,4,3,2025,9.9,publish,"Neuroscience PhD student @UofC | Psychedelic and Cannabinoid Therapeutics lab | Early life stress | Endocannabinoids | Neuropharmacology || Individual and additive effects of childhood maltreatment and substance use disorder histories on baseline and stress-induced changes in peripheral stress biomarkers || Endocannabinoids play a crucial role in regulating the stress response, influencing both the initiation and resolution of stress-related processes in the brain. This discovery has been greatly advanced by the development of pharmacological tools, particularly fatty acid amide hydrolase (FAAH) and monoacylglycerol lipase (MAGL) inhibitors, which have been pivotal in uncovering the endocannabinoid (eCB) system's role in stress regulation. The success of these inhibitors in animal models of stress and emotion has led to the development of clinical therapies targeting eCB enzymes. FAAH inhibitors  || This chapter examines the role of the endocannabinoid (eCB) system in psychiatric disorders, including anxiety, depression, eating disorders, post-traumatic stress disorder, substance use disorders, autism spectrum disorder, and schizophrenia. We pay specific attention to the eCB system's role in regulating stress, fear, emotional processing, metabolism, and synaptic plasticity. 10.1007/978-3-031-87990-6_15 … more",review,Stress bismuth subsalicylate,C0723460,MTH,Organic Chemical | Pharmacologic Substance,umls_exact,9.28,medical UMLS concept found without a MeSH representation,,Mental Health and Psychiatry,versioned LinkedIn expertise lexicon
dab82746-9cd9-450f-95b5-7798ea6d8adc,Therapeutics,medical,research_area,Pharmacology and Therapeutics,linkedin_expertise_lexicon_v1,linkedin_about | linkedin_headline,2,2,0,9.9,publish,"Neuroscience PhD student @UofC | Psychedelic and Cannabinoid Therapeutics lab | Early life stress | Endocannabinoids | Neuropharmacology || I am a doctoral student in the Psychedelic and Cannabinoid Therapeutics lab at the University of Calgary. I have a special interest in neuropharmacology and the development of novel therapeutics for psychiatric disorders. My current work largely focuses on the psychophysiological impacts of childhood maltreatment, particularly concerning the endocannabinoid system and social information processing. I am eager to connect and collaborate in science, advocacy, community outreach, or on the trails.",accepted,Therapeutics,C0087111,MSH,Therapeutic or Preventive Procedure,umls_exact,9.73,filtered UMLS concept with curated HBI umbrella,Pharmacology and Therapeutics,Pharmacology and Therapeutics,versioned LinkedIn expertise lexicon
dab82746-9cd9-450f-95b5-7798ea6d8adc,Psychiatric Disorders,medical,research_area,Mental Health and Psychiatry,linkedin_expertise_lexicon_v1,linkedin_about | linkedin_publication_description | linkedin_publication_title,3,3,0,9.85,publish,"I am a doctoral student in the Psychedelic and Cannabinoid Therapeutics lab at the University of Calgary. I have a special interest in neuropharmacology and the development of novel therapeutics for psychiatric disorders. My current work largely focuses on the psychophysiological impacts of childhood maltreatment, particularly concerning the endocannabinoid system and social information processing. I am eager to connect and collaborate in science, advocacy, community outreach, or on the trails. || Endocannabinoid Contributions to Psychiatric Risk || This chapter examines the role of the endocannabinoid (eCB) system in psychiatric disorders, including anxiety, depression, eating disorders, post-traumatic stress disorder, substance use disorders, autism spectrum disorder, and schizophrenia. We pay specific attention to the eCB system's role in regulating stress, fear, emotional processing, metabolism, and synaptic plasticity. 10.1007/978-3-031-87990-6_15 … more",accepted,Mental Disorders,C0004936,MSH,Mental or Behavioral Dysfunction,umls_exact,9.73,filtered UMLS concept with curated HBI umbrella,Mental Health,Mental Health and Psychiatry,versioned LinkedIn expertise lexicon
dab82746-9cd9-450f-95b5-7798ea6d8adc,Neuroscience,medical,research_area,Neuroscience,linkedin_expertise_lexicon_v1,linkedin_headline,1,1,0,9.55,publish,Neuroscience PhD student @UofC | Psychedelic and Cannabinoid Therapeutics lab | Early life stress | Endocannabinoids | Neuropharmacology,accepted,Neurosciences,D009488,MSH,,mesh_fallback,9.7,local MeSH fallback after broad UMLS candidate search,Neuroscience and Neural Systems,Neuroscience,versioned LinkedIn expertise lexicon
dab82746-9cd9-450f-95b5-7798ea6d8adc,Social Information Processing,medical,research_area,Cognition and Behaviour,linkedin_expertise_lexicon_v1,linkedin_about | linkedin_publication_title,2,2,2025,9.2,publish,"I am a doctoral student in the Psychedelic and Cannabinoid Therapeutics lab at the University of Calgary. I have a special interest in neuropharmacology and the development of novel therapeutics for psychiatric disorders. My current work largely focuses on the psychophysiological impacts of childhood maltreatment, particularly concerning the endocannabinoid system and social information processing. I am eager to connect and collaborate in science, advocacy, community outreach, or on the trails. || Endocannabinoid contributions to the perception of socially relevant, affective touch in humans",unresolved,,,,,,0.0,no sufficiently similar medical UMLS or MeSH concept,,Cognition and Behaviour,versioned LinkedIn expertise lexicon
dab82746-9cd9-450f-95b5-7798ea6d8adc,Psychophysiology,medical,research_area,Cognition and Behaviour,linkedin_expertise_lexicon_v1,linkedin_about,1,1,0,8.55,publish,"I am a doctoral student in the Psychedelic and Cannabinoid Therapeutics lab at the University of Calgary. I have a special interest in neuropharmacology and the development of novel therapeutics for psychiatric disorders. My current work largely focuses on the psychophysiological impacts of childhood maltreatment, particularly concerning the endocannabinoid system and social information processing. I am eager to connect and collaborate in science, advocacy, community outreach, or on the trails.",review,Psychophysiology,D011603,MSH,,mesh_fallback,10.0,local MeSH fallback after broad UMLS candidate search,,Cognition and Behaviour,versioned LinkedIn expertise lexicon
dab82746-9cd9-450f-95b5-7798ea6d8adc,Substance Use Disorders,medical,research_area,Mental Health and Psychiatry,linkedin_expertise_lexicon_v1,linkedin_publication_description | linkedin_publication_title,2,2,2025,8.4,publish,"Individual and additive effects of childhood maltreatment and substance use disorder histories on baseline and stress-induced changes in peripheral stress biomarkers || This chapter examines the role of the endocannabinoid (eCB) system in psychiatric disorders, including anxiety, depression, eating disorders, post-traumatic stress disorder, substance use disorders, autism spectrum disorder, and schizophrenia. We pay specific attention to the eCB system's role in regulating stress, fear, emotional processing, metabolism, and synaptic plasticity. 10.1007/978-3-031-87990-6_15 … more",accepted,"Disorder, Substance Use",C0038586,MSH,Mental or Behavioral Dysfunction,umls_exact,10.0,filtered UMLS concept with curated HBI umbrella,Mental Health,Mental Health and Psychiatry,versioned LinkedIn expertise lexicon
dab82746-9cd9-450f-95b5-7798ea6d8adc,Anxiety Disorders,medical,research_area,Mental Health and Psychiatry,linkedin_expertise_lexicon_v1,linkedin_publication_description,2,1,0,7.2,publish,"Endocannabinoids play a crucial role in regulating the stress response, influencing both the initiation and resolution of stress-related processes in the brain. This discovery has been greatly advanced by the development of pharmacological tools, particularly fatty acid amide hydrolase (FAAH) and monoacylglycerol lipase (MAGL) inhibitors, which have been pivotal in uncovering the endocannabinoid (eCB) system's role in stress regulation. The success of these inhibitors in animal models of stress and emotion has led to the development of clinical therapies targeting eCB enzymes. FAAH inhibitors  || This chapter examines the role of the endocannabinoid (eCB) system in psychiatric disorders, including anxiety, depression, eating disorders, post-traumatic stress disorder, substance use disorders, autism spectrum disorder, and schizophrenia. We pay specific attention to the eCB system's role in regulating stress, fear, emotional processing, metabolism, and synaptic plasticity. 10.1007/978-3-031-87990-6_15 … more",accepted,Anxiety Disorders,C0003469,MSH,Mental or Behavioral Dysfunction,umls_exact,10.0,filtered UMLS concept with curated HBI umbrella,Mental Health,Mental Health and Psychiatry,versioned LinkedIn expertise lexicon
dab82746-9cd9-450f-95b5-7798ea6d8adc,Post-Traumatic Stress Disorder,medical,research_area,Mental Health and Psychiatry,linkedin_expertise_lexicon_v1,linkedin_publication_description,2,1,0,7.2,publish,"Endocannabinoids play a crucial role in regulating the stress response, influencing both the initiation and resolution of stress-related processes in the brain. This discovery has been greatly advanced by the development of pharmacological tools, particularly fatty acid amide hydrolase (FAAH) and monoacylglycerol lipase (MAGL) inhibitors, which have been pivotal in uncovering the endocannabinoid (eCB) system's role in stress regulation. The success of these inhibitors in animal models of stress and emotion has led to the development of clinical therapies targeting eCB enzymes. FAAH inhibitors  || This chapter examines the role of the endocannabinoid (eCB) system in psychiatric disorders, including anxiety, depression, eating disorders, post-traumatic stress disorder, substance use disorders, autism spectrum disorder, and schizophrenia. We pay specific attention to the eCB system's role in regulating stress, fear, emotional processing, metabolism, and synaptic plasticity. 10.1007/978-3-031-87990-6_15 … more",review,"Stress Disorders, Post-Traumatic",C0038436,MSH,Mental or Behavioral Dysfunction,umls_exact,9.83,medical UMLS concept found; HBI umbrella requires review,,Mental Health and Psychiatry,versioned LinkedIn expertise lexicon
dab82746-9cd9-450f-95b5-7798ea6d8adc,Clinical Trials,health,method,Clinical and Translational Research,linkedin_expertise_lexicon_v1,linkedin_publication_description,1,1,0,6.95,publish,"Endocannabinoids play a crucial role in regulating the stress response, influencing both the initiation and resolution of stress-related processes in the brain. This discovery has been greatly advanced by the development of pharmacological tools, particularly fatty acid amide hydrolase (FAAH) and monoacylglycerol lipase (MAGL) inhibitors, which have been pivotal in uncovering the endocannabinoid (eCB) system's role in stress regulation. The success of these inhibitors in animal models of stress and emotion has led to the development of clinical therapies targeting eCB enzymes. FAAH inhibitors ",review,Clinical Trials as Topic,C0008976,MSH,Research Activity,umls_exact,9.33,medical UMLS concept found; HBI umbrella requires review,,Clinical and Translational Research,versioned LinkedIn expertise lexicon
dab82746-9cd9-450f-95b5-7798ea6d8adc,Depression,medical,research_area,Mental Health and Psychiatry,linkedin_expertise_lexicon_v1,linkedin_publication_description,1,1,0,6.95,publish,"This chapter examines the role of the endocannabinoid (eCB) system in psychiatric disorders, including anxiety, depression, eating disorders, post-traumatic stress disorder, substance use disorders, autism spectrum disorder, and schizophrenia. We pay specific attention to the eCB system's role in regulating stress, fear, emotional processing, metabolism, and synaptic plasticity. 10.1007/978-3-031-87990-6_15 … more",accepted,Depression,C0011570,MSH,Mental or Behavioral Dysfunction,umls_exact,9.73,filtered UMLS concept with curated HBI umbrella,Mental Health,Mental Health and Psychiatry,versioned LinkedIn expertise lexicon
dab82746-9cd9-450f-95b5-7798ea6d8adc,Eating Disorders,medical,research_area,Mental Health and Psychiatry,linkedin_expertise_lexicon_v1,linkedin_publication_description,1,1,0,6.95,publish,"This chapter examines the role of the endocannabinoid (eCB) system in psychiatric disorders, including anxiety, depression, eating disorders, post-traumatic stress disorder, substance use disorders, autism spectrum disorder, and schizophrenia. We pay specific attention to the eCB system's role in regulating stress, fear, emotional processing, metabolism, and synaptic plasticity. 10.1007/978-3-031-87990-6_15 … more",review,Eating Disorder,C0013473,MSH,Mental or Behavioral Dysfunction,umls_exact,9.83,medical UMLS concept found; HBI umbrella requires review,,Mental Health and Psychiatry,versioned LinkedIn expertise lexicon
dab82746-9cd9-450f-95b5-7798ea6d8adc,Fear Extinction,medical,research_area,Mental Health and Psychiatry,linkedin_expertise_lexicon_v1,linkedin_publication_description,1,1,0,6.95,publish,"Endocannabinoids play a crucial role in regulating the stress response, influencing both the initiation and resolution of stress-related processes in the brain. This discovery has been greatly advanced by the development of pharmacological tools, particularly fatty acid amide hydrolase (FAAH) and monoacylglycerol lipase (MAGL) inhibitors, which have been pivotal in uncovering the endocannabinoid (eCB) system's role in stress regulation. The success of these inhibitors in animal models of stress and emotion has led to the development of clinical therapies targeting eCB enzymes. FAAH inhibitors ",unresolved,,,,,,0.0,no sufficiently similar medical UMLS or MeSH concept,,Mental Health and Psychiatry,versioned LinkedIn expertise lexicon
dab82746-9cd9-450f-95b5-7798ea6d8adc,Schizophrenia,medical,research_area,Mental Health and Psychiatry,linkedin_expertise_lexicon_v1,linkedin_publication_description,1,1,0,6.95,publish,"This chapter examines the role of the endocannabinoid (eCB) system in psychiatric disorders, including anxiety, depression, eating disorders, post-traumatic stress disorder, substance use disorders, autism spectrum disorder, and schizophrenia. We pay specific attention to the eCB system's role in regulating stress, fear, emotional processing, metabolism, and synaptic plasticity. 10.1007/978-3-031-87990-6_15 … more",accepted,Schizophrenia,C0036341,MSH,Mental or Behavioral Dysfunction,umls_exact,10.0,filtered UMLS concept with curated HBI umbrella,Mental Health,Mental Health and Psychiatry,versioned LinkedIn expertise lexicon
dab82746-9cd9-450f-95b5-7798ea6d8adc,Synaptic Plasticity,medical,research_area,Neuroscience,linkedin_expertise_lexicon_v1,linkedin_publication_description,1,1,0,6.95,publish,"This chapter examines the role of the endocannabinoid (eCB) system in psychiatric disorders, including anxiety, depression, eating disorders, post-traumatic stress disorder, substance use disorders, autism spectrum disorder, and schizophrenia. We pay specific attention to the eCB system's role in regulating stress, fear, emotional processing, metabolism, and synaptic plasticity. 10.1007/978-3-031-87990-6_15 … more",accepted,Neuronal Plasticity,D009473,MSH,,mesh_fallback,9.7,local MeSH fallback after broad UMLS candidate search,Cellular and Molecular Neuroscience,Neuroscience,versioned LinkedIn expertise lexicon
dce0c0b3-d012-4fec-abec-6efb8df69963,Depression,medical,research_area,Mental Health and Psychiatry,linkedin_expertise_lexicon_v1,linkedin_publication_title,2,1,2024,8.0,publish,267. Clinical and Functional Efficacy of Long-Term Subcallosal Cingulate Deep Brain Stimulation for Treatment-Resistant Depression || Accelerated sequential bilateral theta-burst stimulation in major depression: an open trial,accepted,Depression,C0011570,MSH,Mental or Behavioral Dysfunction,umls_exact,9.73,filtered UMLS concept with curated HBI umbrella,Mental Health,Mental Health and Psychiatry,versioned LinkedIn expertise lexicon
dce0c0b3-d012-4fec-abec-6efb8df69963,Brain Stimulation,medical,technology,Neuroengineering and Medical Technology,linkedin_expertise_lexicon_v1,linkedin_publication_title,1,1,2024,7.75,publish,267. Clinical and Functional Efficacy of Long-Term Subcallosal Cingulate Deep Brain Stimulation for Treatment-Resistant Depression,review,Brain stimulation,C0870227,SNOMEDCT_US,Therapeutic or Preventive Procedure,umls_exact,9.85,medical UMLS concept found without a MeSH representation,Pharmacology and Therapeutics,Neuroengineering and Medical Technology,versioned LinkedIn expertise lexicon
dce0c0b3-d012-4fec-abec-6efb8df69963,Deep Brain Stimulation,medical,research_area,Pharmacology and Therapeutics,hbi_hybrid_accepted | hbi_hybrid_accepted,linkedin_publication_title,1,1,2024,7.75,publish,267. Clinical and Functional Efficacy of Long-Term Subcallosal Cingulate Deep Brain Stimulation for Treatment-Resistant Depression,accepted,Deep Brain Stimulation,C0394162,MSH,Therapeutic or Preventive Procedure,umls_exact,10.0,filtered UMLS concept with curated HBI umbrella,Pharmacology and Therapeutics,Pharmacology and Therapeutics,versioned LinkedIn expertise lexicon
dce0c0b3-d012-4fec-abec-6efb8df69963,Post-Traumatic Stress Disorder,medical,research_area,Mental Health and Psychiatry,linkedin_expertise_lexicon_v1,linkedin_publication_title,1,1,2025,7.75,publish,On the Role of Epigenetic Modifications of HPA Axis in Post Traumatic Stress Disorder (PTSD) and Resilience,review,"Stress Disorders, Post-Traumatic",C0038436,MSH,Mental or Behavioral Dysfunction,umls_exact,9.83,medical UMLS concept found; HBI umbrella requires review,,Mental Health and Psychiatry,versioned LinkedIn expertise lexicon
dce0c0b3-d012-4fec-abec-6efb8df69963,Stress,medical,research_area,Mental Health and Psychiatry,linkedin_expertise_lexicon_v1,linkedin_publication_title,1,1,2025,7.75,publish,On the Role of Epigenetic Modifications of HPA Axis in Post Traumatic Stress Disorder (PTSD) and Resilience,review,Stress bismuth subsalicylate,C0723460,MTH,Organic Chemical | Pharmacologic Substance,umls_exact,9.28,medical UMLS concept found without a MeSH representation,,Mental Health and Psychiatry,versioned LinkedIn expertise lexicon
debe2b0f-74ba-4793-a0b1-8a7747df712d,Clinical Trials,health,method,Clinical and Translational Research,linkedin_expertise_lexicon_v1,linkedin_experience_description_current,1,1,2026,7.95,publish,"Designing and establishing complex novel setups to test elicited biological effects of focused ultrasound in real-time in vivo -Conducting pre-clinical MRI-guided focused ultrasound ablation studies as a clinical trial analogue -Supervising and assisting students and colleagues in various projects in terms of small-animal surgeries, experimental setup, pre-clinical studies, and data analysis (MATLAB, ImageJ, Fluoview) -2 international conference presentations, 6 manuscripts currently in-preparation",review,Clinical Trials as Topic,C0008976,MSH,Research Activity,umls_exact,9.33,medical UMLS concept found; HBI umbrella requires review,,Clinical and Translational Research,versioned LinkedIn expertise lexicon
debe2b0f-74ba-4793-a0b1-8a7747df712d,Data Analysis,computing,method,Artificial Intelligence and Data Science,linkedin_expertise_lexicon_v1,linkedin_experience_description_current,1,1,2026,7.95,publish,"Designing and establishing complex novel setups to test elicited biological effects of focused ultrasound in real-time in vivo -Conducting pre-clinical MRI-guided focused ultrasound ablation studies as a clinical trial analogue -Supervising and assisting students and colleagues in various projects in terms of small-animal surgeries, experimental setup, pre-clinical studies, and data analysis (MATLAB, ImageJ, Fluoview) -2 international conference presentations, 6 manuscripts currently in-preparation",not_attempted,,,,,,0.0,UMLS skipped for cross-domain/tool term,,Artificial Intelligence and Data Science,versioned LinkedIn expertise lexicon
debe2b0f-74ba-4793-a0b1-8a7747df712d,Magnetic Resonance Imaging,medical,method,Neuroimaging and Medical Imaging,linkedin_expertise_lexicon_v1,linkedin_experience_description_current,1,1,2026,7.95,publish,"Designing and establishing complex novel setups to test elicited biological effects of focused ultrasound in real-time in vivo -Conducting pre-clinical MRI-guided focused ultrasound ablation studies as a clinical trial analogue -Supervising and assisting students and colleagues in various projects in terms of small-animal surgeries, experimental setup, pre-clinical studies, and data analysis (MATLAB, ImageJ, Fluoview) -2 international conference presentations, 6 manuscripts currently in-preparation",accepted,Magnetic Resonance Imaging,C0024485,MSH,Diagnostic Procedure,umls_exact,10.0,filtered UMLS concept with curated HBI umbrella,Imaging and Diagnostics,Neuroimaging and Medical Imaging,versioned LinkedIn expertise lexicon
df6cc404-4b74-4055-ab48-e3d1530e133b,Pain,medical,research_area,Pain and Sensory Systems,linkedin_expertise_lexicon_v1,linkedin_experience_description_current,1,1,2026,7.95,publish,"As a Nursing Assistant, my role was to support the Registered Nurse shift lead, my team members and clients. A day in the position included keeping clients engaged and enriched mentally, physically, socially, and emotionally. I had to be aware of and sensitive to my clients pain, mobility, and cultural backgrounds, and approach every interaction with compassion. Responsibilities included: ○ Assisting clients with activities of daily living ○ Safeguarding clients by following health and safety policies ○ Charting client behaviour and activities ○ Adhere to company policies and legal regulations",review,Pain,C0030193,MSH,Sign or Symptom,umls_exact,9.6,medical UMLS concept found; HBI umbrella requires review,,Pain and Sensory Systems,versioned LinkedIn expertise lexicon
df941247-edec-4b67-905f-47bff6537d34,Parkinson Disease,medical,research_area,Neurological and Neurodegenerative Disorders,linkedin_expertise_lexicon_v1,linkedin_experience_description_current | linkedin_publication_description | linkedin_publication_title,3,3,2026,9.25,publish,"Researching at the Foothills Medical Hospital Department of Geriatrics under Dr. Zahra Goodarzi and Dr. Jacqueline McMillan, resulting in publication of a systematic review and meta-analysis on Parkinson’s Disease and Frailty and works in progress on Suicidality in the Elderly and a Clinical Pathway for Anxiety in Long-Term Care. Currently leading Development of a Clinical Pathway for Anxiety in Long-Term Care. This research project employs a Delphi Procedure to optimize clinical care for residents with anxiety in long-term care. A member of the Interdisciplinary Aging Club, designed to give s || Frailty in Parkinson's disease: A systematic review and meta-analysis || A systematic review of the literature for concurrent Parkinson's Disease and frailty. Frailty prevalence, screening tools, and associations in patients with Parkinson's disease were the outcomes.",accepted,Parkinson Disease,C0030567,MSH,Disease or Syndrome,umls_exact,10.0,filtered UMLS concept with curated HBI umbrella,Neurological Disorders,Neurological and Neurodegenerative Disorders,versioned LinkedIn expertise lexicon
df941247-edec-4b67-905f-47bff6537d34,Pharmacology,medical,research_area,Pharmacology and Therapeutics,linkedin_expertise_lexicon_v1,linkedin_experience_description_recent | linkedin_experience_title_recent,2,2,2020,8.75,publish,"Course-Acquired (Research) Experience - Pharmacology | The University of British Columbia || Knowledgeable in in-vivo, in-vitro and ex-vivo pharmacology techniques and concepts in a variety of model organisms such as rats and rabbits, including therapeutics. Proficient in both written and verbal communication of results.",review,Network Pharmacology,C5544472,MSH,Research Activity,umls_words,8.21,broad UMLS words result retained for manual review,,Pharmacology and Therapeutics,versioned LinkedIn expertise lexicon
df941247-edec-4b67-905f-47bff6537d34,Anxiety Disorders,medical,research_area,Mental Health and Psychiatry,linkedin_expertise_lexicon_v1,linkedin_experience_description_current,1,1,2026,7.95,publish,"Researching at the Foothills Medical Hospital Department of Geriatrics under Dr. Zahra Goodarzi and Dr. Jacqueline McMillan, resulting in publication of a systematic review and meta-analysis on Parkinson’s Disease and Frailty and works in progress on Suicidality in the Elderly and a Clinical Pathway for Anxiety in Long-Term Care. Currently leading Development of a Clinical Pathway for Anxiety in Long-Term Care. This research project employs a Delphi Procedure to optimize clinical care for residents with anxiety in long-term care. A member of the Interdisciplinary Aging Club, designed to give s",accepted,Anxiety Disorders,C0003469,MSH,Mental or Behavioral Dysfunction,umls_exact,10.0,filtered UMLS concept with curated HBI umbrella,Mental Health,Mental Health and Psychiatry,versioned LinkedIn expertise lexicon
df941247-edec-4b67-905f-47bff6537d34,Brain Injury,medical,research_area,Neurological and Neurodegenerative Disorders,linkedin_expertise_lexicon_v1,linkedin_experience_description_current,1,1,2026,7.95,publish,"Research assistant in PEMRAP (Pediatric Emergency Medical Research Associates Program) at the Alberta Children’s Hospital Emergency Department. Screened and enrolled patient participants in clinical research, ranging from BIKE (bike accidents) and PRIMED (appendicitis “fingerprints”) to KOALA (child traumatic brain injury neuroplasticity) and EPIC (E. Coli antibody) studies.",accepted,Brain Injuries,C0270611,MSH,Injury or Poisoning,umls_exact,9.73,filtered UMLS concept with curated HBI umbrella,Brain Injury and Neurotrauma,Neurological and Neurodegenerative Disorders,versioned LinkedIn expertise lexicon
df941247-edec-4b67-905f-47bff6537d34,Clinical Research,health,method,Clinical and Translational Research,linkedin_expertise_lexicon_v1,linkedin_experience_description_current,1,1,2026,7.95,publish,"Research assistant in PEMRAP (Pediatric Emergency Medical Research Associates Program) at the Alberta Children’s Hospital Emergency Department. Screened and enrolled patient participants in clinical research, ranging from BIKE (bike accidents) and PRIMED (appendicitis “fingerprints”) to KOALA (child traumatic brain injury neuroplasticity) and EPIC (E. Coli antibody) studies.",review,Clinical Study,C0008972,MSH,Research Activity,umls_exact,9.33,medical UMLS concept found; HBI umbrella requires review,,Clinical and Translational Research,versioned LinkedIn expertise lexicon
df941247-edec-4b67-905f-47bff6537d34,Health Services,medical,research_area,,hbi_hybrid_accepted | hbi_hybrid_accepted,linkedin_experience_description_current,1,1,2026,7.95,publish,"Research assistant through the INtegrated Student Program In Research Education (INSPIRE) of Dr. Srigley, a medical microbiologist and Corporate Director of Infection Prevention and Control at the Provincial Health Services Authority, with an audit-based project centred around patient, family and visitor hand hygiene on medical-surgical inpatient units at the BC Children’s Hospital. Drafted a formal report for implementation of a campus-wide hand hygiene program.",review,Health Services,D006296,MSH,,mesh_fallback,10.0,local MeSH fallback after broad UMLS candidate search,,,
df941247-edec-4b67-905f-47bff6537d34,Biostatistics,health,research_area,Population and Public Health,linkedin_expertise_lexicon_v1,linkedin_experience_description_recent,1,1,2020,6.95,publish,"DNA extraction, digestion with restriction enzymes, PCR methods and gel electrophoresis. Standardized cloning procedures. Measured the effect on behavior in pillbugs due to osmoregulation by adjusting salinity (2018). Learned the general experimental method as well as presentation skills, proper citation and biostatistics.",review,Biostatistics,C2717898,MSH,Research Activity,umls_exact,9.33,medical UMLS concept found; HBI umbrella requires review,,Population and Public Health,versioned LinkedIn expertise lexicon
df941247-edec-4b67-905f-47bff6537d34,Therapeutics,medical,research_area,Pharmacology and Therapeutics,linkedin_expertise_lexicon_v1,linkedin_experience_description_recent,1,1,2020,6.95,publish,"Knowledgeable in in-vivo, in-vitro and ex-vivo pharmacology techniques and concepts in a variety of model organisms such as rats and rabbits, including therapeutics. Proficient in both written and verbal communication of results.",accepted,Therapeutics,C0087111,MSH,Therapeutic or Preventive Procedure,umls_exact,9.73,filtered UMLS concept with curated HBI umbrella,Pharmacology and Therapeutics,Pharmacology and Therapeutics,versioned LinkedIn expertise lexicon
e08e3686-313b-4b16-a632-07ecfb926907,Immunohistochemisty,unmapped,candidate,,dynamic_explicit_phrase,linkedin_skill,1,1,0,9.75,publish,Immunohistochemisty,unresolved,,,,,,0.0,no sufficiently similar medical UMLS or MeSH concept,,,
e08e3686-313b-4b16-a632-07ecfb926907,Astrocytes,medical,research_area,Neuroscience,linkedin_expertise_lexicon_v1,linkedin_about,1,1,0,8.55,publish,"Hi my name is Matthew Komori. I am a third year Kinesiology BSc student at the University of Calgary. I find the human body so fascinating and integrative and I have always had a passion for sports. Specifically, I played competitive volleyball, winning many provincial titles and one national championship. Now, Im currently the head coach for a volleyball club in Calgary, owned by one of my former coaches. Coaching has been incredibly rewardingI love working with kids and seeing them learn, grow, and have fun through sport. In addition to volleyball, I also teach swimming and work as a lifegua",review,Astrocytes,C0004112,MSH,Cell,umls_exact,9.83,medical UMLS concept found; HBI umbrella requires review,,Neuroscience,versioned LinkedIn expertise lexicon
e08e3686-313b-4b16-a632-07ecfb926907,Mental Health,medical,research_area,Mental Health and Psychiatry,linkedin_expertise_lexicon_v1,linkedin_about,1,1,0,8.55,publish,"Hi my name is Matthew Komori. I am a third year Kinesiology BSc student at the University of Calgary. I find the human body so fascinating and integrative and I have always had a passion for sports. Specifically, I played competitive volleyball, winning many provincial titles and one national championship. Now, Im currently the head coach for a volleyball club in Calgary, owned by one of my former coaches. Coaching has been incredibly rewardingI love working with kids and seeing them learn, grow, and have fun through sport. In addition to volleyball, I also teach swimming and work as a lifegua",accepted,Mental Health,C0025353,MSH,Mental Process,umls_exact,9.53,filtered UMLS concept with curated HBI umbrella,Mental Health,Mental Health and Psychiatry,versioned LinkedIn expertise lexicon
e08e3686-313b-4b16-a632-07ecfb926907,Research Design,health,method,Research Methods and Practice,linkedin_expertise_lexicon_v1,linkedin_about,1,1,0,8.55,publish,"Hi my name is Matthew Komori. I am a third year Kinesiology BSc student at the University of Calgary. I find the human body so fascinating and integrative and I have always had a passion for sports. Specifically, I played competitive volleyball, winning many provincial titles and one national championship. Now, Im currently the head coach for a volleyball club in Calgary, owned by one of my former coaches. Coaching has been incredibly rewardingI love working with kids and seeing them learn, grow, and have fun through sport. In addition to volleyball, I also teach swimming and work as a lifegua",review,Research Design,C0035171,MSH,Research Activity,umls_exact,9.33,medical UMLS concept found; HBI umbrella requires review,,Research Methods and Practice,versioned LinkedIn expertise lexicon
e08e3686-313b-4b16-a632-07ecfb926907,Stress,medical,research_area,Mental Health and Psychiatry,linkedin_expertise_lexicon_v1,linkedin_about,1,1,0,8.55,publish,"Hi my name is Matthew Komori. I am a third year Kinesiology BSc student at the University of Calgary. I find the human body so fascinating and integrative and I have always had a passion for sports. Specifically, I played competitive volleyball, winning many provincial titles and one national championship. Now, Im currently the head coach for a volleyball club in Calgary, owned by one of my former coaches. Coaching has been incredibly rewardingI love working with kids and seeing them learn, grow, and have fun through sport. In addition to volleyball, I also teach swimming and work as a lifegua",review,Stress bismuth subsalicylate,C0723460,MTH,Organic Chemical | Pharmacologic Substance,umls_exact,9.28,medical UMLS concept found without a MeSH representation,,Mental Health and Psychiatry,versioned LinkedIn expertise lexicon
e3554ab7-4bf7-4abc-98a3-eaa265ca524e,Social Sciences,health,research_area,Social and Behavioural Sciences,linkedin_expertise_lexicon_v1,linkedin_about,1,1,0,8.55,publish,"Dr. Gina Grandy brings a wealth of experience and expertise to her role as Dean and Professor at the Haskayne School of Business, University of Calgary. Having also served as the former Dean of the Hill-Levene Schools of Business at the University of Regina, Gina is known for her dynamic leadership and commitment to excellence. In addition to her academic leadership, Gina is a certified leadership and performance coach, offering strategic guidance to individuals and organizations seeking to excel in areas such as leadership development, women in leadership, strategy, and change management. Her",review,Social Sciences,D012942,MSH,,mesh_fallback,10.0,local MeSH fallback after broad UMLS candidate search,,Social and Behavioural Sciences,versioned LinkedIn expertise lexicon
e84862f3-28fc-48c4-bcef-3cee7d9ee6b1,Genetics,medical,research_area,Genetics and Genomics,hbi_hybrid_accepted | hbi_hybrid_accepted | hbi_hybrid_accepted | hbi_hybrid_accepted | hbi_hybrid_accepted | hbi_hybrid_accepted | hbi_hybrid_accepted | hbi_hybrid_accepted | hbi_hybrid_accepted,linkedin_about,1,1,0,8.55,publish,"I have a background in cellular and molecular biology, minoring in chemistry. I have pursued numerous research projects involving plant biology, cell biology and molecular genetics during my undergrad. I am currently a masters student at the Hotchkiss Brain Institute analyzing the underlying causes of chronic pain. I plan to pursue an MD/PhD after gaining substantial experience in both health care and laboratory settings.",accepted,Genetics,D005823,MSH,,mesh_fallback,10.0,local MeSH fallback after broad UMLS candidate search,Genetics and Genomics,Genetics and Genomics,versioned LinkedIn expertise lexicon
e84862f3-28fc-48c4-bcef-3cee7d9ee6b1,Molecular Biology,medical,research_area,Genetics and Genomics,hbi_hybrid_accepted | hbi_hybrid_accepted | hbi_hybrid_accepted | hbi_hybrid_accepted | hbi_hybrid_accepted | hbi_hybrid_accepted | hbi_hybrid_accepted | hbi_hybrid_accepted,linkedin_about,1,1,0,8.55,publish,"I have a background in cellular and molecular biology, minoring in chemistry. I have pursued numerous research projects involving plant biology, cell biology and molecular genetics during my undergrad. I am currently a masters student at the Hotchkiss Brain Institute analyzing the underlying causes of chronic pain. I plan to pursue an MD/PhD after gaining substantial experience in both health care and laboratory settings.",accepted,Molecular Biology,D008967,MSH,,mesh_fallback,10.0,local MeSH fallback after broad UMLS candidate search,Cellular and Molecular Neuroscience,Genetics and Genomics,versioned LinkedIn expertise lexicon
e84862f3-28fc-48c4-bcef-3cee7d9ee6b1,Pain,medical,research_area,Pain and Sensory Systems,linkedin_expertise_lexicon_v1,linkedin_about,1,1,0,8.55,publish,"I have a background in cellular and molecular biology, minoring in chemistry. I have pursued numerous research projects involving plant biology, cell biology and molecular genetics during my undergrad. I am currently a masters student at the Hotchkiss Brain Institute analyzing the underlying causes of chronic pain. I plan to pursue an MD/PhD after gaining substantial experience in both health care and laboratory settings.",review,Pain,C0030193,MSH,Sign or Symptom,umls_exact,9.6,medical UMLS concept found; HBI umbrella requires review,,Pain and Sensory Systems,versioned LinkedIn expertise lexicon
ecf376a0-a7f8-4050-825a-60e7ed88c0bf,Clinical Research,health,method,Clinical and Translational Research,linkedin_expertise_lexicon_v1,linkedin_experience_title_current,2,1,2026,9.55,publish,"Clinical Research Coordinator at The Calgary Stroke Program & Stroke Clinical Trial Group | Hotchkiss Brain Institute || Clinical Research Assistant, under the supervision of Zahinoor Ismail, MD, FRCPC | Hotchkiss Brain Institute",review,Clinical Study,C0008972,MSH,Research Activity,umls_exact,9.33,medical UMLS concept found; HBI umbrella requires review,,Clinical and Translational Research,versioned LinkedIn expertise lexicon
ecf376a0-a7f8-4050-825a-60e7ed88c0bf,Clinical Trials,health,method,Clinical and Translational Research,linkedin_expertise_lexicon_v1,linkedin_experience_title_current,1,1,2026,9.3,publish,Clinical Research Coordinator at The Calgary Stroke Program & Stroke Clinical Trial Group | Hotchkiss Brain Institute,review,Clinical Trials as Topic,C0008976,MSH,Research Activity,umls_exact,9.33,medical UMLS concept found; HBI umbrella requires review,,Clinical and Translational Research,versioned LinkedIn expertise lexicon
ecf376a0-a7f8-4050-825a-60e7ed88c0bf,Stroke,medical,research_area,Neurological and Neurodegenerative Disorders,linkedin_expertise_lexicon_v1,linkedin_experience_title_current,1,1,2026,9.3,publish,Clinical Research Coordinator at The Calgary Stroke Program & Stroke Clinical Trial Group | Hotchkiss Brain Institute,accepted,Stroke,C0038454,MSH,Disease or Syndrome,umls_exact,9.73,filtered UMLS concept with curated HBI umbrella,Cardiovascular Health,Neurological and Neurodegenerative Disorders,versioned LinkedIn expertise lexicon
ecf376a0-a7f8-4050-825a-60e7ed88c0bf,Alzheimer Disease,medical,research_area,Neurological Disorders,hbi_hybrid_accepted | hbi_hybrid_accepted | hbi_hybrid_accepted | hbi_hybrid_accepted | hbi_hybrid_accepted | hbi_hybrid_accepted | hbi_hybrid_accepted | hbi_hybrid_accepted | hbi_hybrid_accepted | hbi_hybrid_accepted | hbi_hybrid_accepted | hbi_hybrid_accepted | hbi_hybrid_accepted | hbi_hybrid_accepted | hbi_hybrid_accepted | hbi_hybrid_accepted | hbi_hybrid_accepted | hbi_hybrid_accepted | hbi_hybrid_accepted | hbi_hybrid_accepted,linkedin_publication_description | linkedin_publication_title,9,2,2025,9.15,publish,"Enhancing Alzheimer Disease Detection Using Neuropsychiatric Symptoms: The Role of Mild Behavioural Impairment in the Revised NIA-AA Research Framework || As the prevalence of Alzheimer disease (AD) rises, early identification of at-risk individuals is essential for effective intervention. Mild behavioral impairment (MBI), which captures emergent and persistent neuropsychiatric symptoms (NPS) in later life, may enhance early detection of AD; however, its associations with 2024 NIA-AA Core 1 biomarkers remain unexplored. We investigated associations between MBI and cerebrospinal fluid (CSF) amyloid β-42 (Aβ42) and phosphorylated tau-181 (p-tau181). … more || Mild behavioural impairment-apathy and core Alzheimer’s disease cerebrospinal fluid biomarkers || Apathy is a common neuropsychiatric symptom (NPS) in Alzheimer’s disease (AD), but it can also emerge earlier, during the prodromal or even preclinical stages, as part of mild behavioural impairment (MBI-apathy)—a syndrome characterized by the emergence and persistence of NPS. In dementia, apathy is associated with increased morbidity, mortality, and caregiver distress. However, the significance of MBI-apathy in individuals without dementia, including its associations with AD biomarkers, remains unclear. This study aimed to determine whether MBI-apathy is associated with cerebrospinal fluid (C || Exploring the association between mild behavioral impairment and plasma p‐tau217: Implications for early detection of Alzheimer's disease. || Mild behavioral impairment (MBI), characterized by late-onset, persistent neuropsychiatric symptoms (NPS), may signal an increased risk of developing dementia. While MBI has been linked to established cerebrospinal fluid and imaging biomarkers of amyloid-beta (Aβ) and tau, its association ",accepted,Alzheimer Disease,D000544,MSH,,mesh_fallback,10.0,local MeSH fallback after broad UMLS candidate search,Neurological Disorders,Neurological Disorders,versioned LinkedIn expertise lexicon
ecf376a0-a7f8-4050-825a-60e7ed88c0bf,Cognition,medical,research_area,Cognition and Behaviour,linkedin_expertise_lexicon_v1,linkedin_publication_description | linkedin_publication_title,2,2,2024,8.4,publish,"Tau-PET in early cortical Alzheimer brain regions in relation to mild behavioral impairment in older adults with either normal cognition or mild cognitive impairment || Mild Behavioral Impairment (MBI) uses the emergence and persistence of neuropsychiatric symptoms (NPS) in later life to identify individuals at high risk for incident dementia. Phosphorylated tau (p-tau) is a key biological hallmark of Alzheimer’s disease (AD). We investigated the association between MBI and tau accumulation in cortical regions affected during the early stages of AD. Among 442 participants from the Alzheimer’s Disease Neuroimaging Initiative with normal cognition or mild cognitive impairment, MBI status was assessed alongside corresponding measures of p-tau and amyloid-beta (A",accepted,Cognition,C0009240,MSH,Mental Process,umls_exact,9.53,filtered UMLS concept with curated HBI umbrella,Cognitive and Behavioural Neuroscience,Cognition and Behaviour,versioned LinkedIn expertise lexicon
ecf376a0-a7f8-4050-825a-60e7ed88c0bf,Behavioural Neuroscience,medical,research_area,Neuroscience,linkedin_expertise_lexicon_v1,linkedin_experience_title_recent,1,1,2021,8.1,publish,Teaching Assistant at the Canadian Centre for Behavioural Neuroscience | The University of Lethbridge,accepted,Neurosciences,D009488,MSH,,mesh_fallback,9.7,local MeSH fallback after broad UMLS candidate search,Neuroscience and Neural Systems,Neuroscience,versioned LinkedIn expertise lexicon
ecf376a0-a7f8-4050-825a-60e7ed88c0bf,Neuroscience,medical,research_area,Neuroscience,linkedin_expertise_lexicon_v1,linkedin_experience_title_recent,1,1,2021,8.1,publish,Teaching Assistant at the Canadian Centre for Behavioural Neuroscience | The University of Lethbridge,accepted,Neurosciences,D009488,MSH,,mesh_fallback,9.7,local MeSH fallback after broad UMLS candidate search,Neuroscience and Neural Systems,Neuroscience,versioned LinkedIn expertise lexicon
ecf376a0-a7f8-4050-825a-60e7ed88c0bf,Positron Emission Tomography,medical,method,Neuroimaging and Medical Imaging,linkedin_expertise_lexicon_v1,linkedin_publication_title,1,1,2024,7.75,publish,Tau-PET in early cortical Alzheimer brain regions in relation to mild behavioral impairment in older adults with either normal cognition or mild cognitive impairment,accepted,Positron-Emission Tomography,C0032743,MSH,Diagnostic Procedure,umls_exact,10.0,filtered UMLS concept with curated HBI umbrella,Imaging and Diagnostics,Neuroimaging and Medical Imaging,versioned LinkedIn expertise lexicon
ecf376a0-a7f8-4050-825a-60e7ed88c0bf,Dementia,medical,research_area,Neurological and Neurodegenerative Disorders,linkedin_expertise_lexicon_v1,linkedin_publication_description,4,1,2025,7.7,publish,"Apathy is a common neuropsychiatric symptom (NPS) in Alzheimer’s disease (AD), but it can also emerge earlier, during the prodromal or even preclinical stages, as part of mild behavioural impairment (MBI-apathy)—a syndrome characterized by the emergence and persistence of NPS. In dementia, apathy is associated with increased morbidity, mortality, and caregiver distress. However, the significance of MBI-apathy in individuals without dementia, including its associations with AD biomarkers, remains unclear. This study aimed to determine whether MBI-apathy is associated with cerebrospinal fluid (C || Mild behavioral impairment (MBI), characterized by late-onset, persistent neuropsychiatric symptoms (NPS), may signal an increased risk of developing dementia. While MBI has been linked to established cerebrospinal fluid and imaging biomarkers of amyloid-beta (Aβ) and tau, its association with plasma p-tau217—a promising blood-based biomarker for Alzheimer’s disease (AD)—remains unexplored. In this study, we investigated the relationship between MBI and plasma p-tau217 in dementia-free individuals from the Alzheimer’s Disease Neuroimaging Initiative. … more || Mild Behavioral Impairment (MBI) uses the emergence and persistence of neuropsychiatric symptoms (NPS) in later life to identify individuals at high risk for incident dementia. Phosphorylated tau (p-tau) is a key biological hallmark of Alzheimer’s disease (AD). We investigated the association between MBI and tau accumulation in cortical regions affected during the early stages of AD. Among 442 participants from the Alzheimer’s Disease Neuroimaging Initiative with normal cognition or mild cognitive impairment, MBI status was assessed alongside corresponding measures of p-tau and amyloid-beta (A || The use of disease-modify",accepted,Dementia,C0497327,MSH,Mental or Behavioral Dysfunction,umls_exact,10.0,filtered UMLS concept with curated HBI umbrella,Neurological Disorders,Neurological and Neurodegenerative Disorders,versioned LinkedIn expertise lexicon
ecf376a0-a7f8-4050-825a-60e7ed88c0bf,Amyloid Beta,medical,research_area,Neurological and Neurodegenerative Disorders,linkedin_expertise_lexicon_v1,linkedin_publication_description,3,1,2025,7.45,publish,"Apathy is a common neuropsychiatric symptom (NPS) in Alzheimer’s disease (AD), but it can also emerge earlier, during the prodromal or even preclinical stages, as part of mild behavioural impairment (MBI-apathy)—a syndrome characterized by the emergence and persistence of NPS. In dementia, apathy is associated with increased morbidity, mortality, and caregiver distress. However, the significance of MBI-apathy in individuals without dementia, including its associations with AD biomarkers, remains unclear. This study aimed to determine whether MBI-apathy is associated with cerebrospinal fluid (C || Mild behavioral impairment (MBI), characterized by late-onset, persistent neuropsychiatric symptoms (NPS), may signal an increased risk of developing dementia. While MBI has been linked to established cerebrospinal fluid and imaging biomarkers of amyloid-beta (Aβ) and tau, its association with plasma p-tau217—a promising blood-based biomarker for Alzheimer’s disease (AD)—remains unexplored. In this study, we investigated the relationship between MBI and plasma p-tau217 in dementia-free individuals from the Alzheimer’s Disease Neuroimaging Initiative. … more || Mild Behavioral Impairment (MBI) uses the emergence and persistence of neuropsychiatric symptoms (NPS) in later life to identify individuals at high risk for incident dementia. Phosphorylated tau (p-tau) is a key biological hallmark of Alzheimer’s disease (AD). We investigated the association between MBI and tau accumulation in cortical regions affected during the early stages of AD. Among 442 participants from the Alzheimer’s Disease Neuroimaging Initiative with normal cognition or mild cognitive impairment, MBI status was assessed alongside corresponding measures of p-tau and amyloid-beta (A",review,Amyloid beta-Peptides,C0078939,MSH,"Amino Acid, Peptide, or Protein | Biologically Active Substance",umls_exact,9.6,medical UMLS concept found; HBI umbrella requires review,,Neurological and Neurodegenerative Disorders,versioned LinkedIn expertise lexicon
ecf376a0-a7f8-4050-825a-60e7ed88c0bf,Neuroimaging,medical,research_area,Neuroimaging and Medical Imaging,linkedin_expertise_lexicon_v1,linkedin_publication_description,2,1,2025,7.2,publish,"Mild behavioral impairment (MBI), characterized by late-onset, persistent neuropsychiatric symptoms (NPS), may signal an increased risk of developing dementia. While MBI has been linked to established cerebrospinal fluid and imaging biomarkers of amyloid-beta (Aβ) and tau, its association with plasma p-tau217—a promising blood-based biomarker for Alzheimer’s disease (AD)—remains unexplored. In this study, we investigated the relationship between MBI and plasma p-tau217 in dementia-free individuals from the Alzheimer’s Disease Neuroimaging Initiative. … more || Mild Behavioral Impairment (MBI) uses the emergence and persistence of neuropsychiatric symptoms (NPS) in later life to identify individuals at high risk for incident dementia. Phosphorylated tau (p-tau) is a key biological hallmark of Alzheimer’s disease (AD). We investigated the association between MBI and tau accumulation in cortical regions affected during the early stages of AD. Among 442 participants from the Alzheimer’s Disease Neuroimaging Initiative with normal cognition or mild cognitive impairment, MBI status was assessed alongside corresponding measures of p-tau and amyloid-beta (A",accepted,Neuroimaging,C0679575,MSH,Diagnostic Procedure,umls_exact,10.0,filtered UMLS concept with curated HBI umbrella,Imaging and Diagnostics,Neuroimaging and Medical Imaging,versioned LinkedIn expertise lexicon
ef121235-d2e7-4250-bbe1-9fceb6febae7,Social Sciences,health,research_area,Social and Behavioural Sciences,linkedin_expertise_lexicon_v1,linkedin_headline,1,1,0,9.55,publish,"WEBINAR Come learn about the New Frontiers in Research Fund 2026 Exploration competition requirements and ask all your questions! May 21 at 10:00am ET (French) May 21 at 1:00pm ET (English) For more info: https://lnkd.in/eiYan28D #NFRF #cdnpse #ResearchFunding #Innovation Social Sciences and Humanities Research Council of Canada (SSHRC) Natural Sciences and Engineering Research Council of Canada (NSERC) Canadian Institutes of Health Research | Instituts de recherche en sant du Canada Canada Foundation for Innovation/Fondation canadienne pour l'innovation Innovation, Science and Economic Develo",review,Social Sciences,D012942,MSH,,mesh_fallback,10.0,local MeSH fallback after broad UMLS candidate search,,Social and Behavioural Sciences,versioned LinkedIn expertise lexicon
efdbc8f3-283f-4d55-8d4a-cf4403e08152,Public Health,medical,research_area,Population and Public Health,hbi_hybrid_accepted | hbi_hybrid_accepted | hbi_hybrid_accepted | hbi_hybrid_accepted | hbi_hybrid_accepted,linkedin_headline,1,1,0,9.55,publish,"One Month Before the Next Time Change, Canada Reconsiders the Practice Today, October 2, 2025, MP Marie France Lalonde announced a Private Members Bill to address Canada s bi annual time change. The proposed legislation would launch a pan Canadian conference to discuss the possibility of adopting a fixed time nationwide. Joined by Members of Parliament and researchers from the Canadian Sleep Research Consortium including Dr. R becca Robillard ( University of Ottawa & The Royal ), Dr. Michael Antle ( University of Calgary ), Dr. Tetyana Kendzerska ( University of Ottawa & The Ottawa Hospital ),",accepted,Public Health,D011634,MSH,,mesh_fallback,10.0,local MeSH fallback after broad UMLS candidate search,Population and Public Health,Population and Public Health,versioned LinkedIn expertise lexicon
eff7362f-ecb5-4dbd-9b26-5d81967320a0,Alzheimer Disease,medical,research_area,Neurological Disorders,hbi_hybrid_accepted | hbi_hybrid_accepted | hbi_hybrid_accepted | hbi_hybrid_accepted | hbi_hybrid_accepted | hbi_hybrid_accepted | hbi_hybrid_accepted | hbi_hybrid_accepted | hbi_hybrid_accepted | hbi_hybrid_accepted | hbi_hybrid_accepted | hbi_hybrid_accepted | hbi_hybrid_accepted | hbi_hybrid_accepted | hbi_hybrid_accepted | hbi_hybrid_accepted | hbi_hybrid_accepted | hbi_hybrid_accepted | hbi_hybrid_accepted | hbi_hybrid_accepted,linkedin_experience_description_current,1,1,2026,7.95,publish,Researched genetic predictors of Alzheimer’s Disease and brain health in patients following a Transient Ischemic Attack. Managed a longitudinal study using five years of clinical data to track how genetics and lifestyle factors influence cognitive decline. Performed laboratory genotyping and data analysis using techniques such as PCR and multiple linear regression. Synthesized neuroimaging and clinical results to defend findings to thesis committee.,accepted,Alzheimer Disease,D000544,MSH,,mesh_fallback,10.0,local MeSH fallback after broad UMLS candidate search,Neurological Disorders,Neurological Disorders,versioned LinkedIn expertise lexicon
eff7362f-ecb5-4dbd-9b26-5d81967320a0,Clinical Research,health,method,Clinical and Translational Research,linkedin_expertise_lexicon_v1,linkedin_experience_description_current,1,1,2026,7.95,publish,Assist in international clinical research projects focusing on community and behavioral health. Support data management and analysis for ongoing longitudinal studies on community health improvements.,review,Clinical Study,C0008972,MSH,Research Activity,umls_exact,9.33,medical UMLS concept found; HBI umbrella requires review,,Clinical and Translational Research,versioned LinkedIn expertise lexicon
eff7362f-ecb5-4dbd-9b26-5d81967320a0,Data Analysis,computing,method,Artificial Intelligence and Data Science,linkedin_expertise_lexicon_v1,linkedin_experience_description_current,1,1,2026,7.95,publish,Researched genetic predictors of Alzheimer’s Disease and brain health in patients following a Transient Ischemic Attack. Managed a longitudinal study using five years of clinical data to track how genetics and lifestyle factors influence cognitive decline. Performed laboratory genotyping and data analysis using techniques such as PCR and multiple linear regression. Synthesized neuroimaging and clinical results to defend findings to thesis committee.,not_attempted,,,,,,0.0,UMLS skipped for cross-domain/tool term,,Artificial Intelligence and Data Science,versioned LinkedIn expertise lexicon
eff7362f-ecb5-4dbd-9b26-5d81967320a0,Genetics,medical,research_area,Genetics and Genomics,hbi_hybrid_accepted | hbi_hybrid_accepted | hbi_hybrid_accepted | hbi_hybrid_accepted | hbi_hybrid_accepted | hbi_hybrid_accepted | hbi_hybrid_accepted | hbi_hybrid_accepted | hbi_hybrid_accepted,linkedin_experience_description_current,1,1,2026,7.95,publish,Researched genetic predictors of Alzheimer’s Disease and brain health in patients following a Transient Ischemic Attack. Managed a longitudinal study using five years of clinical data to track how genetics and lifestyle factors influence cognitive decline. Performed laboratory genotyping and data analysis using techniques such as PCR and multiple linear regression. Synthesized neuroimaging and clinical results to defend findings to thesis committee.,accepted,Genetics,D005823,MSH,,mesh_fallback,10.0,local MeSH fallback after broad UMLS candidate search,Genetics and Genomics,Genetics and Genomics,versioned LinkedIn expertise lexicon
eff7362f-ecb5-4dbd-9b26-5d81967320a0,Neuroimaging,medical,research_area,Neuroimaging and Medical Imaging,linkedin_expertise_lexicon_v1,linkedin_experience_description_current,1,1,2026,7.95,publish,Researched genetic predictors of Alzheimer’s Disease and brain health in patients following a Transient Ischemic Attack. Managed a longitudinal study using five years of clinical data to track how genetics and lifestyle factors influence cognitive decline. Performed laboratory genotyping and data analysis using techniques such as PCR and multiple linear regression. Synthesized neuroimaging and clinical results to defend findings to thesis committee.,accepted,Neuroimaging,C0679575,MSH,Diagnostic Procedure,umls_exact,10.0,filtered UMLS concept with curated HBI umbrella,Imaging and Diagnostics,Neuroimaging and Medical Imaging,versioned LinkedIn expertise lexicon
f1565080-485a-41b8-99a6-6149fd9227fb,Magnetic Resonance Imaging,medical,method,Neuroimaging and Medical Imaging,linkedin_expertise_lexicon_v1,linkedin_about,1,1,0,8.55,publish,"I am interested in Magnetic Resonance Imaging (MRI) technology, both new and legacy, as well as emerging methods of analysis. I enjoy communicating these advances from developers to end users, whether research, clinical, or client. My journey within the umbrella field of MRI has taught me about the physics, hardware, and data processing required in modern image analysis, as well as medical pathology throughout the human body throughout the life span.",accepted,Magnetic Resonance Imaging,C0024485,MSH,Diagnostic Procedure,umls_exact,10.0,filtered UMLS concept with curated HBI umbrella,Imaging and Diagnostics,Neuroimaging and Medical Imaging,versioned LinkedIn expertise lexicon
f1565080-485a-41b8-99a6-6149fd9227fb,Physics,science,research_area,Physical and Mathematical Sciences,linkedin_expertise_lexicon_v1,linkedin_about,1,1,0,8.55,publish,"I am interested in Magnetic Resonance Imaging (MRI) technology, both new and legacy, as well as emerging methods of analysis. I enjoy communicating these advances from developers to end users, whether research, clinical, or client. My journey within the umbrella field of MRI has taught me about the physics, hardware, and data processing required in modern image analysis, as well as medical pathology throughout the human body throughout the life span.",review,Physics,D010825,MSH,,mesh_fallback,10.0,local MeSH fallback after broad UMLS candidate search,,Physical and Mathematical Sciences,versioned LinkedIn expertise lexicon
f2bce860-d825-41d4-84e5-2046a7322430,Clinical Neuroscience,medical,clinical_specialty,Neuroscience,linkedin_expertise_lexicon_v1,linkedin_experience_title_current | linkedin_headline,2,2,2026,9.9,publish,Clinical Neuroscience (Stroke) | Founder & Director | Global Strategy & Ventures || MSc Student (Clinical Neuroscience) | University of Calgary,accepted,Neurosciences,D009488,MSH,,mesh_fallback,9.7,local MeSH fallback after broad UMLS candidate search,Neuroscience and Neural Systems,Neuroscience,versioned LinkedIn expertise lexicon
f2bce860-d825-41d4-84e5-2046a7322430,Neuroscience,medical,research_area,Neuroscience,linkedin_expertise_lexicon_v1,linkedin_experience_title_current | linkedin_headline,2,2,2026,9.9,publish,Clinical Neuroscience (Stroke) | Founder & Director | Global Strategy & Ventures || MSc Student (Clinical Neuroscience) | University of Calgary,accepted,Neurosciences,D009488,MSH,,mesh_fallback,9.7,local MeSH fallback after broad UMLS candidate search,Neuroscience and Neural Systems,Neuroscience,versioned LinkedIn expertise lexicon
f2bce860-d825-41d4-84e5-2046a7322430,Stroke,medical,research_area,Neurological and Neurodegenerative Disorders,linkedin_expertise_lexicon_v1,linkedin_headline,1,1,0,9.55,publish,Clinical Neuroscience (Stroke) | Founder & Director | Global Strategy & Ventures,accepted,Stroke,C0038454,MSH,Disease or Syndrome,umls_exact,9.73,filtered UMLS concept with curated HBI umbrella,Cardiovascular Health,Neurological and Neurodegenerative Disorders,versioned LinkedIn expertise lexicon
f2bce860-d825-41d4-84e5-2046a7322430,Brain Injury,medical,research_area,Neurological and Neurodegenerative Disorders,linkedin_expertise_lexicon_v1,linkedin_experience_title_recent,1,1,2022,8.1,publish,Student Researcher (Traumatic Brain Injury) | The University of British Columbia,accepted,Brain Injuries,C0270611,MSH,Injury or Poisoning,umls_exact,9.73,filtered UMLS concept with curated HBI umbrella,Brain Injury and Neurotrauma,Neurological and Neurodegenerative Disorders,versioned LinkedIn expertise lexicon
f30dfe97-2e8c-4e6c-9ec3-c1b1fa245f3c,Artificial Intelligence,computing,method,Artificial Intelligence and Data Science,linkedin_expertise_lexicon_v1,linkedin_publication_description,1,1,2022,6.95,publish,"Aging populations often experience difficulties hearing. This phenomenon, known as age-related hearing loss, is associated with decreases in hearing sensitivity and pathophysiological changes in the central auditory system, including the primary auditory cortex (AI). To better understand changes in the central auditory system, this study is designed to compare the receptive fields of AI neurons of young and old C57 mice in frequency, amplitude, and temporal domains by using random-delivery (various interval) of multi-frequency gamma-shaped tone pips and a novel data processing approach known a",not_attempted,,,,,,0.0,UMLS skipped for cross-domain/tool term,,Artificial Intelligence and Data Science,versioned LinkedIn expertise lexicon
f51d9950-317d-4686-bb1b-d74cfed898dc,Data Analysis,computing,method,Artificial Intelligence and Data Science,linkedin_expertise_lexicon_v1,linkedin_about | linkedin_about_explicit,2,2,0,9.9,publish,"I am a Biomedical Engineering PhD candidate at the University of Calgary specializing in machine learning applications for fMRI data analysis. My research involves estimating physiological fluctuations such as respiratory and heart rate variability directly from imaging data, leveraging CNNs and large datasets like the Human Connectome Project. Passionate about innovative solutions in biomedical imaging, I aim to advance non-invasive physiological measurement techniques for both clinical and research applications. For a full list of my publications, please visit my Google Scholar profile: http",not_attempted,,,,,,0.0,UMLS skipped for cross-domain/tool term,,Artificial Intelligence and Data Science,versioned LinkedIn expertise lexicon
f51d9950-317d-4686-bb1b-d74cfed898dc,Functional MRI,medical,method,Neuroimaging and Medical Imaging,linkedin_expertise_lexicon_v1,linkedin_about | linkedin_about_explicit | linkedin_publication_title,4,3,2024,9.9,publish,"I am a Biomedical Engineering PhD candidate at the University of Calgary specializing in machine learning applications for fMRI data analysis. My research involves estimating physiological fluctuations such as respiratory and heart rate variability directly from imaging data, leveraging CNNs and large datasets like the Human Connectome Project. Passionate about innovative solutions in biomedical imaging, I aim to advance non-invasive physiological measurement techniques for both clinical and research applications. For a full list of my publications, please visit my Google Scholar profile: http || Machine Learning-based Estimation of Respiratory Fluctuations in a Healthy Adult Population using resting state BOLD fMRI and Head Motion Parameters || Direct Machine Learning Reconstruction of Respiratory Variation Waveforms from Resting State fMRI Data in a Pediatric Population",accepted,Functional MRI,C0376335,MSH,Diagnostic Procedure,umls_exact,9.9,filtered UMLS concept with curated HBI umbrella,Imaging and Diagnostics,Neuroimaging and Medical Imaging,versioned LinkedIn expertise lexicon
f51d9950-317d-4686-bb1b-d74cfed898dc,Machine Learning,computing,method,Artificial Intelligence and Data Science,linkedin_expertise_lexicon_v1,linkedin_about | linkedin_about_explicit | linkedin_headline | linkedin_publication_title,5,4,2024,9.9,publish,"Assistant Professor at Mount Royal University | Machine Learning & Medical Image Processing || I am a Biomedical Engineering PhD candidate at the University of Calgary specializing in machine learning applications for fMRI data analysis. My research involves estimating physiological fluctuations such as respiratory and heart rate variability directly from imaging data, leveraging CNNs and large datasets like the Human Connectome Project. Passionate about innovative solutions in biomedical imaging, I aim to advance non-invasive physiological measurement techniques for both clinical and research applications. For a full list of my publications, please visit my Google Scholar profile: http || Machine Learning-based Estimation of Respiratory Fluctuations in a Healthy Adult Population using resting state BOLD fMRI and Head Motion Parameters || Direct Machine Learning Reconstruction of Respiratory Variation Waveforms from Resting State fMRI Data in a Pediatric Population",not_attempted,,,,,,0.0,UMLS skipped for cross-domain/tool term,,Artificial Intelligence and Data Science,versioned LinkedIn expertise lexicon
f51d9950-317d-4686-bb1b-d74cfed898dc,Medical Image Processing,engineering,method,Neuroimaging and Medical Imaging,linkedin_expertise_lexicon_v1,linkedin_headline | linkedin_publication_title,2,2,2023,9.9,publish,Assistant Professor at Mount Royal University | Machine Learning & Medical Image Processing || Image Translation for Estimating Two‐Dimensional Axial Amyloid‐Beta PET From Structural MRI,not_attempted,,,,,,0.0,UMLS skipped for cross-domain/tool term,,Neuroimaging and Medical Imaging,versioned LinkedIn expertise lexicon
f51d9950-317d-4686-bb1b-d74cfed898dc,Biomedical Engineering,engineering,research_area,Biomedical Engineering,linkedin_expertise_lexicon_v1,linkedin_about,1,1,0,8.55,publish,"I am a Biomedical Engineering PhD candidate at the University of Calgary specializing in machine learning applications for fMRI data analysis. My research involves estimating physiological fluctuations such as respiratory and heart rate variability directly from imaging data, leveraging CNNs and large datasets like the Human Connectome Project. Passionate about innovative solutions in biomedical imaging, I aim to advance non-invasive physiological measurement techniques for both clinical and research applications. For a full list of my publications, please visit my Google Scholar profile: http",not_attempted,,,,,,0.0,UMLS skipped for cross-domain/tool term,,Biomedical Engineering,versioned LinkedIn expertise lexicon
f51d9950-317d-4686-bb1b-d74cfed898dc,Biomedical Imaging,engineering,research_area,Neuroimaging and Medical Imaging,linkedin_expertise_lexicon_v1,linkedin_about,1,1,0,8.55,publish,"I am a Biomedical Engineering PhD candidate at the University of Calgary specializing in machine learning applications for fMRI data analysis. My research involves estimating physiological fluctuations such as respiratory and heart rate variability directly from imaging data, leveraging CNNs and large datasets like the Human Connectome Project. Passionate about innovative solutions in biomedical imaging, I aim to advance non-invasive physiological measurement techniques for both clinical and research applications. For a full list of my publications, please visit my Google Scholar profile: http",not_attempted,,,,,,0.0,UMLS skipped for cross-domain/tool term,,Neuroimaging and Medical Imaging,versioned LinkedIn expertise lexicon
f51d9950-317d-4686-bb1b-d74cfed898dc,Convolutional Neural Networks,computing,method,Artificial Intelligence and Data Science,linkedin_expertise_lexicon_v1,linkedin_about,1,1,0,8.55,publish,"I am a Biomedical Engineering PhD candidate at the University of Calgary specializing in machine learning applications for fMRI data analysis. My research involves estimating physiological fluctuations such as respiratory and heart rate variability directly from imaging data, leveraging CNNs and large datasets like the Human Connectome Project. Passionate about innovative solutions in biomedical imaging, I aim to advance non-invasive physiological measurement techniques for both clinical and research applications. For a full list of my publications, please visit my Google Scholar profile: http",not_attempted,,,,,,0.0,UMLS skipped for cross-domain/tool term,,Artificial Intelligence and Data Science,versioned LinkedIn expertise lexicon
f51d9950-317d-4686-bb1b-d74cfed898dc,Heart Rate Variability,medical,research_area,Cardiovascular Health,linkedin_expertise_lexicon_v1,linkedin_about,1,1,0,8.55,publish,"I am a Biomedical Engineering PhD candidate at the University of Calgary specializing in machine learning applications for fMRI data analysis. My research involves estimating physiological fluctuations such as respiratory and heart rate variability directly from imaging data, leveraging CNNs and large datasets like the Human Connectome Project. Passionate about innovative solutions in biomedical imaging, I aim to advance non-invasive physiological measurement techniques for both clinical and research applications. For a full list of my publications, please visit my Google Scholar profile: http",review,Heart Rate,C0018810,MSH,Clinical Attribute,umls_exact,9.53,filtered UMLS concept with curated HBI umbrella; retained for review because the UMLS label loses specificity from the supported LinkedIn term,Cardiovascular Health,Cardiovascular Health,versioned LinkedIn expertise lexicon
f51d9950-317d-4686-bb1b-d74cfed898dc,Non-Invasive Physiological Measurement,engineering,technology,Physiology and Systems Biology,linkedin_expertise_lexicon_v1,linkedin_about,1,1,0,8.55,publish,"I am a Biomedical Engineering PhD candidate at the University of Calgary specializing in machine learning applications for fMRI data analysis. My research involves estimating physiological fluctuations such as respiratory and heart rate variability directly from imaging data, leveraging CNNs and large datasets like the Human Connectome Project. Passionate about innovative solutions in biomedical imaging, I aim to advance non-invasive physiological measurement techniques for both clinical and research applications. For a full list of my publications, please visit my Google Scholar profile: http",not_attempted,,,,,,0.0,UMLS skipped for cross-domain/tool term,,Physiology and Systems Biology,versioned LinkedIn expertise lexicon
f51d9950-317d-4686-bb1b-d74cfed898dc,Physiology,medical,research_area,Physiology and Systems Biology,linkedin_expertise_lexicon_v1,linkedin_about,1,1,0,8.55,publish,"I am a Biomedical Engineering PhD candidate at the University of Calgary specializing in machine learning applications for fMRI data analysis. My research involves estimating physiological fluctuations such as respiratory and heart rate variability directly from imaging data, leveraging CNNs and large datasets like the Human Connectome Project. Passionate about innovative solutions in biomedical imaging, I aim to advance non-invasive physiological measurement techniques for both clinical and research applications. For a full list of my publications, please visit my Google Scholar profile: http",review,PH,C0031843,MSH,Physiologic Function,umls_exact,9.23,filtered UMLS concept with curated HBI umbrella; retained for review because the UMLS label loses specificity from the supported LinkedIn term,Physiology and Systems Biology,Physiology and Systems Biology,versioned LinkedIn expertise lexicon
f51d9950-317d-4686-bb1b-d74cfed898dc,Respiratory Physiology,medical,research_area,Physiology and Systems Biology,linkedin_expertise_lexicon_v1,linkedin_publication_title,3,1,2024,8.25,publish,Machine Learning-based Estimation of Respiratory Fluctuations in a Healthy Adult Population using resting state BOLD fMRI and Head Motion Parameters || Limitations Of the Derived Respiratory Variation Measurements Used in Functional Magnetic Resonance Imaging || Direct Machine Learning Reconstruction of Respiratory Variation Waveforms from Resting State fMRI Data in a Pediatric Population,accepted,Respiratory Physiological Phenomena,C0035245,MSH,Physiologic Function,umls_exact,9.53,filtered UMLS concept with curated HBI umbrella,Physiology and Systems Biology,Physiology and Systems Biology,versioned LinkedIn expertise lexicon
f51d9950-317d-4686-bb1b-d74cfed898dc,Magnetic Resonance Imaging,medical,method,Neuroimaging and Medical Imaging,linkedin_expertise_lexicon_v1,linkedin_publication_title,2,1,2023,8.0,publish,Image Translation for Estimating Two‐Dimensional Axial Amyloid‐Beta PET From Structural MRI || Limitations Of the Derived Respiratory Variation Measurements Used in Functional Magnetic Resonance Imaging,accepted,Magnetic Resonance Imaging,C0024485,MSH,Diagnostic Procedure,umls_exact,10.0,filtered UMLS concept with curated HBI umbrella,Imaging and Diagnostics,Neuroimaging and Medical Imaging,versioned LinkedIn expertise lexicon
f51d9950-317d-4686-bb1b-d74cfed898dc,Amyloid Beta,medical,research_area,Neurological and Neurodegenerative Disorders,linkedin_expertise_lexicon_v1,linkedin_publication_title,1,1,2023,7.75,publish,Image Translation for Estimating Two‐Dimensional Axial Amyloid‐Beta PET From Structural MRI,review,Amyloid beta-Peptides,C0078939,MSH,"Amino Acid, Peptide, or Protein | Biologically Active Substance",umls_exact,9.6,medical UMLS concept found; HBI umbrella requires review,,Neurological and Neurodegenerative Disorders,versioned LinkedIn expertise lexicon
f51d9950-317d-4686-bb1b-d74cfed898dc,Neural Networks,computing,method,Artificial Intelligence and Data Science,linkedin_expertise_lexicon_v1,linkedin_publication_title,1,1,2018,7.75,publish,Control chart pattern recognition using RBF neural network with new training algorithm and practical features,not_attempted,,,,,,0.0,UMLS skipped for cross-domain/tool term,,Artificial Intelligence and Data Science,versioned LinkedIn expertise lexicon
f51d9950-317d-4686-bb1b-d74cfed898dc,Positron Emission Tomography,medical,method,Neuroimaging and Medical Imaging,linkedin_expertise_lexicon_v1,linkedin_publication_title,1,1,2023,7.75,publish,Image Translation for Estimating Two‐Dimensional Axial Amyloid‐Beta PET From Structural MRI,accepted,Positron-Emission Tomography,C0032743,MSH,Diagnostic Procedure,umls_exact,10.0,filtered UMLS concept with curated HBI umbrella,Imaging and Diagnostics,Neuroimaging and Medical Imaging,versioned LinkedIn expertise lexicon
f54adf97-7d5c-49c7-b1ac-dd3d5d9effa7,Biomedical Engineering,engineering,research_area,Biomedical Engineering,linkedin_expertise_lexicon_v1,linkedin_about | linkedin_experience_description_current | linkedin_experience_description_recent,3,3,2026,9.85,publish,"Researcher in biomedical engineering with high quality publications and a strong background in knowledge translation. Expert in advanced micro/nano manufacturing technologies for biomedical micro-systems, with a range of teaching and supervisory experience. Over 10 years of collaborative interdisciplinary research advancing healthcare solutions. Excellent communication and leadership skills in cross-faculty team environments. Director of the cleanroom facility at the University of Calgary, providing services to five faculties and local businesses. Specialties: microfluidics, electrokinetics, L || Research into micro/nano technology, microfluidics, lab-on-a-chip, and electrokinetics Collaborate with the Faculty of Medicine on brain-machine interfaces. Director, Microsystems Hub, University of Calgary micro/nano fabrication cleanroom facility. Teaching. Supervising and co-supervising graduate students in the Schulich School of Engineering and the Biomedical Engineering Program. Courses taught and currently teaching listed at http://contacts.ucalgary.ca/info/enel/profiles/168-42873/courses || Supervising and co-supervising graduate students in the Schulich School of Engineering. Approved Biomedical Engineering Program Graduate Supervisor. Research into micro/nano technology, microfluidics, lab-on-a-chip, and electrokinetics. Collaborate with the Faculty of Medicine on brain-chip interfaces. Manager of the Microsystems Hub",not_attempted,,,,,,0.0,UMLS skipped for cross-domain/tool term,,Biomedical Engineering,versioned LinkedIn expertise lexicon
f54adf97-7d5c-49c7-b1ac-dd3d5d9effa7,Nerve Regeneration,medical,research_area,Cellular and Molecular Neuroscience,hbi_hybrid_accepted | hbi_hybrid_accepted | hbi_hybrid_accepted,linkedin_about,1,1,0,8.55,publish,"Researcher in biomedical engineering with high quality publications and a strong background in knowledge translation. Expert in advanced micro/nano manufacturing technologies for biomedical micro-systems, with a range of teaching and supervisory experience. Over 10 years of collaborative interdisciplinary research advancing healthcare solutions. Excellent communication and leadership skills in cross-faculty team environments. Director of the cleanroom facility at the University of Calgary, providing services to five faculties and local businesses. Specialties: microfluidics, electrokinetics, L",review,Nerve Regeneration,C0027756,MSH,Cell Function,umls_exact,9.6,medical UMLS concept found; HBI umbrella requires review,,Cellular and Molecular Neuroscience,versioned LinkedIn expertise lexicon
f67871d0-cfe5-445d-bc2a-67b84dda39f2,Biomedical Research,medical,research_area,,hbi_hybrid_accepted | hbi_hybrid_accepted | hbi_hybrid_accepted | hbi_hybrid_accepted | hbi_hybrid_accepted | hbi_hybrid_accepted,linkedin_skill,1,1,0,9.9,publish,Biomedical Research,review,Biomedical Research,C0005540,MSH,Research Activity,umls_exact,9.5,medical UMLS concept found; HBI umbrella requires review,,,
f67871d0-cfe5-445d-bc2a-67b84dda39f2,Stem Cells,medical,research_area,,hbi_hybrid_accepted | hbi_hybrid_accepted | hbi_hybrid_accepted,linkedin_skill,1,1,0,9.9,publish,Stem Cells,review,Stem Cells,C0038250,MSH,Cell,umls_exact,9.83,medical UMLS concept found; HBI umbrella requires review,,,
f67871d0-cfe5-445d-bc2a-67b84dda39f2,Neurodegeneration,unmapped,candidate,,dynamic_explicit_phrase,linkedin_skill,1,1,0,9.75,publish,Neurodegeneration,review,TDP-43-Mediated Neurodegeneration,C6016566,MSH,Disease or Syndrome,umls_words,8.67,broad UMLS words result retained for manual review,Neurological Disorders,,
f67871d0-cfe5-445d-bc2a-67b84dda39f2,Astrocytes,medical,research_area,Neuroscience,linkedin_expertise_lexicon_v1,linkedin_headline,1,1,0,9.55,publish,"Postdoctoral Research Fellow at the Hotchkiss Brain Institute, University of Calgary | Passionate about research and driven by curiosity | Interested in the intricate world of cellular biology, astrocytes, and the brain",review,Astrocytes,C0004112,MSH,Cell,umls_exact,9.83,medical UMLS concept found; HBI umbrella requires review,,Neuroscience,versioned LinkedIn expertise lexicon
f67d4ef6-7478-48a3-b662-e95c80bb7185,Physiology,medical,research_area,Physiology and Systems Biology,linkedin_expertise_lexicon_v1,linkedin_experience_description_recent | linkedin_experience_title_recent,3,2,2021,9.0,publish,"Brain in Motion (BIM) II Study, Laboratory of Human Cerebrovascular Physiology • Coordinated study team and day-to-day research operations • Managed regular communication with study participants • Organized a multi-site exercise intervention and trained and supervised exercise trainers • Assisted with ethics amendments, meetings, and stakeholder communications || Brain in Motion (BIM) II Study, Laboratory of Human Cerebrovascular Physiology • Coached older adults on safe exercise participation • Organized and maintained exercise program protocols and equipment • Collected and entered study data || Exercise Physiology Technician (Practicum), Clinical & Translational Exercise Physiology (CTEP) Lab | University of Calgary",review,PH,C0031843,MSH,Physiologic Function,umls_exact,9.23,filtered UMLS concept with curated HBI umbrella; retained for review because the UMLS label loses specificity from the supported LinkedIn term,Physiology and Systems Biology,Physiology and Systems Biology,versioned LinkedIn expertise lexicon
f67d4ef6-7478-48a3-b662-e95c80bb7185,Exercise Physiology,medical,research_area,Physiology and Systems Biology,linkedin_expertise_lexicon_v1,linkedin_experience_title_recent,1,1,2017,8.1,publish,"Exercise Physiology Technician (Practicum), Clinical & Translational Exercise Physiology (CTEP) Lab | University of Calgary",review,PH,C0031843,MSH,Physiologic Function,umls_exact,9.23,filtered UMLS concept with curated HBI umbrella; retained for review because the UMLS label loses specificity from the supported LinkedIn term,Physiology and Systems Biology,Physiology and Systems Biology,versioned LinkedIn expertise lexicon
f67d4ef6-7478-48a3-b662-e95c80bb7185,Dementia,medical,research_area,Neurological and Neurodegenerative Disorders,linkedin_expertise_lexicon_v1,linkedin_publication_title,1,1,2021,7.75,publish,The Brain in Motion II Study: Study Protocol for a Randomized Controlled Trial of an Aerobic Exercise Intervention for Older Adults at Increased Risk of Dementia,accepted,Dementia,C0497327,MSH,Mental or Behavioral Dysfunction,umls_exact,10.0,filtered UMLS concept with curated HBI umbrella,Neurological Disorders,Neurological and Neurodegenerative Disorders,versioned LinkedIn expertise lexicon
f67d4ef6-7478-48a3-b662-e95c80bb7185,High Altitude Physiology,medical,research_area,Physiology and Systems Biology,linkedin_expertise_lexicon_v1,linkedin_publication_title,1,1,2018,7.75,publish,"Effect of Acute, Subacute and Repeated Exposure to High Altitude (5050m) on Psychomotor Vigilance",review,PH,C0031843,MSH,Physiologic Function,umls_exact,9.23,filtered UMLS concept with curated HBI umbrella; retained for review because the UMLS label loses specificity from the supported LinkedIn term,Physiology and Systems Biology,Physiology and Systems Biology,versioned LinkedIn expertise lexicon
f67d4ef6-7478-48a3-b662-e95c80bb7185,Neuromuscular Disease,medical,research_area,Neurological and Neurodegenerative Disorders,linkedin_expertise_lexicon_v1,linkedin_publication_title,1,1,2024,7.75,publish,Chronic glucocorticoid management in neuromuscular disease: A survey of neuromuscular neurologists,review,Neuromuscular Diseases,C0027868,MSH,Disease or Syndrome,umls_exact,9.7,medical UMLS concept found; HBI umbrella requires review,,Neurological and Neurodegenerative Disorders,versioned LinkedIn expertise lexicon
f67d4ef6-7478-48a3-b662-e95c80bb7185,Multiple Sclerosis,medical,research_area,Neurological Disorders,hbi_hybrid_accepted | hbi_hybrid_accepted | hbi_hybrid_accepted | hbi_hybrid_accepted | hbi_hybrid_accepted | hbi_hybrid_accepted | hbi_hybrid_accepted | hbi_hybrid_accepted | hbi_hybrid_accepted | hbi_hybrid_accepted | hbi_hybrid_accepted | hbi_hybrid_accepted | hbi_hybrid_accepted | hbi_hybrid_accepted | hbi_hybrid_accepted | hbi_hybrid_accepted | hbi_hybrid_accepted | hbi_hybrid_accepted | hbi_hybrid_accepted | hbi_hybrid_accepted | hbi_hybrid_accepted | hbi_hybrid_accepted | hbi_hybrid_accepted | hbi_hybrid_accepted | hbi_hybrid_accepted | hbi_hybrid_accepted | hbi_hybrid_accepted | hbi_hybrid_accepted | hbi_hybrid_accepted | hbi_hybrid_accepted,linkedin_experience_description_recent,1,1,2017,6.95,publish,"One-on-one exercise instruction and Functional Electrical Stimulation (FES) set-ups for clients with spinal cord injuries, multiple sclerosis, and other neurological conditions.",accepted,Multiple Sclerosis,C0026769,MSH,Disease or Syndrome,umls_exact,10.0,filtered UMLS concept with curated HBI umbrella,Neurological Disorders,Neurological Disorders,versioned LinkedIn expertise lexicon
f67d4ef6-7478-48a3-b662-e95c80bb7185,Spinal Cord Injuries,medical,research_area,,hbi_hybrid_accepted | hbi_hybrid_accepted | hbi_hybrid_accepted | hbi_hybrid_accepted | hbi_hybrid_accepted,linkedin_experience_description_recent,1,1,2017,6.95,publish,"One-on-one exercise instruction and Functional Electrical Stimulation (FES) set-ups for clients with spinal cord injuries, multiple sclerosis, and other neurological conditions.",review,Spinal Cord Injuries,C0037929,MSH,Injury or Poisoning,umls_exact,9.83,medical UMLS concept found; HBI umbrella requires review,,,
f9d35219-08ea-4a5d-81e8-95a859aabe3f,Mental Health,medical,research_area,Mental Health and Psychiatry,linkedin_expertise_lexicon_v1,linkedin_about,1,1,0,8.55,publish,"I’m a Program Manager specializing in community engagement, strategic partnerships, and large-scale events that create meaningful impact. At the Hotchkiss Brain Institute, I lead complex projects and high-profile initiatives that connect communities, partners, and stakeholders to advance brain and mental health research. With a background in business management and health science, I bring a strategic, organized, and people-centered approach to leadership. I thrive on building strong relationships, leading impactful events, and creating collaborative environments that drive engagement and measu",accepted,Mental Health,C0025353,MSH,Mental Process,umls_exact,9.53,filtered UMLS concept with curated HBI umbrella,Mental Health,Mental Health and Psychiatry,versioned LinkedIn expertise lexicon
f9d35219-08ea-4a5d-81e8-95a859aabe3f,Heart Rate Variability,medical,research_area,Cardiovascular Health,linkedin_expertise_lexicon_v1,linkedin_publication_description | linkedin_publication_title,2,2,2021,8.4,publish,"Assessing Metrics of Heart Rate Variability to Measure Cardiac Sympathetic and Parasympathetic Tone – Does the Math Miss a Beat? || Researcher and co-author. Collaborated with physiologists to analyze data using Microsoft Excel to assess heart rate variability (HRV) across 3 different metrics. • Analysis of time domain, frequency domain, and Poincaré plots. • Responsible for research management and examining scientific literature. • The statistical and graphical analysis of data. • Presented team findings to MRU science faculty. … more",review,Heart Rate,C0018810,MSH,Clinical Attribute,umls_exact,9.53,filtered UMLS concept with curated HBI umbrella; retained for review because the UMLS label loses specificity from the supported LinkedIn term,Cardiovascular Health,Cardiovascular Health,versioned LinkedIn expertise lexicon
fce74dfc-f532-4650-8832-fc0e0a4485fb,Neurology,medical,research_area,Neuroscience and Neural Systems,hbi_hybrid_accepted | hbi_hybrid_accepted,linkedin_about | linkedin_about_explicit,2,2,0,9.9,publish,"I am an MD/PhD Student at the University of Calgary. I completed my PhD in Neuroscience at the University of Calgary where I studied the cellular mechanisms of opioids. I am enrolled in the Leaders in Medicine joint MD/PhD program and now completing the MD portion of my training. I am originally from Ottawa, Ontario and completed an undergraduate degree in Biochemistry at Queen's University in Kingston. I have been working towards a career in Medicine for many years and I hope to specialize in either Pediatrics or in Neurology. I hope to be able to pursue both clinical practice and research in",accepted,Neurology,D009462,MSH,,mesh_reviewed_alias,9.8,reviewed local alias plus MeSH hierarchy umbrella,Neuroscience and Neural Systems,Neuroscience and Neural Systems,versioned LinkedIn expertise lexicon
fce74dfc-f532-4650-8832-fc0e0a4485fb,Neuroscience,medical,research_area,Neuroscience,linkedin_expertise_lexicon_v1,linkedin_about,1,1,0,8.55,publish,"I am an MD/PhD Student at the University of Calgary. I completed my PhD in Neuroscience at the University of Calgary where I studied the cellular mechanisms of opioids. I am enrolled in the Leaders in Medicine joint MD/PhD program and now completing the MD portion of my training. I am originally from Ottawa, Ontario and completed an undergraduate degree in Biochemistry at Queen's University in Kingston. I have been working towards a career in Medicine for many years and I hope to specialize in either Pediatrics or in Neurology. I hope to be able to pursue both clinical practice and research in",accepted,Neurosciences,D009488,MSH,,mesh_fallback,9.7,local MeSH fallback after broad UMLS candidate search,Neuroscience and Neural Systems,Neuroscience,versioned LinkedIn expertise lexicon
ffb6f5ee-f522-4676-9d97-adc0167b07c5,Neuroscience,medical,research_area,Neuroscience,linkedin_expertise_lexicon_v1,linkedin_headline,1,1,0,9.55,publish,Neuroscience Master's Student | Cumming School of Medicine | University of Calgary,accepted,Neurosciences,D009488,MSH,,mesh_fallback,9.7,local MeSH fallback after broad UMLS candidate search,Neuroscience and Neural Systems,Neuroscience,versioned LinkedIn expertise lexicon
ffc02b17-87bd-41f4-ab71-db6024e7dc40,Public Health,medical,research_area,Population and Public Health,hbi_hybrid_accepted | hbi_hybrid_accepted | hbi_hybrid_accepted | hbi_hybrid_accepted | hbi_hybrid_accepted,linkedin_headline,1,1,0,9.55,publish,“The dedication of these scholars in their pursuit of transformative health science has led to tremendous achievements in their fields.” Congratulations to #UCalgaryMed faculty and institute members for being inducted into the prestigious Canadian Academy of Health Sciences (CAHS). We are proud to see all seven inductees driving the future of health within the CSM! http://ow.ly/HwXD50Ge06G Hotchkiss Brain Institute | Snyder Institute for Chronic Diseases | O'Brien Institute for Public Health,accepted,Public Health,D011634,MSH,,mesh_fallback,10.0,local MeSH fallback after broad UMLS candidate search,Population and Public Health,Population and Public Health,versioned LinkedIn expertise lexicon
ffc02b17-87bd-41f4-ab71-db6024e7dc40,Clinical Neuroscience,medical,clinical_specialty,Neuroscience,linkedin_expertise_lexicon_v1,linkedin_experience_title_current,1,1,2026,9.3,publish,Professor of Radiology and Clinical Neuroscience | University of Calgary,accepted,Neurosciences,D009488,MSH,,mesh_fallback,9.7,local MeSH fallback after broad UMLS candidate search,Neuroscience and Neural Systems,Neuroscience,versioned LinkedIn expertise lexicon
ffc02b17-87bd-41f4-ab71-db6024e7dc40,Neuroimaging,medical,research_area,Neuroimaging and Medical Imaging,linkedin_expertise_lexicon_v1,linkedin_experience_title_current,1,1,2026,9.3,publish,Hopewell Professor of Brain Imaging | University of Calgary,accepted,Neuroimaging,C0679575,MSH,Diagnostic Procedure,umls_exact,10.0,filtered UMLS concept with curated HBI umbrella,Imaging and Diagnostics,Neuroimaging and Medical Imaging,versioned LinkedIn expertise lexicon
ffc02b17-87bd-41f4-ab71-db6024e7dc40,Neuroscience,medical,research_area,Neuroscience,linkedin_expertise_lexicon_v1,linkedin_experience_title_current,1,1,2026,9.3,publish,Professor of Radiology and Clinical Neuroscience | University of Calgary,accepted,Neurosciences,D009488,MSH,,mesh_fallback,9.7,local MeSH fallback after broad UMLS candidate search,Neuroscience and Neural Systems,Neuroscience,versioned LinkedIn expertise lexicon
ffc02b17-87bd-41f4-ab71-db6024e7dc40,Biomedical Engineering,engineering,research_area,Biomedical Engineering,linkedin_expertise_lexicon_v1,linkedin_about,1,1,0,8.55,publish,"Professor with a demonstrated history of leadership in the higher education. Skilled in MR Imaging, Clinical Research, Biomedical Engineering, Medical Physics, and Science. Professional with a Doctor of Philosophy (PhD) in Medical Biophysics from Western University.",not_attempted,,,,,,0.0,UMLS skipped for cross-domain/tool term,,Biomedical Engineering,versioned LinkedIn expertise lexicon
ffc02b17-87bd-41f4-ab71-db6024e7dc40,Clinical Research,health,method,Clinical and Translational Research,linkedin_expertise_lexicon_v1,linkedin_about,1,1,0,8.55,publish,"Professor with a demonstrated history of leadership in the higher education. Skilled in MR Imaging, Clinical Research, Biomedical Engineering, Medical Physics, and Science. Professional with a Doctor of Philosophy (PhD) in Medical Biophysics from Western University.",review,Clinical Study,C0008972,MSH,Research Activity,umls_exact,9.33,medical UMLS concept found; HBI umbrella requires review,,Clinical and Translational Research,versioned LinkedIn expertise lexicon
ffc02b17-87bd-41f4-ab71-db6024e7dc40,Physics,science,research_area,Physical and Mathematical Sciences,linkedin_expertise_lexicon_v1,linkedin_about,1,1,0,8.55,publish,"Professor with a demonstrated history of leadership in the higher education. Skilled in MR Imaging, Clinical Research, Biomedical Engineering, Medical Physics, and Science. Professional with a Doctor of Philosophy (PhD) in Medical Biophysics from Western University.",review,Physics,D010825,MSH,,mesh_fallback,10.0,local MeSH fallback after broad UMLS candidate search,,Physical and Mathematical Sciences,versioned LinkedIn expertise lexicon
