profile_id,canonical_label,raw_phrase,source_section,context_text,evidence_year,evidence_start_year,evidence_end_year,source_weight,explicit,controlled
f51d9950-317d-4686-bb1b-d74cfed898dc,Machine Learning,Machine Learning,linkedin_headline,Assistant Professor at Mount Royal University | Machine Learning & Medical Image Processing,0,0,0,0.92,False,True
f51d9950-317d-4686-bb1b-d74cfed898dc,Medical Image Processing,Medical Image Processing,linkedin_headline,Assistant Professor at Mount Royal University | Machine Learning & Medical Image Processing,0,0,0,0.92,False,True
f51d9950-317d-4686-bb1b-d74cfed898dc,Biomedical Engineering,Biomedical Engineering,linkedin_about,"I am a Biomedical Engineering PhD candidate at the University of Calgary specializing in machine learning applications for fMRI data analysis. My research involves estimating physiological fluctuations such as respiratory and heart rate variability directly from imaging data, leveraging CNNs and large datasets like the Human Connectome Project. Passionate about innovative solutions in biomedical imaging, I aim to advance non-invasive physiological measurement techniques for both clinical and research applications. For a full list of my publications, please visit my Google Scholar profile: http",0,0,0,0.82,False,True
f51d9950-317d-4686-bb1b-d74cfed898dc,Biomedical Imaging,Biomedical Imaging,linkedin_about,"I am a Biomedical Engineering PhD candidate at the University of Calgary specializing in machine learning applications for fMRI data analysis. My research involves estimating physiological fluctuations such as respiratory and heart rate variability directly from imaging data, leveraging CNNs and large datasets like the Human Connectome Project. Passionate about innovative solutions in biomedical imaging, I aim to advance non-invasive physiological measurement techniques for both clinical and research applications. For a full list of my publications, please visit my Google Scholar profile: http",0,0,0,0.82,False,True
f51d9950-317d-4686-bb1b-d74cfed898dc,Convolutional Neural Networks,CNNs,linkedin_about,"I am a Biomedical Engineering PhD candidate at the University of Calgary specializing in machine learning applications for fMRI data analysis. My research involves estimating physiological fluctuations such as respiratory and heart rate variability directly from imaging data, leveraging CNNs and large datasets like the Human Connectome Project. Passionate about innovative solutions in biomedical imaging, I aim to advance non-invasive physiological measurement techniques for both clinical and research applications. For a full list of my publications, please visit my Google Scholar profile: http",0,0,0,0.82,False,True
f51d9950-317d-4686-bb1b-d74cfed898dc,Data Analysis,Data Analysis,linkedin_about,"I am a Biomedical Engineering PhD candidate at the University of Calgary specializing in machine learning applications for fMRI data analysis. My research involves estimating physiological fluctuations such as respiratory and heart rate variability directly from imaging data, leveraging CNNs and large datasets like the Human Connectome Project. Passionate about innovative solutions in biomedical imaging, I aim to advance non-invasive physiological measurement techniques for both clinical and research applications. For a full list of my publications, please visit my Google Scholar profile: http",0,0,0,0.82,False,True
f51d9950-317d-4686-bb1b-d74cfed898dc,Functional MRI,fMRI,linkedin_about,"I am a Biomedical Engineering PhD candidate at the University of Calgary specializing in machine learning applications for fMRI data analysis. My research involves estimating physiological fluctuations such as respiratory and heart rate variability directly from imaging data, leveraging CNNs and large datasets like the Human Connectome Project. Passionate about innovative solutions in biomedical imaging, I aim to advance non-invasive physiological measurement techniques for both clinical and research applications. For a full list of my publications, please visit my Google Scholar profile: http",0,0,0,0.82,False,True
f51d9950-317d-4686-bb1b-d74cfed898dc,Heart Rate Variability,Heart Rate Variability,linkedin_about,"I am a Biomedical Engineering PhD candidate at the University of Calgary specializing in machine learning applications for fMRI data analysis. My research involves estimating physiological fluctuations such as respiratory and heart rate variability directly from imaging data, leveraging CNNs and large datasets like the Human Connectome Project. Passionate about innovative solutions in biomedical imaging, I aim to advance non-invasive physiological measurement techniques for both clinical and research applications. For a full list of my publications, please visit my Google Scholar profile: http",0,0,0,0.82,False,True
f51d9950-317d-4686-bb1b-d74cfed898dc,Machine Learning,Machine Learning,linkedin_about,"I am a Biomedical Engineering PhD candidate at the University of Calgary specializing in machine learning applications for fMRI data analysis. My research involves estimating physiological fluctuations such as respiratory and heart rate variability directly from imaging data, leveraging CNNs and large datasets like the Human Connectome Project. Passionate about innovative solutions in biomedical imaging, I aim to advance non-invasive physiological measurement techniques for both clinical and research applications. For a full list of my publications, please visit my Google Scholar profile: http",0,0,0,0.82,False,True
f51d9950-317d-4686-bb1b-d74cfed898dc,Non-Invasive Physiological Measurement,Non-Invasive Physiological Measurement,linkedin_about,"I am a Biomedical Engineering PhD candidate at the University of Calgary specializing in machine learning applications for fMRI data analysis. My research involves estimating physiological fluctuations such as respiratory and heart rate variability directly from imaging data, leveraging CNNs and large datasets like the Human Connectome Project. Passionate about innovative solutions in biomedical imaging, I aim to advance non-invasive physiological measurement techniques for both clinical and research applications. For a full list of my publications, please visit my Google Scholar profile: http",0,0,0,0.82,False,True
f51d9950-317d-4686-bb1b-d74cfed898dc,Physiology,physiological fluctuations,linkedin_about,"I am a Biomedical Engineering PhD candidate at the University of Calgary specializing in machine learning applications for fMRI data analysis. My research involves estimating physiological fluctuations such as respiratory and heart rate variability directly from imaging data, leveraging CNNs and large datasets like the Human Connectome Project. Passionate about innovative solutions in biomedical imaging, I aim to advance non-invasive physiological measurement techniques for both clinical and research applications. For a full list of my publications, please visit my Google Scholar profile: http",0,0,0,0.82,False,True
f51d9950-317d-4686-bb1b-d74cfed898dc,Data Analysis,Data Analysis,linkedin_about_explicit,"I am a Biomedical Engineering PhD candidate at the University of Calgary specializing in machine learning applications for fMRI data analysis. My research involves estimating physiological fluctuations such as respiratory and heart rate variability directly from imaging data, leveraging CNNs and large datasets like the Human Connectome Project. Passionate about innovative solutions in biomedical imaging, I aim to advance non-invasive physiological measurement techniques for both clinical and research applications. For a full list of my publications, please visit my Google Scholar profile: http",0,0,0,0.9,True,True
f51d9950-317d-4686-bb1b-d74cfed898dc,Functional MRI,fMRI,linkedin_about_explicit,"I am a Biomedical Engineering PhD candidate at the University of Calgary specializing in machine learning applications for fMRI data analysis. My research involves estimating physiological fluctuations such as respiratory and heart rate variability directly from imaging data, leveraging CNNs and large datasets like the Human Connectome Project. Passionate about innovative solutions in biomedical imaging, I aim to advance non-invasive physiological measurement techniques for both clinical and research applications. For a full list of my publications, please visit my Google Scholar profile: http",0,0,0,0.9,True,True
f51d9950-317d-4686-bb1b-d74cfed898dc,Machine Learning,Machine Learning,linkedin_about_explicit,"I am a Biomedical Engineering PhD candidate at the University of Calgary specializing in machine learning applications for fMRI data analysis. My research involves estimating physiological fluctuations such as respiratory and heart rate variability directly from imaging data, leveraging CNNs and large datasets like the Human Connectome Project. Passionate about innovative solutions in biomedical imaging, I aim to advance non-invasive physiological measurement techniques for both clinical and research applications. For a full list of my publications, please visit my Google Scholar profile: http",0,0,0,0.9,True,True
d2be4191-c62c-489d-9963-e8fdc0fb71bd,Neuroscience,Neuroscience,linkedin_headline,Neuroscience Student at UCalgary | Student-Researcher at HBI,0,0,0,0.92,False,True
d2be4191-c62c-489d-9963-e8fdc0fb71bd,Astrocytes,Astrocytes,linkedin_about,"I am a student-researcher interested in astrocytes, neuromodulation, synaptic plasticity, and neurovascular coupling.",0,0,0,0.82,False,True
d2be4191-c62c-489d-9963-e8fdc0fb71bd,Synaptic Plasticity,Synaptic Plasticity,linkedin_about,"I am a student-researcher interested in astrocytes, neuromodulation, synaptic plasticity, and neurovascular coupling.",0,0,0,0.82,False,True
dab82746-9cd9-450f-95b5-7798ea6d8adc,Cannabinoids,cannabinoid therapeutics,linkedin_headline,Neuroscience PhD student @UofC | Psychedelic and Cannabinoid Therapeutics lab | Early life stress | Endocannabinoids | Neuropharmacology,0,0,0,0.92,False,True
dab82746-9cd9-450f-95b5-7798ea6d8adc,Childhood Maltreatment,early life stress,linkedin_headline,Neuroscience PhD student @UofC | Psychedelic and Cannabinoid Therapeutics lab | Early life stress | Endocannabinoids | Neuropharmacology,0,0,0,0.92,False,True
dab82746-9cd9-450f-95b5-7798ea6d8adc,Endocannabinoid System,endocannabinoids,linkedin_headline,Neuroscience PhD student @UofC | Psychedelic and Cannabinoid Therapeutics lab | Early life stress | Endocannabinoids | Neuropharmacology,0,0,0,0.92,False,True
dab82746-9cd9-450f-95b5-7798ea6d8adc,Neuropharmacology,Neuropharmacology,linkedin_headline,Neuroscience PhD student @UofC | Psychedelic and Cannabinoid Therapeutics lab | Early life stress | Endocannabinoids | Neuropharmacology,0,0,0,0.92,False,True
dab82746-9cd9-450f-95b5-7798ea6d8adc,Neuroscience,Neuroscience,linkedin_headline,Neuroscience PhD student @UofC | Psychedelic and Cannabinoid Therapeutics lab | Early life stress | Endocannabinoids | Neuropharmacology,0,0,0,0.92,False,True
dab82746-9cd9-450f-95b5-7798ea6d8adc,Psychedelics,psychedelic,linkedin_headline,Neuroscience PhD student @UofC | Psychedelic and Cannabinoid Therapeutics lab | Early life stress | Endocannabinoids | Neuropharmacology,0,0,0,0.92,False,True
dab82746-9cd9-450f-95b5-7798ea6d8adc,Stress,Stress,linkedin_headline,Neuroscience PhD student @UofC | Psychedelic and Cannabinoid Therapeutics lab | Early life stress | Endocannabinoids | Neuropharmacology,0,0,0,0.92,False,True
dab82746-9cd9-450f-95b5-7798ea6d8adc,Therapeutics,Therapeutics,linkedin_headline,Neuroscience PhD student @UofC | Psychedelic and Cannabinoid Therapeutics lab | Early life stress | Endocannabinoids | Neuropharmacology,0,0,0,0.92,False,True
dab82746-9cd9-450f-95b5-7798ea6d8adc,Cannabinoids,cannabinoid therapeutics,linkedin_about,"I am a doctoral student in the Psychedelic and Cannabinoid Therapeutics lab at the University of Calgary. I have a special interest in neuropharmacology and the development of novel therapeutics for psychiatric disorders. My current work largely focuses on the psychophysiological impacts of childhood maltreatment, particularly concerning the endocannabinoid system and social information processing. I am eager to connect and collaborate in science, advocacy, community outreach, or on the trails.",0,0,0,0.82,False,True
dab82746-9cd9-450f-95b5-7798ea6d8adc,Childhood Maltreatment,Childhood Maltreatment,linkedin_about,"I am a doctoral student in the Psychedelic and Cannabinoid Therapeutics lab at the University of Calgary. I have a special interest in neuropharmacology and the development of novel therapeutics for psychiatric disorders. My current work largely focuses on the psychophysiological impacts of childhood maltreatment, particularly concerning the endocannabinoid system and social information processing. I am eager to connect and collaborate in science, advocacy, community outreach, or on the trails.",0,0,0,0.82,False,True
dab82746-9cd9-450f-95b5-7798ea6d8adc,Endocannabinoid System,Endocannabinoid System,linkedin_about,"I am a doctoral student in the Psychedelic and Cannabinoid Therapeutics lab at the University of Calgary. I have a special interest in neuropharmacology and the development of novel therapeutics for psychiatric disorders. My current work largely focuses on the psychophysiological impacts of childhood maltreatment, particularly concerning the endocannabinoid system and social information processing. I am eager to connect and collaborate in science, advocacy, community outreach, or on the trails.",0,0,0,0.82,False,True
dab82746-9cd9-450f-95b5-7798ea6d8adc,Neuropharmacology,Neuropharmacology,linkedin_about,"I am a doctoral student in the Psychedelic and Cannabinoid Therapeutics lab at the University of Calgary. I have a special interest in neuropharmacology and the development of novel therapeutics for psychiatric disorders. My current work largely focuses on the psychophysiological impacts of childhood maltreatment, particularly concerning the endocannabinoid system and social information processing. I am eager to connect and collaborate in science, advocacy, community outreach, or on the trails.",0,0,0,0.82,False,True
dab82746-9cd9-450f-95b5-7798ea6d8adc,Psychedelics,psychedelic,linkedin_about,"I am a doctoral student in the Psychedelic and Cannabinoid Therapeutics lab at the University of Calgary. I have a special interest in neuropharmacology and the development of novel therapeutics for psychiatric disorders. My current work largely focuses on the psychophysiological impacts of childhood maltreatment, particularly concerning the endocannabinoid system and social information processing. I am eager to connect and collaborate in science, advocacy, community outreach, or on the trails.",0,0,0,0.82,False,True
dab82746-9cd9-450f-95b5-7798ea6d8adc,Psychiatric Disorders,Psychiatric Disorders,linkedin_about,"I am a doctoral student in the Psychedelic and Cannabinoid Therapeutics lab at the University of Calgary. I have a special interest in neuropharmacology and the development of novel therapeutics for psychiatric disorders. My current work largely focuses on the psychophysiological impacts of childhood maltreatment, particularly concerning the endocannabinoid system and social information processing. I am eager to connect and collaborate in science, advocacy, community outreach, or on the trails.",0,0,0,0.82,False,True
dab82746-9cd9-450f-95b5-7798ea6d8adc,Psychophysiology,psychophysiological,linkedin_about,"I am a doctoral student in the Psychedelic and Cannabinoid Therapeutics lab at the University of Calgary. I have a special interest in neuropharmacology and the development of novel therapeutics for psychiatric disorders. My current work largely focuses on the psychophysiological impacts of childhood maltreatment, particularly concerning the endocannabinoid system and social information processing. I am eager to connect and collaborate in science, advocacy, community outreach, or on the trails.",0,0,0,0.82,False,True
dab82746-9cd9-450f-95b5-7798ea6d8adc,Social Information Processing,Social Information Processing,linkedin_about,"I am a doctoral student in the Psychedelic and Cannabinoid Therapeutics lab at the University of Calgary. I have a special interest in neuropharmacology and the development of novel therapeutics for psychiatric disorders. My current work largely focuses on the psychophysiological impacts of childhood maltreatment, particularly concerning the endocannabinoid system and social information processing. I am eager to connect and collaborate in science, advocacy, community outreach, or on the trails.",0,0,0,0.82,False,True
dab82746-9cd9-450f-95b5-7798ea6d8adc,Therapeutics,novel therapeutics,linkedin_about,"I am a doctoral student in the Psychedelic and Cannabinoid Therapeutics lab at the University of Calgary. I have a special interest in neuropharmacology and the development of novel therapeutics for psychiatric disorders. My current work largely focuses on the psychophysiological impacts of childhood maltreatment, particularly concerning the endocannabinoid system and social information processing. I am eager to connect and collaborate in science, advocacy, community outreach, or on the trails.",0,0,0,0.82,False,True
f9d35219-08ea-4a5d-81e8-95a859aabe3f,Mental Health,Mental Health,linkedin_about,"I’m a Program Manager specializing in community engagement, strategic partnerships, and large-scale events that create meaningful impact. At the Hotchkiss Brain Institute, I lead complex projects and high-profile initiatives that connect communities, partners, and stakeholders to advance brain and mental health research. With a background in business management and health science, I bring a strategic, organized, and people-centered approach to leadership. I thrive on building strong relationships, leading impactful events, and creating collaborative environments that drive engagement and measu",0,0,0,0.82,False,True
12c2a5ab-4efc-4485-8621-5a08e597a132,Neuroscience,Neuroscience,linkedin_about,"I am the Open Science Coordinator at the Hotchkiss Brain Institute, where I work to advance open science practices that make research more transparent, accessible, and collaborative. In parallel, I work as a Research Coordinator in the Pediatric Onset of Neuromotor Impairments Lab, where I coordinate projects focused on motion capture for children with mobility challenges and robotic walking interventions. My work bridges research coordination, open science, and knowledge translation with a central goal: ensuring that scientific discoveries are not only rigorous but also accessible to research",0,0,0,0.82,False,True
b99bf52f-dedb-4bdb-827c-ec326d849d0e,Biomedical Engineering,Biomedical Engineering,linkedin_headline,PhD student in Biomedical Engineering at the University of Calgary | International Medical Graduate (IMG) | Systems & Computational Neuroscience,0,0,0,0.92,False,True
b99bf52f-dedb-4bdb-827c-ec326d849d0e,Computational Neuroscience,Computational Neuroscience,linkedin_headline,PhD student in Biomedical Engineering at the University of Calgary | International Medical Graduate (IMG) | Systems & Computational Neuroscience,0,0,0,0.92,False,True
b99bf52f-dedb-4bdb-827c-ec326d849d0e,Neuroscience,Neuroscience,linkedin_headline,PhD student in Biomedical Engineering at the University of Calgary | International Medical Graduate (IMG) | Systems & Computational Neuroscience,0,0,0,0.92,False,True
b99bf52f-dedb-4bdb-827c-ec326d849d0e,Biomedical Engineering,Biomedical Engineering,linkedin_about,"Trained as a medical doctor and now pursuing a PhD degree in biomedical engineering. As a physician-scientist in training, I am bridging the bench and bedside through fundamental neuroscience and engineering. My research sits at the intersection of systems neuroscience and computational modeling, interrogating fundamental mechanisms of brain function. My long-term focus is translating this work toward clinical impact, particularly through neuromodulation and brain stimulation therapies for neurological diseases. I am also a digital artist and science communicator passionate about scientific vi",0,0,0,0.82,False,True
b99bf52f-dedb-4bdb-827c-ec326d849d0e,Brain Stimulation,Brain Stimulation,linkedin_about,"Trained as a medical doctor and now pursuing a PhD degree in biomedical engineering. As a physician-scientist in training, I am bridging the bench and bedside through fundamental neuroscience and engineering. My research sits at the intersection of systems neuroscience and computational modeling, interrogating fundamental mechanisms of brain function. My long-term focus is translating this work toward clinical impact, particularly through neuromodulation and brain stimulation therapies for neurological diseases. I am also a digital artist and science communicator passionate about scientific vi",0,0,0,0.82,False,True
b99bf52f-dedb-4bdb-827c-ec326d849d0e,Neuroscience,Neuroscience,linkedin_about,"Trained as a medical doctor and now pursuing a PhD degree in biomedical engineering. As a physician-scientist in training, I am bridging the bench and bedside through fundamental neuroscience and engineering. My research sits at the intersection of systems neuroscience and computational modeling, interrogating fundamental mechanisms of brain function. My long-term focus is translating this work toward clinical impact, particularly through neuromodulation and brain stimulation therapies for neurological diseases. I am also a digital artist and science communicator passionate about scientific vi",0,0,0,0.82,False,True
b99bf52f-dedb-4bdb-827c-ec326d849d0e,Biomedical Engineering,Biomedical Engineering,linkedin_about_explicit,"Trained as a medical doctor and now pursuing a PhD degree in biomedical engineering. As a physician-scientist in training, I am bridging the bench and bedside through fundamental neuroscience and engineering. My research sits at the intersection of systems neuroscience and computational modeling, interrogating fundamental mechanisms of brain function. My long-term focus is translating this work toward clinical impact, particularly through neuromodulation and brain stimulation therapies for neurological diseases. I am also a digital artist and science communicator passionate about scientific vi",0,0,0,0.9,True,True
323fbbed-76a5-4236-be5c-8a730e2b37fd,Biomedical Engineering,Biomedical Engineering,linkedin_headline,Helping biosignals researchers simplify research setups | M.Sc. Biomedical Engineering,0,0,0,0.92,False,True
323fbbed-76a5-4236-be5c-8a730e2b37fd,Stroke,Stroke,linkedin_about,"As a Postdoctoral Research Fellow and Sessional Instructor at the University of Calgary with over eleven years of combined academic and research experience, my work focuses on advancing knowledge in biomechanics, injury prevention, and movement and neurodevelopment disorders. I am driven by a commitment to leveraging technology for improving human performance and well-being. My academic and research journey is firmly rooted in the development of innovative solutions, from prosthetic devices to assistive technologies for post-stroke and spinal cord injury rehabilitation, supported by multiple r",0,0,0,0.82,False,True
68c33bb0-415b-414f-88f4-6834e2e24d3f,Physics,Physics,linkedin_headline,"Professor | UCalgary Research Excellence Chair | Director, Schulich Energy Momentum | Co-Founder, EnviCore | Associate Editor, Physics of Fluids",0,0,0,0.92,False,True
68c33bb0-415b-414f-88f4-6834e2e24d3f,Bioengineering,Bioengineering,linkedin_about,"I am a registered Professional Engineer in the Province of Alberta, and an experienced educator and researcher with expertise in chemical, biochemical and biomedical engineering. My research interests involve the use of fundamental chemical engineering principles to solve problems in the area of applied biology. The intersection of disciplines offers me the opportunity to work on a range of interesting and collaborative projects. I am developing bioreactor-based protocols to scale-up the production of adult stem cell populations and their differentiated progeny for use in tissue repair and reg",0,0,0,0.82,False,True
68c33bb0-415b-414f-88f4-6834e2e24d3f,Biomedical Engineering,Biomedical Engineering,linkedin_about,"I am a registered Professional Engineer in the Province of Alberta, and an experienced educator and researcher with expertise in chemical, biochemical and biomedical engineering. My research interests involve the use of fundamental chemical engineering principles to solve problems in the area of applied biology. The intersection of disciplines offers me the opportunity to work on a range of interesting and collaborative projects. I am developing bioreactor-based protocols to scale-up the production of adult stem cell populations and their differentiated progeny for use in tissue repair and reg",0,0,0,0.82,False,True
68c33bb0-415b-414f-88f4-6834e2e24d3f,Tissue Engineering,Tissue Engineering,linkedin_about,"I am a registered Professional Engineer in the Province of Alberta, and an experienced educator and researcher with expertise in chemical, biochemical and biomedical engineering. My research interests involve the use of fundamental chemical engineering principles to solve problems in the area of applied biology. The intersection of disciplines offers me the opportunity to work on a range of interesting and collaborative projects. I am developing bioreactor-based protocols to scale-up the production of adult stem cell populations and their differentiated progeny for use in tissue repair and reg",0,0,0,0.82,False,True
6da8654b-0024-4612-b1bc-7bb110709506,Biological Sciences,Biological Sciences,linkedin_headline,"BSc Biological Sciences, University of Calgary | Researcher at the Hotchkiss Brain Institute",0,0,0,0.92,False,True
3d67002f-ea42-477e-9764-d79d06acc9be,Mathematical Physics,Mathematical Physics,linkedin_about,"Research & training: Quantum information including quantum control, quantum optics, quantum sensing, quantum communication and quantum computing from computer science and mathematical physics to theoretical physics and theoretical chemistry plus collaboration and co-development with experimentalists. Outreach: Global research collaboration and training activities in the spirit of Open Science. Leadership: Experienced Chair of Professional Society Divisions, committees, panels, projects and centres.",0,0,0,0.82,False,True
3d67002f-ea42-477e-9764-d79d06acc9be,Physics,Physics,linkedin_about,"Research & training: Quantum information including quantum control, quantum optics, quantum sensing, quantum communication and quantum computing from computer science and mathematical physics to theoretical physics and theoretical chemistry plus collaboration and co-development with experimentalists. Outreach: Global research collaboration and training activities in the spirit of Open Science. Leadership: Experienced Chair of Professional Society Divisions, committees, panels, projects and centres.",0,0,0,0.82,False,True
3d67002f-ea42-477e-9764-d79d06acc9be,Quantum Communication,Quantum Communication,linkedin_about,"Research & training: Quantum information including quantum control, quantum optics, quantum sensing, quantum communication and quantum computing from computer science and mathematical physics to theoretical physics and theoretical chemistry plus collaboration and co-development with experimentalists. Outreach: Global research collaboration and training activities in the spirit of Open Science. Leadership: Experienced Chair of Professional Society Divisions, committees, panels, projects and centres.",0,0,0,0.82,False,True
3d67002f-ea42-477e-9764-d79d06acc9be,Quantum Computing,Quantum Computing,linkedin_about,"Research & training: Quantum information including quantum control, quantum optics, quantum sensing, quantum communication and quantum computing from computer science and mathematical physics to theoretical physics and theoretical chemistry plus collaboration and co-development with experimentalists. Outreach: Global research collaboration and training activities in the spirit of Open Science. Leadership: Experienced Chair of Professional Society Divisions, committees, panels, projects and centres.",0,0,0,0.82,False,True
3d67002f-ea42-477e-9764-d79d06acc9be,Quantum Control,Quantum Control,linkedin_about,"Research & training: Quantum information including quantum control, quantum optics, quantum sensing, quantum communication and quantum computing from computer science and mathematical physics to theoretical physics and theoretical chemistry plus collaboration and co-development with experimentalists. Outreach: Global research collaboration and training activities in the spirit of Open Science. Leadership: Experienced Chair of Professional Society Divisions, committees, panels, projects and centres.",0,0,0,0.82,False,True
3d67002f-ea42-477e-9764-d79d06acc9be,Quantum Information,Quantum Information,linkedin_about,"Research & training: Quantum information including quantum control, quantum optics, quantum sensing, quantum communication and quantum computing from computer science and mathematical physics to theoretical physics and theoretical chemistry plus collaboration and co-development with experimentalists. Outreach: Global research collaboration and training activities in the spirit of Open Science. Leadership: Experienced Chair of Professional Society Divisions, committees, panels, projects and centres.",0,0,0,0.82,False,True
3d67002f-ea42-477e-9764-d79d06acc9be,Quantum Optics,Quantum Optics,linkedin_about,"Research & training: Quantum information including quantum control, quantum optics, quantum sensing, quantum communication and quantum computing from computer science and mathematical physics to theoretical physics and theoretical chemistry plus collaboration and co-development with experimentalists. Outreach: Global research collaboration and training activities in the spirit of Open Science. Leadership: Experienced Chair of Professional Society Divisions, committees, panels, projects and centres.",0,0,0,0.82,False,True
3d67002f-ea42-477e-9764-d79d06acc9be,Quantum Sensing,Quantum Sensing,linkedin_about,"Research & training: Quantum information including quantum control, quantum optics, quantum sensing, quantum communication and quantum computing from computer science and mathematical physics to theoretical physics and theoretical chemistry plus collaboration and co-development with experimentalists. Outreach: Global research collaboration and training activities in the spirit of Open Science. Leadership: Experienced Chair of Professional Society Divisions, committees, panels, projects and centres.",0,0,0,0.82,False,True
3d67002f-ea42-477e-9764-d79d06acc9be,Theoretical Chemistry,Theoretical Chemistry,linkedin_about,"Research & training: Quantum information including quantum control, quantum optics, quantum sensing, quantum communication and quantum computing from computer science and mathematical physics to theoretical physics and theoretical chemistry plus collaboration and co-development with experimentalists. Outreach: Global research collaboration and training activities in the spirit of Open Science. Leadership: Experienced Chair of Professional Society Divisions, committees, panels, projects and centres.",0,0,0,0.82,False,True
3d67002f-ea42-477e-9764-d79d06acc9be,Theoretical Physics,Theoretical Physics,linkedin_about,"Research & training: Quantum information including quantum control, quantum optics, quantum sensing, quantum communication and quantum computing from computer science and mathematical physics to theoretical physics and theoretical chemistry plus collaboration and co-development with experimentalists. Outreach: Global research collaboration and training activities in the spirit of Open Science. Leadership: Experienced Chair of Professional Society Divisions, committees, panels, projects and centres.",0,0,0,0.82,False,True
7fedd5a7-fdd5-4e8b-b956-2783b161a1d8,Neurology,Neurology,linkedin_headline,Neurology Researcher | Powerlifting Coach @ SOBC & SOAB,0,0,0,0.92,False,True
c0a6cc1c-b442-4941-8df3-fe6bdebe5d5e,Genomics,Genomics,linkedin_about,"Over the last 6 years, I’ve been involved in diverse projects using the 10x Genomics single-cell and spatial transcriptomics platform to study cell phenotypes in CNS disease contexts. I’m thrilled to leverage this expertise in my new role, where I’ll be establishing a transcriptomics core at the Hotchkiss Brain Institute, University of Calgary and offering start-to-end services from sample prep to bioinformatics analysis.",0,0,0,0.82,False,True
f67871d0-cfe5-445d-bc2a-67b84dda39f2,Astrocytes,Astrocytes,linkedin_headline,"Postdoctoral Research Fellow at the Hotchkiss Brain Institute, University of Calgary | Passionate about research and driven by curiosity | Interested in the intricate world of cellular biology, astrocytes, and the brain",0,0,0,0.92,False,True
1d700dd9-938f-4cad-b67b-c643c0c6aa67,Deep Learning,Deep Learning,linkedin_headline,Postdoctoral Fellow | PhD in Applied Math | Machine Learning and Deep Learning for Medical Image Processing | Systems Biology,0,0,0,0.92,False,True
1d700dd9-938f-4cad-b67b-c643c0c6aa67,Machine Learning,Machine Learning,linkedin_headline,Postdoctoral Fellow | PhD in Applied Math | Machine Learning and Deep Learning for Medical Image Processing | Systems Biology,0,0,0,0.92,False,True
1d700dd9-938f-4cad-b67b-c643c0c6aa67,Medical Image Processing,Medical Image Processing,linkedin_headline,Postdoctoral Fellow | PhD in Applied Math | Machine Learning and Deep Learning for Medical Image Processing | Systems Biology,0,0,0,0.92,False,True
1d700dd9-938f-4cad-b67b-c643c0c6aa67,Machine Learning,Machine Learning,linkedin_about,"Postdoctoral Fellow at the University of Calgary, Hotchkiss Brain Institute in the Medical Image Processing and Machine Learning Lab. U.S. Citizen and Canadian Permanent Resident.",0,0,0,0.82,False,True
1d700dd9-938f-4cad-b67b-c643c0c6aa67,Medical Image Processing,Medical Image Processing,linkedin_about,"Postdoctoral Fellow at the University of Calgary, Hotchkiss Brain Institute in the Medical Image Processing and Machine Learning Lab. U.S. Citizen and Canadian Permanent Resident.",0,0,0,0.82,False,True
f54adf97-7d5c-49c7-b1ac-dd3d5d9effa7,Biomedical Engineering,Biomedical Engineering,linkedin_about,"Researcher in biomedical engineering with high quality publications and a strong background in knowledge translation. Expert in advanced micro/nano manufacturing technologies for biomedical micro-systems, with a range of teaching and supervisory experience. Over 10 years of collaborative interdisciplinary research advancing healthcare solutions. Excellent communication and leadership skills in cross-faculty team environments. Director of the cleanroom facility at the University of Calgary, providing services to five faculties and local businesses. Specialties: microfluidics, electrokinetics, L",0,0,0,0.82,False,True
f54adf97-7d5c-49c7-b1ac-dd3d5d9effa7,Nerve Regeneration,Nerve Regeneration,linkedin_about,"Researcher in biomedical engineering with high quality publications and a strong background in knowledge translation. Expert in advanced micro/nano manufacturing technologies for biomedical micro-systems, with a range of teaching and supervisory experience. Over 10 years of collaborative interdisciplinary research advancing healthcare solutions. Excellent communication and leadership skills in cross-faculty team environments. Director of the cleanroom facility at the University of Calgary, providing services to five faculties and local businesses. Specialties: microfluidics, electrokinetics, L",0,0,0,0.82,False,True
f1565080-485a-41b8-99a6-6149fd9227fb,Magnetic Resonance Imaging,Magnetic Resonance Imaging,linkedin_about,"I am interested in Magnetic Resonance Imaging (MRI) technology, both new and legacy, as well as emerging methods of analysis. I enjoy communicating these advances from developers to end users, whether research, clinical, or client. My journey within the umbrella field of MRI has taught me about the physics, hardware, and data processing required in modern image analysis, as well as medical pathology throughout the human body throughout the life span.",0,0,0,0.82,False,True
f1565080-485a-41b8-99a6-6149fd9227fb,Physics,Physics,linkedin_about,"I am interested in Magnetic Resonance Imaging (MRI) technology, both new and legacy, as well as emerging methods of analysis. I enjoy communicating these advances from developers to end users, whether research, clinical, or client. My journey within the umbrella field of MRI has taught me about the physics, hardware, and data processing required in modern image analysis, as well as medical pathology throughout the human body throughout the life span.",0,0,0,0.82,False,True
25fa0ffc-7dff-42ae-b791-0fc9a8a27e41,Medical Imaging,Medical Imaging,linkedin_headline,MSc Medical Science Student Specializing in Medical Imaging | BHSc (First Class Honours) in Biomedical Sciences,0,0,0,0.92,False,True
25fa0ffc-7dff-42ae-b791-0fc9a8a27e41,Neuroscience,Neuroscience,linkedin_about,"Hello! My name is CreeAnn, and I am a curious, passionate, and motivated student at the University of Calgary. I am passionate about finding solutions and answers to advance the field of neuroscience, stroke, and geriatric health.",0,0,0,0.82,False,True
25fa0ffc-7dff-42ae-b791-0fc9a8a27e41,Stroke,Stroke,linkedin_about,"Hello! My name is CreeAnn, and I am a curious, passionate, and motivated student at the University of Calgary. I am passionate about finding solutions and answers to advance the field of neuroscience, stroke, and geriatric health.",0,0,0,0.82,False,True
b7ca6cfe-e71a-439b-a674-b3410e093e16,Health Equity,Health Equity,linkedin_headline,MSc Neuroscience Candidate | Brain Canada/Heart & Stroke/ CIHR Scholar | Health Equity Advocate | National Program Coordinator @MBCC | Director @Brain-CE,0,0,0,0.92,False,True
b7ca6cfe-e71a-439b-a674-b3410e093e16,Neuroscience,Neuroscience,linkedin_headline,MSc Neuroscience Candidate | Brain Canada/Heart & Stroke/ CIHR Scholar | Health Equity Advocate | National Program Coordinator @MBCC | Director @Brain-CE,0,0,0,0.92,False,True
b7ca6cfe-e71a-439b-a674-b3410e093e16,Stroke,Stroke,linkedin_headline,MSc Neuroscience Candidate | Brain Canada/Heart & Stroke/ CIHR Scholar | Health Equity Advocate | National Program Coordinator @MBCC | Director @Brain-CE,0,0,0,0.92,False,True
35907a16-9410-45ac-92ed-2912d1bc44e5,Biological Sciences,Biological Sciences,linkedin_headline,Undergraduate Research Assistant @ Hotchkiss Brain Institute | Biological Sciences Student,0,0,0,0.92,False,True
2c9beb01-eb2c-4e00-b3b8-888aad09b85b,Epilepsy,Epilepsy,linkedin_about,"I am currently involved in research at the Hotchkiss Brain Institute, studying seizures and seizure-related phenomenon. I am interested glia and signalling, neuropharmacology, and disorders such as epilepsy, stroke, and concussion.",0,0,0,0.82,False,True
2c9beb01-eb2c-4e00-b3b8-888aad09b85b,Neuropharmacology,Neuropharmacology,linkedin_about,"I am currently involved in research at the Hotchkiss Brain Institute, studying seizures and seizure-related phenomenon. I am interested glia and signalling, neuropharmacology, and disorders such as epilepsy, stroke, and concussion.",0,0,0,0.82,False,True
2c9beb01-eb2c-4e00-b3b8-888aad09b85b,Stroke,Stroke,linkedin_about,"I am currently involved in research at the Hotchkiss Brain Institute, studying seizures and seizure-related phenomenon. I am interested glia and signalling, neuropharmacology, and disorders such as epilepsy, stroke, and concussion.",0,0,0,0.82,False,True
87d34558-e6f5-49d9-a78f-32e3e073159d,Neuroscience,Neuroscience,linkedin_headline,"Governor Generals Silver + Bronze Medal Recipient | MD Student, UBC | BSc Neuroscience (Honors",0,0,0,0.92,False,True
87d34558-e6f5-49d9-a78f-32e3e073159d,Dementia,Dementia,linkedin_about,"I graduated with the Governor General's Silver medal from my honours degree in Neuroscience from the University of Calgary and am an MD student at the University of British Columbia. I am passionate about health advocacy and reducing the barriers to healthcare. I am a strong advocate for the destigmatization of mental health and providing mental health resources, particularly to marginalized communities. I am also interested in dementia care and geriatric medicine. As such, I have been conducting research on dementia markers at the University of Calgary and have contributed several first-autho",0,0,0,0.82,False,True
87d34558-e6f5-49d9-a78f-32e3e073159d,Mental Health,Mental Health,linkedin_about,"I graduated with the Governor General's Silver medal from my honours degree in Neuroscience from the University of Calgary and am an MD student at the University of British Columbia. I am passionate about health advocacy and reducing the barriers to healthcare. I am a strong advocate for the destigmatization of mental health and providing mental health resources, particularly to marginalized communities. I am also interested in dementia care and geriatric medicine. As such, I have been conducting research on dementia markers at the University of Calgary and have contributed several first-autho",0,0,0,0.82,False,True
87d34558-e6f5-49d9-a78f-32e3e073159d,Neuroscience,Neuroscience,linkedin_about,"I graduated with the Governor General's Silver medal from my honours degree in Neuroscience from the University of Calgary and am an MD student at the University of British Columbia. I am passionate about health advocacy and reducing the barriers to healthcare. I am a strong advocate for the destigmatization of mental health and providing mental health resources, particularly to marginalized communities. I am also interested in dementia care and geriatric medicine. As such, I have been conducting research on dementia markers at the University of Calgary and have contributed several first-autho",0,0,0,0.82,False,True
87d34558-e6f5-49d9-a78f-32e3e073159d,Dementia,Dementia,linkedin_about_explicit,"I graduated with the Governor General's Silver medal from my honours degree in Neuroscience from the University of Calgary and am an MD student at the University of British Columbia. I am passionate about health advocacy and reducing the barriers to healthcare. I am a strong advocate for the destigmatization of mental health and providing mental health resources, particularly to marginalized communities. I am also interested in dementia care and geriatric medicine. As such, I have been conducting research on dementia markers at the University of Calgary and have contributed several first-autho",0,0,0,0.9,True,True
835db8ff-2a81-4470-a51f-3a9567827e6b,Artificial Intelligence,AI,linkedin_headline,"Doctor of Philosophy (Ph.D.), Canada | Sessional Instructor I Electrical, Software, & Computer Engineer | 6G & AI Enthusiast | Alberta Innova",0,0,0,0.92,False,True
835db8ff-2a81-4470-a51f-3a9567827e6b,Signal Processing,Signal Processing,linkedin_about,"I hold a Doctor of Philosophy (Ph.D.) Degree with a 1st Class Top Ranking in Electrical and Computer Engineering from the University of Calgary, Canada. My doctoral thesis and research lie at the intersection of Artificial Intelligencedriven signal processing, data-driven optimization, and advanced wireless communications for 5G, 6G, and beyond, with a strong emphasis on energy-efficient transmission, high-mobility systems, and the integration of software optimization with reliable, energy-aware hardware implementation for embedded and sensor-based devices. My work reflects a balanced blend of",0,0,0,0.82,False,True
b3fcb97c-7759-4234-98aa-0272cc1c65ef,Mental Health,Mental Health,linkedin_about,"19 years of sleep expertise across diverse sleep sectors including clinical (RPSGT), academia (MS, PhD, Postdoc), medical device industry, mental health, athlete high-performance, and the biopharmaceutical industry.",0,0,0,0.82,False,True
2bd57a38-f080-4c1e-923a-7b67106ab828,Neuroscience,Neuroscience,linkedin_about,"RESEARCH FOCUS The Ryan Lab strives to answer fundamental questions in neuroscience, develop new tools for collaborative investigation into the mechanisms underlying neurological disorders and train scientists in the areas of molecular neuroscience and stem cell biology. We currently utilize stem cell and animal based models of Parkinson's Disease (PD) to study how protein aggregation impact on neuronal function in human disease.",0,0,0,0.82,False,True
2bd57a38-f080-4c1e-923a-7b67106ab828,Parkinson Disease,Parkinson's disease,linkedin_about,"RESEARCH FOCUS The Ryan Lab strives to answer fundamental questions in neuroscience, develop new tools for collaborative investigation into the mechanisms underlying neurological disorders and train scientists in the areas of molecular neuroscience and stem cell biology. We currently utilize stem cell and animal based models of Parkinson's Disease (PD) to study how protein aggregation impact on neuronal function in human disease.",0,0,0,0.82,False,True
2bd57a38-f080-4c1e-923a-7b67106ab828,Neuroscience,Neuroscience,linkedin_about_explicit,"RESEARCH FOCUS The Ryan Lab strives to answer fundamental questions in neuroscience, develop new tools for collaborative investigation into the mechanisms underlying neurological disorders and train scientists in the areas of molecular neuroscience and stem cell biology. We currently utilize stem cell and animal based models of Parkinson's Disease (PD) to study how protein aggregation impact on neuronal function in human disease.",0,0,0,0.9,True,True
2ebb1f65-4f5d-4acd-92de-62d2c34e9f5f,Chronic Disease,Chronic Disease,linkedin_about,"Dr. Turin's primary research interests are challenges in access to care and unmet needs faced by the socially vulnerable population of the society, including new immigrants, refugees, and ethnic communities. He leads his program of research through the approach of Community Based Participatory Research and Integrated Knowledge Translation where efforts for Meaningful Community Engagement is at the core. Dr. Turin has been highly productive and has published more than 280 scholarly / academic publications including research manuscripts, conference proceedings, and book/book-chapters. He draws u",0,0,0,0.82,False,True
2ebb1f65-4f5d-4acd-92de-62d2c34e9f5f,Epidemiology,Epidemiology,linkedin_about,"Dr. Turin's primary research interests are challenges in access to care and unmet needs faced by the socially vulnerable population of the society, including new immigrants, refugees, and ethnic communities. He leads his program of research through the approach of Community Based Participatory Research and Integrated Knowledge Translation where efforts for Meaningful Community Engagement is at the core. Dr. Turin has been highly productive and has published more than 280 scholarly / academic publications including research manuscripts, conference proceedings, and book/book-chapters. He draws u",0,0,0,0.82,False,True
2ebb1f65-4f5d-4acd-92de-62d2c34e9f5f,Health Services,Health Services,linkedin_about,"Dr. Turin's primary research interests are challenges in access to care and unmet needs faced by the socially vulnerable population of the society, including new immigrants, refugees, and ethnic communities. He leads his program of research through the approach of Community Based Participatory Research and Integrated Knowledge Translation where efforts for Meaningful Community Engagement is at the core. Dr. Turin has been highly productive and has published more than 280 scholarly / academic publications including research manuscripts, conference proceedings, and book/book-chapters. He draws u",0,0,0,0.82,False,True
2ebb1f65-4f5d-4acd-92de-62d2c34e9f5f,Health Services Research,Health Services Research,linkedin_about,"Dr. Turin's primary research interests are challenges in access to care and unmet needs faced by the socially vulnerable population of the society, including new immigrants, refugees, and ethnic communities. He leads his program of research through the approach of Community Based Participatory Research and Integrated Knowledge Translation where efforts for Meaningful Community Engagement is at the core. Dr. Turin has been highly productive and has published more than 280 scholarly / academic publications including research manuscripts, conference proceedings, and book/book-chapters. He draws u",0,0,0,0.82,False,True
2ebb1f65-4f5d-4acd-92de-62d2c34e9f5f,Public Health,Public Health,linkedin_about,"Dr. Turin's primary research interests are challenges in access to care and unmet needs faced by the socially vulnerable population of the society, including new immigrants, refugees, and ethnic communities. He leads his program of research through the approach of Community Based Participatory Research and Integrated Knowledge Translation where efforts for Meaningful Community Engagement is at the core. Dr. Turin has been highly productive and has published more than 280 scholarly / academic publications including research manuscripts, conference proceedings, and book/book-chapters. He draws u",0,0,0,0.82,False,True
8113edcb-7d34-4b96-ab2b-49f9e96ef448,Mental Health,Mental Health,linkedin_headline,School Mental Health and MTSS Strategist | School Avoidance Specialist | National Presenter,0,0,0,0.92,False,True
cdc07aa4-1687-4320-a32e-6583764daa56,Amputee Rehabilitation,Amputee Rehabilitation,linkedin_about,"I am an MD/Ph.D. candidate interested in brain-computer interfacing and neuro-prosthetics for their potential in supporting amputee rehabilitation. At the University of Calgary, I am grateful to be developing neuron-chip interfacing systems that enable targeted drug delivery into the brain. In my undergraduate, I was fortunate to be involved in uncovering drug mechanisms and investigating novel strategies to overcome surgical barriers through robotics. I enjoy solving complex scientific puzzles and my main goal is to learn the skills needed to develop and deploy brain-computer interfaces and n",0,0,0,0.82,False,True
cdc07aa4-1687-4320-a32e-6583764daa56,Brain-Computer Interfaces,brain-computer interfacing,linkedin_about,"I am an MD/Ph.D. candidate interested in brain-computer interfacing and neuro-prosthetics for their potential in supporting amputee rehabilitation. At the University of Calgary, I am grateful to be developing neuron-chip interfacing systems that enable targeted drug delivery into the brain. In my undergraduate, I was fortunate to be involved in uncovering drug mechanisms and investigating novel strategies to overcome surgical barriers through robotics. I enjoy solving complex scientific puzzles and my main goal is to learn the skills needed to develop and deploy brain-computer interfaces and n",0,0,0,0.82,False,True
cdc07aa4-1687-4320-a32e-6583764daa56,Drug Delivery,targeted drug delivery,linkedin_about,"I am an MD/Ph.D. candidate interested in brain-computer interfacing and neuro-prosthetics for their potential in supporting amputee rehabilitation. At the University of Calgary, I am grateful to be developing neuron-chip interfacing systems that enable targeted drug delivery into the brain. In my undergraduate, I was fortunate to be involved in uncovering drug mechanisms and investigating novel strategies to overcome surgical barriers through robotics. I enjoy solving complex scientific puzzles and my main goal is to learn the skills needed to develop and deploy brain-computer interfaces and n",0,0,0,0.82,False,True
cdc07aa4-1687-4320-a32e-6583764daa56,Drug Mechanisms,Drug Mechanisms,linkedin_about,"I am an MD/Ph.D. candidate interested in brain-computer interfacing and neuro-prosthetics for their potential in supporting amputee rehabilitation. At the University of Calgary, I am grateful to be developing neuron-chip interfacing systems that enable targeted drug delivery into the brain. In my undergraduate, I was fortunate to be involved in uncovering drug mechanisms and investigating novel strategies to overcome surgical barriers through robotics. I enjoy solving complex scientific puzzles and my main goal is to learn the skills needed to develop and deploy brain-computer interfaces and n",0,0,0,0.82,False,True
cdc07aa4-1687-4320-a32e-6583764daa56,Neuroengineering,neuron-chip interfacing,linkedin_about,"I am an MD/Ph.D. candidate interested in brain-computer interfacing and neuro-prosthetics for their potential in supporting amputee rehabilitation. At the University of Calgary, I am grateful to be developing neuron-chip interfacing systems that enable targeted drug delivery into the brain. In my undergraduate, I was fortunate to be involved in uncovering drug mechanisms and investigating novel strategies to overcome surgical barriers through robotics. I enjoy solving complex scientific puzzles and my main goal is to learn the skills needed to develop and deploy brain-computer interfaces and n",0,0,0,0.82,False,True
cdc07aa4-1687-4320-a32e-6583764daa56,Neuroprosthetics,neuro-prosthetics,linkedin_about,"I am an MD/Ph.D. candidate interested in brain-computer interfacing and neuro-prosthetics for their potential in supporting amputee rehabilitation. At the University of Calgary, I am grateful to be developing neuron-chip interfacing systems that enable targeted drug delivery into the brain. In my undergraduate, I was fortunate to be involved in uncovering drug mechanisms and investigating novel strategies to overcome surgical barriers through robotics. I enjoy solving complex scientific puzzles and my main goal is to learn the skills needed to develop and deploy brain-computer interfaces and n",0,0,0,0.82,False,True
cdc07aa4-1687-4320-a32e-6583764daa56,Robotics,Robotics,linkedin_about,"I am an MD/Ph.D. candidate interested in brain-computer interfacing and neuro-prosthetics for their potential in supporting amputee rehabilitation. At the University of Calgary, I am grateful to be developing neuron-chip interfacing systems that enable targeted drug delivery into the brain. In my undergraduate, I was fortunate to be involved in uncovering drug mechanisms and investigating novel strategies to overcome surgical barriers through robotics. I enjoy solving complex scientific puzzles and my main goal is to learn the skills needed to develop and deploy brain-computer interfaces and n",0,0,0,0.82,False,True
65d6a6cf-d455-43a7-924b-1d1b25bb37d1,Artificial Intelligence,AI,linkedin_headline,"Incoming MS1, UofA | Co-Founder, Society for AI Literacy",0,0,0,0.92,False,True
c2a51769-ff4e-41b3-a853-1177cbf076b8,Data Analysis,Data Analysis,linkedin_headline,"Senior Researcher @TIES Centre for Immigrant Research | Expert in Advanced Data Analysis & Educational, Psychological and Community-Based Research | Advocate for Data-Driven Decision Making | Passionate Educator",0,0,0,0.92,False,True
c2a51769-ff4e-41b3-a853-1177cbf076b8,Decision Making,Decision Making,linkedin_headline,"Senior Researcher @TIES Centre for Immigrant Research | Expert in Advanced Data Analysis & Educational, Psychological and Community-Based Research | Advocate for Data-Driven Decision Making | Passionate Educator",0,0,0,0.92,False,True
c2a51769-ff4e-41b3-a853-1177cbf076b8,Decision Making,Decision Making,linkedin_about,"With over a decade of experience in quantitative and qualitative research, in both academic and community-based research contexts, I specialize in designing and executing impactful studies that drive evidence-based decision-making. Currently, as a Senior Researcher at the Centre for Immigrant Research, I focus on developing research strategies to support immigrant integration and enhance settlement services. I bring expertise in working within immigrant-serving organizations, conducting community-based research, and leveraging data to improve services for newcomers. As an experienced education",0,0,0,0.82,False,True
c2a51769-ff4e-41b3-a853-1177cbf076b8,Qualitative Research,Qualitative Research,linkedin_about,"With over a decade of experience in quantitative and qualitative research, in both academic and community-based research contexts, I specialize in designing and executing impactful studies that drive evidence-based decision-making. Currently, as a Senior Researcher at the Centre for Immigrant Research, I focus on developing research strategies to support immigrant integration and enhance settlement services. I bring expertise in working within immigrant-serving organizations, conducting community-based research, and leveraging data to improve services for newcomers. As an experienced education",0,0,0,0.82,False,True
d116db6e-1346-4137-bfb9-698b05b2816a,Biotechnology,Biotechnology,linkedin_headline,Innovator - bringing Ideas to life | R&D Leadership - Strategic opportunist | Concept to Vial - Product Development in BioPharma/Biotechnology,0,0,0,0.92,False,True
46f9fd7a-681a-433b-9b1b-b1b97419df7f,Artificial Intelligence,AI,linkedin_headline,Epidemiologist | Consultant | AI in healthcare,0,0,0,0.92,False,True
46f9fd7a-681a-433b-9b1b-b1b97419df7f,Epidemiology,epidemiologist,linkedin_headline,Epidemiologist | Consultant | AI in healthcare,0,0,0,0.92,False,True
e3554ab7-4bf7-4abc-98a3-eaa265ca524e,Social Sciences,Social Sciences,linkedin_about,"Dr. Gina Grandy brings a wealth of experience and expertise to her role as Dean and Professor at the Haskayne School of Business, University of Calgary. Having also served as the former Dean of the Hill-Levene Schools of Business at the University of Regina, Gina is known for her dynamic leadership and commitment to excellence. In addition to her academic leadership, Gina is a certified leadership and performance coach, offering strategic guidance to individuals and organizations seeking to excel in areas such as leadership development, women in leadership, strategy, and change management. Her",0,0,0,0.82,False,True
fce74dfc-f532-4650-8832-fc0e0a4485fb,Neurology,Neurology,linkedin_about,"I am an MD/PhD Student at the University of Calgary. I completed my PhD in Neuroscience at the University of Calgary where I studied the cellular mechanisms of opioids. I am enrolled in the Leaders in Medicine joint MD/PhD program and now completing the MD portion of my training. I am originally from Ottawa, Ontario and completed an undergraduate degree in Biochemistry at Queen's University in Kingston. I have been working towards a career in Medicine for many years and I hope to specialize in either Pediatrics or in Neurology. I hope to be able to pursue both clinical practice and research in",0,0,0,0.82,False,True
fce74dfc-f532-4650-8832-fc0e0a4485fb,Neuroscience,Neuroscience,linkedin_about,"I am an MD/PhD Student at the University of Calgary. I completed my PhD in Neuroscience at the University of Calgary where I studied the cellular mechanisms of opioids. I am enrolled in the Leaders in Medicine joint MD/PhD program and now completing the MD portion of my training. I am originally from Ottawa, Ontario and completed an undergraduate degree in Biochemistry at Queen's University in Kingston. I have been working towards a career in Medicine for many years and I hope to specialize in either Pediatrics or in Neurology. I hope to be able to pursue both clinical practice and research in",0,0,0,0.82,False,True
fce74dfc-f532-4650-8832-fc0e0a4485fb,Neurology,Neurology,linkedin_about_explicit,"I am an MD/PhD Student at the University of Calgary. I completed my PhD in Neuroscience at the University of Calgary where I studied the cellular mechanisms of opioids. I am enrolled in the Leaders in Medicine joint MD/PhD program and now completing the MD portion of my training. I am originally from Ottawa, Ontario and completed an undergraduate degree in Biochemistry at Queen's University in Kingston. I have been working towards a career in Medicine for many years and I hope to specialize in either Pediatrics or in Neurology. I hope to be able to pursue both clinical practice and research in",0,0,0,0.9,True,True
227f9d77-1bcf-487a-82db-0b1b7e563d80,clinical radiology,clinical radiology,linkedin_about_explicit,"Ethiopia-trained Radiologist with experience in clinical radiology and patient-centered care. A collaborative team player who thrives in multidisciplinary healthcare environments, working closely with diverse professionals to support accurate diagnosis and optimal patient outcomes. I have a strong interest in research focused on advancing diagnostic accuracy and healthcare innovation, and I actively volunteer in roles supporting patient navigation and community care.",0,0,0,0.9,True,False
3304a215-893f-4362-b84d-4bb61a7ab080,Clinical Trials,Clinical Trials,linkedin_headline,MSc Community Health Sciences student at the University of Calgary | Research Coordinator for Stroke Clinical Trials Group & Calgary Stroke Program,0,0,0,0.92,False,True
3304a215-893f-4362-b84d-4bb61a7ab080,Stroke,Stroke,linkedin_headline,MSc Community Health Sciences student at the University of Calgary | Research Coordinator for Stroke Clinical Trials Group & Calgary Stroke Program,0,0,0,0.92,False,True
3304a215-893f-4362-b84d-4bb61a7ab080,Clinical Trials,Clinical Trials,linkedin_about,"Master's student in Community Health Sciences, specializing in Epidemiology, at the University of Calgary. Thesis research examines the potential protective association between vaccination and stroke occurrence, with a focus on understanding implications for public health treatments and stroke prevention. Currently working as a Research Coordinator for the Stroke Clinical Trials Group & Calgary Stroke Program at the University of Calgary, supporting data quality control, management of electronic Trial Master Files, and large clinical trial management.",0,0,0,0.82,False,True
3304a215-893f-4362-b84d-4bb61a7ab080,Epidemiology,Epidemiology,linkedin_about,"Master's student in Community Health Sciences, specializing in Epidemiology, at the University of Calgary. Thesis research examines the potential protective association between vaccination and stroke occurrence, with a focus on understanding implications for public health treatments and stroke prevention. Currently working as a Research Coordinator for the Stroke Clinical Trials Group & Calgary Stroke Program at the University of Calgary, supporting data quality control, management of electronic Trial Master Files, and large clinical trial management.",0,0,0,0.82,False,True
3304a215-893f-4362-b84d-4bb61a7ab080,Public Health,Public Health,linkedin_about,"Master's student in Community Health Sciences, specializing in Epidemiology, at the University of Calgary. Thesis research examines the potential protective association between vaccination and stroke occurrence, with a focus on understanding implications for public health treatments and stroke prevention. Currently working as a Research Coordinator for the Stroke Clinical Trials Group & Calgary Stroke Program at the University of Calgary, supporting data quality control, management of electronic Trial Master Files, and large clinical trial management.",0,0,0,0.82,False,True
3304a215-893f-4362-b84d-4bb61a7ab080,Stroke,Stroke,linkedin_about,"Master's student in Community Health Sciences, specializing in Epidemiology, at the University of Calgary. Thesis research examines the potential protective association between vaccination and stroke occurrence, with a focus on understanding implications for public health treatments and stroke prevention. Currently working as a Research Coordinator for the Stroke Clinical Trials Group & Calgary Stroke Program at the University of Calgary, supporting data quality control, management of electronic Trial Master Files, and large clinical trial management.",0,0,0,0.82,False,True
3304a215-893f-4362-b84d-4bb61a7ab080,Epidemiology,Epidemiology,linkedin_about_explicit,"Master's student in Community Health Sciences, specializing in Epidemiology, at the University of Calgary. Thesis research examines the potential protective association between vaccination and stroke occurrence, with a focus on understanding implications for public health treatments and stroke prevention. Currently working as a Research Coordinator for the Stroke Clinical Trials Group & Calgary Stroke Program at the University of Calgary, supporting data quality control, management of electronic Trial Master Files, and large clinical trial management.",0,0,0,0.9,True,True
31734037-6b81-4bc5-b485-650f05e4fe91,Cannabis,Cannabis,linkedin_about,"Im a graduate-level researcher in school and applied child psychology with several years of experience in youth mental health, and school-based contexts. I have training in both qualitative and quantitative research methods, with quantitative work focused on cannabis use and mental health, including a sole-authored publication in this area. My background includes research assistantships, counselling and volunteer roles that support high-risk youth. I have developed strong skills in interviewing, survey design, statistical analysis, thematic analysis, academic writing, and collaborative project",0,0,0,0.82,False,True
31734037-6b81-4bc5-b485-650f05e4fe91,Mental Health,Mental Health,linkedin_about,"Im a graduate-level researcher in school and applied child psychology with several years of experience in youth mental health, and school-based contexts. I have training in both qualitative and quantitative research methods, with quantitative work focused on cannabis use and mental health, including a sole-authored publication in this area. My background includes research assistantships, counselling and volunteer roles that support high-risk youth. I have developed strong skills in interviewing, survey design, statistical analysis, thematic analysis, academic writing, and collaborative project",0,0,0,0.82,False,True
31734037-6b81-4bc5-b485-650f05e4fe91,Psychology,Psychology,linkedin_about,"Im a graduate-level researcher in school and applied child psychology with several years of experience in youth mental health, and school-based contexts. I have training in both qualitative and quantitative research methods, with quantitative work focused on cannabis use and mental health, including a sole-authored publication in this area. My background includes research assistantships, counselling and volunteer roles that support high-risk youth. I have developed strong skills in interviewing, survey design, statistical analysis, thematic analysis, academic writing, and collaborative project",0,0,0,0.82,False,True
92b379c6-3c0a-4620-a98b-6b023aa0806f,Neuroscience,neuroscientist,linkedin_headline,Pharmacologist | Neuroscientist | CIHR Doctoral Scholar,0,0,0,0.92,False,True
92b379c6-3c0a-4620-a98b-6b023aa0806f,Pharmacology,pharmacologist,linkedin_headline,Pharmacologist | Neuroscientist | CIHR Doctoral Scholar,0,0,0,0.92,False,True
92b379c6-3c0a-4620-a98b-6b023aa0806f,Addiction,Addiction,linkedin_about,"I am a Doctoral Researcher in the field of Neuroscience at the Hotchkiss Brain Institute, with nearly a decade of experience in Behavioural Neuroscience and Neuropsychopharmacology. I hold both a BSc. and MSc. in Biomedical Science (Neuroscience Specialization) with broader training in addiction, stress, and mood-related disorders. My work spans both preclinical and clinical research, focusing on the neural mechanisms that shape eating behaviours. I currently study how diet induces alterations in brain circuitry that influences decision-making leading to the persistence of maladaptive habits, ",0,0,0,0.82,False,True
92b379c6-3c0a-4620-a98b-6b023aa0806f,Astrocytes,Astrocytes,linkedin_about,"I am a Doctoral Researcher in the field of Neuroscience at the Hotchkiss Brain Institute, with nearly a decade of experience in Behavioural Neuroscience and Neuropsychopharmacology. I hold both a BSc. and MSc. in Biomedical Science (Neuroscience Specialization) with broader training in addiction, stress, and mood-related disorders. My work spans both preclinical and clinical research, focusing on the neural mechanisms that shape eating behaviours. I currently study how diet induces alterations in brain circuitry that influences decision-making leading to the persistence of maladaptive habits, ",0,0,0,0.82,False,True
92b379c6-3c0a-4620-a98b-6b023aa0806f,Behavioural Neuroscience,Behavioural Neuroscience,linkedin_about,"I am a Doctoral Researcher in the field of Neuroscience at the Hotchkiss Brain Institute, with nearly a decade of experience in Behavioural Neuroscience and Neuropsychopharmacology. I hold both a BSc. and MSc. in Biomedical Science (Neuroscience Specialization) with broader training in addiction, stress, and mood-related disorders. My work spans both preclinical and clinical research, focusing on the neural mechanisms that shape eating behaviours. I currently study how diet induces alterations in brain circuitry that influences decision-making leading to the persistence of maladaptive habits, ",0,0,0,0.82,False,True
92b379c6-3c0a-4620-a98b-6b023aa0806f,Brain Circuitry,Brain Circuitry,linkedin_about,"I am a Doctoral Researcher in the field of Neuroscience at the Hotchkiss Brain Institute, with nearly a decade of experience in Behavioural Neuroscience and Neuropsychopharmacology. I hold both a BSc. and MSc. in Biomedical Science (Neuroscience Specialization) with broader training in addiction, stress, and mood-related disorders. My work spans both preclinical and clinical research, focusing on the neural mechanisms that shape eating behaviours. I currently study how diet induces alterations in brain circuitry that influences decision-making leading to the persistence of maladaptive habits, ",0,0,0,0.82,False,True
92b379c6-3c0a-4620-a98b-6b023aa0806f,Clinical Research,Clinical Research,linkedin_about,"I am a Doctoral Researcher in the field of Neuroscience at the Hotchkiss Brain Institute, with nearly a decade of experience in Behavioural Neuroscience and Neuropsychopharmacology. I hold both a BSc. and MSc. in Biomedical Science (Neuroscience Specialization) with broader training in addiction, stress, and mood-related disorders. My work spans both preclinical and clinical research, focusing on the neural mechanisms that shape eating behaviours. I currently study how diet induces alterations in brain circuitry that influences decision-making leading to the persistence of maladaptive habits, ",0,0,0,0.82,False,True
92b379c6-3c0a-4620-a98b-6b023aa0806f,Data Analysis,Data Analysis,linkedin_about,"I am a Doctoral Researcher in the field of Neuroscience at the Hotchkiss Brain Institute, with nearly a decade of experience in Behavioural Neuroscience and Neuropsychopharmacology. I hold both a BSc. and MSc. in Biomedical Science (Neuroscience Specialization) with broader training in addiction, stress, and mood-related disorders. My work spans both preclinical and clinical research, focusing on the neural mechanisms that shape eating behaviours. I currently study how diet induces alterations in brain circuitry that influences decision-making leading to the persistence of maladaptive habits, ",0,0,0,0.82,False,True
92b379c6-3c0a-4620-a98b-6b023aa0806f,Decision Making,Decision Making,linkedin_about,"I am a Doctoral Researcher in the field of Neuroscience at the Hotchkiss Brain Institute, with nearly a decade of experience in Behavioural Neuroscience and Neuropsychopharmacology. I hold both a BSc. and MSc. in Biomedical Science (Neuroscience Specialization) with broader training in addiction, stress, and mood-related disorders. My work spans both preclinical and clinical research, focusing on the neural mechanisms that shape eating behaviours. I currently study how diet induces alterations in brain circuitry that influences decision-making leading to the persistence of maladaptive habits, ",0,0,0,0.82,False,True
92b379c6-3c0a-4620-a98b-6b023aa0806f,Eating Behaviour,eating behaviours,linkedin_about,"I am a Doctoral Researcher in the field of Neuroscience at the Hotchkiss Brain Institute, with nearly a decade of experience in Behavioural Neuroscience and Neuropsychopharmacology. I hold both a BSc. and MSc. in Biomedical Science (Neuroscience Specialization) with broader training in addiction, stress, and mood-related disorders. My work spans both preclinical and clinical research, focusing on the neural mechanisms that shape eating behaviours. I currently study how diet induces alterations in brain circuitry that influences decision-making leading to the persistence of maladaptive habits, ",0,0,0,0.82,False,True
92b379c6-3c0a-4620-a98b-6b023aa0806f,Eating Disorders,Eating Disorders,linkedin_about,"I am a Doctoral Researcher in the field of Neuroscience at the Hotchkiss Brain Institute, with nearly a decade of experience in Behavioural Neuroscience and Neuropsychopharmacology. I hold both a BSc. and MSc. in Biomedical Science (Neuroscience Specialization) with broader training in addiction, stress, and mood-related disorders. My work spans both preclinical and clinical research, focusing on the neural mechanisms that shape eating behaviours. I currently study how diet induces alterations in brain circuitry that influences decision-making leading to the persistence of maladaptive habits, ",0,0,0,0.82,False,True
92b379c6-3c0a-4620-a98b-6b023aa0806f,Mood Disorders,mood-related disorders,linkedin_about,"I am a Doctoral Researcher in the field of Neuroscience at the Hotchkiss Brain Institute, with nearly a decade of experience in Behavioural Neuroscience and Neuropsychopharmacology. I hold both a BSc. and MSc. in Biomedical Science (Neuroscience Specialization) with broader training in addiction, stress, and mood-related disorders. My work spans both preclinical and clinical research, focusing on the neural mechanisms that shape eating behaviours. I currently study how diet induces alterations in brain circuitry that influences decision-making leading to the persistence of maladaptive habits, ",0,0,0,0.82,False,True
92b379c6-3c0a-4620-a98b-6b023aa0806f,Neuropharmacology,neuropsychopharmacology,linkedin_about,"I am a Doctoral Researcher in the field of Neuroscience at the Hotchkiss Brain Institute, with nearly a decade of experience in Behavioural Neuroscience and Neuropsychopharmacology. I hold both a BSc. and MSc. in Biomedical Science (Neuroscience Specialization) with broader training in addiction, stress, and mood-related disorders. My work spans both preclinical and clinical research, focusing on the neural mechanisms that shape eating behaviours. I currently study how diet induces alterations in brain circuitry that influences decision-making leading to the persistence of maladaptive habits, ",0,0,0,0.82,False,True
92b379c6-3c0a-4620-a98b-6b023aa0806f,Neuroscience,Neuroscience,linkedin_about,"I am a Doctoral Researcher in the field of Neuroscience at the Hotchkiss Brain Institute, with nearly a decade of experience in Behavioural Neuroscience and Neuropsychopharmacology. I hold both a BSc. and MSc. in Biomedical Science (Neuroscience Specialization) with broader training in addiction, stress, and mood-related disorders. My work spans both preclinical and clinical research, focusing on the neural mechanisms that shape eating behaviours. I currently study how diet induces alterations in brain circuitry that influences decision-making leading to the persistence of maladaptive habits, ",0,0,0,0.82,False,True
92b379c6-3c0a-4620-a98b-6b023aa0806f,Research Design,experimental design,linkedin_about,"I am a Doctoral Researcher in the field of Neuroscience at the Hotchkiss Brain Institute, with nearly a decade of experience in Behavioural Neuroscience and Neuropsychopharmacology. I hold both a BSc. and MSc. in Biomedical Science (Neuroscience Specialization) with broader training in addiction, stress, and mood-related disorders. My work spans both preclinical and clinical research, focusing on the neural mechanisms that shape eating behaviours. I currently study how diet induces alterations in brain circuitry that influences decision-making leading to the persistence of maladaptive habits, ",0,0,0,0.82,False,True
92b379c6-3c0a-4620-a98b-6b023aa0806f,Stress,Stress,linkedin_about,"I am a Doctoral Researcher in the field of Neuroscience at the Hotchkiss Brain Institute, with nearly a decade of experience in Behavioural Neuroscience and Neuropsychopharmacology. I hold both a BSc. and MSc. in Biomedical Science (Neuroscience Specialization) with broader training in addiction, stress, and mood-related disorders. My work spans both preclinical and clinical research, focusing on the neural mechanisms that shape eating behaviours. I currently study how diet induces alterations in brain circuitry that influences decision-making leading to the persistence of maladaptive habits, ",0,0,0,0.82,False,True
ef121235-d2e7-4250-bbe1-9fceb6febae7,Social Sciences,Social Sciences,linkedin_headline,"WEBINAR Come learn about the New Frontiers in Research Fund 2026 Exploration competition requirements and ask all your questions! May 21 at 10:00am ET (French) May 21 at 1:00pm ET (English) For more info: https://lnkd.in/eiYan28D #NFRF #cdnpse #ResearchFunding #Innovation Social Sciences and Humanities Research Council of Canada (SSHRC) Natural Sciences and Engineering Research Council of Canada (NSERC) Canadian Institutes of Health Research | Instituts de recherche en sant du Canada Canada Foundation for Innovation/Fondation canadienne pour l'innovation Innovation, Science and Economic Develo",0,0,0,0.92,False,True
afede334-d3bd-4233-860a-c2ebeed96bef,Health Services,Health Services,linkedin_headline,Congratulations to the Calgary Stroke Program team! They have won the 2025 ASTech Researcher of the Year Award! Research led by the Calgary Stroke Program has transformed stroke treatment globally and improved the lives of countless patients. Their ESCAPE study showed how endovascular thrombectomy (EVT) could drastically reduce stroke-related disability and death. Successful trials have helped determine international guidelines for stroke care and established Calgary as a leader in the field. Bravo to the many members of the Calgary Stroke Team! Read more: https://lnkd.in/gV3EftYz Hotchkiss Br,0,0,0,0.92,False,True
afede334-d3bd-4233-860a-c2ebeed96bef,Public Health,Public Health,linkedin_headline,Congratulations to the Calgary Stroke Program team! They have won the 2025 ASTech Researcher of the Year Award! Research led by the Calgary Stroke Program has transformed stroke treatment globally and improved the lives of countless patients. Their ESCAPE study showed how endovascular thrombectomy (EVT) could drastically reduce stroke-related disability and death. Successful trials have helped determine international guidelines for stroke care and established Calgary as a leader in the field. Bravo to the many members of the Calgary Stroke Team! Read more: https://lnkd.in/gV3EftYz Hotchkiss Br,0,0,0,0.92,False,True
afede334-d3bd-4233-860a-c2ebeed96bef,Stroke,Stroke,linkedin_headline,Congratulations to the Calgary Stroke Program team! They have won the 2025 ASTech Researcher of the Year Award! Research led by the Calgary Stroke Program has transformed stroke treatment globally and improved the lives of countless patients. Their ESCAPE study showed how endovascular thrombectomy (EVT) could drastically reduce stroke-related disability and death. Successful trials have helped determine international guidelines for stroke care and established Calgary as a leader in the field. Bravo to the many members of the Calgary Stroke Team! Read more: https://lnkd.in/gV3EftYz Hotchkiss Br,0,0,0,0.92,False,True
d0acaa7f-1d1c-4ed4-b005-f761383bc900,Psychology,Psychology,linkedin_headline,Sociology + Psychology Honours | Undergraduate Researcher | University of Calgary,0,0,0,0.92,False,True
49763fcc-eef0-4d5c-b7b6-e50306059e11,Neuroscience,Neuroscience,linkedin_headline,"I'm honoured to (finally) share that I've won the Canada Graduate Research Scholarship from Canadian Institutes of Health Research | Instituts de recherche en sant du Canada ! This support means so much as I continue my PhD research in Neuroscience. Im especially thankful to my supervisors ( Leah Mayo and Dr. Matt Hill) mentors, lab members, friends, and family for all of their encouragement and guidance throughout this journey. Looking forward to the next stage of this work and the oppo",0,0,0,0.92,False,True
b09e11c3-3662-43d4-be74-d01aa75f830e,Neurodevelopmental Disorders,Neurodevelopmental Disorders,linkedin_about,"I am currently an incoming fourth year student at the University of Calgary working towards an Honours Bachelor of Science degree in Neuroscience. I am passionate about everything science-related (especially the brain) and always strive to improve the world even in little ways. I have previously held two student research positions and have presented my project at the Calgary Youth Science Fairs in 2022 and 2023 where I have received multiple medals and awards for my scientific research projects. Over the summer of 2023, I volunteered at numerous locations primarily to work with and give back t",0,0,0,0.82,False,True
b09e11c3-3662-43d4-be74-d01aa75f830e,Neuroscience,Neuroscience,linkedin_about,"I am currently an incoming fourth year student at the University of Calgary working towards an Honours Bachelor of Science degree in Neuroscience. I am passionate about everything science-related (especially the brain) and always strive to improve the world even in little ways. I have previously held two student research positions and have presented my project at the Calgary Youth Science Fairs in 2022 and 2023 where I have received multiple medals and awards for my scientific research projects. Over the summer of 2023, I volunteered at numerous locations primarily to work with and give back t",0,0,0,0.82,False,True
59f1baa7-c47e-4120-aab8-90de02a38acf,Artificial Intelligence,AI,linkedin_about,"With the explosion of Remote Sensing (RS) data, fast market growth is bottlenecked by the lack of intelligent analytics that can automatically transfer large-volume, ever-increasing, noisy, heterogeneous raw RS data into compact, real-time, value-added information products. I tailor-design cutting-edge AI solutions to enable automatic generation of scalable RS information products in a high-precision, fast and cost-effective manner to better support various key applications in environmental monitoring, climate change studies and resource exploration. I have strong expertise on AI and machine l",0,0,0,0.82,False,True
59f1baa7-c47e-4120-aab8-90de02a38acf,Machine Learning,Machine Learning,linkedin_about,"With the explosion of Remote Sensing (RS) data, fast market growth is bottlenecked by the lack of intelligent analytics that can automatically transfer large-volume, ever-increasing, noisy, heterogeneous raw RS data into compact, real-time, value-added information products. I tailor-design cutting-edge AI solutions to enable automatic generation of scalable RS information products in a high-precision, fast and cost-effective manner to better support various key applications in environmental monitoring, climate change studies and resource exploration. I have strong expertise on AI and machine l",0,0,0,0.82,False,True
480cc2ee-0cb0-41ea-96b5-90c6afcb2a8d,Health Systems,health system,linkedin_headline,"Senior Business Partner, Health System Enablement | Problem Solver, Connector, Smile Sharer",0,0,0,0.92,False,True
efdbc8f3-283f-4d55-8d4a-cf4403e08152,Public Health,Public Health,linkedin_headline,"One Month Before the Next Time Change, Canada Reconsiders the Practice Today, October 2, 2025, MP Marie France Lalonde announced a Private Members Bill to address Canada s bi annual time change. The proposed legislation would launch a pan Canadian conference to discuss the possibility of adopting a fixed time nationwide. Joined by Members of Parliament and researchers from the Canadian Sleep Research Consortium including Dr. R becca Robillard ( University of Ottawa & The Royal ), Dr. Michael Antle ( University of Calgary ), Dr. Tetyana Kendzerska ( University of Ottawa & The Ottawa Hospital ),",0,0,0,0.92,False,True
e08e3686-313b-4b16-a632-07ecfb926907,Astrocytes,Astrocytes,linkedin_about,"Hi my name is Matthew Komori. I am a third year Kinesiology BSc student at the University of Calgary. I find the human body so fascinating and integrative and I have always had a passion for sports. Specifically, I played competitive volleyball, winning many provincial titles and one national championship. Now, Im currently the head coach for a volleyball club in Calgary, owned by one of my former coaches. Coaching has been incredibly rewardingI love working with kids and seeing them learn, grow, and have fun through sport. In addition to volleyball, I also teach swimming and work as a lifegua",0,0,0,0.82,False,True
e08e3686-313b-4b16-a632-07ecfb926907,Mental Health,Mental Health,linkedin_about,"Hi my name is Matthew Komori. I am a third year Kinesiology BSc student at the University of Calgary. I find the human body so fascinating and integrative and I have always had a passion for sports. Specifically, I played competitive volleyball, winning many provincial titles and one national championship. Now, Im currently the head coach for a volleyball club in Calgary, owned by one of my former coaches. Coaching has been incredibly rewardingI love working with kids and seeing them learn, grow, and have fun through sport. In addition to volleyball, I also teach swimming and work as a lifegua",0,0,0,0.82,False,True
e08e3686-313b-4b16-a632-07ecfb926907,Research Design,experimental design,linkedin_about,"Hi my name is Matthew Komori. I am a third year Kinesiology BSc student at the University of Calgary. I find the human body so fascinating and integrative and I have always had a passion for sports. Specifically, I played competitive volleyball, winning many provincial titles and one national championship. Now, Im currently the head coach for a volleyball club in Calgary, owned by one of my former coaches. Coaching has been incredibly rewardingI love working with kids and seeing them learn, grow, and have fun through sport. In addition to volleyball, I also teach swimming and work as a lifegua",0,0,0,0.82,False,True
e08e3686-313b-4b16-a632-07ecfb926907,Stress,Stress,linkedin_about,"Hi my name is Matthew Komori. I am a third year Kinesiology BSc student at the University of Calgary. I find the human body so fascinating and integrative and I have always had a passion for sports. Specifically, I played competitive volleyball, winning many provincial titles and one national championship. Now, Im currently the head coach for a volleyball club in Calgary, owned by one of my former coaches. Coaching has been incredibly rewardingI love working with kids and seeing them learn, grow, and have fun through sport. In addition to volleyball, I also teach swimming and work as a lifegua",0,0,0,0.82,False,True
17689c22-cf80-44cf-a1f0-671f6081695e,Bioengineering,Bioengineering,linkedin_about,"Energetic, enthusiastic educator and researcher with expertise in chemical engineering, bioengineering of stem cells, and tissue engineering. Experience with running and expanding a multidisciplinary cross-faculty graduate program. Specialties: My research focus is on the generation of large numbers of stem cells and their differentiated progeny in controlled processes for clinical and therapeutic purposes - the scale-up of stem cell production in bioreactors. This is important because large numbers of stem cells are required for research and treatment of diseases ranging from Parkinson's dise",0,0,0,0.82,False,True
17689c22-cf80-44cf-a1f0-671f6081695e,Parkinson Disease,Parkinson's disease,linkedin_about,"Energetic, enthusiastic educator and researcher with expertise in chemical engineering, bioengineering of stem cells, and tissue engineering. Experience with running and expanding a multidisciplinary cross-faculty graduate program. Specialties: My research focus is on the generation of large numbers of stem cells and their differentiated progeny in controlled processes for clinical and therapeutic purposes - the scale-up of stem cell production in bioreactors. This is important because large numbers of stem cells are required for research and treatment of diseases ranging from Parkinson's dise",0,0,0,0.82,False,True
17689c22-cf80-44cf-a1f0-671f6081695e,Stem Cells,Stem Cells,linkedin_about,"Energetic, enthusiastic educator and researcher with expertise in chemical engineering, bioengineering of stem cells, and tissue engineering. Experience with running and expanding a multidisciplinary cross-faculty graduate program. Specialties: My research focus is on the generation of large numbers of stem cells and their differentiated progeny in controlled processes for clinical and therapeutic purposes - the scale-up of stem cell production in bioreactors. This is important because large numbers of stem cells are required for research and treatment of diseases ranging from Parkinson's dise",0,0,0,0.82,False,True
17689c22-cf80-44cf-a1f0-671f6081695e,Tissue Engineering,Tissue Engineering,linkedin_about,"Energetic, enthusiastic educator and researcher with expertise in chemical engineering, bioengineering of stem cells, and tissue engineering. Experience with running and expanding a multidisciplinary cross-faculty graduate program. Specialties: My research focus is on the generation of large numbers of stem cells and their differentiated progeny in controlled processes for clinical and therapeutic purposes - the scale-up of stem cell production in bioreactors. This is important because large numbers of stem cells are required for research and treatment of diseases ranging from Parkinson's dise",0,0,0,0.82,False,True
030f8cde-f2ae-4824-8f5b-98102638bf51,Child Health,Child Health,linkedin_about,Passionate about child health and wellness.,0,0,0,0.82,False,True
03db3f72-1adc-4d08-bdde-9864a58cb2a6,Artificial Intelligence,AI,linkedin_headline,Founder and CEO at Thrive Global | Passionate about Health and AI,0,0,0,0.92,False,True
03db3f72-1adc-4d08-bdde-9864a58cb2a6,Biomedical Engineering,Biomedical Engineering,linkedin_about,"PhD candidate in Biomedical Engineering with 8+ years of experience in biomedical image and signal processing, machine learning, and data analysis. I am proficient in MATLAB, Python, and C/C++, with strong expertise in statistical analysis, mathematical modelling, and deep learning. My research focuses on estimating and correcting motion during MRI acquisition using EEG signals, with applications in EEGfMRI analysis. I build data pipelines, develop ML algorithms, and design tools for EEG and MRI analysis, contributing to feature extraction, image processing, visualization, and hardwaresoftware",0,0,0,0.82,False,True
03db3f72-1adc-4d08-bdde-9864a58cb2a6,Data Analysis,Data Analysis,linkedin_about,"PhD candidate in Biomedical Engineering with 8+ years of experience in biomedical image and signal processing, machine learning, and data analysis. I am proficient in MATLAB, Python, and C/C++, with strong expertise in statistical analysis, mathematical modelling, and deep learning. My research focuses on estimating and correcting motion during MRI acquisition using EEG signals, with applications in EEGfMRI analysis. I build data pipelines, develop ML algorithms, and design tools for EEG and MRI analysis, contributing to feature extraction, image processing, visualization, and hardwaresoftware",0,0,0,0.82,False,True
03db3f72-1adc-4d08-bdde-9864a58cb2a6,Deep Learning,Deep Learning,linkedin_about,"PhD candidate in Biomedical Engineering with 8+ years of experience in biomedical image and signal processing, machine learning, and data analysis. I am proficient in MATLAB, Python, and C/C++, with strong expertise in statistical analysis, mathematical modelling, and deep learning. My research focuses on estimating and correcting motion during MRI acquisition using EEG signals, with applications in EEGfMRI analysis. I build data pipelines, develop ML algorithms, and design tools for EEG and MRI analysis, contributing to feature extraction, image processing, visualization, and hardwaresoftware",0,0,0,0.82,False,True
03db3f72-1adc-4d08-bdde-9864a58cb2a6,Electroencephalography,EEG,linkedin_about,"PhD candidate in Biomedical Engineering with 8+ years of experience in biomedical image and signal processing, machine learning, and data analysis. I am proficient in MATLAB, Python, and C/C++, with strong expertise in statistical analysis, mathematical modelling, and deep learning. My research focuses on estimating and correcting motion during MRI acquisition using EEG signals, with applications in EEGfMRI analysis. I build data pipelines, develop ML algorithms, and design tools for EEG and MRI analysis, contributing to feature extraction, image processing, visualization, and hardwaresoftware",0,0,0,0.82,False,True
03db3f72-1adc-4d08-bdde-9864a58cb2a6,Machine Learning,Machine Learning,linkedin_about,"PhD candidate in Biomedical Engineering with 8+ years of experience in biomedical image and signal processing, machine learning, and data analysis. I am proficient in MATLAB, Python, and C/C++, with strong expertise in statistical analysis, mathematical modelling, and deep learning. My research focuses on estimating and correcting motion during MRI acquisition using EEG signals, with applications in EEGfMRI analysis. I build data pipelines, develop ML algorithms, and design tools for EEG and MRI analysis, contributing to feature extraction, image processing, visualization, and hardwaresoftware",0,0,0,0.82,False,True
03db3f72-1adc-4d08-bdde-9864a58cb2a6,Magnetic Resonance Imaging,MRI,linkedin_about,"PhD candidate in Biomedical Engineering with 8+ years of experience in biomedical image and signal processing, machine learning, and data analysis. I am proficient in MATLAB, Python, and C/C++, with strong expertise in statistical analysis, mathematical modelling, and deep learning. My research focuses on estimating and correcting motion during MRI acquisition using EEG signals, with applications in EEGfMRI analysis. I build data pipelines, develop ML algorithms, and design tools for EEG and MRI analysis, contributing to feature extraction, image processing, visualization, and hardwaresoftware",0,0,0,0.82,False,True
03db3f72-1adc-4d08-bdde-9864a58cb2a6,Medical Image Processing,image processing,linkedin_about,"PhD candidate in Biomedical Engineering with 8+ years of experience in biomedical image and signal processing, machine learning, and data analysis. I am proficient in MATLAB, Python, and C/C++, with strong expertise in statistical analysis, mathematical modelling, and deep learning. My research focuses on estimating and correcting motion during MRI acquisition using EEG signals, with applications in EEGfMRI analysis. I build data pipelines, develop ML algorithms, and design tools for EEG and MRI analysis, contributing to feature extraction, image processing, visualization, and hardwaresoftware",0,0,0,0.82,False,True
03db3f72-1adc-4d08-bdde-9864a58cb2a6,Neuroimaging,Neuroimaging,linkedin_about,"PhD candidate in Biomedical Engineering with 8+ years of experience in biomedical image and signal processing, machine learning, and data analysis. I am proficient in MATLAB, Python, and C/C++, with strong expertise in statistical analysis, mathematical modelling, and deep learning. My research focuses on estimating and correcting motion during MRI acquisition using EEG signals, with applications in EEGfMRI analysis. I build data pipelines, develop ML algorithms, and design tools for EEG and MRI analysis, contributing to feature extraction, image processing, visualization, and hardwaresoftware",0,0,0,0.82,False,True
03db3f72-1adc-4d08-bdde-9864a58cb2a6,Python,Python,linkedin_about,"PhD candidate in Biomedical Engineering with 8+ years of experience in biomedical image and signal processing, machine learning, and data analysis. I am proficient in MATLAB, Python, and C/C++, with strong expertise in statistical analysis, mathematical modelling, and deep learning. My research focuses on estimating and correcting motion during MRI acquisition using EEG signals, with applications in EEGfMRI analysis. I build data pipelines, develop ML algorithms, and design tools for EEG and MRI analysis, contributing to feature extraction, image processing, visualization, and hardwaresoftware",0,0,0,0.82,False,True
03db3f72-1adc-4d08-bdde-9864a58cb2a6,Signal Processing,Signal Processing,linkedin_about,"PhD candidate in Biomedical Engineering with 8+ years of experience in biomedical image and signal processing, machine learning, and data analysis. I am proficient in MATLAB, Python, and C/C++, with strong expertise in statistical analysis, mathematical modelling, and deep learning. My research focuses on estimating and correcting motion during MRI acquisition using EEG signals, with applications in EEGfMRI analysis. I build data pipelines, develop ML algorithms, and design tools for EEG and MRI analysis, contributing to feature extraction, image processing, visualization, and hardwaresoftware",0,0,0,0.82,False,True
03db3f72-1adc-4d08-bdde-9864a58cb2a6,Electroencephalography,EEG,linkedin_about_explicit,"PhD candidate in Biomedical Engineering with 8+ years of experience in biomedical image and signal processing, machine learning, and data analysis. I am proficient in MATLAB, Python, and C/C++, with strong expertise in statistical analysis, mathematical modelling, and deep learning. My research focuses on estimating and correcting motion during MRI acquisition using EEG signals, with applications in EEGfMRI analysis. I build data pipelines, develop ML algorithms, and design tools for EEG and MRI analysis, contributing to feature extraction, image processing, visualization, and hardwaresoftware",0,0,0,0.9,True,True
03db3f72-1adc-4d08-bdde-9864a58cb2a6,Magnetic Resonance Imaging,MRI,linkedin_about_explicit,"PhD candidate in Biomedical Engineering with 8+ years of experience in biomedical image and signal processing, machine learning, and data analysis. I am proficient in MATLAB, Python, and C/C++, with strong expertise in statistical analysis, mathematical modelling, and deep learning. My research focuses on estimating and correcting motion during MRI acquisition using EEG signals, with applications in EEGfMRI analysis. I build data pipelines, develop ML algorithms, and design tools for EEG and MRI analysis, contributing to feature extraction, image processing, visualization, and hardwaresoftware",0,0,0,0.9,True,True
0c2aa172-9ee3-4815-a8e8-940f4c2e9e09,Neuroscience,neuroscience researcher,linkedin_headline,CIHR CGSM Scholar | Co-Executive Director of Brain Climate Equity Collaborative | UCalgary WRC Distinguished Graduate Student 2026 | MSc Neuroscience Researcher,0,0,0,0.92,False,True
0c2aa172-9ee3-4815-a8e8-940f4c2e9e09,Health Equity,Health Equity,linkedin_about,"MSc Neuroscience researcher and Co-Executive Director of the Brain Climate Equity Collaborative, working at the intersection of neurological health, climate justice, and health equity. My work focuses on translating research into real-world impact, advancing climate-resilient approaches to neurological health, and building initiatives that center community and inclusion.",0,0,0,0.82,False,True
0c2aa172-9ee3-4815-a8e8-940f4c2e9e09,Neuroscience,neuroscience researcher,linkedin_about,"MSc Neuroscience researcher and Co-Executive Director of the Brain Climate Equity Collaborative, working at the intersection of neurological health, climate justice, and health equity. My work focuses on translating research into real-world impact, advancing climate-resilient approaches to neurological health, and building initiatives that center community and inclusion.",0,0,0,0.82,False,True
56a1930b-86d2-43fd-8ba5-cf49dddd7b32,Psychology,psychology student,linkedin_headline,Psychology Student at UCalgary | Arts and Science Honours Academy | Horatio Alger Scholar 25,0,0,0,0.92,False,True
56a1930b-86d2-43fd-8ba5-cf49dddd7b32,Psychology,psychology student,linkedin_about,"I am a first year psychology student at the University of Calgary. I could say a lot in this bio but the description with the greatest potency in the least amount of words is this: asking stupid questions has served me well. I love learning, whenever I can; everything I do reflects that.",0,0,0,0.82,False,True
465607d0-7eec-4fc1-9e85-f3ba7630de87,Neuroscience,Neuroscience,linkedin_about,Recent graduate from the MSc Neuroscience program at the University of Calgary and former student-athlete at Mount Royal University. Passionate about the brain and it's impact on human behaviour!,0,0,0,0.82,False,True
83b39db3-81d5-4826-a845-78dd04233ffe,Biological Sciences,Biological Sciences,linkedin_headline,Master of Management Student Class of 2026 | Bachelor of Biological Sciences,0,0,0,0.92,False,True
37968b3f-84d7-4292-84c0-b2be36cec56e,Mental Health,Mental Health,linkedin_headline,"Director, MESSI Research Lab | Assistant Professor, Software Engineering, University of Calgary | Full Member, Hotchkiss Brain Institute | Full Member, Mathison Centre for Mental Health Research & Education",0,0,0,0.92,False,True
2639593a-850c-4dcb-be8b-e338bccf7a2f,Biomedical Engineering,Biomedical Engineering,linkedin_headline,Computational Neuroscience Enthusiast | Biomedical Engineering Student,0,0,0,0.92,False,True
2639593a-850c-4dcb-be8b-e338bccf7a2f,Computational Neuroscience,Computational Neuroscience,linkedin_headline,Computational Neuroscience Enthusiast | Biomedical Engineering Student,0,0,0,0.92,False,True
2639593a-850c-4dcb-be8b-e338bccf7a2f,Neuroscience,Neuroscience,linkedin_headline,Computational Neuroscience Enthusiast | Biomedical Engineering Student,0,0,0,0.92,False,True
2639593a-850c-4dcb-be8b-e338bccf7a2f,Artificial Intelligence,AI,linkedin_about,"My name is Pouya, and I am currently pursuing an MSc in Biomedical Engineering with a specialization in computational neuroscience at the University of Calgary. I completed my BSc in Biomedical Engineering and Computer Science simultaneously at Amirkabir University of Technology (Tehran Polytechnic). Alongside my studies, I have also been interested in volleyball, movies, music, and books. I am passionate about the field of AI, specifically machine learning, deep learning, deep neural networks, and the application of AI-based models in healthcare, especially in computational and cognitive neur",0,0,0,0.82,False,True
2639593a-850c-4dcb-be8b-e338bccf7a2f,Biomedical Engineering,Biomedical Engineering,linkedin_about,"My name is Pouya, and I am currently pursuing an MSc in Biomedical Engineering with a specialization in computational neuroscience at the University of Calgary. I completed my BSc in Biomedical Engineering and Computer Science simultaneously at Amirkabir University of Technology (Tehran Polytechnic). Alongside my studies, I have also been interested in volleyball, movies, music, and books. I am passionate about the field of AI, specifically machine learning, deep learning, deep neural networks, and the application of AI-based models in healthcare, especially in computational and cognitive neur",0,0,0,0.82,False,True
2639593a-850c-4dcb-be8b-e338bccf7a2f,Cognitive Neuroscience,Cognitive Neuroscience,linkedin_about,"My name is Pouya, and I am currently pursuing an MSc in Biomedical Engineering with a specialization in computational neuroscience at the University of Calgary. I completed my BSc in Biomedical Engineering and Computer Science simultaneously at Amirkabir University of Technology (Tehran Polytechnic). Alongside my studies, I have also been interested in volleyball, movies, music, and books. I am passionate about the field of AI, specifically machine learning, deep learning, deep neural networks, and the application of AI-based models in healthcare, especially in computational and cognitive neur",0,0,0,0.82,False,True
2639593a-850c-4dcb-be8b-e338bccf7a2f,Computational Neuroscience,Computational Neuroscience,linkedin_about,"My name is Pouya, and I am currently pursuing an MSc in Biomedical Engineering with a specialization in computational neuroscience at the University of Calgary. I completed my BSc in Biomedical Engineering and Computer Science simultaneously at Amirkabir University of Technology (Tehran Polytechnic). Alongside my studies, I have also been interested in volleyball, movies, music, and books. I am passionate about the field of AI, specifically machine learning, deep learning, deep neural networks, and the application of AI-based models in healthcare, especially in computational and cognitive neur",0,0,0,0.82,False,True
2639593a-850c-4dcb-be8b-e338bccf7a2f,Deep Learning,Deep Learning,linkedin_about,"My name is Pouya, and I am currently pursuing an MSc in Biomedical Engineering with a specialization in computational neuroscience at the University of Calgary. I completed my BSc in Biomedical Engineering and Computer Science simultaneously at Amirkabir University of Technology (Tehran Polytechnic). Alongside my studies, I have also been interested in volleyball, movies, music, and books. I am passionate about the field of AI, specifically machine learning, deep learning, deep neural networks, and the application of AI-based models in healthcare, especially in computational and cognitive neur",0,0,0,0.82,False,True
2639593a-850c-4dcb-be8b-e338bccf7a2f,Deep Neural Networks,Deep Neural Networks,linkedin_about,"My name is Pouya, and I am currently pursuing an MSc in Biomedical Engineering with a specialization in computational neuroscience at the University of Calgary. I completed my BSc in Biomedical Engineering and Computer Science simultaneously at Amirkabir University of Technology (Tehran Polytechnic). Alongside my studies, I have also been interested in volleyball, movies, music, and books. I am passionate about the field of AI, specifically machine learning, deep learning, deep neural networks, and the application of AI-based models in healthcare, especially in computational and cognitive neur",0,0,0,0.82,False,True
2639593a-850c-4dcb-be8b-e338bccf7a2f,Electroencephalography,EEG,linkedin_about,"My name is Pouya, and I am currently pursuing an MSc in Biomedical Engineering with a specialization in computational neuroscience at the University of Calgary. I completed my BSc in Biomedical Engineering and Computer Science simultaneously at Amirkabir University of Technology (Tehran Polytechnic). Alongside my studies, I have also been interested in volleyball, movies, music, and books. I am passionate about the field of AI, specifically machine learning, deep learning, deep neural networks, and the application of AI-based models in healthcare, especially in computational and cognitive neur",0,0,0,0.82,False,True
2639593a-850c-4dcb-be8b-e338bccf7a2f,Functional MRI,fMRI,linkedin_about,"My name is Pouya, and I am currently pursuing an MSc in Biomedical Engineering with a specialization in computational neuroscience at the University of Calgary. I completed my BSc in Biomedical Engineering and Computer Science simultaneously at Amirkabir University of Technology (Tehran Polytechnic). Alongside my studies, I have also been interested in volleyball, movies, music, and books. I am passionate about the field of AI, specifically machine learning, deep learning, deep neural networks, and the application of AI-based models in healthcare, especially in computational and cognitive neur",0,0,0,0.82,False,True
2639593a-850c-4dcb-be8b-e338bccf7a2f,Machine Learning,Machine Learning,linkedin_about,"My name is Pouya, and I am currently pursuing an MSc in Biomedical Engineering with a specialization in computational neuroscience at the University of Calgary. I completed my BSc in Biomedical Engineering and Computer Science simultaneously at Amirkabir University of Technology (Tehran Polytechnic). Alongside my studies, I have also been interested in volleyball, movies, music, and books. I am passionate about the field of AI, specifically machine learning, deep learning, deep neural networks, and the application of AI-based models in healthcare, especially in computational and cognitive neur",0,0,0,0.82,False,True
2639593a-850c-4dcb-be8b-e338bccf7a2f,Neural Networks,Neural Networks,linkedin_about,"My name is Pouya, and I am currently pursuing an MSc in Biomedical Engineering with a specialization in computational neuroscience at the University of Calgary. I completed my BSc in Biomedical Engineering and Computer Science simultaneously at Amirkabir University of Technology (Tehran Polytechnic). Alongside my studies, I have also been interested in volleyball, movies, music, and books. I am passionate about the field of AI, specifically machine learning, deep learning, deep neural networks, and the application of AI-based models in healthcare, especially in computational and cognitive neur",0,0,0,0.82,False,True
2639593a-850c-4dcb-be8b-e338bccf7a2f,Neurodegenerative Diseases,Neurodegenerative Diseases,linkedin_about,"My name is Pouya, and I am currently pursuing an MSc in Biomedical Engineering with a specialization in computational neuroscience at the University of Calgary. I completed my BSc in Biomedical Engineering and Computer Science simultaneously at Amirkabir University of Technology (Tehran Polytechnic). Alongside my studies, I have also been interested in volleyball, movies, music, and books. I am passionate about the field of AI, specifically machine learning, deep learning, deep neural networks, and the application of AI-based models in healthcare, especially in computational and cognitive neur",0,0,0,0.82,False,True
2639593a-850c-4dcb-be8b-e338bccf7a2f,Neuroscience,Neuroscience,linkedin_about,"My name is Pouya, and I am currently pursuing an MSc in Biomedical Engineering with a specialization in computational neuroscience at the University of Calgary. I completed my BSc in Biomedical Engineering and Computer Science simultaneously at Amirkabir University of Technology (Tehran Polytechnic). Alongside my studies, I have also been interested in volleyball, movies, music, and books. I am passionate about the field of AI, specifically machine learning, deep learning, deep neural networks, and the application of AI-based models in healthcare, especially in computational and cognitive neur",0,0,0,0.82,False,True
2639593a-850c-4dcb-be8b-e338bccf7a2f,Neurodegenerative Diseases,Neurodegenerative Diseases,linkedin_about_explicit,"My name is Pouya, and I am currently pursuing an MSc in Biomedical Engineering with a specialization in computational neuroscience at the University of Calgary. I completed my BSc in Biomedical Engineering and Computer Science simultaneously at Amirkabir University of Technology (Tehran Polytechnic). Alongside my studies, I have also been interested in volleyball, movies, music, and books. I am passionate about the field of AI, specifically machine learning, deep learning, deep neural networks, and the application of AI-based models in healthcare, especially in computational and cognitive neur",0,0,0,0.9,True,True
2639593a-850c-4dcb-be8b-e338bccf7a2f,Functional MRI,fMRI,linkedin_about_explicit,"My name is Pouya, and I am currently pursuing an MSc in Biomedical Engineering with a specialization in computational neuroscience at the University of Calgary. I completed my BSc in Biomedical Engineering and Computer Science simultaneously at Amirkabir University of Technology (Tehran Polytechnic). Alongside my studies, I have also been interested in volleyball, movies, music, and books. I am passionate about the field of AI, specifically machine learning, deep learning, deep neural networks, and the application of AI-based models in healthcare, especially in computational and cognitive neur",0,0,0,0.9,True,True
2639593a-850c-4dcb-be8b-e338bccf7a2f,Deep Neural Networks,Deep Neural Networks,linkedin_about_explicit,"My name is Pouya, and I am currently pursuing an MSc in Biomedical Engineering with a specialization in computational neuroscience at the University of Calgary. I completed my BSc in Biomedical Engineering and Computer Science simultaneously at Amirkabir University of Technology (Tehran Polytechnic). Alongside my studies, I have also been interested in volleyball, movies, music, and books. I am passionate about the field of AI, specifically machine learning, deep learning, deep neural networks, and the application of AI-based models in healthcare, especially in computational and cognitive neur",0,0,0,0.9,True,True
2639593a-850c-4dcb-be8b-e338bccf7a2f,Electroencephalography,EEG,linkedin_about_explicit,"My name is Pouya, and I am currently pursuing an MSc in Biomedical Engineering with a specialization in computational neuroscience at the University of Calgary. I completed my BSc in Biomedical Engineering and Computer Science simultaneously at Amirkabir University of Technology (Tehran Polytechnic). Alongside my studies, I have also been interested in volleyball, movies, music, and books. I am passionate about the field of AI, specifically machine learning, deep learning, deep neural networks, and the application of AI-based models in healthcare, especially in computational and cognitive neur",0,0,0,0.9,True,True
2639593a-850c-4dcb-be8b-e338bccf7a2f,Neural Networks,Neural Networks,linkedin_about_explicit,"My name is Pouya, and I am currently pursuing an MSc in Biomedical Engineering with a specialization in computational neuroscience at the University of Calgary. I completed my BSc in Biomedical Engineering and Computer Science simultaneously at Amirkabir University of Technology (Tehran Polytechnic). Alongside my studies, I have also been interested in volleyball, movies, music, and books. I am passionate about the field of AI, specifically machine learning, deep learning, deep neural networks, and the application of AI-based models in healthcare, especially in computational and cognitive neur",0,0,0,0.9,True,True
05294035-6509-4928-8f61-52aaa10ad166,Biotechnology,Biotechnology,linkedin_about,Randall Marusyk is a partner of the firm and has been certified as a specialist in all areas of Canadian Intellectual Property Law (Patent/Trademark/Copyright) by the Law Society of Upper Canada. Randall specializes in designing strategic intellectual property portfolios in light of clients business and marketplace needs. He has extensive experience in drafting and prosecuting a variety of patent applications before the Canadian and United States Patent Offices as well as coordinating their prosecution worldwide. Randall has particular expertise in drafting and prosecuting a wide range of pate,0,0,0,0.82,False,True
2c2e0c9d-4d45-42e1-a0a2-1d47225a64a5,Biomedical Engineering,Biomedical Engineering,linkedin_about,"Hello, my name is Ravi! Current MSc student in biomedical engineering with a specialization in medical imaging BSc (Hons.) graduate with a major in computer science and minor in mathematics (+Premed) Honours thesis in Computational Convex Analysis Two-time Faculty of Medicine Summer Student Research Program (FoM SSRP) awardee. Owerko Graduate Scholarship awardee 2025. I enj.",0,0,0,0.82,False,True
2c2e0c9d-4d45-42e1-a0a2-1d47225a64a5,Mathematics,Mathematics,linkedin_about,"Hello, my name is Ravi! Current MSc student in biomedical engineering with a specialization in medical imaging BSc (Hons.) graduate with a major in computer science and minor in mathematics (+Premed) Honours thesis in Computational Convex Analysis Two-time Faculty of Medicine Summer Student Research Program (FoM SSRP) awardee. Owerko Graduate Scholarship awardee 2025. I enj.",0,0,0,0.82,False,True
2c2e0c9d-4d45-42e1-a0a2-1d47225a64a5,Medical Imaging,Medical Imaging,linkedin_about,"Hello, my name is Ravi! Current MSc student in biomedical engineering with a specialization in medical imaging BSc (Hons.) graduate with a major in computer science and minor in mathematics (+Premed) Honours thesis in Computational Convex Analysis Two-time Faculty of Medicine Summer Student Research Program (FoM SSRP) awardee. Owerko Graduate Scholarship awardee 2025. I enj.",0,0,0,0.82,False,True
e84862f3-28fc-48c4-bcef-3cee7d9ee6b1,Genetics,Genetics,linkedin_about,"I have a background in cellular and molecular biology, minoring in chemistry. I have pursued numerous research projects involving plant biology, cell biology and molecular genetics during my undergrad. I am currently a masters student at the Hotchkiss Brain Institute analyzing the underlying causes of chronic pain. I plan to pursue an MD/PhD after gaining substantial experience in both health care and laboratory settings.",0,0,0,0.82,False,True
e84862f3-28fc-48c4-bcef-3cee7d9ee6b1,Molecular Biology,Molecular Biology,linkedin_about,"I have a background in cellular and molecular biology, minoring in chemistry. I have pursued numerous research projects involving plant biology, cell biology and molecular genetics during my undergrad. I am currently a masters student at the Hotchkiss Brain Institute analyzing the underlying causes of chronic pain. I plan to pursue an MD/PhD after gaining substantial experience in both health care and laboratory settings.",0,0,0,0.82,False,True
e84862f3-28fc-48c4-bcef-3cee7d9ee6b1,Pain,chronic pain,linkedin_about,"I have a background in cellular and molecular biology, minoring in chemistry. I have pursued numerous research projects involving plant biology, cell biology and molecular genetics during my undergrad. I am currently a masters student at the Hotchkiss Brain Institute analyzing the underlying causes of chronic pain. I plan to pursue an MD/PhD after gaining substantial experience in both health care and laboratory settings.",0,0,0,0.82,False,True
aabd2af1-3e36-47c2-9dd4-64ae2244aced,Artificial Intelligence,AI,linkedin_headline,Senior Project Manager @ Publicis Agency | Driving PMO Compliance & Governance | AI-Driven Workflow Specialist,0,0,0,0.92,False,True
aabd2af1-3e36-47c2-9dd4-64ae2244aced,Clinical Neuroscience,Clinical Neuroscience,linkedin_about,"An undergraduate Neuroscience student interested in experimental/clinical Neuroscience. Seeking to expand my understanding, experience, and learn from innovative research while pursuing my academic and career goals in neuroscience.",0,0,0,0.82,False,True
aabd2af1-3e36-47c2-9dd4-64ae2244aced,Neuroscience,Neuroscience,linkedin_about,"An undergraduate Neuroscience student interested in experimental/clinical Neuroscience. Seeking to expand my understanding, experience, and learn from innovative research while pursuing my academic and career goals in neuroscience.",0,0,0,0.82,False,True
ffc02b17-87bd-41f4-ab71-db6024e7dc40,Public Health,Public Health,linkedin_headline,“The dedication of these scholars in their pursuit of transformative health science has led to tremendous achievements in their fields.” Congratulations to #UCalgaryMed faculty and institute members for being inducted into the prestigious Canadian Academy of Health Sciences (CAHS). We are proud to see all seven inductees driving the future of health within the CSM! http://ow.ly/HwXD50Ge06G Hotchkiss Brain Institute | Snyder Institute for Chronic Diseases | O'Brien Institute for Public Health,0,0,0,0.92,False,True
ffc02b17-87bd-41f4-ab71-db6024e7dc40,Biomedical Engineering,Biomedical Engineering,linkedin_about,"Professor with a demonstrated history of leadership in the higher education. Skilled in MR Imaging, Clinical Research, Biomedical Engineering, Medical Physics, and Science. Professional with a Doctor of Philosophy (PhD) in Medical Biophysics from Western University.",0,0,0,0.82,False,True
ffc02b17-87bd-41f4-ab71-db6024e7dc40,Clinical Research,Clinical Research,linkedin_about,"Professor with a demonstrated history of leadership in the higher education. Skilled in MR Imaging, Clinical Research, Biomedical Engineering, Medical Physics, and Science. Professional with a Doctor of Philosophy (PhD) in Medical Biophysics from Western University.",0,0,0,0.82,False,True
ffc02b17-87bd-41f4-ab71-db6024e7dc40,Physics,Physics,linkedin_about,"Professor with a demonstrated history of leadership in the higher education. Skilled in MR Imaging, Clinical Research, Biomedical Engineering, Medical Physics, and Science. Professional with a Doctor of Philosophy (PhD) in Medical Biophysics from Western University.",0,0,0,0.82,False,True
28009f57-6b6a-4100-9a98-3408978540af,Addiction,addictions,linkedin_headline,This is stigma! Discrimination! And frankly racism. Addiction is a complex and chronic illness like heart disease or cancer. Lets treat it like so and take a recovery approach for everyone! CSAM Recovery Capital Conference of Canada Phoenix Drug & Alcohol Recovery and Education Society Alberta Adolescent Recovery Centre (AARC) Hard Knox Talks: Your Addiction Podcast Cumming School of Medicine UCalgary Faculty of Medicine at the University of British Columbia Aventa Centre of Excellence for Women with Addictions CAMH CAMH Foundation Government of Alberta Public Health Agency of Canada | Agence ,0,0,0,0.92,False,True
28009f57-6b6a-4100-9a98-3408978540af,Mental Health,Mental Health,linkedin_headline,This is stigma! Discrimination! And frankly racism. Addiction is a complex and chronic illness like heart disease or cancer. Lets treat it like so and take a recovery approach for everyone! CSAM Recovery Capital Conference of Canada Phoenix Drug & Alcohol Recovery and Education Society Alberta Adolescent Recovery Centre (AARC) Hard Knox Talks: Your Addiction Podcast Cumming School of Medicine UCalgary Faculty of Medicine at the University of British Columbia Aventa Centre of Excellence for Women with Addictions CAMH CAMH Foundation Government of Alberta Public Health Agency of Canada | Agence ,0,0,0,0.92,False,True
28009f57-6b6a-4100-9a98-3408978540af,Public Health,Public Health,linkedin_headline,This is stigma! Discrimination! And frankly racism. Addiction is a complex and chronic illness like heart disease or cancer. Lets treat it like so and take a recovery approach for everyone! CSAM Recovery Capital Conference of Canada Phoenix Drug & Alcohol Recovery and Education Society Alberta Adolescent Recovery Centre (AARC) Hard Knox Talks: Your Addiction Podcast Cumming School of Medicine UCalgary Faculty of Medicine at the University of British Columbia Aventa Centre of Excellence for Women with Addictions CAMH CAMH Foundation Government of Alberta Public Health Agency of Canada | Agence ,0,0,0,0.92,False,True
28009f57-6b6a-4100-9a98-3408978540af,Addiction,Addiction,linkedin_about,"Dr. Tanguay is a psychiatrist who completed two fellowships, Addiction and Pain. He is a clinical assistant professor at the University of Calgary. He is the Senior Medical Lead for Addiction Services with Recovery Alberta leading the largest addiction health authority in Canada. He is also the Senior Medical Lead for Compassionate Intervention with Recovery Alberta. Dr. Tanguay is member of the Calgary Police Commission, representing the board of the Calgary Police Services, Canadas second largest municipal police service with an annual budget of ~$600 million. He is a member of the Alberta C",0,0,0,0.82,False,True
28009f57-6b6a-4100-9a98-3408978540af,Cannabis,Cannabis,linkedin_about,"Dr. Tanguay is a psychiatrist who completed two fellowships, Addiction and Pain. He is a clinical assistant professor at the University of Calgary. He is the Senior Medical Lead for Addiction Services with Recovery Alberta leading the largest addiction health authority in Canada. He is also the Senior Medical Lead for Compassionate Intervention with Recovery Alberta. Dr. Tanguay is member of the Calgary Police Commission, representing the board of the Calgary Police Services, Canadas second largest municipal police service with an annual budget of ~$600 million. He is a member of the Alberta C",0,0,0,0.82,False,True
28009f57-6b6a-4100-9a98-3408978540af,Mental Health,Mental Health,linkedin_about,"Dr. Tanguay is a psychiatrist who completed two fellowships, Addiction and Pain. He is a clinical assistant professor at the University of Calgary. He is the Senior Medical Lead for Addiction Services with Recovery Alberta leading the largest addiction health authority in Canada. He is also the Senior Medical Lead for Compassionate Intervention with Recovery Alberta. Dr. Tanguay is member of the Calgary Police Commission, representing the board of the Calgary Police Services, Canadas second largest municipal police service with an annual budget of ~$600 million. He is a member of the Alberta C",0,0,0,0.82,False,True
28009f57-6b6a-4100-9a98-3408978540af,Pain,chronic pain,linkedin_about,"Dr. Tanguay is a psychiatrist who completed two fellowships, Addiction and Pain. He is a clinical assistant professor at the University of Calgary. He is the Senior Medical Lead for Addiction Services with Recovery Alberta leading the largest addiction health authority in Canada. He is also the Senior Medical Lead for Compassionate Intervention with Recovery Alberta. Dr. Tanguay is member of the Calgary Police Commission, representing the board of the Calgary Police Services, Canadas second largest municipal police service with an annual budget of ~$600 million. He is a member of the Alberta C",0,0,0,0.82,False,True
28009f57-6b6a-4100-9a98-3408978540af,Psychedelics,Psychedelics,linkedin_about,"Dr. Tanguay is a psychiatrist who completed two fellowships, Addiction and Pain. He is a clinical assistant professor at the University of Calgary. He is the Senior Medical Lead for Addiction Services with Recovery Alberta leading the largest addiction health authority in Canada. He is also the Senior Medical Lead for Compassionate Intervention with Recovery Alberta. Dr. Tanguay is member of the Calgary Police Commission, representing the board of the Calgary Police Services, Canadas second largest municipal police service with an annual budget of ~$600 million. He is a member of the Alberta C",0,0,0,0.82,False,True
28009f57-6b6a-4100-9a98-3408978540af,Public Health,Public Health,linkedin_about,"Dr. Tanguay is a psychiatrist who completed two fellowships, Addiction and Pain. He is a clinical assistant professor at the University of Calgary. He is the Senior Medical Lead for Addiction Services with Recovery Alberta leading the largest addiction health authority in Canada. He is also the Senior Medical Lead for Compassionate Intervention with Recovery Alberta. Dr. Tanguay is member of the Calgary Police Commission, representing the board of the Calgary Police Services, Canadas second largest municipal police service with an annual budget of ~$600 million. He is a member of the Alberta C",0,0,0,0.82,False,True
41601368-5883-4c8c-acc3-410a620df99c,Clinical Research,Clinical Research,linkedin_headline,MD | LMCC | Healthcare Leadership | Clinical Research | Physician (Clinical Assistant) @NLHS | Precision Medicine @UCalgary,0,0,0,0.92,False,True
41601368-5883-4c8c-acc3-410a620df99c,Precision Medicine,Precision Medicine,linkedin_headline,MD | LMCC | Healthcare Leadership | Clinical Research | Physician (Clinical Assistant) @NLHS | Precision Medicine @UCalgary,0,0,0,0.92,False,True
41601368-5883-4c8c-acc3-410a620df99c,Clinical Research,Clinical Research,linkedin_about,"I am a Medical Doctor with experience across primary care, emergency care, inpatient medicine, surgical outpatient care, and hospital-based clinical practice. I have worked as a General Practitioner providing comprehensive patient care, managing acute and chronic medical conditions, coordinating admissions and discharges, participating in multidisciplinary care, and supporting continuity of care in both outpatient and inpatient settings. My clinical experience also includes surgical outpatient services, emergency stabilization, minor procedures, and telemedicine consultation, alongside active ",0,0,0,0.82,False,True
41601368-5883-4c8c-acc3-410a620df99c,Precision Medicine,Precision Medicine,linkedin_about,"I am a Medical Doctor with experience across primary care, emergency care, inpatient medicine, surgical outpatient care, and hospital-based clinical practice. I have worked as a General Practitioner providing comprehensive patient care, managing acute and chronic medical conditions, coordinating admissions and discharges, participating in multidisciplinary care, and supporting continuity of care in both outpatient and inpatient settings. My clinical experience also includes surgical outpatient services, emergency stabilization, minor procedures, and telemedicine consultation, alongside active ",0,0,0,0.82,False,True
63786a31-72e1-4fab-a6ce-cf85ad72db2f,Biomedical Engineering,Biomedical Engineering,linkedin_headline,MSc - Biomedical Engineering @ University of Calgary | BHSc - Bioinformatics Honours,0,0,0,0.92,False,True
abfaa604-a017-4d5e-9aec-ecb586b0ddd4,Neuroscience,Neuroscience,linkedin_headline,Neuroscience Student at the University of Calgary | Aspiring Pharmacology Professional,0,0,0,0.92,False,True
abfaa604-a017-4d5e-9aec-ecb586b0ddd4,Pharmacology,Pharmacology,linkedin_headline,Neuroscience Student at the University of Calgary | Aspiring Pharmacology Professional,0,0,0,0.92,False,True
abfaa604-a017-4d5e-9aec-ecb586b0ddd4,Addiction,Addiction,linkedin_about,"As a dedicated neuroscience student with a deep passion for understanding the brain's complexities, I am eager to leverage my academic background and hands-on research experience to contribute to advancements in pharmacology. My studies have equipped me with a solid foundation in neurobiology, cognitive processes, and experimental techniques, while my involvement in research projects has honed my laboratory skills and techniques. My work experience has taught me teamwork skills, problem solving and dedication. With a keen interest in the intersection of neuroscience and pharmacology, I am enth",0,0,0,0.82,False,True
abfaa604-a017-4d5e-9aec-ecb586b0ddd4,Mental Health,Mental Health,linkedin_about,"As a dedicated neuroscience student with a deep passion for understanding the brain's complexities, I am eager to leverage my academic background and hands-on research experience to contribute to advancements in pharmacology. My studies have equipped me with a solid foundation in neurobiology, cognitive processes, and experimental techniques, while my involvement in research projects has honed my laboratory skills and techniques. My work experience has taught me teamwork skills, problem solving and dedication. With a keen interest in the intersection of neuroscience and pharmacology, I am enth",0,0,0,0.82,False,True
abfaa604-a017-4d5e-9aec-ecb586b0ddd4,Neuroscience,Neuroscience,linkedin_about,"As a dedicated neuroscience student with a deep passion for understanding the brain's complexities, I am eager to leverage my academic background and hands-on research experience to contribute to advancements in pharmacology. My studies have equipped me with a solid foundation in neurobiology, cognitive processes, and experimental techniques, while my involvement in research projects has honed my laboratory skills and techniques. My work experience has taught me teamwork skills, problem solving and dedication. With a keen interest in the intersection of neuroscience and pharmacology, I am enth",0,0,0,0.82,False,True
abfaa604-a017-4d5e-9aec-ecb586b0ddd4,Pharmacology,Pharmacology,linkedin_about,"As a dedicated neuroscience student with a deep passion for understanding the brain's complexities, I am eager to leverage my academic background and hands-on research experience to contribute to advancements in pharmacology. My studies have equipped me with a solid foundation in neurobiology, cognitive processes, and experimental techniques, while my involvement in research projects has honed my laboratory skills and techniques. My work experience has taught me teamwork skills, problem solving and dedication. With a keen interest in the intersection of neuroscience and pharmacology, I am enth",0,0,0,0.82,False,True
be905b1e-163c-4cd9-b36b-a1bdd45d8abe,Neuroscience,Neuroscience,linkedin_about,"As a PhD Candidate in Neuroscience, I study glia and their role in retinal regeneration using a variety of computer programming and wet lab techniques. As I prepare to finish my PhD in 2026, I am keeping an open mind about career opportunities in industry or medicine.",0,0,0,0.82,False,True
f2bce860-d825-41d4-84e5-2046a7322430,Clinical Neuroscience,Clinical Neuroscience,linkedin_headline,Clinical Neuroscience (Stroke) | Founder & Director | Global Strategy & Ventures,0,0,0,0.92,False,True
f2bce860-d825-41d4-84e5-2046a7322430,Neuroscience,Neuroscience,linkedin_headline,Clinical Neuroscience (Stroke) | Founder & Director | Global Strategy & Ventures,0,0,0,0.92,False,True
f2bce860-d825-41d4-84e5-2046a7322430,Stroke,Stroke,linkedin_headline,Clinical Neuroscience (Stroke) | Founder & Director | Global Strategy & Ventures,0,0,0,0.92,False,True
243b2072-1c3f-41c3-8d48-e9cbf31365dc,Mental Health,Mental Health,linkedin_headline,"Your sleep, diet & exercise habits affect your mental health more than you think. This Mental Health Week, we're bringing together experts in exercise, sleep medicine, and nutrition for a free public panel at the Calgary Public Library . Learn how small changes to your daily routine can make a big difference for your mood, stress levels, and overall wellbeing. May 5, 2026 | 6:00 - 7:30 PM Calgary Public Library",0,0,0,0.92,False,True
243b2072-1c3f-41c3-8d48-e9cbf31365dc,Stress,Stress,linkedin_headline,"Your sleep, diet & exercise habits affect your mental health more than you think. This Mental Health Week, we're bringing together experts in exercise, sleep medicine, and nutrition for a free public panel at the Calgary Public Library . Learn how small changes to your daily routine can make a big difference for your mood, stress levels, and overall wellbeing. May 5, 2026 | 6:00 - 7:30 PM Calgary Public Library",0,0,0,0.92,False,True
0a1e9130-a8fc-485a-86f6-cf3bcf6abafe,Biomedical Engineering,Biomedical Engineering,linkedin_headline,Biomedical Engineering PhD Candidate @ Hotchkiss Brain Institute | University of Calgary | CEO at Novara ML,0,0,0,0.92,False,True
0a1e9130-a8fc-485a-86f6-cf3bcf6abafe,Machine Learning,ML,linkedin_headline,Biomedical Engineering PhD Candidate @ Hotchkiss Brain Institute | University of Calgary | CEO at Novara ML,0,0,0,0.92,False,True
78215c93-f205-4d9e-a8f8-a873f47ed90b,Artificial Intelligence,AI,linkedin_headline,Co-Founder @ Society for AI Literacy | Research Associate @ Hotchkiss Brain Institute,0,0,0,0.92,False,True
5113b5b0-63d8-40cf-ae2e-561c3cd83dff,Bipolar Disorder,Bipolar Disorder,linkedin_about,"I am interested in building pedictive models for serious mental illnesses like schizophrenia, bipolar disorder, and MDD.",0,0,0,0.82,False,True
5113b5b0-63d8-40cf-ae2e-561c3cd83dff,Schizophrenia,Schizophrenia,linkedin_about,"I am interested in building pedictive models for serious mental illnesses like schizophrenia, bipolar disorder, and MDD.",0,0,0,0.82,False,True
778f461f-2111-46bb-9a89-f85ae4e0bc64,Artificial Intelligence,applied AI,linkedin_about,"As a Software Developer & Data Scientist specializing in health tech, I build scalable, production-grade software that seamlessly integrates advanced AI and machine learning capabilities into clinical workflows. Currently developing robust software systems at the University of Calgary, my expertise lies at the intersection of full-stack software architecture and applied AI. I focus on transforming complex clinical datasets and Electronic Health Records (EHR) into reliable, high-performance applications that improve patient outcomes. Key Highlights & Expertise: -AI-Applied Software Engineering:",0,0,0,0.82,False,True
778f461f-2111-46bb-9a89-f85ae4e0bc64,Data Science,data scientist,linkedin_about,"As a Software Developer & Data Scientist specializing in health tech, I build scalable, production-grade software that seamlessly integrates advanced AI and machine learning capabilities into clinical workflows. Currently developing robust software systems at the University of Calgary, my expertise lies at the intersection of full-stack software architecture and applied AI. I focus on transforming complex clinical datasets and Electronic Health Records (EHR) into reliable, high-performance applications that improve patient outcomes. Key Highlights & Expertise: -AI-Applied Software Engineering:",0,0,0,0.82,False,True
778f461f-2111-46bb-9a89-f85ae4e0bc64,Machine Learning,Machine Learning,linkedin_about,"As a Software Developer & Data Scientist specializing in health tech, I build scalable, production-grade software that seamlessly integrates advanced AI and machine learning capabilities into clinical workflows. Currently developing robust software systems at the University of Calgary, my expertise lies at the intersection of full-stack software architecture and applied AI. I focus on transforming complex clinical datasets and Electronic Health Records (EHR) into reliable, high-performance applications that improve patient outcomes. Key Highlights & Expertise: -AI-Applied Software Engineering:",0,0,0,0.82,False,True
778f461f-2111-46bb-9a89-f85ae4e0bc64,PyTorch,PyTorch,linkedin_about,"As a Software Developer & Data Scientist specializing in health tech, I build scalable, production-grade software that seamlessly integrates advanced AI and machine learning capabilities into clinical workflows. Currently developing robust software systems at the University of Calgary, my expertise lies at the intersection of full-stack software architecture and applied AI. I focus on transforming complex clinical datasets and Electronic Health Records (EHR) into reliable, high-performance applications that improve patient outcomes. Key Highlights & Expertise: -AI-Applied Software Engineering:",0,0,0,0.82,False,True
778f461f-2111-46bb-9a89-f85ae4e0bc64,health tech,health tech,linkedin_about_explicit,"As a Software Developer & Data Scientist specializing in health tech, I build scalable, production-grade software that seamlessly integrates advanced AI and machine learning capabilities into clinical workflows. Currently developing robust software systems at the University of Calgary, my expertise lies at the intersection of full-stack software architecture and applied AI. I focus on transforming complex clinical datasets and Electronic Health Records (EHR) into reliable, high-performance applications that improve patient outcomes. Key Highlights & Expertise: -AI-Applied Software Engineering:",0,0,0,0.9,True,False
778f461f-2111-46bb-9a89-f85ae4e0bc64,Artificial Intelligence,AI,linkedin_about_explicit,"As a Software Developer & Data Scientist specializing in health tech, I build scalable, production-grade software that seamlessly integrates advanced AI and machine learning capabilities into clinical workflows. Currently developing robust software systems at the University of Calgary, my expertise lies at the intersection of full-stack software architecture and applied AI. I focus on transforming complex clinical datasets and Electronic Health Records (EHR) into reliable, high-performance applications that improve patient outcomes. Key Highlights & Expertise: -AI-Applied Software Engineering:",0,0,0,0.9,True,True
778f461f-2111-46bb-9a89-f85ae4e0bc64,Machine Learning,Machine Learning,linkedin_about_explicit,"As a Software Developer & Data Scientist specializing in health tech, I build scalable, production-grade software that seamlessly integrates advanced AI and machine learning capabilities into clinical workflows. Currently developing robust software systems at the University of Calgary, my expertise lies at the intersection of full-stack software architecture and applied AI. I focus on transforming complex clinical datasets and Electronic Health Records (EHR) into reliable, high-performance applications that improve patient outcomes. Key Highlights & Expertise: -AI-Applied Software Engineering:",0,0,0,0.9,True,True
bba2f0fd-61b9-44c9-913f-539995be1bb0,CAR T-Cell Therapy,CAR-T cell,linkedin_headline,Co-Founder @ ClotGuard | CAR-T Cell Researcher | Activate @ TKS 25-26 | Innovator @ Moonshot Pirates | Applied Rese,0,0,0,0.92,False,True
bba2f0fd-61b9-44c9-913f-539995be1bb0,CAR T-Cell Therapy,CAR-T strategies,linkedin_about,"Hi, Im Sophia! Im currently focused on developing next-generation CAR-T strategies for solid tumors, a field where immunotherapy has historically faced challenges like the tumor microenvironment, antigen heterogeneity, and T-cell persistence. Im exploring how we can engineer smarter, more resilient cell therapies that overcome these barriers.",0,0,0,0.82,False,True
bba2f0fd-61b9-44c9-913f-539995be1bb0,Cell Therapy,cell therapies,linkedin_about,"Hi, Im Sophia! Im currently focused on developing next-generation CAR-T strategies for solid tumors, a field where immunotherapy has historically faced challenges like the tumor microenvironment, antigen heterogeneity, and T-cell persistence. Im exploring how we can engineer smarter, more resilient cell therapies that overcome these barriers.",0,0,0,0.82,False,True
bba2f0fd-61b9-44c9-913f-539995be1bb0,Immunotherapy,Immunotherapy,linkedin_about,"Hi, Im Sophia! Im currently focused on developing next-generation CAR-T strategies for solid tumors, a field where immunotherapy has historically faced challenges like the tumor microenvironment, antigen heterogeneity, and T-cell persistence. Im exploring how we can engineer smarter, more resilient cell therapies that overcome these barriers.",0,0,0,0.82,False,True
bba2f0fd-61b9-44c9-913f-539995be1bb0,Solid Tumors,Solid Tumors,linkedin_about,"Hi, Im Sophia! Im currently focused on developing next-generation CAR-T strategies for solid tumors, a field where immunotherapy has historically faced challenges like the tumor microenvironment, antigen heterogeneity, and T-cell persistence. Im exploring how we can engineer smarter, more resilient cell therapies that overcome these barriers.",0,0,0,0.82,False,True
bba2f0fd-61b9-44c9-913f-539995be1bb0,Tumor Microenvironment,Tumor Microenvironment,linkedin_about,"Hi, Im Sophia! Im currently focused on developing next-generation CAR-T strategies for solid tumors, a field where immunotherapy has historically faced challenges like the tumor microenvironment, antigen heterogeneity, and T-cell persistence. Im exploring how we can engineer smarter, more resilient cell therapies that overcome these barriers.",0,0,0,0.82,False,True
ffb6f5ee-f522-4676-9d97-adc0167b07c5,Neuroscience,Neuroscience,linkedin_headline,Neuroscience Master's Student | Cumming School of Medicine | University of Calgary,0,0,0,0.92,False,True
2fbf709e-7f3c-43b6-b7b8-e61155861101,Positron Emission Tomography,PET,linkedin_headline,"MSc in Computer Science | Tech and pet enthusiast | Dont believe me, read a couple of my writings | Writing since June 19, 2019 | tanu-n-prabhu",0,0,0,0.92,False,True
d3ee9809-6941-472e-83c1-7060e904c8e6,Biological Sciences,Biological Sciences,linkedin_headline,Research Assistant @ Hotchkiss Brain Institute | Advocate for Accessibility in Health Sciences | University of Calgary Honours Biological Sciences Student with interest in Neurology,0,0,0,0.92,False,True
d3ee9809-6941-472e-83c1-7060e904c8e6,Neurology,Neurology,linkedin_headline,Research Assistant @ Hotchkiss Brain Institute | Advocate for Accessibility in Health Sciences | University of Calgary Honours Biological Sciences Student with interest in Neurology,0,0,0,0.92,False,True
d3ee9809-6941-472e-83c1-7060e904c8e6,Biological Sciences,Biological Sciences,linkedin_about,"As a Biological Sciences student at the University of Calgary, I'm driven to explore gene-based therapy for neurological diseases through an honours thesis. This aligns with my goal of specializing in neurology in medical school. Volunteering at Alberta Foothills Medical Centre has deepened my understanding of patient care, while my involvement with Calgary Outlink has ignited a passion for activism. Through my undergrad, I've honed my research and presentation skills, sharing findings with smaller research-based classes. In essence, I bring a blend of scientific rigour, empathy, and communica",0,0,0,0.82,False,True
d3ee9809-6941-472e-83c1-7060e904c8e6,Neurology,Neurology,linkedin_about,"As a Biological Sciences student at the University of Calgary, I'm driven to explore gene-based therapy for neurological diseases through an honours thesis. This aligns with my goal of specializing in neurology in medical school. Volunteering at Alberta Foothills Medical Centre has deepened my understanding of patient care, while my involvement with Calgary Outlink has ignited a passion for activism. Through my undergrad, I've honed my research and presentation skills, sharing findings with smaller research-based classes. In essence, I bring a blend of scientific rigour, empathy, and communica",0,0,0,0.82,False,True
d3ee9809-6941-472e-83c1-7060e904c8e6,Neurology,Neurology,linkedin_about_explicit,"As a Biological Sciences student at the University of Calgary, I'm driven to explore gene-based therapy for neurological diseases through an honours thesis. This aligns with my goal of specializing in neurology in medical school. Volunteering at Alberta Foothills Medical Centre has deepened my understanding of patient care, while my involvement with Calgary Outlink has ignited a passion for activism. Through my undergrad, I've honed my research and presentation skills, sharing findings with smaller research-based classes. In essence, I bring a blend of scientific rigour, empathy, and communica",0,0,0,0.9,True,True
8be8ad99-b886-468d-9896-5bc9b32d2f71,Clinical Research,Clinical Research,linkedin_about,"* Eight years of neurophysiology research experience in academia that included studying ion channels in in-vitro brain experiments and thereby relating ion-channel functioning to animal physiology and behavior. * More than ten years of pre-clinical drug discovery research experience in a multinational pharmaceutical R&D that included planning and execution of screen designing, hit identification and hit to lead optimization in a variety of drug discovery projects. * Education background in neuroscience (PhD), pharmacy (UG), clinical research (PG). * Demonstrated expertise in quality management",0,0,0,0.82,False,True
8be8ad99-b886-468d-9896-5bc9b32d2f71,Drug Discovery,Drug Discovery,linkedin_about,"* Eight years of neurophysiology research experience in academia that included studying ion channels in in-vitro brain experiments and thereby relating ion-channel functioning to animal physiology and behavior. * More than ten years of pre-clinical drug discovery research experience in a multinational pharmaceutical R&D that included planning and execution of screen designing, hit identification and hit to lead optimization in a variety of drug discovery projects. * Education background in neuroscience (PhD), pharmacy (UG), clinical research (PG). * Demonstrated expertise in quality management",0,0,0,0.82,False,True
8be8ad99-b886-468d-9896-5bc9b32d2f71,Neurophysiology,Neurophysiology,linkedin_about,"* Eight years of neurophysiology research experience in academia that included studying ion channels in in-vitro brain experiments and thereby relating ion-channel functioning to animal physiology and behavior. * More than ten years of pre-clinical drug discovery research experience in a multinational pharmaceutical R&D that included planning and execution of screen designing, hit identification and hit to lead optimization in a variety of drug discovery projects. * Education background in neuroscience (PhD), pharmacy (UG), clinical research (PG). * Demonstrated expertise in quality management",0,0,0,0.82,False,True
8be8ad99-b886-468d-9896-5bc9b32d2f71,Neuroscience,Neuroscience,linkedin_about,"* Eight years of neurophysiology research experience in academia that included studying ion channels in in-vitro brain experiments and thereby relating ion-channel functioning to animal physiology and behavior. * More than ten years of pre-clinical drug discovery research experience in a multinational pharmaceutical R&D that included planning and execution of screen designing, hit identification and hit to lead optimization in a variety of drug discovery projects. * Education background in neuroscience (PhD), pharmacy (UG), clinical research (PG). * Demonstrated expertise in quality management",0,0,0,0.82,False,True
8be8ad99-b886-468d-9896-5bc9b32d2f71,Physiology,Physiology,linkedin_about,"* Eight years of neurophysiology research experience in academia that included studying ion channels in in-vitro brain experiments and thereby relating ion-channel functioning to animal physiology and behavior. * More than ten years of pre-clinical drug discovery research experience in a multinational pharmaceutical R&D that included planning and execution of screen designing, hit identification and hit to lead optimization in a variety of drug discovery projects. * Education background in neuroscience (PhD), pharmacy (UG), clinical research (PG). * Demonstrated expertise in quality management",0,0,0,0.82,False,True
192f55da-ccb8-4044-aaa6-85ecbb975620,Artificial Intelligence,AI,linkedin_headline,PhD Candidate in Medical Imaging @ UofC | Developing AI tools for medical imaging application,0,0,0,0.92,False,True
192f55da-ccb8-4044-aaa6-85ecbb975620,Medical Imaging,medical imaging application,linkedin_headline,PhD Candidate in Medical Imaging @ UofC | Developing AI tools for medical imaging application,0,0,0,0.92,False,True
192f55da-ccb8-4044-aaa6-85ecbb975620,Artificial Intelligence,applied AI,linkedin_about,"Hi there! I'm Reza, and I'd like to share a brief introduction about myself. I am an experienced biomedical data scientist with over 5 years of hands-on experience and a proven track record of delivering successful projects. Holding dual master's degrees in medical radiation engineering and neuroscience from the University of Victoria, I am currently pursuing a Ph.D. at the University of Calgary, furthering my expertise in applied AI/ML in medical imaging. Proficient in a wide array of tools and languages including Python (Pandas, NumPy, Matplotlib), TensorFlow, R, Tableau, and SQL. In additio",0,0,0,0.82,False,True
192f55da-ccb8-4044-aaa6-85ecbb975620,Biomedical Data Science,biomedical data scientist,linkedin_about,"Hi there! I'm Reza, and I'd like to share a brief introduction about myself. I am an experienced biomedical data scientist with over 5 years of hands-on experience and a proven track record of delivering successful projects. Holding dual master's degrees in medical radiation engineering and neuroscience from the University of Victoria, I am currently pursuing a Ph.D. at the University of Calgary, furthering my expertise in applied AI/ML in medical imaging. Proficient in a wide array of tools and languages including Python (Pandas, NumPy, Matplotlib), TensorFlow, R, Tableau, and SQL. In additio",0,0,0,0.82,False,True
192f55da-ccb8-4044-aaa6-85ecbb975620,Data Science,data scientist,linkedin_about,"Hi there! I'm Reza, and I'd like to share a brief introduction about myself. I am an experienced biomedical data scientist with over 5 years of hands-on experience and a proven track record of delivering successful projects. Holding dual master's degrees in medical radiation engineering and neuroscience from the University of Victoria, I am currently pursuing a Ph.D. at the University of Calgary, furthering my expertise in applied AI/ML in medical imaging. Proficient in a wide array of tools and languages including Python (Pandas, NumPy, Matplotlib), TensorFlow, R, Tableau, and SQL. In additio",0,0,0,0.82,False,True
192f55da-ccb8-4044-aaa6-85ecbb975620,Machine Learning,ML,linkedin_about,"Hi there! I'm Reza, and I'd like to share a brief introduction about myself. I am an experienced biomedical data scientist with over 5 years of hands-on experience and a proven track record of delivering successful projects. Holding dual master's degrees in medical radiation engineering and neuroscience from the University of Victoria, I am currently pursuing a Ph.D. at the University of Calgary, furthering my expertise in applied AI/ML in medical imaging. Proficient in a wide array of tools and languages including Python (Pandas, NumPy, Matplotlib), TensorFlow, R, Tableau, and SQL. In additio",0,0,0,0.82,False,True
192f55da-ccb8-4044-aaa6-85ecbb975620,Medical Imaging,medical radiation engineering,linkedin_about,"Hi there! I'm Reza, and I'd like to share a brief introduction about myself. I am an experienced biomedical data scientist with over 5 years of hands-on experience and a proven track record of delivering successful projects. Holding dual master's degrees in medical radiation engineering and neuroscience from the University of Victoria, I am currently pursuing a Ph.D. at the University of Calgary, furthering my expertise in applied AI/ML in medical imaging. Proficient in a wide array of tools and languages including Python (Pandas, NumPy, Matplotlib), TensorFlow, R, Tableau, and SQL. In additio",0,0,0,0.82,False,True
192f55da-ccb8-4044-aaa6-85ecbb975620,Neuroscience,Neuroscience,linkedin_about,"Hi there! I'm Reza, and I'd like to share a brief introduction about myself. I am an experienced biomedical data scientist with over 5 years of hands-on experience and a proven track record of delivering successful projects. Holding dual master's degrees in medical radiation engineering and neuroscience from the University of Victoria, I am currently pursuing a Ph.D. at the University of Calgary, furthering my expertise in applied AI/ML in medical imaging. Proficient in a wide array of tools and languages including Python (Pandas, NumPy, Matplotlib), TensorFlow, R, Tableau, and SQL. In additio",0,0,0,0.82,False,True
192f55da-ccb8-4044-aaa6-85ecbb975620,Python,Python,linkedin_about,"Hi there! I'm Reza, and I'd like to share a brief introduction about myself. I am an experienced biomedical data scientist with over 5 years of hands-on experience and a proven track record of delivering successful projects. Holding dual master's degrees in medical radiation engineering and neuroscience from the University of Victoria, I am currently pursuing a Ph.D. at the University of Calgary, furthering my expertise in applied AI/ML in medical imaging. Proficient in a wide array of tools and languages including Python (Pandas, NumPy, Matplotlib), TensorFlow, R, Tableau, and SQL. In additio",0,0,0,0.82,False,True
192f55da-ccb8-4044-aaa6-85ecbb975620,TensorFlow,TensorFlow,linkedin_about,"Hi there! I'm Reza, and I'd like to share a brief introduction about myself. I am an experienced biomedical data scientist with over 5 years of hands-on experience and a proven track record of delivering successful projects. Holding dual master's degrees in medical radiation engineering and neuroscience from the University of Victoria, I am currently pursuing a Ph.D. at the University of Calgary, furthering my expertise in applied AI/ML in medical imaging. Proficient in a wide array of tools and languages including Python (Pandas, NumPy, Matplotlib), TensorFlow, R, Tableau, and SQL. In additio",0,0,0,0.82,False,True
dab82746-9cd9-450f-95b5-7798ea6d8adc,Autism Spectrum Disorders,Autism Spectrum Disorders,linkedin_skill,Autism Spectrum Disorders,0,0,0,0.94,True,True
0c2aa172-9ee3-4815-a8e8-940f4c2e9e09,Mental Health,Mental Health,linkedin_skill,Mental Health,0,0,0,0.94,True,True
0c2aa172-9ee3-4815-a8e8-940f4c2e9e09,Neurology,Neurology,linkedin_skill,Neurology,0,0,0,0.94,True,True
0c2aa172-9ee3-4815-a8e8-940f4c2e9e09,Public Health,Public Health,linkedin_skill,Public Health,0,0,0,0.94,True,True
0c2aa172-9ee3-4815-a8e8-940f4c2e9e09,Health Equity,Health Equity,linkedin_skill,Health Equity,0,0,0,0.94,True,True
d2be4191-c62c-489d-9963-e8fdc0fb71bd,Cell Biology,Cell Biology,linkedin_skill,Cell Biology,0,0,0,0.94,True,False
d2be4191-c62c-489d-9963-e8fdc0fb71bd,Brain Slice Electrophysiology,Brain Slice Electrophysiology,linkedin_skill,Brain Slice Electrophysiology,0,0,0,0.94,True,False
d2be4191-c62c-489d-9963-e8fdc0fb71bd,Pharmacology,Pharmacology,linkedin_skill,Pharmacology,0,0,0,0.94,True,True
d2be4191-c62c-489d-9963-e8fdc0fb71bd,Acute Brain Slices,Acute Brain Slices,linkedin_skill,Acute Brain Slices,0,0,0,0.94,True,False
d2be4191-c62c-489d-9963-e8fdc0fb71bd,Live Cell Imaging,Live Cell Imaging,linkedin_skill,Live Cell Imaging,0,0,0,0.94,True,False
d2be4191-c62c-489d-9963-e8fdc0fb71bd,Single-Cell Analysis,Single-Cell Analysis,linkedin_skill,Single-Cell Analysis,0,0,0,0.94,True,False
d2be4191-c62c-489d-9963-e8fdc0fb71bd,Bioinformatics,Bioinformatics,linkedin_skill,Bioinformatics,0,0,0,0.94,True,False
13797022-096e-490a-831c-1b09206cf6f5,Clinical Research,Clinical Research,linkedin_skill,Clinical Research,0,0,0,0.94,True,True
13797022-096e-490a-831c-1b09206cf6f5,Genetics,Genetics,linkedin_skill,Medical Genetics,0,0,0,0.94,True,True
afede334-d3bd-4233-860a-c2ebeed96bef,Medical Research,Medical Research,linkedin_skill,Medical Research,0,0,0,0.94,True,False
afede334-d3bd-4233-860a-c2ebeed96bef,Clinical Trials,Clinical Trials,linkedin_skill,Clinical Trials,0,0,0,0.94,True,True
56a1930b-86d2-43fd-8ba5-cf49dddd7b32,Research Design,Research Design,linkedin_skill,Research Design,0,0,0,0.94,True,True
132edda5-7e0f-4faf-9db7-4dcf646f9565,Public Health,Public Health,linkedin_skill,Public Health,0,0,0,0.94,True,True
b09e11c3-3662-43d4-be74-d01aa75f830e,Electroencephalography,EEG,linkedin_skill,MNE Python (for EEG processing and analysis),0,0,0,0.94,True,True
b09e11c3-3662-43d4-be74-d01aa75f830e,Python,Python,linkedin_skill,MNE Python (for EEG processing and analysis),0,0,0,0.94,True,True
b09e11c3-3662-43d4-be74-d01aa75f830e,Python,Python programming language,linkedin_skill,Python (Programming Language),0,0,0,0.94,True,True
b09e11c3-3662-43d4-be74-d01aa75f830e,Clinical Research,Clinical Research,linkedin_skill,Clinical Research,0,0,0,0.94,True,True
b09e11c3-3662-43d4-be74-d01aa75f830e,Magnetic Resonance Imaging,MRI,linkedin_skill,MRI,0,0,0,0.94,True,True
b09e11c3-3662-43d4-be74-d01aa75f830e,Electroencephalography,EEG,linkedin_skill,EEG,0,0,0,0.94,True,True
b09e11c3-3662-43d4-be74-d01aa75f830e,Computer Science,Computer Science,linkedin_skill,Computer Science,0,0,0,0.94,True,False
63786a31-72e1-4fab-a6ce-cf85ad72db2f,Data Analysis,Data Analysis,linkedin_skill,Statistical Data Analysis,0,0,0,0.94,True,True
63786a31-72e1-4fab-a6ce-cf85ad72db2f,TensorFlow,TensorFlow,linkedin_skill,TensorFlow,0,0,0,0.94,True,True
aabd2af1-3e36-47c2-9dd4-64ae2244aced,Medical Research,Medical Research,linkedin_skill,Medical Research,0,0,0,0.94,True,False
aabd2af1-3e36-47c2-9dd4-64ae2244aced,Data Analysis,Data Analysis,linkedin_skill,Data Analysis,0,0,0,0.94,True,True
aabd2af1-3e36-47c2-9dd4-64ae2244aced,Computational Neuroscience,Computational Neuroscience,linkedin_skill,Computational Neuroscience,0,0,0,0.94,True,True
aabd2af1-3e36-47c2-9dd4-64ae2244aced,Neuroscience,Neuroscience,linkedin_skill,Computational Neuroscience,0,0,0,0.94,True,True
aabd2af1-3e36-47c2-9dd4-64ae2244aced,Behavioural Neuroscience,behavioral neuroscience,linkedin_skill,Behavioral Neuroscience,0,0,0,0.94,True,True
aabd2af1-3e36-47c2-9dd4-64ae2244aced,Neuroscience,Neuroscience,linkedin_skill,Behavioral Neuroscience,0,0,0,0.94,True,True
61d6dada-0d7d-4b02-8c05-7dc3816c9a49,Dosing and Drug Administration,Dosing and Drug Administration,linkedin_skill,Dosing and Drug Administration,0,0,0,0.94,True,False
61d6dada-0d7d-4b02-8c05-7dc3816c9a49,Mathematics,Mathematics,linkedin_skill,Mathematics Education,0,0,0,0.94,True,True
abb97cd8-36de-4c7d-ab17-23817efe1904,Artificial Intelligence,Artificial Intelligence,linkedin_skill,Artificial Intelligence (AI),0,0,0,0.94,True,True
abb97cd8-36de-4c7d-ab17-23817efe1904,Data Analysis,Data Analysis,linkedin_skill,Statistical Data Analysis,0,0,0,0.94,True,True
1d2f3d61-4015-4a66-a140-bf98f283d695,Data Extraction,Data Extraction,linkedin_skill,Data Extraction,0,0,0,0.94,True,False
1d2f3d61-4015-4a66-a140-bf98f283d695,Research Design,Research Design,linkedin_skill,Research Design & Experimental Planning,0,0,0,0.94,True,True
d93bf6ad-efae-4411-9708-bdff1c9fe891,Mammalian Cell Culture,Mammalian Cell Culture,linkedin_skill,Mammalian Cell Culture,0,0,0,0.94,True,False
d93bf6ad-efae-4411-9708-bdff1c9fe891,Cell Culture,Cell Culture,linkedin_skill,Cell Culture,0,0,0,0.94,True,False
d93bf6ad-efae-4411-9708-bdff1c9fe891,Mass Spectrometry,Mass Spectrometry,linkedin_skill,MALDI-TOF mass spectrometry,0,0,0,0.94,True,True
d93bf6ad-efae-4411-9708-bdff1c9fe891,Immunocytochemistry,Immunocytochemistry,linkedin_skill,Immunocytochemistry,0,0,0,0.94,True,False
41601368-5883-4c8c-acc3-410a620df99c,Precision Medicine,Precision Medicine,linkedin_skill,Precision Medicine,0,0,0,0.94,True,True
41601368-5883-4c8c-acc3-410a620df99c,Electronic Medical Record (EMR),Electronic Medical Record (EMR),linkedin_skill,Electronic Medical Record (EMR),0,0,0,0.94,True,False
41601368-5883-4c8c-acc3-410a620df99c,Health Education,Health Education,linkedin_skill,Health Education,0,0,0,0.94,True,False
1f1f4f23-4334-4f7d-8036-fa26d1c08d07,Data Analysis,Data Analysis,linkedin_skill,Data Analysis,0,0,0,0.94,True,True
1f1f4f23-4334-4f7d-8036-fa26d1c08d07,Social Research,Social Research,linkedin_skill,Social Research,0,0,0,0.94,True,False
03db3f72-1adc-4d08-bdde-9864a58cb2a6,Medical Image Processing,image processing,linkedin_skill,Image Processing,0,0,0,0.94,True,True
03db3f72-1adc-4d08-bdde-9864a58cb2a6,Electrocardiography,ECG,linkedin_skill,ECG Interpretation,0,0,0,0.94,True,True
03db3f72-1adc-4d08-bdde-9864a58cb2a6,Deep Learning,Deep Learning,linkedin_skill,Deep Learning,0,0,0,0.94,True,True
65d6a6cf-d455-43a7-924b-1d1b25bb37d1,Clinical Research,Clinical Research,linkedin_skill,Clinical Research,0,0,0,0.94,True,True
65d6a6cf-d455-43a7-924b-1d1b25bb37d1,Neuroscience,Neuroscience,linkedin_skill,Neuroscience,0,0,0,0.94,True,True
f67871d0-cfe5-445d-bc2a-67b84dda39f2,Neurodegeneration,Neurodegeneration,linkedin_skill,Neurodegeneration,0,0,0,0.94,True,False
f67871d0-cfe5-445d-bc2a-67b84dda39f2,Stem Cells,Stem Cells,linkedin_skill,Stem Cells,0,0,0,0.94,True,True
f67871d0-cfe5-445d-bc2a-67b84dda39f2,Biomedical Research,Biomedical Research,linkedin_skill,Biomedical Research,0,0,0,0.94,True,True
d3ee9809-6941-472e-83c1-7060e904c8e6,Data Analysis,Data Analysis,linkedin_skill,Data Analysis,0,0,0,0.94,True,True
78215c93-f205-4d9e-a8f8-a873f47ed90b,Prompt Engineering,Prompt Engineering,linkedin_skill,Prompt Engineering,0,0,0,0.94,True,False
78215c93-f205-4d9e-a8f8-a873f47ed90b,Python,Python programming language,linkedin_skill,Python (Programming Language),0,0,0,0.94,True,True
78215c93-f205-4d9e-a8f8-a873f47ed90b,Clinical Research,Clinical Research,linkedin_skill,Clinical Research,0,0,0,0.94,True,True
6da8654b-0024-4612-b1bc-7bb110709506,Data Analysis,Data Analysis,linkedin_skill,Data Analysis,0,0,0,0.94,True,True
be905b1e-163c-4cd9-b36b-a1bdd45d8abe,Immunofluorescence,Immunofluorescence,linkedin_skill,Immunofluorescence,0,0,0,0.94,True,False
be905b1e-163c-4cd9-b36b-a1bdd45d8abe,Single Cell Sequencing,Single Cell Sequencing,linkedin_skill,Single Cell Sequencing,0,0,0,0.94,True,False
8113edcb-7d34-4b96-ab2b-49f9e96ef448,Mental Health,Mental Health,linkedin_skill,Mental Health,0,0,0,0.94,True,True
8113edcb-7d34-4b96-ab2b-49f9e96ef448,Psychology,Psychology,linkedin_skill,Psychology,0,0,0,0.94,True,True
e08e3686-313b-4b16-a632-07ecfb926907,Immunohistochemisty,Immunohistochemisty,linkedin_skill,Immunohistochemisty,0,0,0,0.94,True,False
c482b87a-e1fb-469c-bc13-0fe781d721cb,Magnetic Resonance Imaging,MRI,linkedin_skill,MRI,0,0,0,0.94,True,True
c482b87a-e1fb-469c-bc13-0fe781d721cb,Parkinson Disease,Parkinson's disease,linkedin_skill,Parkinson's Disease,0,0,0,0.94,True,True
c482b87a-e1fb-469c-bc13-0fe781d721cb,Cognitive Neuroscience,Cognitive Neuroscience,linkedin_skill,Cognitive Neuroscience,0,0,0,0.94,True,True
c482b87a-e1fb-469c-bc13-0fe781d721cb,Neuroscience,Neuroscience,linkedin_skill,Cognitive Neuroscience,0,0,0,0.94,True,True
c482b87a-e1fb-469c-bc13-0fe781d721cb,Neuroscience,Neuroscience,linkedin_skill,Neuroscience,0,0,0,0.94,True,True
c482b87a-e1fb-469c-bc13-0fe781d721cb,Physics,Physics,linkedin_skill,Physics,0,0,0,0.94,True,True
c482b87a-e1fb-469c-bc13-0fe781d721cb,Epilepsy,Epilepsy,linkedin_skill,Epilepsy,0,0,0,0.94,True,True
c482b87a-e1fb-469c-bc13-0fe781d721cb,Neuroimaging,Neuroimaging,linkedin_skill,Neuroimaging,0,0,0,0.94,True,True
c482b87a-e1fb-469c-bc13-0fe781d721cb,Python,Python programming language,linkedin_skill,Python (Programming Language),0,0,0,0.94,True,True
3ffdeca2-9b8b-40c9-aff0-dc5d23dcb88d,Clinical Data Management,Clinical Data Management,linkedin_skill,Clinical Data Management,0,0,0,0.94,True,True
3ffdeca2-9b8b-40c9-aff0-dc5d23dcb88d,Electronic Data Capture,Electronic Data Capture,linkedin_skill,Electronic Data Capture (EDC),0,0,0,0.94,True,True
413e38f3-fde4-41ab-86d9-0bf48f4c5eec,Clinical Study Management,Clinical Study Management,linkedin_skill,Clinical Study Management,0,0,0,0.94,True,False
413e38f3-fde4-41ab-86d9-0bf48f4c5eec,Python,Python,linkedin_skill,"Programing Software (Python, C++, HTML, Java)",0,0,0,0.94,True,True
abfaa604-a017-4d5e-9aec-ecb586b0ddd4,Research Design,Research Design,linkedin_skill,Research Design,0,0,0,0.94,True,True
227f9d77-1bcf-487a-82db-0b1b7e563d80,Global Health,Global Health,linkedin_skill,Global Health,0,0,0,0.94,True,True
227f9d77-1bcf-487a-82db-0b1b7e563d80,Medical Education,Medical Education,linkedin_skill,Medical Education,0,0,0,0.94,True,False
227f9d77-1bcf-487a-82db-0b1b7e563d80,Computed Tomography (CT) Imaging,Computed Tomography (CT) Imaging,linkedin_skill,Computed Tomography (CT) Imaging,0,0,0,0.94,True,False
465607d0-7eec-4fc1-9e85-f3ba7630de87,Cognitive Neuroscience,Cognitive Neuroscience,linkedin_skill,Cognitive Neuroscience,0,0,0,0.94,True,True
465607d0-7eec-4fc1-9e85-f3ba7630de87,Neuroscience,Neuroscience,linkedin_skill,Cognitive Neuroscience,0,0,0,0.94,True,True
465607d0-7eec-4fc1-9e85-f3ba7630de87,Movement Disorders,Movement Disorders,linkedin_skill,Movement Disorders,0,0,0,0.94,True,True
465607d0-7eec-4fc1-9e85-f3ba7630de87,Transcranial Magnetic Stimulation,Transcranial Magnetic Stimulation,linkedin_skill,Transcranial Magnetic Stimulation,0,0,0,0.94,True,True
465607d0-7eec-4fc1-9e85-f3ba7630de87,Computational Neuroscience,Computational Neuroscience,linkedin_skill,Computational Neuroscience,0,0,0,0.94,True,True
465607d0-7eec-4fc1-9e85-f3ba7630de87,Neuroscience,Neuroscience,linkedin_skill,Computational Neuroscience,0,0,0,0.94,True,True
2639593a-850c-4dcb-be8b-e338bccf7a2f,Alzheimer Disease,Alzheimer Disease,linkedin_skill,Alzheimer's Disease,0,0,0,0.94,True,True
2639593a-850c-4dcb-be8b-e338bccf7a2f,Bioelectronics,Bioelectronics,linkedin_skill,Bioelectronics,0,0,0,0.94,True,False
2639593a-850c-4dcb-be8b-e338bccf7a2f,Electromyography,Electromyography,linkedin_skill,Electromyography (EMG),0,0,0,0.94,True,True
2639593a-850c-4dcb-be8b-e338bccf7a2f,Electrocardiography,Electrocardiography,linkedin_skill,Electrocardiography (EKG),0,0,0,0.94,True,True
2639593a-850c-4dcb-be8b-e338bccf7a2f,PyTorch,PyTorch,linkedin_skill,PyTorch,0,0,0,0.94,True,True
2639593a-850c-4dcb-be8b-e338bccf7a2f,Computer Vision,Computer Vision,linkedin_skill,Computer Vision,0,0,0,0.94,True,True
2639593a-850c-4dcb-be8b-e338bccf7a2f,Deep Neural Networks,Deep Neural Networks,linkedin_skill,Deep Neural Networks (DNN),0,0,0,0.94,True,True
2639593a-850c-4dcb-be8b-e338bccf7a2f,Neural Networks,Neural Networks,linkedin_skill,Deep Neural Networks (DNN),0,0,0,0.94,True,True
2639593a-850c-4dcb-be8b-e338bccf7a2f,Parkinson Disease,Parkinson's disease,linkedin_skill,Parkinson's Disease,0,0,0,0.94,True,True
2639593a-850c-4dcb-be8b-e338bccf7a2f,Neural Networks,Neural Networks,linkedin_skill,Neural Networks,0,0,0,0.94,True,True
38acbe79-6c1d-44bb-9a7e-30d7a3ce2efc,Electroencephalography,EEG,linkedin_skill,EEG,0,0,0,0.94,True,True
38acbe79-6c1d-44bb-9a7e-30d7a3ce2efc,Python,Python programming language,linkedin_skill,Python (Programming Language),0,0,0,0.94,True,True
38acbe79-6c1d-44bb-9a7e-30d7a3ce2efc,Data Analysis,Data Analysis,linkedin_skill,Data Analysis,0,0,0,0.94,True,True
38acbe79-6c1d-44bb-9a7e-30d7a3ce2efc,Clinical Research,Clinical Research,linkedin_skill,Clinical Research,0,0,0,0.94,True,True
485a2419-bb01-4142-868a-e70aa0b15adb,Data Analysis,Data Analysis,linkedin_skill,Data Analysis,0,0,0,0.94,True,True
62fa7380-8183-42fe-a930-117c70326e50,Data Analysis,Data Analysis,linkedin_skill,Data Analysis,0,0,0,0.94,True,True
997a851c-ca3e-4456-92a0-d5ec84cdffc1,Clinical Research,Clinical Research,linkedin_skill,Clinical Research,0,0,0,0.94,True,True
d23db97e-46c1-4abe-9ce3-82d4fd8cf228,Neuroimmunology,Neuroimmunology,linkedin_skill,Neuroimmunology,0,0,0,0.94,True,False
d23db97e-46c1-4abe-9ce3-82d4fd8cf228,Biochemistry,Biochemistry,linkedin_skill,Biochemistry,0,0,0,0.94,True,False
b3fcb97c-7759-4234-98aa-0272cc1c65ef,Medical Science,Medical Science,linkedin_skill,Medical Science,0,0,0,0.94,True,False
b3fcb97c-7759-4234-98aa-0272cc1c65ef,Clinical Trials,Clinical Trials,linkedin_skill,Clinical Trials,0,0,0,0.94,True,True
b3fcb97c-7759-4234-98aa-0272cc1c65ef,Clinical Outcomes,Clinical Outcomes,linkedin_skill,Clinical Outcomes,0,0,0,0.94,True,False
b3fcb97c-7759-4234-98aa-0272cc1c65ef,Clinical Sleep Research,Clinical Sleep Research,linkedin_skill,Clinical Sleep Research,0,0,0,0.94,True,False
192f55da-ccb8-4044-aaa6-85ecbb975620,Artificial Intelligence,Artificial Intelligence,linkedin_skill,Artificial Intelligence (AI),0,0,0,0.94,True,True
192f55da-ccb8-4044-aaa6-85ecbb975620,Machine Learning,Machine Learning,linkedin_skill,Machine Learning,0,0,0,0.94,True,True
192f55da-ccb8-4044-aaa6-85ecbb975620,Python,Python programming language,linkedin_skill,Python (Programming Language),0,0,0,0.94,True,True
192f55da-ccb8-4044-aaa6-85ecbb975620,Computational Neuroscience,Computational Neuroscience,linkedin_skill,Computational Neuroscience,0,0,0,0.94,True,True
192f55da-ccb8-4044-aaa6-85ecbb975620,Neuroscience,Neuroscience,linkedin_skill,Computational Neuroscience,0,0,0,0.94,True,True
192f55da-ccb8-4044-aaa6-85ecbb975620,Biomedical Engineering,Biomedical Engineering,linkedin_skill,Biomedical Engineering,0,0,0,0.94,True,True
192f55da-ccb8-4044-aaa6-85ecbb975620,Data Modeling,Data Modeling,linkedin_skill,Data Modeling,0,0,0,0.94,True,True
3d67002f-ea42-477e-9764-d79d06acc9be,Mathematics,Mathematics,linkedin_skill,Mathematics,0,0,0,0.94,True,True
3d67002f-ea42-477e-9764-d79d06acc9be,Physics,Physics,linkedin_skill,Physics,0,0,0,0.94,True,True
3d67002f-ea42-477e-9764-d79d06acc9be,Quantum Optics,Quantum Optics,linkedin_skill,Quantum Optics,0,0,0,0.94,True,True
3d67002f-ea42-477e-9764-d79d06acc9be,Numerical Analysis,Numerical Analysis,linkedin_skill,Numerical Analysis,0,0,0,0.94,True,True
3d67002f-ea42-477e-9764-d79d06acc9be,Photonics,Photonics,linkedin_skill,Photonics,0,0,0,0.94,True,True
59f1baa7-c47e-4120-aab8-90de02a38acf,Artificial Intelligence,AI,linkedin_skill,AI and machine learning,0,0,0,0.94,True,True
59f1baa7-c47e-4120-aab8-90de02a38acf,Machine Learning,Machine Learning,linkedin_skill,AI and machine learning,0,0,0,0.94,True,True
2fbf709e-7f3c-43b6-b7b8-e61155861101,Mathematics,Mathematics,linkedin_skill,Mathematics Instruction,0,0,0,0.94,True,True
2639593a-850c-4dcb-be8b-e338bccf7a2f,Python,Python programming language,linkedin_skill,Python (Programming Language),0,0,0,0.94,True,True
2639593a-850c-4dcb-be8b-e338bccf7a2f,Mathematics,Mathematics,linkedin_skill,Mathematics,0,0,0,0.94,True,True
1d700dd9-938f-4cad-b67b-c643c0c6aa67,Mathematics,Mathematics,linkedin_skill,Applied Mathematics,0,0,0,0.94,True,True
1d700dd9-938f-4cad-b67b-c643c0c6aa67,Deep Learning,Deep Learning,linkedin_skill,Deep Learning,0,0,0,0.94,True,True
1d700dd9-938f-4cad-b67b-c643c0c6aa67,Artificial Intelligence,AI,linkedin_skill,Medical AI,0,0,0,0.94,True,True
b3fcb97c-7759-4234-98aa-0272cc1c65ef,Neuroscience,Neuroscience,linkedin_skill,Neuroscience,0,0,0,0.94,True,True
835db8ff-2a81-4470-a51f-3a9567827e6b,Computer Science,Computer Science,linkedin_skill,Computer Science,0,0,0,0.94,True,False
835db8ff-2a81-4470-a51f-3a9567827e6b,Electrical Engineering,Electrical Engineering,linkedin_skill,Electrical Engineering,0,0,0,0.94,True,False
bba2f0fd-61b9-44c9-913f-539995be1bb0,Bioengineering,bioengineering design thinking,linkedin_skill,Bioengineering Design Thinking,0,0,0,0.94,True,True
bba2f0fd-61b9-44c9-913f-539995be1bb0,Biotechnology,Biotechnology,linkedin_skill,Biotechnology,0,0,0,0.94,True,True
bba2f0fd-61b9-44c9-913f-539995be1bb0,T-Cell Engineering,advanced receptor engineering,linkedin_skill,Advanced Receptor Engineering,0,0,0,0.94,True,True
bba2f0fd-61b9-44c9-913f-539995be1bb0,Immunotherapy,Immunotherapy,linkedin_skill,Immunotherapy Delivery Optimization,0,0,0,0.94,True,True
323fbbed-76a5-4236-be5c-8a730e2b37fd,Medical Devices,Medical Devices,linkedin_skill,Medical Devices,0,0,0,0.94,True,False
323fbbed-76a5-4236-be5c-8a730e2b37fd,Biomedical Engineering,Biomedical Engineering,linkedin_skill,Biomedical Engineering,0,0,0,0.94,True,True
c2a51769-ff4e-41b3-a853-1177cbf076b8,Data Analysis,Data Analysis,linkedin_skill,Statistical Data Analysis,0,0,0,0.94,True,True
2fbf709e-7f3c-43b6-b7b8-e61155861101,Data Science,Data Science,linkedin_skill,Data Science,0,0,0,0.94,True,True
c0a6cc1c-b442-4941-8df3-fe6bdebe5d5e,Bioinformatics,Bioinformatics,linkedin_skill,Bioinformatics,0,0,0,0.94,True,False
c0a6cc1c-b442-4941-8df3-fe6bdebe5d5e,CNS cell isolation,CNS cell isolation,linkedin_skill,CNS cell isolation,0,0,0,0.94,True,False
c0a6cc1c-b442-4941-8df3-fe6bdebe5d5e,Single cell transcriptomics analysis,Single cell transcriptomics analysis,linkedin_skill,Single cell transcriptomics analysis,0,0,0,0.94,True,False
c0a6cc1c-b442-4941-8df3-fe6bdebe5d5e,Single Cell Sequencing,Single Cell Sequencing,linkedin_skill,Single Cell Sequencing,0,0,0,0.94,True,False
c0a6cc1c-b442-4941-8df3-fe6bdebe5d5e,Immunohistochemistry,Immunohistochemistry,linkedin_skill,Immunohistochemistry,0,0,0,0.94,True,False
639a2e46-1f1b-4d39-bf3e-786c15609979,Robotics,Robotics,linkedin_experience_description_recent,"The focus of my thesis was the use of robotics to better understand and rehabilitate arm function in stroke survivors. Specifically, I looked at the ipsilesional arm in stroke survivors (often referred to as the ""less-affected"" arm), and how movement deficits in this arm presented and changed in the first 6-months following stroke. Ipsilesional deficits were previously overlooked in stroke rehabilitation, often being cited as ""insignificantly contributing"" to overall motor impairment following stroke. As a result, my work presented an exciting opportunity to provide clinicians with much needed",2022,2020,2022,0.66,False,True
639a2e46-1f1b-4d39-bf3e-786c15609979,Stroke,Stroke,linkedin_experience_description_recent,"The focus of my thesis was the use of robotics to better understand and rehabilitate arm function in stroke survivors. Specifically, I looked at the ipsilesional arm in stroke survivors (often referred to as the ""less-affected"" arm), and how movement deficits in this arm presented and changed in the first 6-months following stroke. Ipsilesional deficits were previously overlooked in stroke rehabilitation, often being cited as ""insignificantly contributing"" to overall motor impairment following stroke. As a result, my work presented an exciting opportunity to provide clinicians with much needed",2022,2020,2022,0.66,False,True
639a2e46-1f1b-4d39-bf3e-786c15609979,Stroke Rehabilitation,Stroke Rehabilitation,linkedin_experience_description_recent,"The focus of my thesis was the use of robotics to better understand and rehabilitate arm function in stroke survivors. Specifically, I looked at the ipsilesional arm in stroke survivors (often referred to as the ""less-affected"" arm), and how movement deficits in this arm presented and changed in the first 6-months following stroke. Ipsilesional deficits were previously overlooked in stroke rehabilitation, often being cited as ""insignificantly contributing"" to overall motor impairment following stroke. As a result, my work presented an exciting opportunity to provide clinicians with much needed",2022,2020,2022,0.66,False,True
639a2e46-1f1b-4d39-bf3e-786c15609979,Intellectual Disability,Intellectual Disability,linkedin_experience_description_current,"As a member of the Affiliate Management Committee, I am responsible for ensuring that there is a clear vision for Special Olympics Calgary that is founded in championing the health and social benefits afforded to Calgarians with an intellectual disability through the Special Olympics programs offered.",2026,2022,2026,0.76,False,True
639a2e46-1f1b-4d39-bf3e-786c15609979,Retina,Retina,linkedin_experience_description_recent,"Over the summers of 2017, 2018, and 2019, I was a summer research student for the Calgary Retina Consultants. For my project, I completed a retrospective chart review of patients who had received surgical treatment for bilateral rhegmatogenous retinal detachments (RRD). The purpose of this work was to better understand how bilateral RRD presented in the clinic, as it is an extremely rare condition. Additionally, my project sought to determine which surgical repair methods provided the best visual outcomes at one-year post-operation.",2019,2017,2019,0.66,False,True
0c2aa172-9ee3-4815-a8e8-940f4c2e9e09,Health Equity,Health Equity,linkedin_experience_description_current,"Co-founded and lead Canada's first national organization at the intersection of brain health, climate justice, and health equity. Built from the ground up while completing a graduate degree in neuroscience, Brain-CE Collab now operates a 40+ fellow network, a 10-person expert board, and 15+ active research and advocacy projects spanning local, national, and international partnerships in 45 countries. Responsible for organizational strategy, fundraising, research leadership, partnership development, fellow recruitment and mentorship, and public communications. Our founding article was republish",2026,2025,2026,0.76,False,True
0c2aa172-9ee3-4815-a8e8-940f4c2e9e09,Neuroscience,Neuroscience,linkedin_experience_description_current,"Co-founded and lead Canada's first national organization at the intersection of brain health, climate justice, and health equity. Built from the ground up while completing a graduate degree in neuroscience, Brain-CE Collab now operates a 40+ fellow network, a 10-person expert board, and 15+ active research and advocacy projects spanning local, national, and international partnerships in 45 countries. Responsible for organizational strategy, fundraising, research leadership, partnership development, fellow recruitment and mentorship, and public communications. Our founding article was republish",2026,2025,2026,0.76,False,True
0c2aa172-9ee3-4815-a8e8-940f4c2e9e09,Clinical Neuroscience,Clinical Neuroscience,linkedin_experience_title_current,Department of Clinical Neuroscience EDIA Committee Member | University of Calgary,2026,2024,2026,0.86,True,True
0c2aa172-9ee3-4815-a8e8-940f4c2e9e09,Neuroscience,Neuroscience,linkedin_experience_title_current,Department of Clinical Neuroscience EDIA Committee Member | University of Calgary,2026,2024,2026,0.86,True,True
0c2aa172-9ee3-4815-a8e8-940f4c2e9e09,Clinical Neuroscience,Clinical Neuroscience,linkedin_experience_description_current,"• Served as a member of the Equity, Diversity, Inclusion & Accessibility (EDI&A) Committee at the University of Calgary. • Advised on developing guidance for opportunities, enhancing transparency for candidates. • Collaborated to define core EDIA principles, fostering a respectful culture in clinical neuroscience. • Supported the creation of a centralized resource hub for integrating EDIA principles into research practices.",2026,2024,2026,0.76,False,True
0c2aa172-9ee3-4815-a8e8-940f4c2e9e09,Neuroscience,Neuroscience,linkedin_experience_description_current,"• Served as a member of the Equity, Diversity, Inclusion & Accessibility (EDI&A) Committee at the University of Calgary. • Advised on developing guidance for opportunities, enhancing transparency for candidates. • Collaborated to define core EDIA principles, fostering a respectful culture in clinical neuroscience. • Supported the creation of a centralized resource hub for integrating EDIA principles into research practices.",2026,2024,2026,0.76,False,True
0c2aa172-9ee3-4815-a8e8-940f4c2e9e09,Neuroscience,Neuroscience,linkedin_experience_description_current,• Managed and contributed to multidisciplinary research projects utilizing cutting-edge neurotechnology. • Ensured timely and high-quality project deliverables through rigorous planning and execution. • Collaborated with diverse teams to integrate innovative solutions in neuroscience research.,2026,2023,2026,0.76,False,True
0c2aa172-9ee3-4815-a8e8-940f4c2e9e09,Data Analysis,Data Analysis,linkedin_experience_description_recent,"• Assisted in advanced research projects, focusing on experiment execution and data analysis. • Presented findings that informed lab decisions and encouraged collaborative problem-solving among team members. • Developed critical skills in research methodologies and data interpretation while contributing to a leading neuroscience institute.",2023,2022,2023,0.66,False,True
0c2aa172-9ee3-4815-a8e8-940f4c2e9e09,Neuroscience,Neuroscience,linkedin_experience_description_recent,"• Assisted in advanced research projects, focusing on experiment execution and data analysis. • Presented findings that informed lab decisions and encouraged collaborative problem-solving among team members. • Developed critical skills in research methodologies and data interpretation while contributing to a leading neuroscience institute.",2023,2022,2023,0.66,False,True
0c2aa172-9ee3-4815-a8e8-940f4c2e9e09,Women's Health,Women's Health,linkedin_experience_description_current,"• Collaborated with a creative studio and art collective to merge visual storytelling with community advocacy. • Curated 10+ exhibitions showcasing over 50 original works, raising $10K+ for local nonprofits. • Engaged a diverse audience through narrative-driven art that challenges conventional perspectives. • Exhibited work at notable venues, including: Calgary Public Library — Women’s Health Symposium Glenbow Museum — Sacred Weft Showcase Foothills Medical Centre — Cycles of Renewal Okotoks Art Gallery — Cycles of Renewal",2026,2016,2026,0.76,False,True
0c2aa172-9ee3-4815-a8e8-940f4c2e9e09,Artificial Intelligence,AI,linkedin_experience_description_recent,"• Founded and led an innovative educational platform, Brainwave, focusing on personalized learning through AI-driven tutoring. • Designed AI-integrated learning frameworks for over 10 students, achieving a 40% improvement in academic performance. • Developed and licensed customized curricula for educational institutions, scaling the platform's impact across diverse learning environments. • Successfully sold the company to a for-profit educational organization, expanding its reach across North America.",2025,2023,2025,0.66,False,True
0c2aa172-9ee3-4815-a8e8-940f4c2e9e09,Autism Spectrum Disorders,autism,linkedin_experience_description_recent,"• Developed original artwork that captured the essence of the Society for Autism Support and Services' mission. • Delivered high-quality pieces within tight deadlines, ensuring stakeholder satisfaction. • Collaborated closely with team members to align artistic vision with organizational values.",2023,2022,2023,0.66,False,True
f67d4ef6-7478-48a3-b662-e95c80bb7185,Physiology,Physiology,linkedin_experience_description_recent,"Brain in Motion (BIM) II Study, Laboratory of Human Cerebrovascular Physiology • Coordinated study team and day-to-day research operations • Managed regular communication with study participants • Organized a multi-site exercise intervention and trained and supervised exercise trainers • Assisted with ethics amendments, meetings, and stakeholder communications",2021,2018,2021,0.66,False,True
f67d4ef6-7478-48a3-b662-e95c80bb7185,Physiology,Physiology,linkedin_experience_description_recent,"Brain in Motion (BIM) II Study, Laboratory of Human Cerebrovascular Physiology • Coached older adults on safe exercise participation • Organized and maintained exercise program protocols and equipment • Collected and entered study data",2018,2018,2018,0.66,False,True
f67d4ef6-7478-48a3-b662-e95c80bb7185,Exercise Physiology,Exercise Physiology,linkedin_experience_title_recent,"Exercise Physiology Technician (Practicum), Clinical & Translational Exercise Physiology (CTEP) Lab | University of Calgary",2017,2017,2017,0.74,True,True
f67d4ef6-7478-48a3-b662-e95c80bb7185,Physiology,Physiology,linkedin_experience_title_recent,"Exercise Physiology Technician (Practicum), Clinical & Translational Exercise Physiology (CTEP) Lab | University of Calgary",2017,2017,2017,0.74,True,True
f67d4ef6-7478-48a3-b662-e95c80bb7185,Multiple Sclerosis,Multiple Sclerosis,linkedin_experience_description_recent,"One-on-one exercise instruction and Functional Electrical Stimulation (FES) set-ups for clients with spinal cord injuries, multiple sclerosis, and other neurological conditions.",2017,2017,2017,0.66,False,True
f67d4ef6-7478-48a3-b662-e95c80bb7185,Spinal Cord Injuries,Spinal Cord Injuries,linkedin_experience_description_recent,"One-on-one exercise instruction and Functional Electrical Stimulation (FES) set-ups for clients with spinal cord injuries, multiple sclerosis, and other neurological conditions.",2017,2017,2017,0.66,False,True
12c2a5ab-4efc-4485-8621-5a08e597a132,Clinical Neuroscience,Clinical Neuroscience,linkedin_experience_description_recent,"Research Assistant- Department of Clinical Neuroscience, Cumming School of Medicine Better Mobility Lab - leading a team of undergraduate students, writing ethics and grant applications, conducting randomized clinical trial Pediatric Onset Neuromotor Impairment Lab - building an open science database, assisting in data collection and management, leading limits of stability outcome measures",2022,2022,2022,0.66,False,True
12c2a5ab-4efc-4485-8621-5a08e597a132,Clinical Trials,clinical trial,linkedin_experience_description_recent,"Research Assistant- Department of Clinical Neuroscience, Cumming School of Medicine Better Mobility Lab - leading a team of undergraduate students, writing ethics and grant applications, conducting randomized clinical trial Pediatric Onset Neuromotor Impairment Lab - building an open science database, assisting in data collection and management, leading limits of stability outcome measures",2022,2022,2022,0.66,False,True
12c2a5ab-4efc-4485-8621-5a08e597a132,Neuroscience,Neuroscience,linkedin_experience_description_recent,"Research Assistant- Department of Clinical Neuroscience, Cumming School of Medicine Better Mobility Lab - leading a team of undergraduate students, writing ethics and grant applications, conducting randomized clinical trial Pediatric Onset Neuromotor Impairment Lab - building an open science database, assisting in data collection and management, leading limits of stability outcome measures",2022,2022,2022,0.66,False,True
12c2a5ab-4efc-4485-8621-5a08e597a132,Positron Emission Tomography,PET,linkedin_experience_title_recent,Pet Care Technician | Country Club Pet Resort,2022,2014,2022,0.74,True,True
12c2a5ab-4efc-4485-8621-5a08e597a132,Social Sciences,Social Sciences,linkedin_experience_description_recent,"Writing book chapters focussed on natural sciences, social sciences, and history to teach and inspire continued learning.",2021,2021,2021,0.66,False,True
2dbbabc5-fbe2-4ec4-8d94-ac9b4c4cddbd,Health Services,Health Services,linkedin_experience_description_current,"• Scheduling and Meetings o Manage and prioritize schedules for the Director, Deputy Director, and Senior Managers, resolving conflicts promptly. o Book meetings using sound judgment, accommodating participant availability for in-person or remote formats. o Ensure the Director is fully prepared for meetings by organizing and providing necessary materials. • Travel Coordination o Arrange travel for the Institute Director and Senior Managers. o Plan and manage travel, accommodations, and itineraries for guest speakers, visiting scientists, and recruitment candidates. • Event Logistics o Provide ",2026,2026,2026,0.76,False,True
2dbbabc5-fbe2-4ec4-8d94-ac9b4c4cddbd,Mental Health,Mental Health,linkedin_experience_description_current,"• Scheduling and Meetings o Manage and prioritize schedules for the Director, Deputy Director, and Senior Managers, resolving conflicts promptly. o Book meetings using sound judgment, accommodating participant availability for in-person or remote formats. o Ensure the Director is fully prepared for meetings by organizing and providing necessary materials. • Travel Coordination o Arrange travel for the Institute Director and Senior Managers. o Plan and manage travel, accommodations, and itineraries for guest speakers, visiting scientists, and recruitment candidates. • Event Logistics o Provide ",2026,2026,2026,0.76,False,True
2dbbabc5-fbe2-4ec4-8d94-ac9b4c4cddbd,Computational Neuroscience,Computational Neuroscience,linkedin_experience_description_current,"•Provide comprehensive administrative support to HBI Directors, Senior Managers, and Coordinators for operational activities, including education portfolio operations, communications, and event management. •Minute key internal meetings, including monthly executive meetings. •Support program-specific projects and assist in compiling, transcribing, and preparing research proposals, meeting materials, and project documentation. •Coordinate and facilitate the planning and logistics for faculty visits, recruitment candidates, and visiting scientists. •Manage executive schedules, resolving conflicts",2026,2026,2026,0.76,False,True
2dbbabc5-fbe2-4ec4-8d94-ac9b4c4cddbd,Neuroscience,Neuroscience,linkedin_experience_description_current,"•Provide comprehensive administrative support to HBI Directors, Senior Managers, and Coordinators for operational activities, including education portfolio operations, communications, and event management. •Minute key internal meetings, including monthly executive meetings. •Support program-specific projects and assist in compiling, transcribing, and preparing research proposals, meeting materials, and project documentation. •Coordinate and facilitate the planning and logistics for faculty visits, recruitment candidates, and visiting scientists. •Manage executive schedules, resolving conflicts",2026,2026,2026,0.76,False,True
2dbbabc5-fbe2-4ec4-8d94-ac9b4c4cddbd,Decision Making,Decision Making,linkedin_experience_description_recent,• Implement Community Access client service plans to achieve the Wellness Services outcomes. • Facilitate the connection of Community Access clients to the community through meaningful activities that increase their overall wellbeing. • Build the capacity of Community Access clients to gain self-determination and decision-making skills. • Work with the Community Access Team Leaders and the Client Service Specialists to provide a seamless continuum of services for Community Access clients. • Utilize ShareVision to capture client data and to monitor client progress • Work with the Wellness Servi,2022,2021,2022,0.66,False,True
2dbbabc5-fbe2-4ec4-8d94-ac9b4c4cddbd,Decision Making,Decision Making,linkedin_experience_description_recent,"•Strengthened member retention and boosted growth by cultivating relationships with stakeholders and leveraging referrals from existing members. •Engaged new donors by promoting the organization’s mission and aligning communications to support fundraising goals. •Contributed to donor campaigns by providing stakeholder insights, conducting testimonial interviews, and incorporating findings into reports, letters, and presentations. •Improved administrative efficiency by implementing new filing systems, optimizing workflows, and creating comprehensive documentation. •Developed and authored the or",2019,2013,2019,0.66,False,True
2dbbabc5-fbe2-4ec4-8d94-ac9b4c4cddbd,Health Services,Health Services,linkedin_experience_description_recent,"•Strengthened member retention and boosted growth by cultivating relationships with stakeholders and leveraging referrals from existing members. •Engaged new donors by promoting the organization’s mission and aligning communications to support fundraising goals. •Contributed to donor campaigns by providing stakeholder insights, conducting testimonial interviews, and incorporating findings into reports, letters, and presentations. •Improved administrative efficiency by implementing new filing systems, optimizing workflows, and creating comprehensive documentation. •Developed and authored the or",2019,2013,2019,0.66,False,True
afede334-d3bd-4233-860a-c2ebeed96bef,Dementia,Dementia,linkedin_experience_description_recent,"Entertaining residents (assisting in active games, entertaining, going on walks and outings, and having conversations). Interacting with dementia residents and ensuring they feel comfortable and secure.",2018,2018,2018,0.66,False,True
f54adf97-7d5c-49c7-b1ac-dd3d5d9effa7,Biomedical Engineering,Biomedical Engineering,linkedin_experience_description_recent,"Research into micro/nano technology, microfluidics, lab-on-a-chip, and electrokinetics Collaborate with the Faculty of Medicine on brain-machine interfaces. Director, Microsystems Hub, University of Calgary micro/nano fabrication cleanroom facility. Teaching. Supervising and co-supervising graduate students in the Schulich School of Engineering and the Biomedical Engineering Program. Courses taught and currently teaching listed at http://contacts.ucalgary.ca/info/enel/profiles/168-42873/courses",2023,2018,2023,0.66,False,True
f54adf97-7d5c-49c7-b1ac-dd3d5d9effa7,Biomedical Engineering,Biomedical Engineering,linkedin_experience_description_current,"Supervising and co-supervising graduate students in the Schulich School of Engineering. Approved Biomedical Engineering Program Graduate Supervisor. Research into micro/nano technology, microfluidics, lab-on-a-chip, and electrokinetics. Collaborate with the Faculty of Medicine on brain-chip interfaces. Manager of the Microsystems Hub",2026,2026,2026,0.76,False,True
d0acaa7f-1d1c-4ed4-b005-f761383bc900,Neuroscience,Neuroscience,linkedin_experience_title_current,Neuroscience Research Assistant | Hotchkiss Brain Institute,2026,2026,2026,0.86,True,True
d0acaa7f-1d1c-4ed4-b005-f761383bc900,Psychology,Psychology,linkedin_experience_title_current,Psychology Research Assistant | University of Calgary,2026,2026,2026,0.86,True,True
d0acaa7f-1d1c-4ed4-b005-f761383bc900,Social Work,Social Work,linkedin_experience_title_current,Social Work Research Assistant | University of Calgary,2026,2026,2026,0.86,True,True
b2e463f1-fa7c-4f6f-890d-0cd5676599a8,Harm Reduction,Harm Reduction,linkedin_experience_title_current,Lead Undergraduate Researcher - Qualitative Study on Harm Reduction | University of Alberta,2026,2025,2026,0.86,True,True
61d6dada-0d7d-4b02-8c05-7dc3816c9a49,Autism Spectrum Disorders,autism spectrum disorder,linkedin_experience_description_current,"Researcher in Dr. Ning Cheng’s lab through MDSC 528, investigating ERK pathway activation through Western blot analysis in Fragile X mouse models to better understand its link to autism spectrum disorder.",2026,2025,2026,0.76,False,True
61d6dada-0d7d-4b02-8c05-7dc3816c9a49,Mathematics,Mathematics,linkedin_experience_title_current,Mathematics Tutor | Self Employed,2026,2021,2026,0.86,True,True
61d6dada-0d7d-4b02-8c05-7dc3816c9a49,Mathematics,Mathematics,linkedin_experience_title_recent,Mathematics and Science Tutor | Tutor Doctor - Calgary,2025,2022,2025,0.74,True,True
92b379c6-3c0a-4620-a98b-6b023aa0806f,Neuroscience,neuroscience researcher,linkedin_experience_title_recent,"Neuroscience Researcher | Ontario Veterinary College, University of Guelph",2022,2020,2022,0.74,True,True
92b379c6-3c0a-4620-a98b-6b023aa0806f,Pharmacology,Pharmacology,linkedin_experience_title_recent,Pharmacology Graduate Teaching Assistant | University of Guelph,2021,2020,2021,0.74,True,True
d93bf6ad-efae-4411-9708-bdff1c9fe891,Brain Circuitry,neural circuitry,linkedin_experience_description_current,"•Currently establishing a model that aims to restore the damaged neural circuitry of a rat ex vivo model of ischemic stroke, through the use of neuron transplantation, neural activity measurement and optogenetics. • Techniques include: organotypic hippocampal (HPC) slice culture, embryonic cortical neuron culture, multi-electrode array (MEA) recording, immunocytochemistry, western blotting, and viral transduction.",2026,2026,2026,0.76,False,True
d93bf6ad-efae-4411-9708-bdff1c9fe891,Ischemic Stroke,Ischemic Stroke,linkedin_experience_description_current,"•Currently establishing a model that aims to restore the damaged neural circuitry of a rat ex vivo model of ischemic stroke, through the use of neuron transplantation, neural activity measurement and optogenetics. • Techniques include: organotypic hippocampal (HPC) slice culture, embryonic cortical neuron culture, multi-electrode array (MEA) recording, immunocytochemistry, western blotting, and viral transduction.",2026,2026,2026,0.76,False,True
d93bf6ad-efae-4411-9708-bdff1c9fe891,Stroke,Stroke,linkedin_experience_description_current,"•Currently establishing a model that aims to restore the damaged neural circuitry of a rat ex vivo model of ischemic stroke, through the use of neuron transplantation, neural activity measurement and optogenetics. • Techniques include: organotypic hippocampal (HPC) slice culture, embryonic cortical neuron culture, multi-electrode array (MEA) recording, immunocytochemistry, western blotting, and viral transduction.",2026,2026,2026,0.76,False,True
d93bf6ad-efae-4411-9708-bdff1c9fe891,Mass Spectrometry,Mass Spectrometry,linkedin_experience_description_recent,"•Member of a team providing comprehensive diagnostic bacteriology services to the OVC Health Sciences Centre, practicing veterinarians, researchers, and industry across Canada. •Isolated and identified various bacterial organisms via the use of MALDI-TOF Mass Spectrometry technology. •Proficient in the use of advanced laboratory equipment including incubators, isoplaters and anaerobic chambers and techniques such as ELISA for Clostridium bacteria, inoculating agar plates, slopes and media, pipette use, serial dilution and staining slides for analysis (Gram, MAF). •Clinical, Hatchery and Mastit",2022,2019,2022,0.66,False,True
28009f57-6b6a-4100-9a98-3408978540af,Addiction,Addiction,linkedin_experience_title_current,"Interim Senior Medical Lead, Addiction Services | Recovery Alberta",2026,2026,2026,0.86,True,True
28009f57-6b6a-4100-9a98-3408978540af,Pain,Pain,linkedin_experience_title_current,Alberta Pain Strategy Co-Chair | Alberta Health Services,2026,2026,2026,0.86,True,True
28009f57-6b6a-4100-9a98-3408978540af,Pain,Pain,linkedin_experience_title_current,Founder- Opioid Deprescribing Pain Program | Alberta Health Services,2026,2026,2026,0.86,True,True
28009f57-6b6a-4100-9a98-3408978540af,Addiction,Addiction,linkedin_experience_title_current,"Medical Lead, Alberta Addiction Education Sessions | Alberta Health Services",2026,2026,2026,0.86,True,True
41601368-5883-4c8c-acc3-410a620df99c,Precision Medicine,Precision Medicine,linkedin_experience_title_current,Translational research and precision medicine journal club chair | Hotchkiss Brain Institute,2026,2024,2026,0.86,True,True
d3ee9809-6941-472e-83c1-7060e904c8e6,Social Sciences,social science,linkedin_experience_description_current,"SSHRC- Principal Investigator: Dr. Paul Stortz, Department of Communication, Media, and Film, University of Calgary, AB. “English-Canadian University Student Hazing, Initiations, and Bullying as Performative Ritual, 1880-1960.” Social Science and Humanities Research Council of Canada (SSHRC) Insight Grant.",2026,2026,2026,0.76,False,True
78215c93-f205-4d9e-a8f8-a873f47ed90b,Python,Python programming language,linkedin_experience_description_current,"JavaScript, Python (Programming Language) and +5 skills",2026,2023,2026,0.76,False,True
78215c93-f205-4d9e-a8f8-a873f47ed90b,Clinical Neuroscience,clinical neurosciences,linkedin_experience_title_current,Technical Research Assistant - Clinical Neurosciences | University of Calgary,2026,2022,2026,0.86,True,True
78215c93-f205-4d9e-a8f8-a873f47ed90b,Neuroscience,neurosciences,linkedin_experience_title_current,Technical Research Assistant - Clinical Neurosciences | University of Calgary,2026,2022,2026,0.86,True,True
87d34558-e6f5-49d9-a78f-32e3e073159d,Mental Health,Mental Health,linkedin_experience_title_current,Mental Health Researcher | Mental Health for South Asia,2026,2026,2026,0.86,True,True
eff7362f-ecb5-4dbd-9b26-5d81967320a0,Clinical Research,Clinical Research,linkedin_experience_description_current,Assist in international clinical research projects focusing on community and behavioral health. Support data management and analysis for ongoing longitudinal studies on community health improvements.,2026,2026,2026,0.76,False,True
eff7362f-ecb5-4dbd-9b26-5d81967320a0,Alzheimer Disease,Alzheimer Disease,linkedin_experience_description_current,Researched genetic predictors of Alzheimer’s Disease and brain health in patients following a Transient Ischemic Attack. Managed a longitudinal study using five years of clinical data to track how genetics and lifestyle factors influence cognitive decline. Performed laboratory genotyping and data analysis using techniques such as PCR and multiple linear regression. Synthesized neuroimaging and clinical results to defend findings to thesis committee.,2026,2026,2026,0.76,False,True
eff7362f-ecb5-4dbd-9b26-5d81967320a0,Data Analysis,Data Analysis,linkedin_experience_description_current,Researched genetic predictors of Alzheimer’s Disease and brain health in patients following a Transient Ischemic Attack. Managed a longitudinal study using five years of clinical data to track how genetics and lifestyle factors influence cognitive decline. Performed laboratory genotyping and data analysis using techniques such as PCR and multiple linear regression. Synthesized neuroimaging and clinical results to defend findings to thesis committee.,2026,2026,2026,0.76,False,True
eff7362f-ecb5-4dbd-9b26-5d81967320a0,Genetics,Genetics,linkedin_experience_description_current,Researched genetic predictors of Alzheimer’s Disease and brain health in patients following a Transient Ischemic Attack. Managed a longitudinal study using five years of clinical data to track how genetics and lifestyle factors influence cognitive decline. Performed laboratory genotyping and data analysis using techniques such as PCR and multiple linear regression. Synthesized neuroimaging and clinical results to defend findings to thesis committee.,2026,2026,2026,0.76,False,True
eff7362f-ecb5-4dbd-9b26-5d81967320a0,Neuroimaging,Neuroimaging,linkedin_experience_description_current,Researched genetic predictors of Alzheimer’s Disease and brain health in patients following a Transient Ischemic Attack. Managed a longitudinal study using five years of clinical data to track how genetics and lifestyle factors influence cognitive decline. Performed laboratory genotyping and data analysis using techniques such as PCR and multiple linear regression. Synthesized neuroimaging and clinical results to defend findings to thesis committee.,2026,2026,2026,0.76,False,True
030f8cde-f2ae-4824-8f5b-98102638bf51,Brain Stimulation,Brain Stimulation,linkedin_experience_description_current,Research Student in the BrainKids Lab under Dr. Kara Murias I am interested in learning about the use of non-invasive brain stimulation as a treatment for neurodevelopmental and mental health disorders in kids. I’m currently analyzing Diffusion Weighted Imaging MRI scans in kids with and without ADHD.,2026,2025,2026,0.76,False,True
030f8cde-f2ae-4824-8f5b-98102638bf51,Magnetic Resonance Imaging,MRI,linkedin_experience_description_current,Research Student in the BrainKids Lab under Dr. Kara Murias I am interested in learning about the use of non-invasive brain stimulation as a treatment for neurodevelopmental and mental health disorders in kids. I’m currently analyzing Diffusion Weighted Imaging MRI scans in kids with and without ADHD.,2026,2025,2026,0.76,False,True
030f8cde-f2ae-4824-8f5b-98102638bf51,Mental Health,Mental Health,linkedin_experience_description_current,Research Student in the BrainKids Lab under Dr. Kara Murias I am interested in learning about the use of non-invasive brain stimulation as a treatment for neurodevelopmental and mental health disorders in kids. I’m currently analyzing Diffusion Weighted Imaging MRI scans in kids with and without ADHD.,2026,2025,2026,0.76,False,True
030f8cde-f2ae-4824-8f5b-98102638bf51,Mental Health,Mental Health,linkedin_experience_title_current,Mental Health Research 4 Kids - Research Partner | Mathison Centre for Mental Health Research & Education,2026,2026,2026,0.86,True,True
030f8cde-f2ae-4824-8f5b-98102638bf51,Mental Health,Mental Health,linkedin_experience_title_current,"Mental Health Research 4 Kids - Co-Chair, Many Voices Council | Mathison Centre for Mental Health Research & Education",2026,2026,2026,0.86,True,True
be905b1e-163c-4cd9-b36b-a1bdd45d8abe,Neuroscience,Neuroscience,linkedin_experience_description_recent,Neuroscience Concentration Directed study in the field of Adult Neurogenesis,2020,2015,2020,0.66,False,True
8113edcb-7d34-4b96-ab2b-49f9e96ef448,Mental Health,Mental Health,linkedin_experience_title_current,Faculty- Napa Infant-Parent Mental Health Fellowship | UC Davis Continuing and Professional Education,2026,2023,2026,0.86,True,True
8113edcb-7d34-4b96-ab2b-49f9e96ef448,Therapeutics,Therapeutics,linkedin_experience_title_current,Neurosequential Model of Therapeutics Mentor | The Neurosequential Network,2026,2022,2026,0.86,True,True
8113edcb-7d34-4b96-ab2b-49f9e96ef448,Therapeutics,Therapeutics,linkedin_experience_description_recent,Certified in the Neurosequential Model of Therapeutics (2012),2021,2012,2021,0.66,False,True
debe2b0f-74ba-4793-a0b1-8a7747df712d,Clinical Trials,clinical trial,linkedin_experience_description_current,"Designing and establishing complex novel setups to test elicited biological effects of focused ultrasound in real-time in vivo -Conducting pre-clinical MRI-guided focused ultrasound ablation studies as a clinical trial analogue -Supervising and assisting students and colleagues in various projects in terms of small-animal surgeries, experimental setup, pre-clinical studies, and data analysis (MATLAB, ImageJ, Fluoview) -2 international conference presentations, 6 manuscripts currently in-preparation",2026,2026,2026,0.76,False,True
debe2b0f-74ba-4793-a0b1-8a7747df712d,Data Analysis,Data Analysis,linkedin_experience_description_current,"Designing and establishing complex novel setups to test elicited biological effects of focused ultrasound in real-time in vivo -Conducting pre-clinical MRI-guided focused ultrasound ablation studies as a clinical trial analogue -Supervising and assisting students and colleagues in various projects in terms of small-animal surgeries, experimental setup, pre-clinical studies, and data analysis (MATLAB, ImageJ, Fluoview) -2 international conference presentations, 6 manuscripts currently in-preparation",2026,2026,2026,0.76,False,True
debe2b0f-74ba-4793-a0b1-8a7747df712d,Magnetic Resonance Imaging,MRI,linkedin_experience_description_current,"Designing and establishing complex novel setups to test elicited biological effects of focused ultrasound in real-time in vivo -Conducting pre-clinical MRI-guided focused ultrasound ablation studies as a clinical trial analogue -Supervising and assisting students and colleagues in various projects in terms of small-animal surgeries, experimental setup, pre-clinical studies, and data analysis (MATLAB, ImageJ, Fluoview) -2 international conference presentations, 6 manuscripts currently in-preparation",2026,2026,2026,0.76,False,True
f2bce860-d825-41d4-84e5-2046a7322430,Clinical Neuroscience,Clinical Neuroscience,linkedin_experience_title_current,MSc Student (Clinical Neuroscience) | University of Calgary,2026,2026,2026,0.86,True,True
f2bce860-d825-41d4-84e5-2046a7322430,Neuroscience,Neuroscience,linkedin_experience_title_current,MSc Student (Clinical Neuroscience) | University of Calgary,2026,2026,2026,0.86,True,True
f2bce860-d825-41d4-84e5-2046a7322430,Brain Injury,traumatic brain injury,linkedin_experience_title_recent,Student Researcher (Traumatic Brain Injury) | The University of British Columbia,2022,2021,2022,0.74,True,True
46f9fd7a-681a-433b-9b1b-b1b97419df7f,Epilepsy,Epilepsy,linkedin_experience_title_current,"Co-Director of Education, Calgary Comprehensive Epilepsy Program | University of Calgary",2026,2026,2026,0.86,True,True
46f9fd7a-681a-433b-9b1b-b1b97419df7f,Neurology,Neurology,linkedin_experience_title_current,Clinical Assistant Professor (Neurology) | University of Calgary,2026,2026,2026,0.86,True,True
46f9fd7a-681a-433b-9b1b-b1b97419df7f,Clinical Neuroscience,clinical neurosciences,linkedin_experience_description_current,"Calgary Comprehensive Epilepsy Program, Department of Clinical Neurosciences.",2026,2023,2026,0.76,False,True
46f9fd7a-681a-433b-9b1b-b1b97419df7f,Epilepsy,Epilepsy,linkedin_experience_description_current,"Calgary Comprehensive Epilepsy Program, Department of Clinical Neurosciences.",2026,2023,2026,0.76,False,True
46f9fd7a-681a-433b-9b1b-b1b97419df7f,Neuroscience,neurosciences,linkedin_experience_description_current,"Calgary Comprehensive Epilepsy Program, Department of Clinical Neurosciences.",2026,2023,2026,0.76,False,True
46f9fd7a-681a-433b-9b1b-b1b97419df7f,Neurology,Neurology,linkedin_experience_title_current,"Editorial Board Member, Neurology® Clinical Practice | American Academy of Neurology",2026,2026,2026,0.86,True,True
46f9fd7a-681a-433b-9b1b-b1b97419df7f,Neurology,Neurology,linkedin_experience_title_current,"Classification of Evidence (CoE) Review Team Member, Neurology® | American Academy of Neurology",2026,2026,2026,0.86,True,True
46f9fd7a-681a-433b-9b1b-b1b97419df7f,Neurology,Neurology,linkedin_experience_title_current,"International Member, Editorial Team, Resident and Fellow Section, Neurology® | American Academy of Neurology",2026,2026,2026,0.86,True,True
46f9fd7a-681a-433b-9b1b-b1b97419df7f,Neurology,Neurology,linkedin_experience_description_current,"The Neurology® Resident and Fellow Section is trainee-run: a team of residents and fellows has responsibility for writing, reviewing, editing, and publishing articles of interest to trainees. The group also has responsibility for initiating and developing other unique projects, including podcasts, other electronic communications, a website, and new subsection ideas.",2026,2026,2026,0.76,False,True
46f9fd7a-681a-433b-9b1b-b1b97419df7f,Adolescent Psychiatry,Adolescent Psychiatry,linkedin_experience_description_recent,"Child & Adolescent Psychiatry Fellowship Program. Module II, Didactic Unit 2: ""The Neurological Diagnosis of the Child: Neurological Basis of Child Psychiatry.""",2020,2019,2020,0.66,False,True
46f9fd7a-681a-433b-9b1b-b1b97419df7f,Nervous System,Nervous System,linkedin_experience_description_recent,"Guest Lecturer in Neuroanatomy (Anatomy of the Autonomic Nervous System, 2018), Vascular Neurology (Vasculitis, 2019), and Neuro-Infectious Diseases (Meningeal Tuberculosis, 2019). Neurocampus is an initiative of the National Institute of Neurology (Mexico) and the Open University and Distance Education Center (CUAED), National Autonomous University of Mexico (UNAM). Website: https://neurocampus.cuaed.unam.mx/",2020,2018,2020,0.66,False,True
46f9fd7a-681a-433b-9b1b-b1b97419df7f,Neurology,Neurology,linkedin_experience_description_recent,"Guest Lecturer in Neuroanatomy (Anatomy of the Autonomic Nervous System, 2018), Vascular Neurology (Vasculitis, 2019), and Neuro-Infectious Diseases (Meningeal Tuberculosis, 2019). Neurocampus is an initiative of the National Institute of Neurology (Mexico) and the Open University and Distance Education Center (CUAED), National Autonomous University of Mexico (UNAM). Website: https://neurocampus.cuaed.unam.mx/",2020,2018,2020,0.66,False,True
46f9fd7a-681a-433b-9b1b-b1b97419df7f,Neurology,Neurology,linkedin_experience_title_recent,Resident Physician (Adult Neurology) | Instituto Nacional de Neurología y Neurocirugía,2020,2017,2020,0.74,True,True
46f9fd7a-681a-433b-9b1b-b1b97419df7f,Clinical Neuroscience,clinical neurosciences,linkedin_experience_description_recent,"""The National Institute of Neurology and Neurosurgery was initially conceived as an institution where the three main divisions of clinical neurosciences would coexist with equal academic pre-eminence: neurology, neurosurgery, and psychiatry. [...] In the academic field, the National Institute of Neurology and Neurosurgery is the largest training center for specialists in Latin America. In its 40 years, it has graduated almost 1000 specialists in the neurological sciences and more than 250 MSc and PhD researchers"" (Handb Clin Neurol. 2010;95:801-14).",2020,2017,2020,0.66,False,True
46f9fd7a-681a-433b-9b1b-b1b97419df7f,Neurology,Neurology,linkedin_experience_description_recent,"""The National Institute of Neurology and Neurosurgery was initially conceived as an institution where the three main divisions of clinical neurosciences would coexist with equal academic pre-eminence: neurology, neurosurgery, and psychiatry. [...] In the academic field, the National Institute of Neurology and Neurosurgery is the largest training center for specialists in Latin America. In its 40 years, it has graduated almost 1000 specialists in the neurological sciences and more than 250 MSc and PhD researchers"" (Handb Clin Neurol. 2010;95:801-14).",2020,2017,2020,0.66,False,True
46f9fd7a-681a-433b-9b1b-b1b97419df7f,Neuroscience,neurosciences,linkedin_experience_description_recent,"""The National Institute of Neurology and Neurosurgery was initially conceived as an institution where the three main divisions of clinical neurosciences would coexist with equal academic pre-eminence: neurology, neurosurgery, and psychiatry. [...] In the academic field, the National Institute of Neurology and Neurosurgery is the largest training center for specialists in Latin America. In its 40 years, it has graduated almost 1000 specialists in the neurological sciences and more than 250 MSc and PhD researchers"" (Handb Clin Neurol. 2010;95:801-14).",2020,2017,2020,0.66,False,True
46f9fd7a-681a-433b-9b1b-b1b97419df7f,Neurology,Neurology,linkedin_experience_title_recent,World Federation of Neurology (WFN) Observer | The Montreal Neurological Institute,2019,2019,2019,0.74,True,True
46f9fd7a-681a-433b-9b1b-b1b97419df7f,Epilepsy,Epilepsy,linkedin_experience_description_recent,"Epilepsy Program & Analytical Neurophysiology (ANPHY) Lab (Supervisor: Prof. Birgit Frauscher, MD, PD), Montreal Neurological Institute and Hospital, McGill University Health Centre: https://mcgill.ca/frauscher-lab/. Canadian Department Visit Program, World Federation of Neurology (WFN), Montreal Neurological Institute (MNI) and Canadian Neurological Society (CNS). The purpose of this observership was to experience the Canadian neurological system in an international environment, meet new colleagues and foster future cooperation.",2019,2019,2019,0.66,False,True
46f9fd7a-681a-433b-9b1b-b1b97419df7f,Neurology,Neurology,linkedin_experience_description_recent,"Epilepsy Program & Analytical Neurophysiology (ANPHY) Lab (Supervisor: Prof. Birgit Frauscher, MD, PD), Montreal Neurological Institute and Hospital, McGill University Health Centre: https://mcgill.ca/frauscher-lab/. Canadian Department Visit Program, World Federation of Neurology (WFN), Montreal Neurological Institute (MNI) and Canadian Neurological Society (CNS). The purpose of this observership was to experience the Canadian neurological system in an international environment, meet new colleagues and foster future cooperation.",2019,2019,2019,0.66,False,True
46f9fd7a-681a-433b-9b1b-b1b97419df7f,Neurophysiology,Neurophysiology,linkedin_experience_description_recent,"Epilepsy Program & Analytical Neurophysiology (ANPHY) Lab (Supervisor: Prof. Birgit Frauscher, MD, PD), Montreal Neurological Institute and Hospital, McGill University Health Centre: https://mcgill.ca/frauscher-lab/. Canadian Department Visit Program, World Federation of Neurology (WFN), Montreal Neurological Institute (MNI) and Canadian Neurological Society (CNS). The purpose of this observership was to experience the Canadian neurological system in an international environment, meet new colleagues and foster future cooperation.",2019,2019,2019,0.66,False,True
46f9fd7a-681a-433b-9b1b-b1b97419df7f,Neurodegenerative Diseases,Neurodegenerative Diseases,linkedin_experience_description_recent,"The Sistema Nacional de Investigadores (National Researchers System) or SNI is a governmental agency established in Mexico in 1984, to promote both the quantity and quality of research. It is a subsidiary of the National Council on Science and Technology (Consejo Nacional de Ciencia y Tecnología, CONACYT). Institutional Affiliation: Clinical Laboratory of Neurodegenerative Diseases (Head: Prof. Teresa Corona, MD, MSc), National Institute of Neurology and Neurosurgery, Mexico City.",2019,2017,2019,0.66,False,True
46f9fd7a-681a-433b-9b1b-b1b97419df7f,Neurology,Neurology,linkedin_experience_description_recent,"The Sistema Nacional de Investigadores (National Researchers System) or SNI is a governmental agency established in Mexico in 1984, to promote both the quantity and quality of research. It is a subsidiary of the National Council on Science and Technology (Consejo Nacional de Ciencia y Tecnología, CONACYT). Institutional Affiliation: Clinical Laboratory of Neurodegenerative Diseases (Head: Prof. Teresa Corona, MD, MSc), National Institute of Neurology and Neurosurgery, Mexico City.",2019,2017,2019,0.66,False,True
abfaa604-a017-4d5e-9aec-ecb586b0ddd4,Addiction,Addiction,linkedin_experience_description_current,"This summer, I am conducting research in the Borgland Lab at the Hotchkiss Brain Institute, focusing on the neural mechanisms underlying the salience of food and addiction, with additional interests in cannabis-related research. I assist with behavioral experiments in mice, data analysis, and a variety of laboratory techniques, working closely with a team of neuroscientists. The skills and insights I gain during this studentship will directly support my honours thesis, which I will complete with the Borgland Lab during the upcoming academic year.",2026,2025,2026,0.76,False,True
abfaa604-a017-4d5e-9aec-ecb586b0ddd4,Cannabis,Cannabis,linkedin_experience_description_current,"This summer, I am conducting research in the Borgland Lab at the Hotchkiss Brain Institute, focusing on the neural mechanisms underlying the salience of food and addiction, with additional interests in cannabis-related research. I assist with behavioral experiments in mice, data analysis, and a variety of laboratory techniques, working closely with a team of neuroscientists. The skills and insights I gain during this studentship will directly support my honours thesis, which I will complete with the Borgland Lab during the upcoming academic year.",2026,2025,2026,0.76,False,True
abfaa604-a017-4d5e-9aec-ecb586b0ddd4,Data Analysis,Data Analysis,linkedin_experience_description_current,"This summer, I am conducting research in the Borgland Lab at the Hotchkiss Brain Institute, focusing on the neural mechanisms underlying the salience of food and addiction, with additional interests in cannabis-related research. I assist with behavioral experiments in mice, data analysis, and a variety of laboratory techniques, working closely with a team of neuroscientists. The skills and insights I gain during this studentship will directly support my honours thesis, which I will complete with the Borgland Lab during the upcoming academic year.",2026,2025,2026,0.76,False,True
abfaa604-a017-4d5e-9aec-ecb586b0ddd4,Forecasting,Forecasting,linkedin_experience_description_current,"As the Financial Manager and Owner of Girls Who Like To Do Things, I oversee all financial operations and strategic planning for a growing social club that creates events and experiences for women in their 20s. I manage budgeting, forecasting, and expense tracking across multiple monthly events to ensure financial sustainability and transparency. My role includes handling vendor payments, managing registration fees and reimbursements, preparing financial summaries, and maintaining accurate records for a volunteer-run team. I also implement cost-effective strategies that keep events accessible ",2026,2024,2026,0.76,False,True
abfaa604-a017-4d5e-9aec-ecb586b0ddd4,Data Analysis,Data Analysis,linkedin_experience_description_recent,"During my internship at the Hotchkiss Brain Institute (HBI), I supported a graduate student in pioneering research exploring the relationship between asthma and the brain. My role involved hands-on assistance with various lab tasks, including the preparation and execution of experiments designed to investigate the neurological impact of asthma. This role enhanced my skills in both data analysis and experimental design, deepening my understanding of the intricate interactions between respiratory conditions and brain function. The internship not only strengthened my research capabilities but als",2023,2023,2023,0.66,False,True
abfaa604-a017-4d5e-9aec-ecb586b0ddd4,Neuroscience,Neuroscience,linkedin_experience_description_recent,"During my internship at the Hotchkiss Brain Institute (HBI), I supported a graduate student in pioneering research exploring the relationship between asthma and the brain. My role involved hands-on assistance with various lab tasks, including the preparation and execution of experiments designed to investigate the neurological impact of asthma. This role enhanced my skills in both data analysis and experimental design, deepening my understanding of the intricate interactions between respiratory conditions and brain function. The internship not only strengthened my research capabilities but als",2023,2023,2023,0.66,False,True
abfaa604-a017-4d5e-9aec-ecb586b0ddd4,Pharmacology,Pharmacology,linkedin_experience_description_recent,"During my internship at the Hotchkiss Brain Institute (HBI), I supported a graduate student in pioneering research exploring the relationship between asthma and the brain. My role involved hands-on assistance with various lab tasks, including the preparation and execution of experiments designed to investigate the neurological impact of asthma. This role enhanced my skills in both data analysis and experimental design, deepening my understanding of the intricate interactions between respiratory conditions and brain function. The internship not only strengthened my research capabilities but als",2023,2023,2023,0.66,False,True
abfaa604-a017-4d5e-9aec-ecb586b0ddd4,Research Design,experimental design,linkedin_experience_description_recent,"During my internship at the Hotchkiss Brain Institute (HBI), I supported a graduate student in pioneering research exploring the relationship between asthma and the brain. My role involved hands-on assistance with various lab tasks, including the preparation and execution of experiments designed to investigate the neurological impact of asthma. This role enhanced my skills in both data analysis and experimental design, deepening my understanding of the intricate interactions between respiratory conditions and brain function. The internship not only strengthened my research capabilities but als",2023,2023,2023,0.66,False,True
04c0502c-e2fa-4de1-b7e4-1e471df6d292,Mathematics,Mathematics,linkedin_experience_description_current,Providing personalized academic support in mathematics and science to K-12 students of varied skill levels - Developing lesson plans and strategies to address student's academic needs and enhance understanding and test performance - Communicating with students and parents to provide feedback to encourage improvement - Applying problem-solving skills to address individual learning needs to help students grasp challenging concepts,2026,2025,2026,0.76,False,True
04c0502c-e2fa-4de1-b7e4-1e471df6d292,Epilepsy,Epilepsy,linkedin_experience_description_current,"Worked in Dr. Teskey's Lab conducting epilepsy research. Tasks included: - Performed recovery brain surgery on rodents - Conducted data collection using animal models, including seizure administration, treatment with various nutraceuticals, behavioural experiments, and enzymatic expression analyses - Graphed and analyzed data - Presented research at the Hotchkiss Brain Institute (HBI) Summer Student Symposium Program",2026,2023,2026,0.76,False,True
5113b5b0-63d8-40cf-ae2e-561c3cd83dff,Psychology,Psychology,linkedin_experience_title_current,Assistant Professor of Psychology | St. Mary's University,2026,2021,2026,0.86,True,True
2639593a-850c-4dcb-be8b-e338bccf7a2f,Computational Neuroscience,computational neurophysics,linkedin_experience_description_current,Lab: Computational Neurophysics Lab PI: Dr. Roberto C. Sotero Institution: Hotchkiss Brain Institute University: University of Calgary,2026,2026,2026,0.76,False,True
2639593a-850c-4dcb-be8b-e338bccf7a2f,Electroencephalography,EEG,linkedin_experience_description_current,"Gait and Motion Analysis lab Supervisor(s): Dr. Mostafa Rostami, Sadegh Madadi Project(s): 1- Parkinson’s disease classification using EEG and a hybrid EEGNet–LSTM architecture 2- Next-Generation Transformer-Based EEG Modeling for Parkinson’s Disease Detection Using Resting-State Data",2026,2025,2026,0.76,False,True
2639593a-850c-4dcb-be8b-e338bccf7a2f,Parkinson Disease,Parkinson's disease,linkedin_experience_description_current,"Gait and Motion Analysis lab Supervisor(s): Dr. Mostafa Rostami, Sadegh Madadi Project(s): 1- Parkinson’s disease classification using EEG and a hybrid EEGNet–LSTM architecture 2- Next-Generation Transformer-Based EEG Modeling for Parkinson’s Disease Detection Using Resting-State Data",2026,2025,2026,0.76,False,True
2639593a-850c-4dcb-be8b-e338bccf7a2f,Electroencephalography,EEG,linkedin_experience_description_recent,Neural and Cognitive Systems Engineering Lab Supervisor: Dr. Golnaz Baghdadi Project(s): 1- Neural Network-Based Seizure Epilepsy Prediction and Detection. 2-Dynamic Connectivity Graph Attention Transformer for Multi-Task EEG Classification.,2026,2024,2026,0.66,False,True
2639593a-850c-4dcb-be8b-e338bccf7a2f,Epilepsy,Epilepsy,linkedin_experience_description_recent,Neural and Cognitive Systems Engineering Lab Supervisor: Dr. Golnaz Baghdadi Project(s): 1- Neural Network-Based Seizure Epilepsy Prediction and Detection. 2-Dynamic Connectivity Graph Attention Transformer for Multi-Task EEG Classification.,2026,2024,2026,0.66,False,True
2639593a-850c-4dcb-be8b-e338bccf7a2f,Neural Networks,neural network,linkedin_experience_description_recent,Neural and Cognitive Systems Engineering Lab Supervisor: Dr. Golnaz Baghdadi Project(s): 1- Neural Network-Based Seizure Epilepsy Prediction and Detection. 2-Dynamic Connectivity Graph Attention Transformer for Multi-Task EEG Classification.,2026,2024,2026,0.66,False,True
2639593a-850c-4dcb-be8b-e338bccf7a2f,Physics,Physics,linkedin_experience_description_recent,Course: Medical Physics Supervisor: Dr. Malikeh Nabaei,2025,2023,2025,0.66,False,True
2639593a-850c-4dcb-be8b-e338bccf7a2f,Biostatistics,biostatistics and probabilities,linkedin_experience_description_recent,Course: Biostatistics and probabilities Supervisor: Dr. Mehrdad Saviz,2025,2022,2025,0.66,False,True
2639593a-850c-4dcb-be8b-e338bccf7a2f,Signal Processing,Signal Processing,linkedin_experience_description_recent,Course: Signal processing and Systems Supervisor: Dr. Amir Khakpour,2023,2023,2023,0.66,False,True
2639593a-850c-4dcb-be8b-e338bccf7a2f,Mathematics,Mathematics,linkedin_experience_description_recent,Course: General Mathematics Supervisor: Dr. Mehdi Rostami,2023,2023,2023,0.66,False,True
2639593a-850c-4dcb-be8b-e338bccf7a2f,Mathematics,Mathematics,linkedin_experience_description_recent,Course: General Mathematics II Supervisor: Dr. Sara Saeidi Madani,2023,2023,2023,0.66,False,True
2639593a-850c-4dcb-be8b-e338bccf7a2f,Deep Learning,Deep Learning,linkedin_experience_description_current,Developing Predictive Models for Reading Behavior and Cognitive Responses through Deep Learning Integration of EEG and Eye-Tracking Data,2026,2024,2026,0.76,False,True
2639593a-850c-4dcb-be8b-e338bccf7a2f,Electroencephalography,EEG,linkedin_experience_description_current,Developing Predictive Models for Reading Behavior and Cognitive Responses through Deep Learning Integration of EEG and Eye-Tracking Data,2026,2024,2026,0.76,False,True
2639593a-850c-4dcb-be8b-e338bccf7a2f,Neuroimaging,brain imaging,linkedin_experience_description_recent,Project: Designing an extension for sleep data and annotations based on BIDS (Brain Imaging Data Structure),2026,2024,2026,0.66,False,True
2639593a-850c-4dcb-be8b-e338bccf7a2f,Machine Learning,Machine Learning,linkedin_experience_title_recent,Machine Learning and Signal Processing R&D | Radial,2023,2023,2023,0.74,True,True
2639593a-850c-4dcb-be8b-e338bccf7a2f,Signal Processing,Signal Processing,linkedin_experience_title_recent,Machine Learning and Signal Processing R&D | Radial,2023,2023,2023,0.74,True,True
2a2307e2-2c74-413f-9558-05450144be6f,Artificial Intelligence,AI,linkedin_experience_description_current,Society for AI Literacy (SAIL) - Promoting Ethical and Responsible AI Use | Society for AI Literacy,2026,2023,2026,0.76,False,True
2a2307e2-2c74-413f-9558-05450144be6f,Stroke,Stroke,linkedin_experience_description_recent,"Supervisor: Dr. Sean Dukelow, Neuro Robot Lab Project: ""Exploring Visuospatial Neglect in Stroke Survivors: A VR-Based Dual-tasking Study""",2024,2024,2024,0.66,False,True
38acbe79-6c1d-44bb-9a7e-30d7a3ce2efc,Mathematics,Mathematics,linkedin_experience_description_recent,"Creative Problem Solving, Mathematics Education and +9 skills",2025,2023,2025,0.66,False,True
485a2419-bb01-4142-868a-e70aa0b15adb,Brain Injury,traumatic brain injury,linkedin_experience_description_current,"Working in the Lohman Lab at the Hotchkiss Brain Institute this summer, my focus was on a project investigating the potential of applying Remote Ischemic Conditioning (RIC) to rodent models of repeated mild Traumatic Brain Injury (rmTBI) as a therapeutic treatment. I worked closely with other members of the lab to prepare tissue samples, perform immunohistochemistry staining, image samples and analyze data.",2026,2025,2026,0.76,False,True
8be8ad99-b886-468d-9896-5bc9b32d2f71,Molecular Biology,Molecular Biology,linkedin_experience_description_current,"Objective: Genotypic profiling of knockout mice Key deliverables: Design, perform and anlayse molecular biology experiments to ensure proper breeding of knockout mice Major technique used: PCR, Western Blot",2026,2026,2026,0.76,False,True
d029dce6-a864-4662-9d89-1be8d56154d0,Brain Stimulation,neurostimulation,linkedin_experience_description_current,"This summer I will be volunteering as a undergraduate research assistant in the Philips lab. “The research in the Phillips Lab integrates physiology and neuroscience to understand cardiovascular function. Currently, the laboratory has two primary foci: the first is to understand the mechanisms underlying neurovascular regulation in the human brain; the second is to develop a neurostimulation therapy for treating autonomic dysfunction.""",2026,2026,2026,0.76,False,True
d029dce6-a864-4662-9d89-1be8d56154d0,Neuroscience,Neuroscience,linkedin_experience_description_current,"This summer I will be volunteering as a undergraduate research assistant in the Philips lab. “The research in the Phillips Lab integrates physiology and neuroscience to understand cardiovascular function. Currently, the laboratory has two primary foci: the first is to understand the mechanisms underlying neurovascular regulation in the human brain; the second is to develop a neurostimulation therapy for treating autonomic dysfunction.""",2026,2026,2026,0.76,False,True
d029dce6-a864-4662-9d89-1be8d56154d0,Physiology,Physiology,linkedin_experience_description_current,"This summer I will be volunteering as a undergraduate research assistant in the Philips lab. “The research in the Phillips Lab integrates physiology and neuroscience to understand cardiovascular function. Currently, the laboratory has two primary foci: the first is to understand the mechanisms underlying neurovascular regulation in the human brain; the second is to develop a neurostimulation therapy for treating autonomic dysfunction.""",2026,2026,2026,0.76,False,True
d19c6c74-136b-4169-96fd-c0084355a505,Pain,Pain,linkedin_experience_description_recent,"• Designing The Experiments • Designing and Fabrication of Custom‑made Epidural Electrode • Neuropathic Pain Models in Rats • Conducting Laminectomy Surgery and Implanting Electrode • Conducting Behavioral VonFrey Test Using a Custom-made Electronic VonFrey • Developing a LabView Interface for Delivering Various Customizable Spinal Cord Stimulation (SCS) Patterns • Contributed to Designing a Chronic ECoG Electrode and Experimental Setup for Monkeys, and Assisted with Training and Recording Hand Kinematics using a Motion Capture System. • Assisted in Experimental Setup Design, Surgical Procedur",2023,2021,2023,0.66,False,True
997a851c-ca3e-4456-92a0-d5ec84cdffc1,Artificial Intelligence,AI,linkedin_experience_description_current,"Orchestrating operations planning, organizing and execution at multiple scales across Canada for the Society for AI Literacy, a non-profit organization dedicated to democratizing AI understanding and fostering a culture of AI literacy",2026,2023,2026,0.76,False,True
997a851c-ca3e-4456-92a0-d5ec84cdffc1,Clinical Neuroscience,Clinical Neuroscience,linkedin_experience_title_current,Summer Research Associate - Clinical Neuroscience | Hotchkiss Brain Institute,2026,2026,2026,0.86,True,True
997a851c-ca3e-4456-92a0-d5ec84cdffc1,Neuroscience,Neuroscience,linkedin_experience_title_current,Summer Research Associate - Clinical Neuroscience | Hotchkiss Brain Institute,2026,2026,2026,0.86,True,True
997a851c-ca3e-4456-92a0-d5ec84cdffc1,Clinical Neuroscience,Clinical Neuroscience,linkedin_experience_title_current,Research Project Lead/Coordinator - Clinical Neuroscience | Hotchkiss Brain Institute,2026,2026,2026,0.86,True,True
997a851c-ca3e-4456-92a0-d5ec84cdffc1,Neuroscience,Neuroscience,linkedin_experience_title_current,Research Project Lead/Coordinator - Clinical Neuroscience | Hotchkiss Brain Institute,2026,2026,2026,0.86,True,True
67131b7a-94c9-4634-a781-207a798c7e7f,Clinical Neuroscience,clinical neurosciences,linkedin_experience_title_current,Undergraduate Research Assistant - Department of Clinical Neurosciences (Ganesh Lab) | Hotchkiss Brain Institute,2026,2025,2026,0.86,True,True
67131b7a-94c9-4634-a781-207a798c7e7f,Neuroscience,neurosciences,linkedin_experience_title_current,Undergraduate Research Assistant - Department of Clinical Neurosciences (Ganesh Lab) | Hotchkiss Brain Institute,2026,2025,2026,0.86,True,True
d23db97e-46c1-4abe-9ce3-82d4fd8cf228,Multiple Sclerosis,Multiple Sclerosis,linkedin_experience_description_recent,"For the past two summers, I have been a summer student conducting research under Dr. Voon Wee Yong at the Hotchkiss Brain Institute. I investigated oxidative stress and novel therapeutics in Multiple Sclerosis (MS) lesions by using animal models, cell cultures, and human tissue. This position has given me formidable knowledge of lab safety and etiquette, immunohistochemical staining, confocal imaging, 3D image analysis, in-vitro cell studies, and general neuroimmunology. I have also refined my ability to present my findings to my peers by attending conferences, workshops, and symposiums.",2025,2024,2025,0.66,False,True
d23db97e-46c1-4abe-9ce3-82d4fd8cf228,Stress,Stress,linkedin_experience_description_recent,"For the past two summers, I have been a summer student conducting research under Dr. Voon Wee Yong at the Hotchkiss Brain Institute. I investigated oxidative stress and novel therapeutics in Multiple Sclerosis (MS) lesions by using animal models, cell cultures, and human tissue. This position has given me formidable knowledge of lab safety and etiquette, immunohistochemical staining, confocal imaging, 3D image analysis, in-vitro cell studies, and general neuroimmunology. I have also refined my ability to present my findings to my peers by attending conferences, workshops, and symposiums.",2025,2024,2025,0.66,False,True
d23db97e-46c1-4abe-9ce3-82d4fd8cf228,Therapeutics,novel therapeutics,linkedin_experience_description_recent,"For the past two summers, I have been a summer student conducting research under Dr. Voon Wee Yong at the Hotchkiss Brain Institute. I investigated oxidative stress and novel therapeutics in Multiple Sclerosis (MS) lesions by using animal models, cell cultures, and human tissue. This position has given me formidable knowledge of lab safety and etiquette, immunohistochemical staining, confocal imaging, 3D image analysis, in-vitro cell studies, and general neuroimmunology. I have also refined my ability to present my findings to my peers by attending conferences, workshops, and symposiums.",2025,2024,2025,0.66,False,True
d23db97e-46c1-4abe-9ce3-82d4fd8cf228,Decision Making,Decision Making,linkedin_experience_description_recent,"For the past seven years, I have officiated minor hockey games in Cochrane and the surrounding communities. This means working effectively with other officials and being able to communicate with players and coaching staff. This job requires quick decision-making, concise communication, and the ability to act under pressure to make the best choices so that the game is safe and fair for all parties. My decision-making, work ethic, communication, teamwork, and leadership have been tested and honed through this position.",2026,2018,2026,0.66,False,True
df6cc404-4b74-4055-ab48-e3d1530e133b,Pain,Pain,linkedin_experience_description_current,"As a Nursing Assistant, my role was to support the Registered Nurse shift lead, my team members and clients. A day in the position included keeping clients engaged and enriched mentally, physically, socially, and emotionally. I had to be aware of and sensitive to my clients pain, mobility, and cultural backgrounds, and approach every interaction with compassion. Responsibilities included: ○ Assisting clients with activities of daily living ○ Safeguarding clients by following health and safety policies ○ Charting client behaviour and activities ○ Adhere to company policies and legal regulations",2026,2026,2026,0.76,False,True
df941247-edec-4b67-905f-47bff6537d34,Health Services,Health Services,linkedin_experience_description_current,"Research assistant through the INtegrated Student Program In Research Education (INSPIRE) of Dr. Srigley, a medical microbiologist and Corporate Director of Infection Prevention and Control at the Provincial Health Services Authority, with an audit-based project centred around patient, family and visitor hand hygiene on medical-surgical inpatient units at the BC Children’s Hospital. Drafted a formal report for implementation of a campus-wide hand hygiene program.",2026,2019,2026,0.76,False,True
df941247-edec-4b67-905f-47bff6537d34,Anxiety Disorders,anxiety,linkedin_experience_description_current,"Researching at the Foothills Medical Hospital Department of Geriatrics under Dr. Zahra Goodarzi and Dr. Jacqueline McMillan, resulting in publication of a systematic review and meta-analysis on Parkinson’s Disease and Frailty and works in progress on Suicidality in the Elderly and a Clinical Pathway for Anxiety in Long-Term Care. Currently leading Development of a Clinical Pathway for Anxiety in Long-Term Care. This research project employs a Delphi Procedure to optimize clinical care for residents with anxiety in long-term care. A member of the Interdisciplinary Aging Club, designed to give s",2026,2019,2026,0.76,False,True
df941247-edec-4b67-905f-47bff6537d34,Parkinson Disease,Parkinson's disease,linkedin_experience_description_current,"Researching at the Foothills Medical Hospital Department of Geriatrics under Dr. Zahra Goodarzi and Dr. Jacqueline McMillan, resulting in publication of a systematic review and meta-analysis on Parkinson’s Disease and Frailty and works in progress on Suicidality in the Elderly and a Clinical Pathway for Anxiety in Long-Term Care. Currently leading Development of a Clinical Pathway for Anxiety in Long-Term Care. This research project employs a Delphi Procedure to optimize clinical care for residents with anxiety in long-term care. A member of the Interdisciplinary Aging Club, designed to give s",2026,2019,2026,0.76,False,True
df941247-edec-4b67-905f-47bff6537d34,Brain Injury,traumatic brain injury,linkedin_experience_description_current,"Research assistant in PEMRAP (Pediatric Emergency Medical Research Associates Program) at the Alberta Children’s Hospital Emergency Department. Screened and enrolled patient participants in clinical research, ranging from BIKE (bike accidents) and PRIMED (appendicitis “fingerprints”) to KOALA (child traumatic brain injury neuroplasticity) and EPIC (E. Coli antibody) studies.",2026,2018,2026,0.76,False,True
df941247-edec-4b67-905f-47bff6537d34,Clinical Research,Clinical Research,linkedin_experience_description_current,"Research assistant in PEMRAP (Pediatric Emergency Medical Research Associates Program) at the Alberta Children’s Hospital Emergency Department. Screened and enrolled patient participants in clinical research, ranging from BIKE (bike accidents) and PRIMED (appendicitis “fingerprints”) to KOALA (child traumatic brain injury neuroplasticity) and EPIC (E. Coli antibody) studies.",2026,2018,2026,0.76,False,True
df941247-edec-4b67-905f-47bff6537d34,Pharmacology,Pharmacology,linkedin_experience_title_recent,Course-Acquired (Research) Experience - Pharmacology | The University of British Columbia,2020,2020,2020,0.74,True,True
df941247-edec-4b67-905f-47bff6537d34,Pharmacology,Pharmacology,linkedin_experience_description_recent,"Knowledgeable in in-vivo, in-vitro and ex-vivo pharmacology techniques and concepts in a variety of model organisms such as rats and rabbits, including therapeutics. Proficient in both written and verbal communication of results.",2020,2020,2020,0.66,False,True
df941247-edec-4b67-905f-47bff6537d34,Therapeutics,Therapeutics,linkedin_experience_description_recent,"Knowledgeable in in-vivo, in-vitro and ex-vivo pharmacology techniques and concepts in a variety of model organisms such as rats and rabbits, including therapeutics. Proficient in both written and verbal communication of results.",2020,2020,2020,0.66,False,True
df941247-edec-4b67-905f-47bff6537d34,Biostatistics,Biostatistics,linkedin_experience_description_recent,"DNA extraction, digestion with restriction enzymes, PCR methods and gel electrophoresis. Standardized cloning procedures. Measured the effect on behavior in pillbugs due to osmoregulation by adjusting salinity (2018). Learned the general experimental method as well as presentation skills, proper citation and biostatistics.",2020,2019,2020,0.66,False,True
ecf376a0-a7f8-4050-825a-60e7ed88c0bf,Clinical Research,Clinical Research,linkedin_experience_title_current,Clinical Research Coordinator at The Calgary Stroke Program & Stroke Clinical Trial Group | Hotchkiss Brain Institute,2026,2026,2026,0.86,True,True
ecf376a0-a7f8-4050-825a-60e7ed88c0bf,Clinical Trials,clinical trial,linkedin_experience_title_current,Clinical Research Coordinator at The Calgary Stroke Program & Stroke Clinical Trial Group | Hotchkiss Brain Institute,2026,2026,2026,0.86,True,True
ecf376a0-a7f8-4050-825a-60e7ed88c0bf,Stroke,Stroke,linkedin_experience_title_current,Clinical Research Coordinator at The Calgary Stroke Program & Stroke Clinical Trial Group | Hotchkiss Brain Institute,2026,2026,2026,0.86,True,True
ecf376a0-a7f8-4050-825a-60e7ed88c0bf,Clinical Research,Clinical Research,linkedin_experience_title_current,"Clinical Research Assistant, under the supervision of Zahinoor Ismail, MD, FRCPC | Hotchkiss Brain Institute",2026,2026,2026,0.86,True,True
ecf376a0-a7f8-4050-825a-60e7ed88c0bf,Behavioural Neuroscience,Behavioural Neuroscience,linkedin_experience_title_recent,Teaching Assistant at the Canadian Centre for Behavioural Neuroscience | The University of Lethbridge,2021,2019,2021,0.74,True,True
ecf376a0-a7f8-4050-825a-60e7ed88c0bf,Neuroscience,Neuroscience,linkedin_experience_title_recent,Teaching Assistant at the Canadian Centre for Behavioural Neuroscience | The University of Lethbridge,2021,2019,2021,0.74,True,True
4d2317ef-afdf-416f-bbae-969aef2f648d,Epidemiology,Epidemiology,linkedin_experience_title_current,Professor Epidemiology of Infectious Disease | University of Calgary,2026,2006,2026,0.86,True,True
4d2317ef-afdf-416f-bbae-969aef2f648d,Social Factors,Social Factors,linkedin_experience_description_current,"One Health at UCalgary (OH@UC) was founded in 2019 with funding as an emerging, cross-cutting research theme from the Office of the Vice-President (Research). We are committed to tackling complex problems at the convergence of people, animals, and the environment and the underlying economic and social factors that determine the opportunities for health across all ecosystems. Using a One Health approach we will develop research, training, and community engagement programs to meet that commitment.",2026,2026,2026,0.76,False,True
4d2317ef-afdf-416f-bbae-969aef2f648d,Clinical Research,Clinical Research,linkedin_experience_title_current,Co-Chair Clinical Research Unit | University of Calgary,2026,2026,2026,0.86,True,True
4d2317ef-afdf-416f-bbae-969aef2f648d,Clinical Research,Clinical Research,linkedin_experience_description_current,"Established in 2007, the Clinical Research Unit (CRU) is a faculty-wide core resource designed to facilitate research data acquisition, management and analytics, and opportunities for collaboration and education in clinical research. With a focus largely on data management, statistical and methodological support and big data and analytics, the CRU is a custodian for a variety of large and complex data resources, from highly confidential patient information to generic anonymized health information. In addition to facilitating data access and analytics, the CRU supports researchers by providing ",2026,2026,2026,0.76,False,True
4d2317ef-afdf-416f-bbae-969aef2f648d,Clinical Trials,Clinical Trials,linkedin_experience_description_current,"Established in 2007, the Clinical Research Unit (CRU) is a faculty-wide core resource designed to facilitate research data acquisition, management and analytics, and opportunities for collaboration and education in clinical research. With a focus largely on data management, statistical and methodological support and big data and analytics, the CRU is a custodian for a variety of large and complex data resources, from highly confidential patient information to generic anonymized health information. In addition to facilitating data access and analytics, the CRU supports researchers by providing ",2026,2026,2026,0.76,False,True
4d2317ef-afdf-416f-bbae-969aef2f648d,Biomedical Research,Biomedical Research,linkedin_experience_description_recent,"The University of Calgary Biostatistics Centre (UCBC) is a multi-faculty initiative “housed” in the O’Brien Institute for Public Health, under the umbrella of the OIPH’s priority theme “Innovative Tools and Methods for Public Health.” The UCBC positions the University of Calgary as a leader in the development and application of biostatistical methodology for research problems on the cutting edge of biomedical research. Emphasis is placed on analyzing big data problems, and high-end computational and ‘statistical learning’ techniques (data science), in the context of, many of University’s exist",2023,2014,2023,0.66,False,True
4d2317ef-afdf-416f-bbae-969aef2f648d,Biostatistics,Biostatistics,linkedin_experience_description_recent,"The University of Calgary Biostatistics Centre (UCBC) is a multi-faculty initiative “housed” in the O’Brien Institute for Public Health, under the umbrella of the OIPH’s priority theme “Innovative Tools and Methods for Public Health.” The UCBC positions the University of Calgary as a leader in the development and application of biostatistical methodology for research problems on the cutting edge of biomedical research. Emphasis is placed on analyzing big data problems, and high-end computational and ‘statistical learning’ techniques (data science), in the context of, many of University’s exist",2023,2014,2023,0.66,False,True
4d2317ef-afdf-416f-bbae-969aef2f648d,Clinical Trials,Clinical Trials,linkedin_experience_description_recent,"The University of Calgary Biostatistics Centre (UCBC) is a multi-faculty initiative “housed” in the O’Brien Institute for Public Health, under the umbrella of the OIPH’s priority theme “Innovative Tools and Methods for Public Health.” The UCBC positions the University of Calgary as a leader in the development and application of biostatistical methodology for research problems on the cutting edge of biomedical research. Emphasis is placed on analyzing big data problems, and high-end computational and ‘statistical learning’ techniques (data science), in the context of, many of University’s exist",2023,2014,2023,0.66,False,True
4d2317ef-afdf-416f-bbae-969aef2f648d,Data Science,Data Science,linkedin_experience_description_recent,"The University of Calgary Biostatistics Centre (UCBC) is a multi-faculty initiative “housed” in the O’Brien Institute for Public Health, under the umbrella of the OIPH’s priority theme “Innovative Tools and Methods for Public Health.” The UCBC positions the University of Calgary as a leader in the development and application of biostatistical methodology for research problems on the cutting edge of biomedical research. Emphasis is placed on analyzing big data problems, and high-end computational and ‘statistical learning’ techniques (data science), in the context of, many of University’s exist",2023,2014,2023,0.66,False,True
4d2317ef-afdf-416f-bbae-969aef2f648d,Epidemiology,Epidemiology,linkedin_experience_description_recent,"The University of Calgary Biostatistics Centre (UCBC) is a multi-faculty initiative “housed” in the O’Brien Institute for Public Health, under the umbrella of the OIPH’s priority theme “Innovative Tools and Methods for Public Health.” The UCBC positions the University of Calgary as a leader in the development and application of biostatistical methodology for research problems on the cutting edge of biomedical research. Emphasis is placed on analyzing big data problems, and high-end computational and ‘statistical learning’ techniques (data science), in the context of, many of University’s exist",2023,2014,2023,0.66,False,True
4d2317ef-afdf-416f-bbae-969aef2f648d,Genetics,Genetics,linkedin_experience_description_recent,"The University of Calgary Biostatistics Centre (UCBC) is a multi-faculty initiative “housed” in the O’Brien Institute for Public Health, under the umbrella of the OIPH’s priority theme “Innovative Tools and Methods for Public Health.” The UCBC positions the University of Calgary as a leader in the development and application of biostatistical methodology for research problems on the cutting edge of biomedical research. Emphasis is placed on analyzing big data problems, and high-end computational and ‘statistical learning’ techniques (data science), in the context of, many of University’s exist",2023,2014,2023,0.66,False,True
4d2317ef-afdf-416f-bbae-969aef2f648d,Public Health,Public Health,linkedin_experience_description_recent,"The University of Calgary Biostatistics Centre (UCBC) is a multi-faculty initiative “housed” in the O’Brien Institute for Public Health, under the umbrella of the OIPH’s priority theme “Innovative Tools and Methods for Public Health.” The UCBC positions the University of Calgary as a leader in the development and application of biostatistical methodology for research problems on the cutting edge of biomedical research. Emphasis is placed on analyzing big data problems, and high-end computational and ‘statistical learning’ techniques (data science), in the context of, many of University’s exist",2023,2014,2023,0.66,False,True
4d2317ef-afdf-416f-bbae-969aef2f648d,Epidemiology,Epidemiology,linkedin_experience_title_current,Professor Epidemiology and Farm Service | University of Prince Edward Island,2026,2026,2026,0.86,True,True
4d2317ef-afdf-416f-bbae-969aef2f648d,Epidemiology,Epidemiology,linkedin_experience_title_current,Assoc. Professor Epidemiology and Farm Service | University of Prince Edward Island,2026,2026,2026,0.86,True,True
b3fcb97c-7759-4234-98aa-0272cc1c65ef,Clinical Trials,clinical trial,linkedin_experience_description_recent,"Led the Clinical Sleep Science team, member of the Senior Leadership Team, and chair of the Scientific Advisory Board at Cerebra - a sleep biotech medical device startup company focused on bringing in-lab technology into the home and using novel sleep EEG metrics to better diagnose and treat sleep disorders. Supported marketing and sales activities with brand strategy, field materials, post-marketing surveys, and the ""scientific voice"" of Cerebra's technology as evidenced by building key relationships with sleep KOLs, 24 sleep conference presentations, moderated 11 conference symposia/webinars",2023,2021,2023,0.66,False,True
b3fcb97c-7759-4234-98aa-0272cc1c65ef,Electroencephalography,EEG,linkedin_experience_description_recent,"Led the Clinical Sleep Science team, member of the Senior Leadership Team, and chair of the Scientific Advisory Board at Cerebra - a sleep biotech medical device startup company focused on bringing in-lab technology into the home and using novel sleep EEG metrics to better diagnose and treat sleep disorders. Supported marketing and sales activities with brand strategy, field materials, post-marketing surveys, and the ""scientific voice"" of Cerebra's technology as evidenced by building key relationships with sleep KOLs, 24 sleep conference presentations, moderated 11 conference symposia/webinars",2023,2021,2023,0.66,False,True
b3fcb97c-7759-4234-98aa-0272cc1c65ef,Mental Health,Mental Health,linkedin_experience_description_recent,"Manages all aspects of research projects and outcome monitoring at Canada’s top counselling centre focused on data-driven results and evidence-based practice for counselling success with over 100,000 client outcomes.  Executed high-impact research project for COVID-19 data – created relevant research questions and executed analyses to understand how mental health outcomes changed during the COVID-19 pandemic. Disseminated results to internal stakeholders and preparing presentations and reports for external stakeholders to generate funding. Preparing research paper.  Built partnerships for st",2021,2018,2021,0.66,False,True
4ca5a463-1b29-4e01-a88b-e104f8a763ae,Neuroscience,Neuroscience,linkedin_experience_title_recent,"Research Science, Management, Collaborations, Medicine, Neuroscience | The University of British Columbia",2022,2020,2022,0.74,True,True
4ca5a463-1b29-4e01-a88b-e104f8a763ae,Clinical Research,Clinical Research,linkedin_experience_description_recent,"• Business development and Project Management: Established and managing local and international life science projects • Liaison to the Research protection, technology transfer, and other inter & intra-departmental offices. • Liaison to external institutions for projects, collaboration & fund share. • Established and managed clinical research and trials, material transfer agreements and non-disclosure agreements. • Identifying collaborations, opportunities for development & upcoming trends. • Management of over millions of dollars in awards annually from funding agencies, industry sponsors, and",2022,2020,2022,0.66,False,True
4ca5a463-1b29-4e01-a88b-e104f8a763ae,Photonics,Photonics,linkedin_experience_description_recent,"• Business development and Project Management: Established and managing local and international life science projects • Liaison to the Research protection, technology transfer, and other inter & intra-departmental offices. • Liaison to external institutions for projects, collaboration & fund share. • Established and managed clinical research and trials, material transfer agreements and non-disclosure agreements. • Identifying collaborations, opportunities for development & upcoming trends. • Management of over millions of dollars in awards annually from funding agencies, industry sponsors, and",2022,2020,2022,0.66,False,True
4ca5a463-1b29-4e01-a88b-e104f8a763ae,Clinical Research,Clinical Research,linkedin_experience_description_recent,"• Business development and Project Management: Established and managed over 20 different business development projects per year. • Established the Center of Neuroregeneration comprising multiple laboratories generating new safety, animal and laboratory operations, and standard operating procedures, strategic development strategies and managing compliance. • Liaison to the Research protection, technology transfer, and other inter & intra-departmental offices. • Liaison to external institutions for projects, collaboration & fund share. • Established and managed clinical research and trials, mate",2019,2012,2019,0.66,False,True
4ca5a463-1b29-4e01-a88b-e104f8a763ae,Drug Discovery,Drug Discovery,linkedin_experience_description_recent,"• Business development and Project Management: Established and managed over 20 different business development projects per year. • Established the Center of Neuroregeneration comprising multiple laboratories generating new safety, animal and laboratory operations, and standard operating procedures, strategic development strategies and managing compliance. • Liaison to the Research protection, technology transfer, and other inter & intra-departmental offices. • Liaison to external institutions for projects, collaboration & fund share. • Established and managed clinical research and trials, mate",2019,2012,2019,0.66,False,True
192f55da-ccb8-4044-aaa6-85ecbb975620,Biomedical Engineering,Biomedical Engineering,linkedin_experience_description_current,"As a teaching assistant and guest lecturer in Data Science, I help students with data analysis, machine learning, and coding, while also giving guest lectures on Neuroimaging, Health Canada Regulations, in the following courses: Introduction to Biomedical Engineering Biomedical signals, systems, and instrumentation ¹ Biomedical signals, systems, and instrumentation ²",2026,2024,2026,0.76,False,True
192f55da-ccb8-4044-aaa6-85ecbb975620,Data Analysis,Data Analysis,linkedin_experience_description_current,"As a teaching assistant and guest lecturer in Data Science, I help students with data analysis, machine learning, and coding, while also giving guest lectures on Neuroimaging, Health Canada Regulations, in the following courses: Introduction to Biomedical Engineering Biomedical signals, systems, and instrumentation ¹ Biomedical signals, systems, and instrumentation ²",2026,2024,2026,0.76,False,True
192f55da-ccb8-4044-aaa6-85ecbb975620,Data Science,Data Science,linkedin_experience_description_current,"As a teaching assistant and guest lecturer in Data Science, I help students with data analysis, machine learning, and coding, while also giving guest lectures on Neuroimaging, Health Canada Regulations, in the following courses: Introduction to Biomedical Engineering Biomedical signals, systems, and instrumentation ¹ Biomedical signals, systems, and instrumentation ²",2026,2024,2026,0.76,False,True
192f55da-ccb8-4044-aaa6-85ecbb975620,Machine Learning,Machine Learning,linkedin_experience_description_current,"As a teaching assistant and guest lecturer in Data Science, I help students with data analysis, machine learning, and coding, while also giving guest lectures on Neuroimaging, Health Canada Regulations, in the following courses: Introduction to Biomedical Engineering Biomedical signals, systems, and instrumentation ¹ Biomedical signals, systems, and instrumentation ²",2026,2024,2026,0.76,False,True
192f55da-ccb8-4044-aaa6-85ecbb975620,Neuroimaging,Neuroimaging,linkedin_experience_description_current,"As a teaching assistant and guest lecturer in Data Science, I help students with data analysis, machine learning, and coding, while also giving guest lectures on Neuroimaging, Health Canada Regulations, in the following courses: Introduction to Biomedical Engineering Biomedical signals, systems, and instrumentation ¹ Biomedical signals, systems, and instrumentation ²",2026,2024,2026,0.76,False,True
192f55da-ccb8-4044-aaa6-85ecbb975620,Cognitive Disorders,Cognitive Disorders,linkedin_experience_description_current,Studying brain states dynamics via dynamic functional connectivity. Applying ML on resting-state fMRI to explore brain states in IMID patients and their dynamics linked to cognitive disorders.,2026,2023,2026,0.76,False,True
192f55da-ccb8-4044-aaa6-85ecbb975620,Dynamic Functional Connectivity,Dynamic Functional Connectivity,linkedin_experience_description_current,Studying brain states dynamics via dynamic functional connectivity. Applying ML on resting-state fMRI to explore brain states in IMID patients and their dynamics linked to cognitive disorders.,2026,2023,2026,0.76,False,True
192f55da-ccb8-4044-aaa6-85ecbb975620,Functional Connectivity,Functional Connectivity,linkedin_experience_description_current,Studying brain states dynamics via dynamic functional connectivity. Applying ML on resting-state fMRI to explore brain states in IMID patients and their dynamics linked to cognitive disorders.,2026,2023,2026,0.76,False,True
192f55da-ccb8-4044-aaa6-85ecbb975620,Functional MRI,resting state fMRI,linkedin_experience_description_current,Studying brain states dynamics via dynamic functional connectivity. Applying ML on resting-state fMRI to explore brain states in IMID patients and their dynamics linked to cognitive disorders.,2026,2023,2026,0.76,False,True
192f55da-ccb8-4044-aaa6-85ecbb975620,Machine Learning,ML,linkedin_experience_description_current,Studying brain states dynamics via dynamic functional connectivity. Applying ML on resting-state fMRI to explore brain states in IMID patients and their dynamics linked to cognitive disorders.,2026,2023,2026,0.76,False,True
192f55da-ccb8-4044-aaa6-85ecbb975620,Decision Making,Decision Making,linkedin_experience_description_recent,Thesis: Neural areas of activation during feedback processing of clinical decision making.,2023,2019,2023,0.66,False,True
192f55da-ccb8-4044-aaa6-85ecbb975620,Medical Imaging,Medical Imaging,linkedin_experience_title_recent,Medical Imaging Technician | Sadr hospital,2017,2017,2017,0.74,True,True
17689c22-cf80-44cf-a1f0-671f6081695e,Biomedical Engineering,Biomedical Engineering,linkedin_experience_title_current,"Department Head, Biomedical Engineering | University of Calgary",2026,2022,2026,0.86,True,True
17689c22-cf80-44cf-a1f0-671f6081695e,Biomedical Engineering,Biomedical Engineering,linkedin_experience_title_current,"Professor, Department of Biomedical Engineering | University of Calgary",2026,2026,2026,0.86,True,True
17689c22-cf80-44cf-a1f0-671f6081695e,Biomedical Engineering,Biomedical Engineering,linkedin_experience_title_current,"Director, Biomedical Engineering Calgary Initiative | University of Calgary",2026,2026,2026,0.86,True,True
17689c22-cf80-44cf-a1f0-671f6081695e,Biomedical Engineering,Biomedical Engineering,linkedin_experience_title_current,"Interim Department Head, Biomedical Engineering | University of Calgary",2026,2026,2026,0.86,True,True
17689c22-cf80-44cf-a1f0-671f6081695e,Bioengineering,Bioengineering,linkedin_experience_title_current,"Director, Center for Bioengineering Research and Education (CBRE) | University of Calgary",2026,2026,2026,0.86,True,True
17689c22-cf80-44cf-a1f0-671f6081695e,Bioengineering,Bioengineering,linkedin_experience_title_current,"Associate Director - Graduate, Centre for Bioengineering Research and Education | University of Calgary",2026,2026,2026,0.86,True,True
17689c22-cf80-44cf-a1f0-671f6081695e,Biomedical Engineering,Biomedical Engineering,linkedin_experience_title_current,Director - Biomedical Engineering Graduate Program | University of Calgary,2026,2026,2026,0.86,True,True
68c33bb0-415b-414f-88f4-6834e2e24d3f,Bioengineering,Bioengineering,linkedin_experience_title_recent,"Director (Interim), Centre for Bioengineering Research and Education | University of Calgary",2018,2017,2018,0.74,True,True
3d67002f-ea42-477e-9764-d79d06acc9be,Quantum Information,quantum information science,linkedin_experience_title_current,AITF iCORE Strategic Chair in Quantum Information Science | University of Calgary,2026,2026,2026,0.86,True,True
3d67002f-ea42-477e-9764-d79d06acc9be,Quantum Information,quantum information science,linkedin_experience_title_current,iCORE Chair in Quantum Information Science | University of Calgary,2026,2026,2026,0.86,True,True
3d67002f-ea42-477e-9764-d79d06acc9be,Quantum Information,quantum information science,linkedin_experience_description_current,Externally funded Chair; Director of the Institute for Quantum Information Science at the University of Calgary.,2026,2026,2026,0.76,False,True
d999af6a-e7ea-421f-a46d-f5fda03ed808,Decision Making,Decision Making,linkedin_experience_description_current,"Leading a small and mighty team of smart, superb colleagues within Research Services who work university-wide to implement major institutional EDI action plans in research. We also support researchers, teams, and units in the development and implementation of effective, co-designed action plans and frameworks to deepen EDIA in research design, practice, and administration. In addition to offering strengths and growth-focused coaching and consultations, we develop research-backed training in topics such as: EDI in Peer Review, Building and Presenting EDI Action Plans in Funding Applications, Ap",2026,2024,2026,0.76,False,True
d999af6a-e7ea-421f-a46d-f5fda03ed808,Research Design,Research Design,linkedin_experience_description_current,"Leading a small and mighty team of smart, superb colleagues within Research Services who work university-wide to implement major institutional EDI action plans in research. We also support researchers, teams, and units in the development and implementation of effective, co-designed action plans and frameworks to deepen EDIA in research design, practice, and administration. In addition to offering strengths and growth-focused coaching and consultations, we develop research-backed training in topics such as: EDI in Peer Review, Building and Presenting EDI Action Plans in Funding Applications, Ap",2026,2024,2026,0.76,False,True
d999af6a-e7ea-421f-a46d-f5fda03ed808,Qualitative Research,Qualitative Research,linkedin_experience_description_current,"In this role, I planned, carried out and supported a program of (mainly) qualitative research to advance understanding of Physician Wellness. I prepared tri-council and external funding agency grant applications, coordinated and oversaw a research-in-progress symposium, and co-authored peer-reviewed journal and conference papers.",2026,2026,2026,0.76,False,True
d999af6a-e7ea-421f-a46d-f5fda03ed808,Data Analysis,Data Analysis,linkedin_experience_description_current,"I provided research support to a small team carrying out a study of self help readers. My role involved brainstorming research (re)design using cutting edge online and digital research methods, performing literature review and qualitative data analysis and conducting over thirty research interviews with readers of self help books. I managed a participant database and e-mail correspondence with over one hundred research participants and analyzed the data participant interviews to write academic papers for conference presentations and prospective publications.",2026,2026,2026,0.76,False,True
480cc2ee-0cb0-41ea-96b5-90c6afcb2a8d,Health Systems,health system,linkedin_experience_title_current,"Senior Business Partner, Health System Enablement | Alberta Innovates",2026,2026,2026,0.86,True,True
480cc2ee-0cb0-41ea-96b5-90c6afcb2a8d,Biomedical Engineering,Biomedical Engineering,linkedin_experience_title_recent,Biomedical Engineering Research Coordinator | University of Calgary,2024,2023,2024,0.74,True,True
59f1baa7-c47e-4120-aab8-90de02a38acf,Artificial Intelligence,Artificial Intelligence,linkedin_experience_description_recent,Mapping sea ice with artificial intelligence | Water Institute,2024,2018,2024,0.66,False,True
835db8ff-2a81-4470-a51f-3a9567827e6b,Artificial Intelligence,AI,linkedin_experience_description_current,"Alhamdulillah! 🙏 I am honored to be teaching as a Sessional Instructor for Explorations in Information Security and Privacy for Spring 2026 by the Department of Computer Science at the University of Calgary, Canada 🇨🇦. This course continues to engage a diverse cohort of undergraduate students ranging from 1st year to 5th year 🎓, exploring critical areas such as cybersecurity 🔐, ethical hacking 🧠⚔️, privacy laws ⚖️, AI-driven risks 🤖, and even the future of cryptographic security in the quantum era ⚛️ . As Albert Einstein once said, ""Education is not the learning of facts, but the training of t",2026,2026,2026,0.76,False,True
835db8ff-2a81-4470-a51f-3a9567827e6b,Machine Learning,Machine Learning,linkedin_experience_description_current,"Alhamdulillah! 🙏 I am honoured to be teaching as a Sessional Instructor for the TWO upper-year Undergraduate Courses: Application-Specific Processors & Accelerators (for the Electrical and Software Engineering Department) and Explorations in Information Security and Privacy (2nd time)(for the Computer Science Department) for teaching over 250 students for the Upcoming Winter 2026 Term at the University of Calgary, Canada 🇨🇦. These courses serve a diverse and motivated cohort of senior undergraduate students 🎓 and engage deeply with two essential dimensions of modern computing systems: • Applic",2026,2026,2026,0.76,False,True
835db8ff-2a81-4470-a51f-3a9567827e6b,Signal Processing,Signal Processing,linkedin_experience_description_current,"Alhamdulillah! 🙏 I am honoured to be teaching as a Sessional Instructor for the TWO upper-year Undergraduate Courses: Application-Specific Processors & Accelerators (for the Electrical and Software Engineering Department) and Explorations in Information Security and Privacy (2nd time)(for the Computer Science Department) for teaching over 250 students for the Upcoming Winter 2026 Term at the University of Calgary, Canada 🇨🇦. These courses serve a diverse and motivated cohort of senior undergraduate students 🎓 and engage deeply with two essential dimensions of modern computing systems: • Applic",2026,2026,2026,0.76,False,True
835db8ff-2a81-4470-a51f-3a9567827e6b,Data Analysis,data analytics,linkedin_experience_description_current,"Alhamdulillah! 🙏 I am honoured to be teaching as the Doctoral Sessional Instructor for the TWO courses: Applied Optimization for Sustainable Design (Graduate M.Eng. Course)(2nd time) and Scalable Data Analytics (Upper-year Undergraduate Course) for the Upcoming Fall 2025 Term by the Department of Electrical and Software Engineering at the University of Calgary, Canada 🇨🇦. These courses serve a dynamic range of graduate and senior undergraduate students 🎓, and delve into the fascinating worlds of optimization for sustainable engineering—covering convex analysis, linear, integer, non-linear, and",2026,2026,2026,0.76,False,True
835db8ff-2a81-4470-a51f-3a9567827e6b,Data Analysis,data analytics,linkedin_experience_title_current,Doctoral Sessional Instructor of Scalable Data Analytics | University of Calgary,2026,2026,2026,0.86,True,True
835db8ff-2a81-4470-a51f-3a9567827e6b,Signal Processing,Signal Processing,linkedin_experience_description_current,"Conducted full-time doctoral research focused on advanced theoretical and applied problems in wireless communications, signal processing, and data-driven optimization. - Designed and implemented mathematical models, simulations, and algorithmic frameworks for high-mobility 5G/6G communication systems. - Authored and published research in peer-reviewed IEEE journals and conferences, contributing novel methodologies and performance analyses. - Collaborated closely with faculty supervisors, research teams, and external partners on grant-funded projects and technical deliverables. - Presented rese",2026,2026,2026,0.76,False,True
835db8ff-2a81-4470-a51f-3a9567827e6b,data-driven optimization,data-driven optimization,linkedin_experience_description_current,"Conducted full-time doctoral research focused on advanced theoretical and applied problems in wireless communications, signal processing, and data-driven optimization. - Designed and implemented mathematical models, simulations, and algorithmic frameworks for high-mobility 5G/6G communication systems. - Authored and published research in peer-reviewed IEEE journals and conferences, contributing novel methodologies and performance analyses. - Collaborated closely with faculty supervisors, research teams, and external partners on grant-funded projects and technical deliverables. - Presented rese",2026,2026,2026,0.76,True,False
835db8ff-2a81-4470-a51f-3a9567827e6b,Data Analysis,data analytics,linkedin_experience_description_current,"I’m happy to share that I have been selected among 150 other applicants to teach the fundamentals of programming constructs, data structures and algorithm development, that facilitates data analytics, validation and visualization using Python and Machine Learning to first-year students in all engineering disciplines. #University_of_Calgary ❤🇨🇦😇✌",2026,2026,2026,0.76,False,True
835db8ff-2a81-4470-a51f-3a9567827e6b,Machine Learning,Machine Learning,linkedin_experience_description_current,"I’m happy to share that I have been selected among 150 other applicants to teach the fundamentals of programming constructs, data structures and algorithm development, that facilitates data analytics, validation and visualization using Python and Machine Learning to first-year students in all engineering disciplines. #University_of_Calgary ❤🇨🇦😇✌",2026,2026,2026,0.76,False,True
835db8ff-2a81-4470-a51f-3a9567827e6b,Python,Python,linkedin_experience_description_current,"I’m happy to share that I have been selected among 150 other applicants to teach the fundamentals of programming constructs, data structures and algorithm development, that facilitates data analytics, validation and visualization using Python and Machine Learning to first-year students in all engineering disciplines. #University_of_Calgary ❤🇨🇦😇✌",2026,2026,2026,0.76,False,True
835db8ff-2a81-4470-a51f-3a9567827e6b,Data Analysis,data analytics,linkedin_experience_title_current,Doctoral Teaching Assistant of Engineering Large Scale Data Analytics Systems - Fall 2023 | University of Calgary,2026,2026,2026,0.86,True,True
835db8ff-2a81-4470-a51f-3a9567827e6b,Data Analysis,data analytics,linkedin_experience_description_current,"I am blessed to share that I will be teaching this Big Scalable Data Analytics course to new M.Eng., M.Sc. and Ph.D. Students at the University of Calgary, which has several Industrial Applications. #University_Of_Calgary ✌️🇨🇦❤️",2026,2026,2026,0.76,False,True
835db8ff-2a81-4470-a51f-3a9567827e6b,Medical Image Processing,image processing,linkedin_experience_description_current,"I serve to teach Digital Communications as TA of my Advisor as part of my Master's Degree at the Faculty of Engineering, Chulalongkorn University. Digital Communications is the use of Digital Signal Processing (DSP), by computers and more specialized digital signal processors, to perform a variety of Digital Signal Processing. The Digital Signal processed in this manner are a sequence of numbers that represent sample of a continuous variable in a domain such as time, space and frequency. It has many uses in audio, speech processing, sonar, radar, sensor array, spectral density estimation, stat",2026,2026,2026,0.76,False,True
835db8ff-2a81-4470-a51f-3a9567827e6b,Signal Processing,Signal Processing,linkedin_experience_description_current,"I serve to teach Digital Communications as TA of my Advisor as part of my Master's Degree at the Faculty of Engineering, Chulalongkorn University. Digital Communications is the use of Digital Signal Processing (DSP), by computers and more specialized digital signal processors, to perform a variety of Digital Signal Processing. The Digital Signal processed in this manner are a sequence of numbers that represent sample of a continuous variable in a domain such as time, space and frequency. It has many uses in audio, speech processing, sonar, radar, sensor array, spectral density estimation, stat",2026,2026,2026,0.76,False,True
835db8ff-2a81-4470-a51f-3a9567827e6b,Signal Processing,Signal Processing,linkedin_experience_description_current,"Fundamentals of Digital Communication is a course for conveying the Basic Principles of Digital Communication systems to Undergraduate students of Electrical Engineering at Chulalongkorn University. This course would be highly beneficial and useful to those students who are interested in doing research in fields related to Wireless Communications, Networks, and Signal Processing in the future.",2026,2026,2026,0.76,False,True
835db8ff-2a81-4470-a51f-3a9567827e6b,Signal Processing,Signal Processing,linkedin_experience_description_recent,"IEEE Signal Processing Society (SPS) and Communications Society (ComSoc) Joint Student Branch Chapter at Ahsanullah University of Science and Technology (AUST) was formed on January 30, 2019, with the geo-code: SBC63101. It’s the first Technical Student Branch Chapter at AUST. The mission of this Joint Societies Student Branch Chapter is to encourage our student members to get involved with the emerging fields of signal processing and to promote recent advancements of technology in the communication sector and related fields. @ISCJSBCA",2020,2019,2020,0.66,False,True
9d5f0bbb-93d1-4b95-be33-efdd0d0da533,Social Work,Social Work,linkedin_experience_title_current,"Dean of Faculty of Social Work, University of Calgary | University of Calgary",2026,2020,2026,0.86,True,True
323fbbed-76a5-4236-be5c-8a730e2b37fd,Data Analysis,Data Analysis,linkedin_experience_description_recent,"Provided mentorship to students in the Human Performance Lab throughout all stages of their research projects. Guided the development and refinement of research proposals, including study design and methodology. Supported data collection processes, ensuring adherence to protocols and research standards. Assisted with data analysis using appropriate statistical and computational methods. Offered feedback on data interpretation and presentation of results. Helped troubleshoot technical and methodological challenges during project execution. Promoted best practices in research ethics, organizatio",2020,2015,2020,0.66,False,True
79d2e96a-feb5-4c91-a1c4-b089333ae954,Biomedical Engineering,Biomedical Engineering,linkedin_experience_title_current,Research Coordinator - Biomedical Engineering | University of Calgary,2026,2026,2026,0.86,True,True
c2a51769-ff4e-41b3-a853-1177cbf076b8,Psychology,Psychology,linkedin_experience_description_current,"Faculty of Education, Educational and Counselling Psychology, and Special Education",2026,2025,2026,0.76,False,True
c2a51769-ff4e-41b3-a853-1177cbf076b8,Data Analysis,Data Analysis,linkedin_experience_description_current,"Statistical Data Analysis, Project Management and +5 skills",2026,2023,2026,0.76,False,True
c2a51769-ff4e-41b3-a853-1177cbf076b8,Data Analysis,Data Analysis,linkedin_experience_description_current,"Led group sessions for between 40-80 students and offered one-on-one assistance. - Created a syllabus and instructional plans for each class session in accordance with stated course objectives. - Create, administer, and grade exam papers. - Assisted students in conducting research, structuring a debate case, and presenting it. - Teaching these courses for BA students at the University of Mazandaran: Statistical Methods and Data Analysis in Psychology, Educational Psychology; SPSS for psychology students; Social Psychology; Attitude change , Applied social psychology.",2026,2026,2026,0.76,False,True
c2a51769-ff4e-41b3-a853-1177cbf076b8,Psychology,Psychology,linkedin_experience_description_current,"Led group sessions for between 40-80 students and offered one-on-one assistance. - Created a syllabus and instructional plans for each class session in accordance with stated course objectives. - Create, administer, and grade exam papers. - Assisted students in conducting research, structuring a debate case, and presenting it. - Teaching these courses for BA students at the University of Mazandaran: Statistical Methods and Data Analysis in Psychology, Educational Psychology; SPSS for psychology students; Social Psychology; Attitude change , Applied social psychology.",2026,2026,2026,0.76,False,True
c2a51769-ff4e-41b3-a853-1177cbf076b8,Mental Health,Mental Health,linkedin_experience_description_current,"Counsel students regarding educational issues such as course and program selection, class scheduling, time management, study habits, and career planning. - Counsel individuals to help them understand and overcome personal, social, or behavioral problems affecting their educational or vocational situations. - Instruct individuals in career development techniques such as job search and application strategies, resume writing, and interview skills. - Encourage students to seek additional assistance from mental health professionals when necessary. - Psychological assessment and evaluation",2026,2026,2026,0.76,False,True
c2a51769-ff4e-41b3-a853-1177cbf076b8,Data Analysis,Data Analysis,linkedin_experience_description_current,"Assisted in the design and implementation of survey instruments such as pencil and paper questionnaires to obtain study data. - Wrote reports, gave presentations, and submitted articles to peer-reviewed journals. - Organized paperwork, such as informed consent waivers and research scope documentation, for participants. - Devised, modified, and carried out research methods, procedures, and tests. -Advanced data analysis with SPSS, AMOS, PLS, NVIVO softwares - Conducted extensive literature reviews and collected and analyzed data using a variety of statistical tools in a highly organized manner.",2026,2026,2026,0.76,False,True
c2a51769-ff4e-41b3-a853-1177cbf076b8,Psychology,Psychology,linkedin_experience_description_recent,"Teaching these courses for BA students: Statistical Methods in Psychology, Learning Theories, Psychology Seminar, Applied Behavior Change",2016,2011,2016,0.66,False,True
ffc02b17-87bd-41f4-ab71-db6024e7dc40,Clinical Neuroscience,Clinical Neuroscience,linkedin_experience_title_current,Professor of Radiology and Clinical Neuroscience | University of Calgary,2026,1999,2026,0.86,True,True
ffc02b17-87bd-41f4-ab71-db6024e7dc40,Neuroscience,Neuroscience,linkedin_experience_title_current,Professor of Radiology and Clinical Neuroscience | University of Calgary,2026,1999,2026,0.86,True,True
ffc02b17-87bd-41f4-ab71-db6024e7dc40,Neuroimaging,brain imaging,linkedin_experience_title_current,Hopewell Professor of Brain Imaging | University of Calgary,2026,2026,2026,0.86,True,True
9790dd4e-368b-491d-a1af-4e756a236d6c,Neuroscience,neuroscientist,linkedin_experience_title_current,Neuroscientist | University of Calgary,2026,2018,2026,0.86,True,True
9790dd4e-368b-491d-a1af-4e756a236d6c,Neuroscience,neuroscientist,linkedin_experience_title_current,Neuroscientist | University of Ottawa,2026,2026,2026,0.86,True,True
2bd57a38-f080-4c1e-923a-7b67106ab828,Biological Sciences,Biological Sciences,linkedin_experience_description_current,I held a position as an Associate Professor in the Department of Molecular and Cellular Biology with the College of Biological Sciences at the University of Guelph,2026,2026,2026,0.76,False,True
c0a6cc1c-b442-4941-8df3-fe6bdebe5d5e,Multiple Sclerosis,Multiple Sclerosis,linkedin_experience_description_recent,Assist members of multiple sclerosis group with single cell transcriptomics workflow from sample prep to bioinformatics analysis,2024,2021,2024,0.66,False,True
b033cf86-58d8-4d70-b0e1-26881c3adb66,Anxiety Disorders,anxiety,linkedin_publication_title,Locus coeruleus microcircuitry processes periaqueductal gray inputs into distinct outputs for regulation of pain and anxiety,2025,2025,2025,0.74,False,True
b033cf86-58d8-4d70-b0e1-26881c3adb66,Pain,Pain,linkedin_publication_title,Locus coeruleus microcircuitry processes periaqueductal gray inputs into distinct outputs for regulation of pain and anxiety,2025,2025,2025,0.74,False,True
b033cf86-58d8-4d70-b0e1-26881c3adb66,Pain,Pain,linkedin_publication_title,Central and peripheral contributions of T-type calcium channels in pain,2022,2022,2022,0.74,False,True
b033cf86-58d8-4d70-b0e1-26881c3adb66,Pain,Pain,linkedin_publication_title,"The T-type calcium channel antagonist, Z944, reduces spinal excitability and pain hypersensitivity",2021,2021,2021,0.74,False,True
b033cf86-58d8-4d70-b0e1-26881c3adb66,Pain,Pain,linkedin_publication_title,Chapter 17 - Changing Pain - Opioids and Pain,2020,2020,2020,0.74,False,True
b033cf86-58d8-4d70-b0e1-26881c3adb66,Pain,chronic pain,linkedin_publication_title,VIP cortical conductors set the tone for chronic pain,2017,2017,2017,0.74,False,True
f51d9950-317d-4686-bb1b-d74cfed898dc,Functional MRI,BOLD fMRI,linkedin_publication_title,Machine Learning-based Estimation of Respiratory Fluctuations in a Healthy Adult Population using resting state BOLD fMRI and Head Motion Parameters,2024,2024,2024,0.74,False,True
f51d9950-317d-4686-bb1b-d74cfed898dc,Machine Learning,Machine Learning,linkedin_publication_title,Machine Learning-based Estimation of Respiratory Fluctuations in a Healthy Adult Population using resting state BOLD fMRI and Head Motion Parameters,2024,2024,2024,0.74,False,True
f51d9950-317d-4686-bb1b-d74cfed898dc,Respiratory Physiology,respiratory fluctuations,linkedin_publication_title,Machine Learning-based Estimation of Respiratory Fluctuations in a Healthy Adult Population using resting state BOLD fMRI and Head Motion Parameters,2024,2024,2024,0.74,False,True
f51d9950-317d-4686-bb1b-d74cfed898dc,Amyloid Beta,Amyloid Beta,linkedin_publication_title,Image Translation for Estimating Two‐Dimensional Axial Amyloid‐Beta PET From Structural MRI,2023,2023,2023,0.74,False,True
f51d9950-317d-4686-bb1b-d74cfed898dc,Magnetic Resonance Imaging,structural MRI,linkedin_publication_title,Image Translation for Estimating Two‐Dimensional Axial Amyloid‐Beta PET From Structural MRI,2023,2023,2023,0.74,False,True
f51d9950-317d-4686-bb1b-d74cfed898dc,Medical Image Processing,image translation,linkedin_publication_title,Image Translation for Estimating Two‐Dimensional Axial Amyloid‐Beta PET From Structural MRI,2023,2023,2023,0.74,False,True
f51d9950-317d-4686-bb1b-d74cfed898dc,Positron Emission Tomography,amyloid-beta PET,linkedin_publication_title,Image Translation for Estimating Two‐Dimensional Axial Amyloid‐Beta PET From Structural MRI,2023,2023,2023,0.74,False,True
f51d9950-317d-4686-bb1b-d74cfed898dc,Magnetic Resonance Imaging,Magnetic Resonance Imaging,linkedin_publication_title,Limitations Of the Derived Respiratory Variation Measurements Used in Functional Magnetic Resonance Imaging,2023,2023,2023,0.74,False,True
f51d9950-317d-4686-bb1b-d74cfed898dc,Respiratory Physiology,respiratory variation,linkedin_publication_title,Limitations Of the Derived Respiratory Variation Measurements Used in Functional Magnetic Resonance Imaging,2023,2023,2023,0.74,False,True
f51d9950-317d-4686-bb1b-d74cfed898dc,Functional MRI,resting state fMRI,linkedin_publication_title,Direct Machine Learning Reconstruction of Respiratory Variation Waveforms from Resting State fMRI Data in a Pediatric Population,2023,2023,2023,0.74,False,True
f51d9950-317d-4686-bb1b-d74cfed898dc,Machine Learning,Machine Learning,linkedin_publication_title,Direct Machine Learning Reconstruction of Respiratory Variation Waveforms from Resting State fMRI Data in a Pediatric Population,2023,2023,2023,0.74,False,True
f51d9950-317d-4686-bb1b-d74cfed898dc,Respiratory Physiology,respiratory variation,linkedin_publication_title,Direct Machine Learning Reconstruction of Respiratory Variation Waveforms from Resting State fMRI Data in a Pediatric Population,2023,2023,2023,0.74,False,True
f51d9950-317d-4686-bb1b-d74cfed898dc,Neural Networks,RBF neural network,linkedin_publication_title,Control chart pattern recognition using RBF neural network with new training algorithm and practical features,2018,2018,2018,0.74,False,True
dab82746-9cd9-450f-95b5-7798ea6d8adc,Childhood Maltreatment,Childhood Maltreatment,linkedin_publication_title,Individual and additive effects of childhood maltreatment and substance use disorder histories on baseline and stress-induced changes in peripheral stress biomarkers,2025,2025,2025,0.74,False,True
dab82746-9cd9-450f-95b5-7798ea6d8adc,Stress,stress-induced,linkedin_publication_title,Individual and additive effects of childhood maltreatment and substance use disorder histories on baseline and stress-induced changes in peripheral stress biomarkers,2025,2025,2025,0.74,False,True
dab82746-9cd9-450f-95b5-7798ea6d8adc,Substance Use Disorders,substance use disorder,linkedin_publication_title,Individual and additive effects of childhood maltreatment and substance use disorder histories on baseline and stress-induced changes in peripheral stress biomarkers,2025,2025,2025,0.74,False,True
dab82746-9cd9-450f-95b5-7798ea6d8adc,Endocannabinoid System,endocannabinoids,linkedin_publication_title,Endocannabinoids and the neurobiology of emotional states,0,0,0,0.74,False,True
dab82746-9cd9-450f-95b5-7798ea6d8adc,Anxiety Disorders,social anxiety disorder,linkedin_publication_description,"Endocannabinoids play a crucial role in regulating the stress response, influencing both the initiation and resolution of stress-related processes in the brain. This discovery has been greatly advanced by the development of pharmacological tools, particularly fatty acid amide hydrolase (FAAH) and monoacylglycerol lipase (MAGL) inhibitors, which have been pivotal in uncovering the endocannabinoid (eCB) system's role in stress regulation. The success of these inhibitors in animal models of stress and emotion has led to the development of clinical therapies targeting eCB enzymes. FAAH inhibitors ",0,0,0,0.66,False,True
dab82746-9cd9-450f-95b5-7798ea6d8adc,Clinical Trials,Clinical Trials,linkedin_publication_description,"Endocannabinoids play a crucial role in regulating the stress response, influencing both the initiation and resolution of stress-related processes in the brain. This discovery has been greatly advanced by the development of pharmacological tools, particularly fatty acid amide hydrolase (FAAH) and monoacylglycerol lipase (MAGL) inhibitors, which have been pivotal in uncovering the endocannabinoid (eCB) system's role in stress regulation. The success of these inhibitors in animal models of stress and emotion has led to the development of clinical therapies targeting eCB enzymes. FAAH inhibitors ",0,0,0,0.66,False,True
dab82746-9cd9-450f-95b5-7798ea6d8adc,Endocannabinoid System,endocannabinoids,linkedin_publication_description,"Endocannabinoids play a crucial role in regulating the stress response, influencing both the initiation and resolution of stress-related processes in the brain. This discovery has been greatly advanced by the development of pharmacological tools, particularly fatty acid amide hydrolase (FAAH) and monoacylglycerol lipase (MAGL) inhibitors, which have been pivotal in uncovering the endocannabinoid (eCB) system's role in stress regulation. The success of these inhibitors in animal models of stress and emotion has led to the development of clinical therapies targeting eCB enzymes. FAAH inhibitors ",0,0,0,0.66,False,True
dab82746-9cd9-450f-95b5-7798ea6d8adc,Fear Extinction,Fear Extinction,linkedin_publication_description,"Endocannabinoids play a crucial role in regulating the stress response, influencing both the initiation and resolution of stress-related processes in the brain. This discovery has been greatly advanced by the development of pharmacological tools, particularly fatty acid amide hydrolase (FAAH) and monoacylglycerol lipase (MAGL) inhibitors, which have been pivotal in uncovering the endocannabinoid (eCB) system's role in stress regulation. The success of these inhibitors in animal models of stress and emotion has led to the development of clinical therapies targeting eCB enzymes. FAAH inhibitors ",0,0,0,0.66,False,True
dab82746-9cd9-450f-95b5-7798ea6d8adc,Post-Traumatic Stress Disorder,posttraumatic stress disorder,linkedin_publication_description,"Endocannabinoids play a crucial role in regulating the stress response, influencing both the initiation and resolution of stress-related processes in the brain. This discovery has been greatly advanced by the development of pharmacological tools, particularly fatty acid amide hydrolase (FAAH) and monoacylglycerol lipase (MAGL) inhibitors, which have been pivotal in uncovering the endocannabinoid (eCB) system's role in stress regulation. The success of these inhibitors in animal models of stress and emotion has led to the development of clinical therapies targeting eCB enzymes. FAAH inhibitors ",0,0,0,0.66,False,True
dab82746-9cd9-450f-95b5-7798ea6d8adc,Stress,stress response,linkedin_publication_description,"Endocannabinoids play a crucial role in regulating the stress response, influencing both the initiation and resolution of stress-related processes in the brain. This discovery has been greatly advanced by the development of pharmacological tools, particularly fatty acid amide hydrolase (FAAH) and monoacylglycerol lipase (MAGL) inhibitors, which have been pivotal in uncovering the endocannabinoid (eCB) system's role in stress regulation. The success of these inhibitors in animal models of stress and emotion has led to the development of clinical therapies targeting eCB enzymes. FAAH inhibitors ",0,0,0,0.66,False,True
dab82746-9cd9-450f-95b5-7798ea6d8adc,Endocannabinoid System,endocannabinoid,linkedin_publication_title,Endocannabinoid Contributions to Psychiatric Risk,0,0,0,0.74,False,True
dab82746-9cd9-450f-95b5-7798ea6d8adc,Psychiatric Disorders,psychiatric risk,linkedin_publication_title,Endocannabinoid Contributions to Psychiatric Risk,0,0,0,0.74,False,True
dab82746-9cd9-450f-95b5-7798ea6d8adc,Anxiety Disorders,anxiety,linkedin_publication_description,"This chapter examines the role of the endocannabinoid (eCB) system in psychiatric disorders, including anxiety, depression, eating disorders, post-traumatic stress disorder, substance use disorders, autism spectrum disorder, and schizophrenia. We pay specific attention to the eCB system's role in regulating stress, fear, emotional processing, metabolism, and synaptic plasticity. 10.1007/978-3-031-87990-6_15 … more",0,0,0,0.66,False,True
dab82746-9cd9-450f-95b5-7798ea6d8adc,Autism Spectrum Disorders,autism spectrum disorder,linkedin_publication_description,"This chapter examines the role of the endocannabinoid (eCB) system in psychiatric disorders, including anxiety, depression, eating disorders, post-traumatic stress disorder, substance use disorders, autism spectrum disorder, and schizophrenia. We pay specific attention to the eCB system's role in regulating stress, fear, emotional processing, metabolism, and synaptic plasticity. 10.1007/978-3-031-87990-6_15 … more",0,0,0,0.66,False,True
dab82746-9cd9-450f-95b5-7798ea6d8adc,Depression,Depression,linkedin_publication_description,"This chapter examines the role of the endocannabinoid (eCB) system in psychiatric disorders, including anxiety, depression, eating disorders, post-traumatic stress disorder, substance use disorders, autism spectrum disorder, and schizophrenia. We pay specific attention to the eCB system's role in regulating stress, fear, emotional processing, metabolism, and synaptic plasticity. 10.1007/978-3-031-87990-6_15 … more",0,0,0,0.66,False,True
dab82746-9cd9-450f-95b5-7798ea6d8adc,Eating Disorders,Eating Disorders,linkedin_publication_description,"This chapter examines the role of the endocannabinoid (eCB) system in psychiatric disorders, including anxiety, depression, eating disorders, post-traumatic stress disorder, substance use disorders, autism spectrum disorder, and schizophrenia. We pay specific attention to the eCB system's role in regulating stress, fear, emotional processing, metabolism, and synaptic plasticity. 10.1007/978-3-031-87990-6_15 … more",0,0,0,0.66,False,True
dab82746-9cd9-450f-95b5-7798ea6d8adc,Endocannabinoid System,endocannabinoid,linkedin_publication_description,"This chapter examines the role of the endocannabinoid (eCB) system in psychiatric disorders, including anxiety, depression, eating disorders, post-traumatic stress disorder, substance use disorders, autism spectrum disorder, and schizophrenia. We pay specific attention to the eCB system's role in regulating stress, fear, emotional processing, metabolism, and synaptic plasticity. 10.1007/978-3-031-87990-6_15 … more",0,0,0,0.66,False,True
dab82746-9cd9-450f-95b5-7798ea6d8adc,Post-Traumatic Stress Disorder,Post-Traumatic Stress Disorder,linkedin_publication_description,"This chapter examines the role of the endocannabinoid (eCB) system in psychiatric disorders, including anxiety, depression, eating disorders, post-traumatic stress disorder, substance use disorders, autism spectrum disorder, and schizophrenia. We pay specific attention to the eCB system's role in regulating stress, fear, emotional processing, metabolism, and synaptic plasticity. 10.1007/978-3-031-87990-6_15 … more",0,0,0,0.66,False,True
dab82746-9cd9-450f-95b5-7798ea6d8adc,Psychiatric Disorders,Psychiatric Disorders,linkedin_publication_description,"This chapter examines the role of the endocannabinoid (eCB) system in psychiatric disorders, including anxiety, depression, eating disorders, post-traumatic stress disorder, substance use disorders, autism spectrum disorder, and schizophrenia. We pay specific attention to the eCB system's role in regulating stress, fear, emotional processing, metabolism, and synaptic plasticity. 10.1007/978-3-031-87990-6_15 … more",0,0,0,0.66,False,True
dab82746-9cd9-450f-95b5-7798ea6d8adc,Schizophrenia,Schizophrenia,linkedin_publication_description,"This chapter examines the role of the endocannabinoid (eCB) system in psychiatric disorders, including anxiety, depression, eating disorders, post-traumatic stress disorder, substance use disorders, autism spectrum disorder, and schizophrenia. We pay specific attention to the eCB system's role in regulating stress, fear, emotional processing, metabolism, and synaptic plasticity. 10.1007/978-3-031-87990-6_15 … more",0,0,0,0.66,False,True
dab82746-9cd9-450f-95b5-7798ea6d8adc,Stress,Stress,linkedin_publication_description,"This chapter examines the role of the endocannabinoid (eCB) system in psychiatric disorders, including anxiety, depression, eating disorders, post-traumatic stress disorder, substance use disorders, autism spectrum disorder, and schizophrenia. We pay specific attention to the eCB system's role in regulating stress, fear, emotional processing, metabolism, and synaptic plasticity. 10.1007/978-3-031-87990-6_15 … more",0,0,0,0.66,False,True
dab82746-9cd9-450f-95b5-7798ea6d8adc,Substance Use Disorders,Substance Use Disorders,linkedin_publication_description,"This chapter examines the role of the endocannabinoid (eCB) system in psychiatric disorders, including anxiety, depression, eating disorders, post-traumatic stress disorder, substance use disorders, autism spectrum disorder, and schizophrenia. We pay specific attention to the eCB system's role in regulating stress, fear, emotional processing, metabolism, and synaptic plasticity. 10.1007/978-3-031-87990-6_15 … more",0,0,0,0.66,False,True
dab82746-9cd9-450f-95b5-7798ea6d8adc,Synaptic Plasticity,Synaptic Plasticity,linkedin_publication_description,"This chapter examines the role of the endocannabinoid (eCB) system in psychiatric disorders, including anxiety, depression, eating disorders, post-traumatic stress disorder, substance use disorders, autism spectrum disorder, and schizophrenia. We pay specific attention to the eCB system's role in regulating stress, fear, emotional processing, metabolism, and synaptic plasticity. 10.1007/978-3-031-87990-6_15 … more",0,0,0,0.66,False,True
dab82746-9cd9-450f-95b5-7798ea6d8adc,Endocannabinoid System,endocannabinoid,linkedin_publication_title,"Endocannabinoid contributions to the perception of socially relevant, affective touch in humans",2025,2025,2025,0.74,False,True
dab82746-9cd9-450f-95b5-7798ea6d8adc,Social Information Processing,socially relevant affective touch,linkedin_publication_title,"Endocannabinoid contributions to the perception of socially relevant, affective touch in humans",2025,2025,2025,0.74,False,True
f67d4ef6-7478-48a3-b662-e95c80bb7185,Neuromuscular Disease,Neuromuscular Disease,linkedin_publication_title,Chronic glucocorticoid management in neuromuscular disease: A survey of neuromuscular neurologists,2024,2024,2024,0.74,False,True
f67d4ef6-7478-48a3-b662-e95c80bb7185,Dementia,Dementia,linkedin_publication_title,The Brain in Motion II Study: Study Protocol for a Randomized Controlled Trial of an Aerobic Exercise Intervention for Older Adults at Increased Risk of Dementia,2021,2021,2021,0.74,False,True
f67d4ef6-7478-48a3-b662-e95c80bb7185,High Altitude Physiology,high altitude,linkedin_publication_title,"Effect of Acute, Subacute and Repeated Exposure to High Altitude (5050m) on Psychomotor Vigilance",2018,2018,2018,0.74,False,True
13797022-096e-490a-831c-1b09206cf6f5,Inflammation,Inflammation,linkedin_publication_title,The MFN2 Q367H variant reveals a novel pathomechanism connected to mtDNA-mediated inflammation,2025,2025,2025,0.74,False,True
13797022-096e-490a-831c-1b09206cf6f5,Stress,stress response,linkedin_publication_title,Pharmacological activation of integrated stress response kinases inhibits pathological mitochondrial fragmentation,2025,2025,2025,0.74,False,True
13797022-096e-490a-831c-1b09206cf6f5,Stress,stress response,linkedin_publication_description,"In this work, we show pharmacological activation of the Integrated Stress Response using small molecules promotes adaptive mitochondrial elongation. This proves to be a therapeutic tool for patient derived cells from a patient with CMT2a, harboring MFN2 D414V mutation. … more",2025,2025,2025,0.66,False,True
afede334-d3bd-4233-860a-c2ebeed96bef,Ischemic Stroke,Ischemic Stroke,linkedin_publication_title,Brain Atrophy and White Matter Changes Grading Agreement on NCCT and MRI in Ischemic Stroke,2026,2026,2026,0.74,False,True
afede334-d3bd-4233-860a-c2ebeed96bef,Magnetic Resonance Imaging,MRI,linkedin_publication_title,Brain Atrophy and White Matter Changes Grading Agreement on NCCT and MRI in Ischemic Stroke,2026,2026,2026,0.74,False,True
afede334-d3bd-4233-860a-c2ebeed96bef,Stroke,Stroke,linkedin_publication_title,Brain Atrophy and White Matter Changes Grading Agreement on NCCT and MRI in Ischemic Stroke,2026,2026,2026,0.74,False,True
afede334-d3bd-4233-860a-c2ebeed96bef,Ischemic Stroke,Ischemic Stroke,linkedin_publication_title,"Cerebral Amyloid Angiopathy Imaging Markers, Radiological Boston Criteria, and Thrombolysis Outcomes in Ischemic Stroke",2026,2026,2026,0.74,False,True
afede334-d3bd-4233-860a-c2ebeed96bef,Stroke,Stroke,linkedin_publication_title,"Cerebral Amyloid Angiopathy Imaging Markers, Radiological Boston Criteria, and Thrombolysis Outcomes in Ischemic Stroke",2026,2026,2026,0.74,False,True
afede334-d3bd-4233-860a-c2ebeed96bef,Stroke,Stroke,linkedin_publication_title,Remote Ischemic Conditioning for the Acute Treatment of Ischemic and Hemorrhagic Stroke: A Systematic Review and Meta-Analysis,2026,2026,2026,0.74,False,True
afede334-d3bd-4233-860a-c2ebeed96bef,Stroke,Stroke,linkedin_publication_description,Published abstract presented at the 2026 International Stroke Conference (ISC).,2026,2026,2026,0.66,False,True
afede334-d3bd-4233-860a-c2ebeed96bef,Ischemic Stroke,Ischemic Stroke,linkedin_publication_title,Association of Cerebral Amyloid Angiopathy Neuroimaging Markers and Boston Criteria with the Safety and Efficacy of Thrombolysis in Patients with Acute Ischemic Stroke: Results from the AcT Trial,2026,2026,2026,0.74,False,True
afede334-d3bd-4233-860a-c2ebeed96bef,Neuroimaging,Neuroimaging,linkedin_publication_title,Association of Cerebral Amyloid Angiopathy Neuroimaging Markers and Boston Criteria with the Safety and Efficacy of Thrombolysis in Patients with Acute Ischemic Stroke: Results from the AcT Trial,2026,2026,2026,0.74,False,True
afede334-d3bd-4233-860a-c2ebeed96bef,Stroke,Stroke,linkedin_publication_title,Association of Cerebral Amyloid Angiopathy Neuroimaging Markers and Boston Criteria with the Safety and Efficacy of Thrombolysis in Patients with Acute Ischemic Stroke: Results from the AcT Trial,2026,2026,2026,0.74,False,True
afede334-d3bd-4233-860a-c2ebeed96bef,Stroke,Stroke,linkedin_publication_description,Published abstract presented at the 2026 International Stroke Conference (ISC) - awarded the Paul Dudley White award for best Canadian abstract.,2026,2026,2026,0.66,False,True
afede334-d3bd-4233-860a-c2ebeed96bef,Ischemic Stroke,Ischemic Stroke,linkedin_publication_title,Brain Frailty and Functional Outcomes After Thrombolysis for Acute Ischemic Stroke,2025,2025,2025,0.74,False,True
afede334-d3bd-4233-860a-c2ebeed96bef,Stroke,Stroke,linkedin_publication_title,Brain Frailty and Functional Outcomes After Thrombolysis for Acute Ischemic Stroke,2025,2025,2025,0.74,False,True
afede334-d3bd-4233-860a-c2ebeed96bef,Stroke,Stroke,linkedin_publication_title,Evaluating the Usability of a Remote Ischemic Conditioning Device for Pre-Hospital Stroke Management: Insights from Paramedic Simulations,2024,2024,2024,0.74,False,True
afede334-d3bd-4233-860a-c2ebeed96bef,Stroke,Stroke,linkedin_publication_title,Usability Testing of a Novel Remote Ischemic Conditioning System for Pre-hospital Stroke Care,2024,2024,2024,0.74,False,True
afede334-d3bd-4233-860a-c2ebeed96bef,Stroke,Stroke,linkedin_publication_description,Published abstract presented at the 2024 European Stroke Organization Conference (ESOC).,2024,2024,2024,0.66,False,True
afede334-d3bd-4233-860a-c2ebeed96bef,Dementia,Dementia,linkedin_publication_title,Comparing the Montreal Cognitive Assessment (MoCA) and Rowland Universal Dementia Assessment Scale (RUDAS) for the detection of dementia,2024,2024,2024,0.74,False,True
afede334-d3bd-4233-860a-c2ebeed96bef,Dementia,Dementia,linkedin_publication_description,Published abstract presented at the 2023 Canadian Conference on Dementia (CCD).,2024,2024,2024,0.66,False,True
afede334-d3bd-4233-860a-c2ebeed96bef,Dementia,Dementia,linkedin_publication_title,Association of Montreal Cognitive Assessment (MoCA) and Rowland Universal Dementia Assessment Scale (RUDAS) Cognitive Testing Profiles with Cortical Atrophy and White Matter Disease,2024,2024,2024,0.74,False,True
f9d35219-08ea-4a5d-81e8-95a859aabe3f,Heart Rate Variability,Heart Rate Variability,linkedin_publication_title,Assessing Metrics of Heart Rate Variability to Measure Cardiac Sympathetic and Parasympathetic Tone – Does the Math Miss a Beat?,2021,2021,2021,0.74,False,True
f9d35219-08ea-4a5d-81e8-95a859aabe3f,Heart Rate Variability,Heart Rate Variability,linkedin_publication_description,"Researcher and co-author. Collaborated with physiologists to analyze data using Microsoft Excel to assess heart rate variability (HRV) across 3 different metrics. • Analysis of time domain, frequency domain, and Poincaré plots. • Responsible for research management and examining scientific literature. • The statistical and graphical analysis of data. • Presented team findings to MRU science faculty. … more",2021,2021,2021,0.66,False,True
b2e463f1-fa7c-4f6f-890d-0cd5676599a8,Social Determinants of Health,Social Determinants of Health,linkedin_publication_title,Digital Twin Cities: Simulating Aging Outcomes By Modifying Social Determinants of Health,2025,2025,2025,0.74,False,True
b2e463f1-fa7c-4f6f-890d-0cd5676599a8,Social Determinants of Health,Social Determinants of Health,linkedin_publication_description,"This includes our published paper and an accompanying explanatory video for “Digital Twin Cities: Simulating Aging Outcomes by Modifying Social Determinants of Health”, submitted to the STEM Fellowship IUBDC program.",2025,2025,2025,0.66,False,True
92b379c6-3c0a-4620-a98b-6b023aa0806f,Cannabis,Cannabis,linkedin_publication_title,"The Relationship Between Cannabis, Cognition, and Schizophrenia: It’s Complicated",2022,2022,2022,0.74,False,True
92b379c6-3c0a-4620-a98b-6b023aa0806f,Cognition,Cognition,linkedin_publication_title,"The Relationship Between Cannabis, Cognition, and Schizophrenia: It’s Complicated",2022,2022,2022,0.74,False,True
92b379c6-3c0a-4620-a98b-6b023aa0806f,Schizophrenia,Schizophrenia,linkedin_publication_title,"The Relationship Between Cannabis, Cognition, and Schizophrenia: It’s Complicated",2022,2022,2022,0.74,False,True
2c9beb01-eb2c-4e00-b3b8-888aad09b85b,Brain Injury,traumatic brain injury,linkedin_publication_title,When Two Wrongs Make a Right: The Effect of Acute and Chronic Binge Drinking on Traumatic Brain Injury Outcomes in Young Adult Female Rats,2019,2019,2019,0.74,False,True
2e1e9717-70fc-455a-b655-4c0ed3c40f34,Alzheimer Disease,Alzheimer Disease,linkedin_publication_title,Deletion of Abca7 increases cerebral amyloid-β accumulation in the J20 mouse model of Alzheimer’s disease,0,0,0,0.74,False,True
2e1e9717-70fc-455a-b655-4c0ed3c40f34,Parkinson Disease,Parkinson's disease,linkedin_publication_title,Leucine-rich repeat kinase 2 and alternative splicing in Parkinson's disease,0,0,0,0.74,False,True
2e1e9717-70fc-455a-b655-4c0ed3c40f34,Hippocampus,Hippocampus,linkedin_publication_title,Apolipoprotein-E forms dimers in human frontal cortex and hippocampus.,0,0,0,0.74,False,True
2e1e9717-70fc-455a-b655-4c0ed3c40f34,Psychiatric Disorders,Psychiatric Disorders,linkedin_publication_title,Apolipoproteins in the brain – implications for neurological and psychiatric disorders.,0,0,0,0.74,False,True
2e1e9717-70fc-455a-b655-4c0ed3c40f34,Alzheimer Disease,Alzheimer Disease,linkedin_publication_title,Increased ATP-binding cassette transporter A1 expression in Alzheimer's disease hippocampal neurons.,0,0,0,0.74,False,True
87d34558-e6f5-49d9-a78f-32e3e073159d,Dementia,Dementia,linkedin_publication_title,The cross-sectional associations between enlarged perivascular spaces and mild behavioral impairment in dementia-free older adults,2025,2025,2025,0.74,False,True
87d34558-e6f5-49d9-a78f-32e3e073159d,Adverse Childhood Experiences,Adverse Childhood Experiences,linkedin_publication_title,Early life factors and dementia risk: A study of adverse childhood experiences and later-life cognition and behaviour,2025,2025,2025,0.74,False,True
87d34558-e6f5-49d9-a78f-32e3e073159d,Cognition,Cognition,linkedin_publication_title,Early life factors and dementia risk: A study of adverse childhood experiences and later-life cognition and behaviour,2025,2025,2025,0.74,False,True
87d34558-e6f5-49d9-a78f-32e3e073159d,Dementia,Dementia,linkedin_publication_title,Early life factors and dementia risk: A study of adverse childhood experiences and later-life cognition and behaviour,2025,2025,2025,0.74,False,True
87d34558-e6f5-49d9-a78f-32e3e073159d,Dementia,Dementia,linkedin_publication_title,The mind and motion: exploring the interplay between physical activity and Mild Behavioral Impairment in dementia-free older adults,2024,2024,2024,0.74,False,True
87d34558-e6f5-49d9-a78f-32e3e073159d,Dementia,Dementia,linkedin_publication_title,"Longitudinal Associations Between Mild Behavioral Impairment, Sleep Disturbance, and Progression to Dementia",2023,2023,2023,0.74,False,True
87d34558-e6f5-49d9-a78f-32e3e073159d,Dementia,Dementia,linkedin_publication_title,The effect of study partner characteristics on the reporting of neuropsychiatric symptoms in older adults with and without dementia,0,0,0,0.74,False,True
c482b87a-e1fb-469c-bc13-0fe781d721cb,Deep Learning,Deep Learning,linkedin_publication_title,Deep learning in neuroimaging of epilepsy,2023,2023,2023,0.74,False,True
c482b87a-e1fb-469c-bc13-0fe781d721cb,Epilepsy,Epilepsy,linkedin_publication_title,Deep learning in neuroimaging of epilepsy,2023,2023,2023,0.74,False,True
c482b87a-e1fb-469c-bc13-0fe781d721cb,Neuroimaging,Neuroimaging,linkedin_publication_title,Deep learning in neuroimaging of epilepsy,2023,2023,2023,0.74,False,True
c482b87a-e1fb-469c-bc13-0fe781d721cb,Electroencephalography,EEG,linkedin_publication_title,A Novel Noninvasive Approach Based on SPECT and EEG for the Location of the Epileptogenic Zone in Pharmacoresistant Non-Lesional Epilepsy,2019,2019,2019,0.74,False,True
c482b87a-e1fb-469c-bc13-0fe781d721cb,Epilepsy,Epilepsy,linkedin_publication_title,A Novel Noninvasive Approach Based on SPECT and EEG for the Location of the Epileptogenic Zone in Pharmacoresistant Non-Lesional Epilepsy,2019,2019,2019,0.74,False,True
cdc07aa4-1687-4320-a32e-6583764daa56,Learning and Memory,Learning and Memory,linkedin_publication_title,Dexmedetomidine Pre-Treatment of Neonatal Rats Prevents Sevoflurane-Induced Deficits in Learning and Memory in the Adult Animals,2023,2023,2023,0.74,False,True
cdc07aa4-1687-4320-a32e-6583764daa56,Learning and Memory,contextual memory,linkedin_publication_title,Selective Menin Deletion in the Hippocampal CA1 Region Leads to Disruption of Contextual Memory in the MEN1 Conditional Knockout Mouse: Behavioral Restoration and Gain of Function following the Reintroduction of MEN1 Gene,2022,2022,2022,0.74,False,True
cdc07aa4-1687-4320-a32e-6583764daa56,Learning and Memory,Learning and Memory,linkedin_publication_title,"Dexmedetomidine does not compromise neuronal viability, synaptic connectivity, learning and memory in a rodent model",2021,2021,2021,0.74,False,True
cdc07aa4-1687-4320-a32e-6583764daa56,Synaptic Connectivity,Synaptic Connectivity,linkedin_publication_title,"Dexmedetomidine does not compromise neuronal viability, synaptic connectivity, learning and memory in a rodent model",2021,2021,2021,0.74,False,True
cdc07aa4-1687-4320-a32e-6583764daa56,Neurotoxicity,anesthetic-induced cell death,linkedin_publication_title,"A synthetic peptide rescues rat cortical neurons from anesthetic-induced cell death, perturbation of growth and synaptic assembly",2021,2021,2021,0.74,False,True
cdc07aa4-1687-4320-a32e-6583764daa56,Synaptic Connectivity,synaptic assembly,linkedin_publication_title,"A synthetic peptide rescues rat cortical neurons from anesthetic-induced cell death, perturbation of growth and synaptic assembly",2021,2021,2021,0.74,False,True
cdc07aa4-1687-4320-a32e-6583764daa56,Synaptic Connectivity,synaptic transmission,linkedin_publication_title,The antidepressant sertraline reduces synaptic transmission efficacy and synaptogenesis between identified Lymnaea neurons,2020,2020,2020,0.74,False,True
cdc07aa4-1687-4320-a32e-6583764daa56,Anesthetics,Anesthetics,linkedin_publication_title,Anesthetics: from modes of action to unconsciousness and neurotoxicity,2019,2019,2019,0.74,False,True
cdc07aa4-1687-4320-a32e-6583764daa56,Neurotoxicity,Neurotoxicity,linkedin_publication_title,Anesthetics: from modes of action to unconsciousness and neurotoxicity,2019,2019,2019,0.74,False,True
cdc07aa4-1687-4320-a32e-6583764daa56,Anesthetics,anesthetic action,linkedin_publication_title,Mechanisms of anesthetic action and neurotoxicity: lessons from molluscs,2018,2018,2018,0.74,False,True
cdc07aa4-1687-4320-a32e-6583764daa56,Neurotoxicity,Neurotoxicity,linkedin_publication_title,Mechanisms of anesthetic action and neurotoxicity: lessons from molluscs,2018,2018,2018,0.74,False,True
f30dfe97-2e8c-4e6c-9ec3-c1b1fa245f3c,Artificial Intelligence,AI,linkedin_publication_description,"Aging populations often experience difficulties hearing. This phenomenon, known as age-related hearing loss, is associated with decreases in hearing sensitivity and pathophysiological changes in the central auditory system, including the primary auditory cortex (AI). To better understand changes in the central auditory system, this study is designed to compare the receptive fields of AI neurons of young and old C57 mice in frequency, amplitude, and temporal domains by using random-delivery (various interval) of multi-frequency gamma-shaped tone pips and a novel data processing approach known a",2022,2022,2022,0.66,False,True
2c2e0c9d-4d45-42e1-a0a2-1d47225a64a5,Machine Learning,Machine Learning,linkedin_publication_description,An evaluation framework that may be used to benchmark machine learning-based biological brain age prediction methods using synthetic data,2026,2026,2026,0.66,False,True
7fedd5a7-fdd5-4e8b-b956-2783b161a1d8,Disease Progression,Disease Progression,linkedin_publication_description,"This paper explores the roles of lipids—LDL, HDL, and triglycerides—in health and disease, emphasizing their contribution to atherosclerosis and cardiovascular risk. It also examines the causes, effects, and management strategies for dyslipidemia, highlighting both lifestyle interventions and pharmacological treatments used to improve lipid profiles and reduce disease progression. … more",2025,2025,2025,0.66,False,True
49763fcc-eef0-4d5c-b7b6-e50306059e11,Cannabis,Cannabis,linkedin_publication_title,"Hazardous Cannabis Use Among University Students: Understanding Differences in Modes, Patterns and Motivations Related to Use.",2026,2026,2026,0.74,False,True
49763fcc-eef0-4d5c-b7b6-e50306059e11,Mental Health,Mental Health,linkedin_publication_title,Mental health and coping among graduate students during the COVID-19 pandemic: a gender-based analysis,2025,2025,2025,0.74,False,True
49763fcc-eef0-4d5c-b7b6-e50306059e11,Clinical Trials,Clinical Trials,linkedin_publication_title,Psychedelic-assisted therapies for substance use disorders: Evidence from clinical trials,0,0,0,0.74,False,True
49763fcc-eef0-4d5c-b7b6-e50306059e11,Psychedelics,psychedelic,linkedin_publication_title,Psychedelic-assisted therapies for substance use disorders: Evidence from clinical trials,0,0,0,0.74,False,True
49763fcc-eef0-4d5c-b7b6-e50306059e11,Substance Use Disorders,Substance Use Disorders,linkedin_publication_title,Psychedelic-assisted therapies for substance use disorders: Evidence from clinical trials,0,0,0,0.74,False,True
49763fcc-eef0-4d5c-b7b6-e50306059e11,Psychedelics,Psychedelics,linkedin_publication_title,"The Intersection of Psychedelics and Stress: Possible Mechanisms, Therapeutic Potential, and Clinical Applications",0,0,0,0.74,False,True
49763fcc-eef0-4d5c-b7b6-e50306059e11,Stress,Stress,linkedin_publication_title,"The Intersection of Psychedelics and Stress: Possible Mechanisms, Therapeutic Potential, and Clinical Applications",0,0,0,0.74,False,True
49763fcc-eef0-4d5c-b7b6-e50306059e11,Endocannabinoid System,endocannabinoids,linkedin_publication_title,The impact of acute stress on endocannabinoids in healthy humans,0,0,0,0.74,False,True
49763fcc-eef0-4d5c-b7b6-e50306059e11,Stress,Stress,linkedin_publication_title,The impact of acute stress on endocannabinoids in healthy humans,0,0,0,0.74,False,True
c5df7826-3ecd-4e54-8161-bbf569301079,Autism Spectrum Disorders,autism,linkedin_publication_title,Verbal mands in adult autism,0,0,0,0.74,False,True
b7ca6cfe-e71a-439b-a674-b3410e093e16,Decision Making,Decision Making,linkedin_publication_description,"Background: Climate change is an urgent public health challenge with emerging evidence linking climate-related events (such as wildfire smoke, heatwaves, and air pollution) to neurological impacts. These effects disproportionately burden equity-deserving populations, including Indigenous communities, persons with disabilities, and rural or underserved groups. Despite these risks, climate-neurology intersections remain largely unaddressed within health research and policy frameworks. Objective: The Brain Climate Equity Collaborative (Brain-CE Collab), a Canadian non-profit, aims to embed eviden",2025,2025,2025,0.66,False,True
b7ca6cfe-e71a-439b-a674-b3410e093e16,Health Systems,Health Systems,linkedin_publication_description,"Background: Climate change is an urgent public health challenge with emerging evidence linking climate-related events (such as wildfire smoke, heatwaves, and air pollution) to neurological impacts. These effects disproportionately burden equity-deserving populations, including Indigenous communities, persons with disabilities, and rural or underserved groups. Despite these risks, climate-neurology intersections remain largely unaddressed within health research and policy frameworks. Objective: The Brain Climate Equity Collaborative (Brain-CE Collab), a Canadian non-profit, aims to embed eviden",2025,2025,2025,0.66,False,True
b7ca6cfe-e71a-439b-a674-b3410e093e16,Neurology,Neurology,linkedin_publication_description,"Background: Climate change is an urgent public health challenge with emerging evidence linking climate-related events (such as wildfire smoke, heatwaves, and air pollution) to neurological impacts. These effects disproportionately burden equity-deserving populations, including Indigenous communities, persons with disabilities, and rural or underserved groups. Despite these risks, climate-neurology intersections remain largely unaddressed within health research and policy frameworks. Objective: The Brain Climate Equity Collaborative (Brain-CE Collab), a Canadian non-profit, aims to embed eviden",2025,2025,2025,0.66,False,True
b7ca6cfe-e71a-439b-a674-b3410e093e16,Public Health,Public Health,linkedin_publication_description,"Background: Climate change is an urgent public health challenge with emerging evidence linking climate-related events (such as wildfire smoke, heatwaves, and air pollution) to neurological impacts. These effects disproportionately burden equity-deserving populations, including Indigenous communities, persons with disabilities, and rural or underserved groups. Despite these risks, climate-neurology intersections remain largely unaddressed within health research and policy frameworks. Objective: The Brain Climate Equity Collaborative (Brain-CE Collab), a Canadian non-profit, aims to embed eviden",2025,2025,2025,0.66,False,True
b7ca6cfe-e71a-439b-a674-b3410e093e16,Childhood Maltreatment,early life stress,linkedin_publication_title,Evaluating the role of adult hippocampal neurogenesis as a modulator of perineuronal nets in early life stress induced depression (Abstract),2022,2022,2022,0.74,False,True
b7ca6cfe-e71a-439b-a674-b3410e093e16,Depression,Depression,linkedin_publication_title,Evaluating the role of adult hippocampal neurogenesis as a modulator of perineuronal nets in early life stress induced depression (Abstract),2022,2022,2022,0.74,False,True
b7ca6cfe-e71a-439b-a674-b3410e093e16,Stress,stress-induced,linkedin_publication_title,Evaluating the role of adult hippocampal neurogenesis as a modulator of perineuronal nets in early life stress induced depression (Abstract),2022,2022,2022,0.74,False,True
b7ca6cfe-e71a-439b-a674-b3410e093e16,Childhood Maltreatment,early life stress,linkedin_publication_description,Chronic stress is considered a significant causal agent in depression. The hippocampus is particularly vulnerable to stress and depression and has been associated with impaired adult hippocampal neurogenesis. Previous research has shown that modulation of adult hippocampal neurogenesis or modulation of immature hippocampal neuron activity changes structure and function of CA1 in the hippocampus. Modulation of neurogenesis has been shown to affect the number of perineuronal nets (PNNs) surrounding inhibitory interneurons. Several neuropsychiatric disorders show changes in the density and compos,2022,2022,2022,0.66,False,True
b7ca6cfe-e71a-439b-a674-b3410e093e16,Depression,Depression,linkedin_publication_description,Chronic stress is considered a significant causal agent in depression. The hippocampus is particularly vulnerable to stress and depression and has been associated with impaired adult hippocampal neurogenesis. Previous research has shown that modulation of adult hippocampal neurogenesis or modulation of immature hippocampal neuron activity changes structure and function of CA1 in the hippocampus. Modulation of neurogenesis has been shown to affect the number of perineuronal nets (PNNs) surrounding inhibitory interneurons. Several neuropsychiatric disorders show changes in the density and compos,2022,2022,2022,0.66,False,True
b7ca6cfe-e71a-439b-a674-b3410e093e16,Hippocampus,Hippocampus,linkedin_publication_description,Chronic stress is considered a significant causal agent in depression. The hippocampus is particularly vulnerable to stress and depression and has been associated with impaired adult hippocampal neurogenesis. Previous research has shown that modulation of adult hippocampal neurogenesis or modulation of immature hippocampal neuron activity changes structure and function of CA1 in the hippocampus. Modulation of neurogenesis has been shown to affect the number of perineuronal nets (PNNs) surrounding inhibitory interneurons. Several neuropsychiatric disorders show changes in the density and compos,2022,2022,2022,0.66,False,True
b7ca6cfe-e71a-439b-a674-b3410e093e16,Major Depressive Disorder,Major Depressive Disorder,linkedin_publication_description,Chronic stress is considered a significant causal agent in depression. The hippocampus is particularly vulnerable to stress and depression and has been associated with impaired adult hippocampal neurogenesis. Previous research has shown that modulation of adult hippocampal neurogenesis or modulation of immature hippocampal neuron activity changes structure and function of CA1 in the hippocampus. Modulation of neurogenesis has been shown to affect the number of perineuronal nets (PNNs) surrounding inhibitory interneurons. Several neuropsychiatric disorders show changes in the density and compos,2022,2022,2022,0.66,False,True
b7ca6cfe-e71a-439b-a674-b3410e093e16,Stress,Stress,linkedin_publication_description,Chronic stress is considered a significant causal agent in depression. The hippocampus is particularly vulnerable to stress and depression and has been associated with impaired adult hippocampal neurogenesis. Previous research has shown that modulation of adult hippocampal neurogenesis or modulation of immature hippocampal neuron activity changes structure and function of CA1 in the hippocampus. Modulation of neurogenesis has been shown to affect the number of perineuronal nets (PNNs) surrounding inhibitory interneurons. Several neuropsychiatric disorders show changes in the density and compos,2022,2022,2022,0.66,False,True
b7ca6cfe-e71a-439b-a674-b3410e093e16,Functional Connectivity,Functional Connectivity,linkedin_publication_description,"The process underlying the formation of long-term memories by our brains remains a fundamental question in memory research. Neurogenesis, the birth of new neurons, occurs in very few mammalian brain regions during adulthood, one of these regions being the hippocampus. Neurogenesis in the hippocampus plays a major role in long?term memory. It is known that memory is initially dependent on the hippocampus. As memories mature, they become increasingly dependent on other brain regions such as the cortex. In this project, we try to determine whether decreasing neurogenesis will impact how memory tr",2020,2020,2020,0.66,False,True
b7ca6cfe-e71a-439b-a674-b3410e093e16,Hippocampus,Hippocampus,linkedin_publication_description,"The process underlying the formation of long-term memories by our brains remains a fundamental question in memory research. Neurogenesis, the birth of new neurons, occurs in very few mammalian brain regions during adulthood, one of these regions being the hippocampus. Neurogenesis in the hippocampus plays a major role in long?term memory. It is known that memory is initially dependent on the hippocampus. As memories mature, they become increasingly dependent on other brain regions such as the cortex. In this project, we try to determine whether decreasing neurogenesis will impact how memory tr",2020,2020,2020,0.66,False,True
67131b7a-94c9-4634-a781-207a798c7e7f,Genetics,Genetics,linkedin_publication_title,"Raynaud’s Phenomenon Uncovered: Symptoms, Genetics, and Heart Implications",2026,2026,2026,0.74,False,True
67131b7a-94c9-4634-a781-207a798c7e7f,Stroke,Stroke,linkedin_publication_title,EVALUATING THE PREDICTIVE VALIDITY AND DISCRIMINATORY POWER OF CLINICAL RISK SCORES FOR RECURRENT CEREBROVASCULAR EVENTS USING ROUTINELY COLLECTED STROKE AND TIA PATIENT DATA,2025,2025,2025,0.74,False,True
dce0c0b3-d012-4fec-abec-6efb8df69963,Post-Traumatic Stress Disorder,Post-Traumatic Stress Disorder,linkedin_publication_title,On the Role of Epigenetic Modifications of HPA Axis in Post Traumatic Stress Disorder (PTSD) and Resilience,2025,2025,2025,0.74,False,True
dce0c0b3-d012-4fec-abec-6efb8df69963,Stress,Stress,linkedin_publication_title,On the Role of Epigenetic Modifications of HPA Axis in Post Traumatic Stress Disorder (PTSD) and Resilience,2025,2025,2025,0.74,False,True
dce0c0b3-d012-4fec-abec-6efb8df69963,Brain Stimulation,Brain Stimulation,linkedin_publication_title,267. Clinical and Functional Efficacy of Long-Term Subcallosal Cingulate Deep Brain Stimulation for Treatment-Resistant Depression,2024,2024,2024,0.74,False,True
dce0c0b3-d012-4fec-abec-6efb8df69963,Deep Brain Stimulation,Deep Brain Stimulation,linkedin_publication_title,267. Clinical and Functional Efficacy of Long-Term Subcallosal Cingulate Deep Brain Stimulation for Treatment-Resistant Depression,2024,2024,2024,0.74,False,True
dce0c0b3-d012-4fec-abec-6efb8df69963,Depression,Depression,linkedin_publication_title,267. Clinical and Functional Efficacy of Long-Term Subcallosal Cingulate Deep Brain Stimulation for Treatment-Resistant Depression,2024,2024,2024,0.74,False,True
dce0c0b3-d012-4fec-abec-6efb8df69963,Depression,Depression,linkedin_publication_title,Accelerated sequential bilateral theta-burst stimulation in major depression: an open trial,2023,2023,2023,0.74,False,True
df941247-edec-4b67-905f-47bff6537d34,Parkinson Disease,Parkinson's disease,linkedin_publication_title,Frailty in Parkinson's disease: A systematic review and meta-analysis,2021,2021,2021,0.74,False,True
df941247-edec-4b67-905f-47bff6537d34,Parkinson Disease,Parkinson's disease,linkedin_publication_description,"A systematic review of the literature for concurrent Parkinson's Disease and frailty. Frailty prevalence, screening tools, and associations in patients with Parkinson's disease were the outcomes.",2021,2021,2021,0.66,False,True
ecf376a0-a7f8-4050-825a-60e7ed88c0bf,Alzheimer Disease,Alzheimer Disease,linkedin_publication_title,Enhancing Alzheimer Disease Detection Using Neuropsychiatric Symptoms: The Role of Mild Behavioural Impairment in the Revised NIA-AA Research Framework,2025,2025,2025,0.74,False,True
ecf376a0-a7f8-4050-825a-60e7ed88c0bf,Alzheimer Disease,Alzheimer Disease,linkedin_publication_description,"As the prevalence of Alzheimer disease (AD) rises, early identification of at-risk individuals is essential for effective intervention. Mild behavioral impairment (MBI), which captures emergent and persistent neuropsychiatric symptoms (NPS) in later life, may enhance early detection of AD; however, its associations with 2024 NIA-AA Core 1 biomarkers remain unexplored. We investigated associations between MBI and cerebrospinal fluid (CSF) amyloid β-42 (Aβ42) and phosphorylated tau-181 (p-tau181). … more",2025,2025,2025,0.66,False,True
ecf376a0-a7f8-4050-825a-60e7ed88c0bf,Alzheimer Disease,Alzheimer Disease,linkedin_publication_title,Mild behavioural impairment-apathy and core Alzheimer’s disease cerebrospinal fluid biomarkers,2025,2025,2025,0.74,False,True
ecf376a0-a7f8-4050-825a-60e7ed88c0bf,Alzheimer Disease,Alzheimer Disease,linkedin_publication_description,"Apathy is a common neuropsychiatric symptom (NPS) in Alzheimer’s disease (AD), but it can also emerge earlier, during the prodromal or even preclinical stages, as part of mild behavioural impairment (MBI-apathy)—a syndrome characterized by the emergence and persistence of NPS. In dementia, apathy is associated with increased morbidity, mortality, and caregiver distress. However, the significance of MBI-apathy in individuals without dementia, including its associations with AD biomarkers, remains unclear. This study aimed to determine whether MBI-apathy is associated with cerebrospinal fluid (C",2025,2025,2025,0.66,False,True
ecf376a0-a7f8-4050-825a-60e7ed88c0bf,Amyloid Beta,Amyloid Beta,linkedin_publication_description,"Apathy is a common neuropsychiatric symptom (NPS) in Alzheimer’s disease (AD), but it can also emerge earlier, during the prodromal or even preclinical stages, as part of mild behavioural impairment (MBI-apathy)—a syndrome characterized by the emergence and persistence of NPS. In dementia, apathy is associated with increased morbidity, mortality, and caregiver distress. However, the significance of MBI-apathy in individuals without dementia, including its associations with AD biomarkers, remains unclear. This study aimed to determine whether MBI-apathy is associated with cerebrospinal fluid (C",2025,2025,2025,0.66,False,True
ecf376a0-a7f8-4050-825a-60e7ed88c0bf,Dementia,Dementia,linkedin_publication_description,"Apathy is a common neuropsychiatric symptom (NPS) in Alzheimer’s disease (AD), but it can also emerge earlier, during the prodromal or even preclinical stages, as part of mild behavioural impairment (MBI-apathy)—a syndrome characterized by the emergence and persistence of NPS. In dementia, apathy is associated with increased morbidity, mortality, and caregiver distress. However, the significance of MBI-apathy in individuals without dementia, including its associations with AD biomarkers, remains unclear. This study aimed to determine whether MBI-apathy is associated with cerebrospinal fluid (C",2025,2025,2025,0.66,False,True
ecf376a0-a7f8-4050-825a-60e7ed88c0bf,Alzheimer Disease,Alzheimer Disease,linkedin_publication_title,Exploring the association between mild behavioral impairment and plasma p‐tau217: Implications for early detection of Alzheimer's disease.,2025,2025,2025,0.74,False,True
ecf376a0-a7f8-4050-825a-60e7ed88c0bf,Alzheimer Disease,Alzheimer Disease,linkedin_publication_description,"Mild behavioral impairment (MBI), characterized by late-onset, persistent neuropsychiatric symptoms (NPS), may signal an increased risk of developing dementia. While MBI has been linked to established cerebrospinal fluid and imaging biomarkers of amyloid-beta (Aβ) and tau, its association with plasma p-tau217—a promising blood-based biomarker for Alzheimer’s disease (AD)—remains unexplored. In this study, we investigated the relationship between MBI and plasma p-tau217 in dementia-free individuals from the Alzheimer’s Disease Neuroimaging Initiative. … more",2025,2025,2025,0.66,False,True
ecf376a0-a7f8-4050-825a-60e7ed88c0bf,Amyloid Beta,Amyloid Beta,linkedin_publication_description,"Mild behavioral impairment (MBI), characterized by late-onset, persistent neuropsychiatric symptoms (NPS), may signal an increased risk of developing dementia. While MBI has been linked to established cerebrospinal fluid and imaging biomarkers of amyloid-beta (Aβ) and tau, its association with plasma p-tau217—a promising blood-based biomarker for Alzheimer’s disease (AD)—remains unexplored. In this study, we investigated the relationship between MBI and plasma p-tau217 in dementia-free individuals from the Alzheimer’s Disease Neuroimaging Initiative. … more",2025,2025,2025,0.66,False,True
ecf376a0-a7f8-4050-825a-60e7ed88c0bf,Dementia,Dementia,linkedin_publication_description,"Mild behavioral impairment (MBI), characterized by late-onset, persistent neuropsychiatric symptoms (NPS), may signal an increased risk of developing dementia. While MBI has been linked to established cerebrospinal fluid and imaging biomarkers of amyloid-beta (Aβ) and tau, its association with plasma p-tau217—a promising blood-based biomarker for Alzheimer’s disease (AD)—remains unexplored. In this study, we investigated the relationship between MBI and plasma p-tau217 in dementia-free individuals from the Alzheimer’s Disease Neuroimaging Initiative. … more",2025,2025,2025,0.66,False,True
ecf376a0-a7f8-4050-825a-60e7ed88c0bf,Neuroimaging,Neuroimaging,linkedin_publication_description,"Mild behavioral impairment (MBI), characterized by late-onset, persistent neuropsychiatric symptoms (NPS), may signal an increased risk of developing dementia. While MBI has been linked to established cerebrospinal fluid and imaging biomarkers of amyloid-beta (Aβ) and tau, its association with plasma p-tau217—a promising blood-based biomarker for Alzheimer’s disease (AD)—remains unexplored. In this study, we investigated the relationship between MBI and plasma p-tau217 in dementia-free individuals from the Alzheimer’s Disease Neuroimaging Initiative. … more",2025,2025,2025,0.66,False,True
ecf376a0-a7f8-4050-825a-60e7ed88c0bf,Cognition,Cognition,linkedin_publication_title,Tau-PET in early cortical Alzheimer brain regions in relation to mild behavioral impairment in older adults with either normal cognition or mild cognitive impairment,2024,2024,2024,0.74,False,True
ecf376a0-a7f8-4050-825a-60e7ed88c0bf,Positron Emission Tomography,PET,linkedin_publication_title,Tau-PET in early cortical Alzheimer brain regions in relation to mild behavioral impairment in older adults with either normal cognition or mild cognitive impairment,2024,2024,2024,0.74,False,True
ecf376a0-a7f8-4050-825a-60e7ed88c0bf,Alzheimer Disease,Alzheimer Disease,linkedin_publication_description,"Mild Behavioral Impairment (MBI) uses the emergence and persistence of neuropsychiatric symptoms (NPS) in later life to identify individuals at high risk for incident dementia. Phosphorylated tau (p-tau) is a key biological hallmark of Alzheimer’s disease (AD). We investigated the association between MBI and tau accumulation in cortical regions affected during the early stages of AD. Among 442 participants from the Alzheimer’s Disease Neuroimaging Initiative with normal cognition or mild cognitive impairment, MBI status was assessed alongside corresponding measures of p-tau and amyloid-beta (A",2024,2024,2024,0.66,False,True
ecf376a0-a7f8-4050-825a-60e7ed88c0bf,Amyloid Beta,Amyloid Beta,linkedin_publication_description,"Mild Behavioral Impairment (MBI) uses the emergence and persistence of neuropsychiatric symptoms (NPS) in later life to identify individuals at high risk for incident dementia. Phosphorylated tau (p-tau) is a key biological hallmark of Alzheimer’s disease (AD). We investigated the association between MBI and tau accumulation in cortical regions affected during the early stages of AD. Among 442 participants from the Alzheimer’s Disease Neuroimaging Initiative with normal cognition or mild cognitive impairment, MBI status was assessed alongside corresponding measures of p-tau and amyloid-beta (A",2024,2024,2024,0.66,False,True
ecf376a0-a7f8-4050-825a-60e7ed88c0bf,Cognition,Cognition,linkedin_publication_description,"Mild Behavioral Impairment (MBI) uses the emergence and persistence of neuropsychiatric symptoms (NPS) in later life to identify individuals at high risk for incident dementia. Phosphorylated tau (p-tau) is a key biological hallmark of Alzheimer’s disease (AD). We investigated the association between MBI and tau accumulation in cortical regions affected during the early stages of AD. Among 442 participants from the Alzheimer’s Disease Neuroimaging Initiative with normal cognition or mild cognitive impairment, MBI status was assessed alongside corresponding measures of p-tau and amyloid-beta (A",2024,2024,2024,0.66,False,True
ecf376a0-a7f8-4050-825a-60e7ed88c0bf,Dementia,Dementia,linkedin_publication_description,"Mild Behavioral Impairment (MBI) uses the emergence and persistence of neuropsychiatric symptoms (NPS) in later life to identify individuals at high risk for incident dementia. Phosphorylated tau (p-tau) is a key biological hallmark of Alzheimer’s disease (AD). We investigated the association between MBI and tau accumulation in cortical regions affected during the early stages of AD. Among 442 participants from the Alzheimer’s Disease Neuroimaging Initiative with normal cognition or mild cognitive impairment, MBI status was assessed alongside corresponding measures of p-tau and amyloid-beta (A",2024,2024,2024,0.66,False,True
ecf376a0-a7f8-4050-825a-60e7ed88c0bf,Neuroimaging,Neuroimaging,linkedin_publication_description,"Mild Behavioral Impairment (MBI) uses the emergence and persistence of neuropsychiatric symptoms (NPS) in later life to identify individuals at high risk for incident dementia. Phosphorylated tau (p-tau) is a key biological hallmark of Alzheimer’s disease (AD). We investigated the association between MBI and tau accumulation in cortical regions affected during the early stages of AD. Among 442 participants from the Alzheimer’s Disease Neuroimaging Initiative with normal cognition or mild cognitive impairment, MBI status was assessed alongside corresponding measures of p-tau and amyloid-beta (A",2024,2024,2024,0.66,False,True
ecf376a0-a7f8-4050-825a-60e7ed88c0bf,Alzheimer Disease,Alzheimer Disease,linkedin_publication_title,Optimizing detection of Alzheimer’s disease in mild cognitive impairment: a 4-year biomarker study of mild behavioral impairment in ADNI and MEMENTO,2023,2023,2023,0.74,False,True
ecf376a0-a7f8-4050-825a-60e7ed88c0bf,Alzheimer Disease,Alzheimer Disease,linkedin_publication_description,"The use of disease-modifying therapies increases the need for improved detection of Alzheimer’s disease (AD). Mild cognitive impairment (MCI) identifies individuals at risk based on cognitive decline, while mild behavioral impairment (MBI) identifies risk based on behavioral changes. Incorporating MBI into MCI assessment improves dementia prognostication compared to traditional approaches that consider neuropsychiatric symptoms (NPS) alone. In this study, we examined whether adding MBI enhances the identification of AD by analyzing associations between MBI within MCI and cerebrospinal fluid bi",2023,2023,2023,0.66,False,True
ecf376a0-a7f8-4050-825a-60e7ed88c0bf,Dementia,Dementia,linkedin_publication_description,"The use of disease-modifying therapies increases the need for improved detection of Alzheimer’s disease (AD). Mild cognitive impairment (MCI) identifies individuals at risk based on cognitive decline, while mild behavioral impairment (MBI) identifies risk based on behavioral changes. Incorporating MBI into MCI assessment improves dementia prognostication compared to traditional approaches that consider neuropsychiatric symptoms (NPS) alone. In this study, we examined whether adding MBI enhances the identification of AD by analyzing associations between MBI within MCI and cerebrospinal fluid bi",2023,2023,2023,0.66,False,True
b3fcb97c-7759-4234-98aa-0272cc1c65ef,Autism Spectrum Disorders,autism spectrum disorder,linkedin_publication_title,"Differences in sleep patterns, sleepiness, and physical activity between young adults with Autism Spectrum Disorder and typically developing controls.",0,0,0,0.74,False,True
b3fcb97c-7759-4234-98aa-0272cc1c65ef,Sleep Quality,Sleep Quality,linkedin_publication_title,Sleep quality and chronotype differences between elite athletes and non-athlete controls,0,0,0,0.74,False,True
b3fcb97c-7759-4234-98aa-0272cc1c65ef,Sleep Quality,Sleep Quality,linkedin_publication_title,"Comment on ""Does Elite Sport Degrade Sleep Quality? A Systematic Review""",0,0,0,0.74,False,True
17689c22-cf80-44cf-a1f0-671f6081695e,Cell Therapy,Cell Therapy,linkedin_publication_title,An Integrated Approach toward the Biomanufacturing of Engineered Cell Therapy Products in a Stirred-Suspension Bioreactor,2018,2018,2018,0.74,False,True
17689c22-cf80-44cf-a1f0-671f6081695e,Stress,Stress,linkedin_publication_title,Non‐Newtonian rheology in suspension cell cultures significantly impacts bioreactor shear stress quantification,2018,2018,2018,0.74,False,True
17689c22-cf80-44cf-a1f0-671f6081695e,Cell Therapy,Cell Therapy,linkedin_publication_title,Serum-free bioprocessing of adult human and rodent skin-derived Schwann cells: implications for cell therapy in nervous system injury,2017,2017,2017,0.74,False,True
17689c22-cf80-44cf-a1f0-671f6081695e,Nervous System,Nervous System,linkedin_publication_title,Serum-free bioprocessing of adult human and rodent skin-derived Schwann cells: implications for cell therapy in nervous system injury,2017,2017,2017,0.74,False,True
17689c22-cf80-44cf-a1f0-671f6081695e,Schwann Cells,Schwann Cells,linkedin_publication_title,Serum-free bioprocessing of adult human and rodent skin-derived Schwann cells: implications for cell therapy in nervous system injury,2017,2017,2017,0.74,False,True
17689c22-cf80-44cf-a1f0-671f6081695e,Schwann Cells,Schwann Cells,linkedin_publication_title,Inter-microcarrier transfer and phenotypic stability of stem cell-derived Schwann cells in stirred suspension bioreactor culture,2016,2016,2016,0.74,False,True
3d67002f-ea42-477e-9764-d79d06acc9be,Physics,Physics,linkedin_publication_description,"We investigate the concept of macroscopically distinguishable superpositions within an infinite array of boson sites. Our approach is rigorous within the frame of Hilbert space theory. In this context, it is natural to differentiate between states–and corresponding dynamics–that involve only finitely many degrees of freedom, referred to as local, and those that are inherently nonlocal. Previous studies have shown that such systems can support nonlocal coherent states (NCS). In this work, we demonstrate that NCS can dynamically evolve into nonlocal cat states under the influence of a nonlocal H",2026,2026,2026,0.66,False,True
3d67002f-ea42-477e-9764-d79d06acc9be,Quantum Computing,Quantum Computing,linkedin_publication_description,"We explore a new quantum computing approach to time series anomaly detection (TAD). Our approach - Quantum Variational Rewinding (QVR) - trains a family of parameterized unitary time-devolution operators to cluster normal time series instances encoded within quantum states. Unseen time series are assigned an anomaly score based upon their distance from the cluster center, which, beyond a given threshold, classifies anomalous behaviour. We apply QVR to identify anomalous trading activity in cryptocurrency market data and blockchain. Finally, we study our algorithm on IBM’s Falcon r5.11H family ",2025,2025,2025,0.66,False,True
3d67002f-ea42-477e-9764-d79d06acc9be,Forecasting,Forecasting,linkedin_publication_description,"A popular machine-learning model for regression tasks, including stock-market prediction, weather forecasting and real-estate pricing, is the classical support vector regression (SVR). However, a practically realisable quantum SVR remains to be formulated. We devise annealing-based algorithms, namely simulated and quantum-classical hybrid, for training two SVR models and compare their empirical performances against the SVR implementation of Python’s scikit-learn package for facial-landmark detection (FLD), a particular use case for SVR. Our method is to derive a quadratic-unconstrained-binary ",2025,2025,2025,0.66,False,True
3d67002f-ea42-477e-9764-d79d06acc9be,Machine Learning,Machine Learning,linkedin_publication_description,"A popular machine-learning model for regression tasks, including stock-market prediction, weather forecasting and real-estate pricing, is the classical support vector regression (SVR). However, a practically realisable quantum SVR remains to be formulated. We devise annealing-based algorithms, namely simulated and quantum-classical hybrid, for training two SVR models and compare their empirical performances against the SVR implementation of Python’s scikit-learn package for facial-landmark detection (FLD), a particular use case for SVR. Our method is to derive a quadratic-unconstrained-binary ",2025,2025,2025,0.66,False,True
3d67002f-ea42-477e-9764-d79d06acc9be,Python,Python,linkedin_publication_description,"A popular machine-learning model for regression tasks, including stock-market prediction, weather forecasting and real-estate pricing, is the classical support vector regression (SVR). However, a practically realisable quantum SVR remains to be formulated. We devise annealing-based algorithms, namely simulated and quantum-classical hybrid, for training two SVR models and compare their empirical performances against the SVR implementation of Python’s scikit-learn package for facial-landmark detection (FLD), a particular use case for SVR. Our method is to derive a quadratic-unconstrained-binary ",2025,2025,2025,0.66,False,True
3d67002f-ea42-477e-9764-d79d06acc9be,Gene Expression,Gene Expression,linkedin_publication_title,Bimodality in E. coli gene expression: Sources and robustness to genome-wide stresses,0,0,0,0.74,False,True
3d67002f-ea42-477e-9764-d79d06acc9be,Gene Expression,Gene Expression,linkedin_publication_description,"Bacteria evolved genes whose single-cell distributions of expression levels are broad, or even bimodal. Evidence suggests that they might enhance phenotypic diversity for coping with fluctuating environments. We identified seven genes in E. coli with bimodal (low and high) single-cell expression levels under standard growth conditions and studied how their dynamics are modified by environmental and antibiotic stresses known to target gene expression. We found that all genes lose bimodality under some, but not under all, stresses. Also, bimodality can reemerge upon cells returning to standard c",0,0,0,0.66,False,True
3d67002f-ea42-477e-9764-d79d06acc9be,Quantum Computing,Quantum Computing,linkedin_publication_title,The success and failure of quantum computing start-ups,2025,2025,2025,0.74,False,True
3d67002f-ea42-477e-9764-d79d06acc9be,Quantum Computing,Quantum Computing,linkedin_publication_description,"The potential value of quantum computing remains uncertain, which creates substantial risks for any quantum computing start-up. But the successes and failures seen so far in the quantum innovation ecosystem hold lessons for the field. … more",2025,2025,2025,0.66,False,True
3d67002f-ea42-477e-9764-d79d06acc9be,Quantum Information,quantum information processing,linkedin_publication_description,"High-dimensional quantum systems are a valuable resource for quantum information processing. They can be used to encode error-correctable logical qubits, which has been demonstrated using continuous-variable states in microwave cavities or the motional modes of trapped ions. For example, high-dimensional systems can be used to realize ‘Schrödinger cat’ states, which are superpositions of widely displaced coherent states that can be used to illustrate quantum effects at large scales. Recent proposals have suggested encoding qubits in high-spin atomic nuclei, which are finite-dimensional systems",2025,2025,2025,0.66,False,True
3d67002f-ea42-477e-9764-d79d06acc9be,Quantum Computing,quantum computation,linkedin_publication_title,Quantum Computation,2025,2025,2025,0.74,False,True
3d67002f-ea42-477e-9764-d79d06acc9be,Quantum Computing,quantum computation,linkedin_publication_description,"This chapter summarizes quantum computation, including the motivation for introducing quantum resources into computation and how quantum computation is done. Furthermore, this chapterarticulates advantages and limitations of quantum computation, both fundamental and practical. Finally, this chapter expands on the underlying concepts for building quantum computers. … more",2025,2025,2025,0.66,False,True
3d67002f-ea42-477e-9764-d79d06acc9be,Machine Learning,Machine Learning,linkedin_publication_description,"Perceptrons, which perform binary classification, are the fundamental building blocks of neural networks. Given a data set of size 𝑁 and margin 𝛾 (how well the given data are separated), the query complexity of the best-known quantum training algorithm scales as either (√𝑁/𝛾2)⁢log(1/⁢𝛾2) or 𝑁/√𝛾, which is achieved by a hybrid of classical and quantum search. In this paper, we improve the version space quantum training method for perceptrons such that the query complexity of our algorithm scales as √𝑁/𝛾. This is achieved by constructing an oracle for the perceptrons using quantum counting of th",2024,2024,2024,0.66,False,True
3d67002f-ea42-477e-9764-d79d06acc9be,Neural Networks,Neural Networks,linkedin_publication_description,"Perceptrons, which perform binary classification, are the fundamental building blocks of neural networks. Given a data set of size 𝑁 and margin 𝛾 (how well the given data are separated), the query complexity of the best-known quantum training algorithm scales as either (√𝑁/𝛾2)⁢log(1/⁢𝛾2) or 𝑁/√𝛾, which is achieved by a hybrid of classical and quantum search. In this paper, we improve the version space quantum training method for perceptrons such that the query complexity of our algorithm scales as √𝑁/𝛾. This is achieved by constructing an oracle for the perceptrons using quantum counting of th",2024,2024,2024,0.66,False,True
d999af6a-e7ea-421f-a46d-f5fda03ed808,Child Health,Child Health,linkedin_publication_title,Integrating Intersectionality into Child Health,2024,2024,2024,0.74,False,True
d999af6a-e7ea-421f-a46d-f5fda03ed808,Child Health,Child Health,linkedin_publication_description,"Child health inequities persist in Canada, particularly among sovereignty-deserving First Nations, Métis and Inuit groups and equity-deserving communities. We argue for a fundamental shift in research to remedy these inequities, via an intersectional lens that highlights how social identities and systems of power contribute to disparities. Specifically, we suggest (a) integrating intersectionality, from research conceptualization to results dissemination; (b) respectfully and reciprocally engaging with communities; (c) respectfully collecting and reporting data; (d) recognizing and explicating",2024,2024,2024,0.66,False,True
d999af6a-e7ea-421f-a46d-f5fda03ed808,Health Inequities,Health Inequities,linkedin_publication_description,"Child health inequities persist in Canada, particularly among sovereignty-deserving First Nations, Métis and Inuit groups and equity-deserving communities. We argue for a fundamental shift in research to remedy these inequities, via an intersectional lens that highlights how social identities and systems of power contribute to disparities. Specifically, we suggest (a) integrating intersectionality, from research conceptualization to results dissemination; (b) respectfully and reciprocally engaging with communities; (c) respectfully collecting and reporting data; (d) recognizing and explicating",2024,2024,2024,0.66,False,True
59f1baa7-c47e-4120-aab8-90de02a38acf,Convolutional Neural Networks,convolutional neural network,linkedin_publication_title,BCUN: Bayesian Fully Convolutional Neural Network for Hyperspectral Spectral Unmixing,2022,2022,2022,0.74,False,True
59f1baa7-c47e-4120-aab8-90de02a38acf,Neural Networks,neural network,linkedin_publication_title,BCUN: Bayesian Fully Convolutional Neural Network for Hyperspectral Spectral Unmixing,2022,2022,2022,0.74,False,True
835db8ff-2a81-4470-a51f-3a9567827e6b,Neural Networks,neural network,linkedin_publication_description,"Orthogonal frequency division multiplexing (OFDM) is a well-known modulation technique in wireless communications, due to its spectral efficiency and robustness against frequency-selective fading. Nevertheless, OFDM signals confront a significant challenge in the form of a high peak-to-average power ratio (PAPR), leading to distortion when transmitted through power amplifiers (PAs). This research introduces an artificial neural network-aided tone reservation with particle swarm optimization (ANN-TR-PSO) PAPR reduction technique to address this issue. The proposed method not only attains superi",2025,2025,2025,0.66,False,True
835db8ff-2a81-4470-a51f-3a9567827e6b,Neural Networks,neural network,linkedin_publication_title,Artificial Neural Network (ANN) based Classification of High and Low PAPR OFDM signals,2021,2021,2021,0.74,False,True
835db8ff-2a81-4470-a51f-3a9567827e6b,Neural Networks,neural network,linkedin_publication_description,"In the upcoming era, 5G is expected to enhance communications in terms of high-speed data rate, low latency, and efficient power utilization. Orthogonal frequency division multiplexing (OFDM) is the modulation technique of 5G. However, OFDM suffers from a large peak-to-average power ratio (PAPR). This degrades the performance of the power amplifiers (PA). As a result, the PAPR deteriorates the overall power efficiency of the 5G system. So, it is often highly essential to find which type of OFDM signals results in high PAPR. This classification will enable PAPR reduction techniques such as Clip",2021,2021,2021,0.66,False,True
835db8ff-2a81-4470-a51f-3a9567827e6b,Python,Python,linkedin_publication_description,"Recently, the importance of channel coding has become prominent for next-generation 5G wireless communication networks. Channel coding is becoming an active area of research and scholars are aiming to improve their knowledge about channel coding schemes which will be playing a crucial part in high-performance 5G networks. polar codes are the class of channel coding techniques that have been standardized in 5G. Moreover, it is a fact that activity tool-based learning raises the learning efficiency and generates intrinsic motivation for learning. Therefore, the main motivation for designing this",2020,2020,2020,0.66,False,True
323fbbed-76a5-4236-be5c-8a730e2b37fd,Electroencephalography,EEG,linkedin_publication_title,Influence of Binaural Beats Stimulation of Gamma Frequency over Memory Performance and EEG Spectral Density,2023,2023,2023,0.74,False,True
c2a51769-ff4e-41b3-a853-1177cbf076b8,Artificial Intelligence,AI,linkedin_publication_title,"AI-enabled settlement and employment support systems in Canada: Evidence, user experiences, and practical pathways for inclusive productivity [Conference presentation].",2026,2026,2026,0.74,False,True
c2a51769-ff4e-41b3-a853-1177cbf076b8,Mental Health,Mental Health,linkedin_publication_title,Collaborative approaches to crisis intervention: Enhancing mental health support for newcomers,2025,2025,2025,0.74,False,True
c2a51769-ff4e-41b3-a853-1177cbf076b8,Health Services,Health Services,linkedin_publication_description,"This study uses a narrative review and environmental scan to synthesize existing scholarly findings on the barriers that newcomers and racialized immigrants face when accessing mental health services. It also explores effective strategies for culturally responsive mental health care and collaborative care models. Key findings from an environmental scan are presented, highlighting integrative models that connect immigrant and settlement organizations with mental health services. The findings reveal significant gaps in crisis intervention services for newcomers, particularly in providing cultura",2025,2025,2025,0.66,False,True
c2a51769-ff4e-41b3-a853-1177cbf076b8,Mental Health,Mental Health,linkedin_publication_description,"This study uses a narrative review and environmental scan to synthesize existing scholarly findings on the barriers that newcomers and racialized immigrants face when accessing mental health services. It also explores effective strategies for culturally responsive mental health care and collaborative care models. Key findings from an environmental scan are presented, highlighting integrative models that connect immigrant and settlement organizations with mental health services. The findings reveal significant gaps in crisis intervention services for newcomers, particularly in providing cultura",2025,2025,2025,0.66,False,True
c0a6cc1c-b442-4941-8df3-fe6bdebe5d5e,Alzheimer Disease,Alzheimer Disease,linkedin_publication_description,"Impairment of oligodendrocytes and myelin contributes to neurological disorders including multiple sclerosis (MS), stroke and Alzheimer's disease. Regeneration of myelin (remyelination) decreases the vulnerability of demyelinated axons, but this repair process commonly fails with disease progression. A contributor to inefficient remyelination is the altered extracellular matrix (ECM) in lesions that remains to be better defined. We have identified fibulin-2 (FBLN2) as a highly upregulated ECM component in lesions of MS and stroke, and in proteome databases of Alzheimer’s disease and traumatic ",2024,2024,2024,0.66,False,True
c0a6cc1c-b442-4941-8df3-fe6bdebe5d5e,Astrocytes,Astrocytes,linkedin_publication_description,"Impairment of oligodendrocytes and myelin contributes to neurological disorders including multiple sclerosis (MS), stroke and Alzheimer's disease. Regeneration of myelin (remyelination) decreases the vulnerability of demyelinated axons, but this repair process commonly fails with disease progression. A contributor to inefficient remyelination is the altered extracellular matrix (ECM) in lesions that remains to be better defined. We have identified fibulin-2 (FBLN2) as a highly upregulated ECM component in lesions of MS and stroke, and in proteome databases of Alzheimer’s disease and traumatic ",2024,2024,2024,0.66,False,True
c0a6cc1c-b442-4941-8df3-fe6bdebe5d5e,Brain Injury,traumatic brain injury,linkedin_publication_description,"Impairment of oligodendrocytes and myelin contributes to neurological disorders including multiple sclerosis (MS), stroke and Alzheimer's disease. Regeneration of myelin (remyelination) decreases the vulnerability of demyelinated axons, but this repair process commonly fails with disease progression. A contributor to inefficient remyelination is the altered extracellular matrix (ECM) in lesions that remains to be better defined. We have identified fibulin-2 (FBLN2) as a highly upregulated ECM component in lesions of MS and stroke, and in proteome databases of Alzheimer’s disease and traumatic ",2024,2024,2024,0.66,False,True
c0a6cc1c-b442-4941-8df3-fe6bdebe5d5e,Disease Progression,Disease Progression,linkedin_publication_description,"Impairment of oligodendrocytes and myelin contributes to neurological disorders including multiple sclerosis (MS), stroke and Alzheimer's disease. Regeneration of myelin (remyelination) decreases the vulnerability of demyelinated axons, but this repair process commonly fails with disease progression. A contributor to inefficient remyelination is the altered extracellular matrix (ECM) in lesions that remains to be better defined. We have identified fibulin-2 (FBLN2) as a highly upregulated ECM component in lesions of MS and stroke, and in proteome databases of Alzheimer’s disease and traumatic ",2024,2024,2024,0.66,False,True
c0a6cc1c-b442-4941-8df3-fe6bdebe5d5e,Multiple Sclerosis,Multiple Sclerosis,linkedin_publication_description,"Impairment of oligodendrocytes and myelin contributes to neurological disorders including multiple sclerosis (MS), stroke and Alzheimer's disease. Regeneration of myelin (remyelination) decreases the vulnerability of demyelinated axons, but this repair process commonly fails with disease progression. A contributor to inefficient remyelination is the altered extracellular matrix (ECM) in lesions that remains to be better defined. We have identified fibulin-2 (FBLN2) as a highly upregulated ECM component in lesions of MS and stroke, and in proteome databases of Alzheimer’s disease and traumatic ",2024,2024,2024,0.66,False,True
c0a6cc1c-b442-4941-8df3-fe6bdebe5d5e,Stroke,Stroke,linkedin_publication_description,"Impairment of oligodendrocytes and myelin contributes to neurological disorders including multiple sclerosis (MS), stroke and Alzheimer's disease. Regeneration of myelin (remyelination) decreases the vulnerability of demyelinated axons, but this repair process commonly fails with disease progression. A contributor to inefficient remyelination is the altered extracellular matrix (ECM) in lesions that remains to be better defined. We have identified fibulin-2 (FBLN2) as a highly upregulated ECM component in lesions of MS and stroke, and in proteome databases of Alzheimer’s disease and traumatic ",2024,2024,2024,0.66,False,True
c0a6cc1c-b442-4941-8df3-fe6bdebe5d5e,Multiple Sclerosis,Multiple Sclerosis,linkedin_publication_title,Uncovering novel extracellular matrix transcriptome alterations in lesions of multiple sclerosis,2024,2024,2024,0.74,False,True
c0a6cc1c-b442-4941-8df3-fe6bdebe5d5e,Astrocytes,Astrocytes,linkedin_publication_description,"The extracellular matrix (ECM) of the central nervous system (CNS) is an interconnected network of proteins and sugars with critical roles in both homeostasis and disease. In neurological diseases, excessive ECM deposition and remodeling impact both injury and repair. CNS lesions of multiple sclerosis (MS), a chronic inflammatory and degenerative disease, cause prominent alterations of the ECM. However, there are a lack of data investigating how the multitude of ECM members change in relation to each other and how this affects the MS disease course. Here, we evaluated ECM changes in MS lesions",2024,2024,2024,0.66,False,True
c0a6cc1c-b442-4941-8df3-fe6bdebe5d5e,Central Nervous System,Central Nervous System,linkedin_publication_description,"The extracellular matrix (ECM) of the central nervous system (CNS) is an interconnected network of proteins and sugars with critical roles in both homeostasis and disease. In neurological diseases, excessive ECM deposition and remodeling impact both injury and repair. CNS lesions of multiple sclerosis (MS), a chronic inflammatory and degenerative disease, cause prominent alterations of the ECM. However, there are a lack of data investigating how the multitude of ECM members change in relation to each other and how this affects the MS disease course. Here, we evaluated ECM changes in MS lesions",2024,2024,2024,0.66,False,True
c0a6cc1c-b442-4941-8df3-fe6bdebe5d5e,Multiple Sclerosis,Multiple Sclerosis,linkedin_publication_description,"The extracellular matrix (ECM) of the central nervous system (CNS) is an interconnected network of proteins and sugars with critical roles in both homeostasis and disease. In neurological diseases, excessive ECM deposition and remodeling impact both injury and repair. CNS lesions of multiple sclerosis (MS), a chronic inflammatory and degenerative disease, cause prominent alterations of the ECM. However, there are a lack of data investigating how the multitude of ECM members change in relation to each other and how this affects the MS disease course. Here, we evaluated ECM changes in MS lesions",2024,2024,2024,0.66,False,True
c0a6cc1c-b442-4941-8df3-fe6bdebe5d5e,Nervous System,Nervous System,linkedin_publication_description,"The extracellular matrix (ECM) of the central nervous system (CNS) is an interconnected network of proteins and sugars with critical roles in both homeostasis and disease. In neurological diseases, excessive ECM deposition and remodeling impact both injury and repair. CNS lesions of multiple sclerosis (MS), a chronic inflammatory and degenerative disease, cause prominent alterations of the ECM. However, there are a lack of data investigating how the multitude of ECM members change in relation to each other and how this affects the MS disease course. Here, we evaluated ECM changes in MS lesions",2024,2024,2024,0.66,False,True
c0a6cc1c-b442-4941-8df3-fe6bdebe5d5e,Multiple Sclerosis,Multiple Sclerosis,linkedin_publication_title,"Elevated Galectin-3 Is Associated with Aging, Multiple Sclerosis, and Oxidized Phosphatidylcholine-Induced Neurodegeneration",2023,2023,2023,0.74,False,True
c0a6cc1c-b442-4941-8df3-fe6bdebe5d5e,Disease Progression,Disease Progression,linkedin_publication_description,"Aging is a significant risk factor associated with the progression of CNS neurodegenerative diseases including multiple sclerosis (MS). Microglia, the resident macrophages of the CNS parenchyma, are a major population of immune cells that accumulate in MS lesions. While they normally regulate tissue homeostasis and facilitate the clearance of neurotoxic molecules including oxidized phosphatidylcholines (OxPCs), their transcriptome and neuroprotective functions are reprogrammed by aging. Thus, determining the factors that instigate aging associated microglia dysfunction can lead to new insights",2023,2023,2023,0.66,False,True
c0a6cc1c-b442-4941-8df3-fe6bdebe5d5e,Macrophages,Macrophages,linkedin_publication_description,"Aging is a significant risk factor associated with the progression of CNS neurodegenerative diseases including multiple sclerosis (MS). Microglia, the resident macrophages of the CNS parenchyma, are a major population of immune cells that accumulate in MS lesions. While they normally regulate tissue homeostasis and facilitate the clearance of neurotoxic molecules including oxidized phosphatidylcholines (OxPCs), their transcriptome and neuroprotective functions are reprogrammed by aging. Thus, determining the factors that instigate aging associated microglia dysfunction can lead to new insights",2023,2023,2023,0.66,False,True
c0a6cc1c-b442-4941-8df3-fe6bdebe5d5e,Multiple Sclerosis,Multiple Sclerosis,linkedin_publication_description,"Aging is a significant risk factor associated with the progression of CNS neurodegenerative diseases including multiple sclerosis (MS). Microglia, the resident macrophages of the CNS parenchyma, are a major population of immune cells that accumulate in MS lesions. While they normally regulate tissue homeostasis and facilitate the clearance of neurotoxic molecules including oxidized phosphatidylcholines (OxPCs), their transcriptome and neuroprotective functions are reprogrammed by aging. Thus, determining the factors that instigate aging associated microglia dysfunction can lead to new insights",2023,2023,2023,0.66,False,True
c0a6cc1c-b442-4941-8df3-fe6bdebe5d5e,Neurodegenerative Diseases,Neurodegenerative Diseases,linkedin_publication_description,"Aging is a significant risk factor associated with the progression of CNS neurodegenerative diseases including multiple sclerosis (MS). Microglia, the resident macrophages of the CNS parenchyma, are a major population of immune cells that accumulate in MS lesions. While they normally regulate tissue homeostasis and facilitate the clearance of neurotoxic molecules including oxidized phosphatidylcholines (OxPCs), their transcriptome and neuroprotective functions are reprogrammed by aging. Thus, determining the factors that instigate aging associated microglia dysfunction can lead to new insights",2023,2023,2023,0.66,False,True
c0a6cc1c-b442-4941-8df3-fe6bdebe5d5e,Tumor Microenvironment,Tumor Microenvironment,linkedin_publication_description,"Glioblastomas (GBM) are aggressive brain tumors with extensive intratumoral heterogeneity that contributes to treatment resistance. Spatial characterization of GBMs could provide insights into the role of the brain tumor microenvironment in regulating intratumoral heterogeneity. Here, we performed spatial transcriptomic and single-cell analyses of the mouse and human GBM microenvironment to dissect the impact of distinct anatomical regions of brains on GBM. In a syngeneic GBM mouse model, spatial transcriptomics revealed that numerous extracellular matrix (ECM) molecules, including biglycan, w",2023,2023,2023,0.66,False,True
c0a6cc1c-b442-4941-8df3-fe6bdebe5d5e,Central Nervous System,Central Nervous System,linkedin_publication_description,"Microglia are the immune sentinels of the central nervous system with protective roles such as the removal of neurotoxic oxidized phosphatidylcholines (OxPCs). As aging alters microglial function and elevates neurological disability in diseases such as multiple sclerosis, defining aging-associated factors that cause microglia to lose their custodial properties or even become injurious can help to restore their homeostasis. We used single-cell and spatial RNA sequencing in the spinal cord of young (6-week-old) and middle-aged (52-week-old) mice to determine aging-driven microglial reprogramming",2022,2022,2022,0.66,False,True
c0a6cc1c-b442-4941-8df3-fe6bdebe5d5e,Inflammation,Inflammation,linkedin_publication_description,"Microglia are the immune sentinels of the central nervous system with protective roles such as the removal of neurotoxic oxidized phosphatidylcholines (OxPCs). As aging alters microglial function and elevates neurological disability in diseases such as multiple sclerosis, defining aging-associated factors that cause microglia to lose their custodial properties or even become injurious can help to restore their homeostasis. We used single-cell and spatial RNA sequencing in the spinal cord of young (6-week-old) and middle-aged (52-week-old) mice to determine aging-driven microglial reprogramming",2022,2022,2022,0.66,False,True
c0a6cc1c-b442-4941-8df3-fe6bdebe5d5e,Multiple Sclerosis,Multiple Sclerosis,linkedin_publication_description,"Microglia are the immune sentinels of the central nervous system with protective roles such as the removal of neurotoxic oxidized phosphatidylcholines (OxPCs). As aging alters microglial function and elevates neurological disability in diseases such as multiple sclerosis, defining aging-associated factors that cause microglia to lose their custodial properties or even become injurious can help to restore their homeostasis. We used single-cell and spatial RNA sequencing in the spinal cord of young (6-week-old) and middle-aged (52-week-old) mice to determine aging-driven microglial reprogramming",2022,2022,2022,0.66,False,True
c0a6cc1c-b442-4941-8df3-fe6bdebe5d5e,Nervous System,Nervous System,linkedin_publication_description,"Microglia are the immune sentinels of the central nervous system with protective roles such as the removal of neurotoxic oxidized phosphatidylcholines (OxPCs). As aging alters microglial function and elevates neurological disability in diseases such as multiple sclerosis, defining aging-associated factors that cause microglia to lose their custodial properties or even become injurious can help to restore their homeostasis. We used single-cell and spatial RNA sequencing in the spinal cord of young (6-week-old) and middle-aged (52-week-old) mice to determine aging-driven microglial reprogramming",2022,2022,2022,0.66,False,True
c0a6cc1c-b442-4941-8df3-fe6bdebe5d5e,Multiple Sclerosis,Multiple Sclerosis,linkedin_publication_title,Oxidized phosphatidylcholines in multiple sclerosis lesions mediate neurodegeneration and are neutralized by microglia,2021,2021,2021,0.74,False,True
c0a6cc1c-b442-4941-8df3-fe6bdebe5d5e,Multiple Sclerosis,Multiple Sclerosis,linkedin_publication_description,"Neurodegeneration occurring in multiple sclerosis (MS) contributes to the progression of disability. It is therefore important to identify and neutralize the mechanisms that promote neurodegeneration in MS. Here, we report that oxidized phosphatidylcholines (OxPCs) found in MS lesions, previously identified as end-product markers of oxidative stress, are potent drivers of neurodegeneration. Cultured neurons and oligodendrocytes were killed by OxPCs, and this was ameliorated by microglia. After OxPC injection, mouse spinal cords developed focal demyelinating lesions with prominent axonal loss. ",2021,2021,2021,0.66,False,True
c0a6cc1c-b442-4941-8df3-fe6bdebe5d5e,Stress,Stress,linkedin_publication_description,"Neurodegeneration occurring in multiple sclerosis (MS) contributes to the progression of disability. It is therefore important to identify and neutralize the mechanisms that promote neurodegeneration in MS. Here, we report that oxidized phosphatidylcholines (OxPCs) found in MS lesions, previously identified as end-product markers of oxidative stress, are potent drivers of neurodegeneration. Cultured neurons and oligodendrocytes were killed by OxPCs, and this was ameliorated by microglia. After OxPC injection, mouse spinal cords developed focal demyelinating lesions with prominent axonal loss. ",2021,2021,2021,0.66,False,True
c0a6cc1c-b442-4941-8df3-fe6bdebe5d5e,Depression,Depression,linkedin_publication_title,Immune-to-Brain Communication Pathways in Inflammation-Associated Sickness and Depression,0,0,0,0.74,False,True
c0a6cc1c-b442-4941-8df3-fe6bdebe5d5e,Inflammation,Inflammation,linkedin_publication_title,Immune-to-Brain Communication Pathways in Inflammation-Associated Sickness and Depression,0,0,0,0.74,False,True
c0a6cc1c-b442-4941-8df3-fe6bdebe5d5e,Depression,Depression,linkedin_publication_description,"Abstract A growing body of evidence now highlights a key role for inflammation in mediating sickness behaviors and depression. Systemic inflammatory diseases such as rheumatoid arthritis, inflammatory bowel disease, and chronic liver disease have high comorbidity with depression. How the periphery communicates with the brain to mediate changes in neurotransmission and thereby behavior is not completely understood. Traditional routes of communication between the periphery and the brain involve neural and humoral pathways with TNFα, IL-1β, and IL-6 being the three main cytokines that have primar",0,0,0,0.66,False,True
c0a6cc1c-b442-4941-8df3-fe6bdebe5d5e,Inflammation,Inflammation,linkedin_publication_description,"Abstract A growing body of evidence now highlights a key role for inflammation in mediating sickness behaviors and depression. Systemic inflammatory diseases such as rheumatoid arthritis, inflammatory bowel disease, and chronic liver disease have high comorbidity with depression. How the periphery communicates with the brain to mediate changes in neurotransmission and thereby behavior is not completely understood. Traditional routes of communication between the periphery and the brain involve neural and humoral pathways with TNFα, IL-1β, and IL-6 being the three main cytokines that have primar",0,0,0,0.66,False,True
c0a6cc1c-b442-4941-8df3-fe6bdebe5d5e,Inflammation,Inflammation,linkedin_publication_title,. P-selectin mediated monocyte: cerebral endothelium adhesive interactions link peripheral organ inflammation to sickness behaviors,0,0,0,0.74,False,True
c0a6cc1c-b442-4941-8df3-fe6bdebe5d5e,Cognitive Disorders,cognitive dysfunction,linkedin_publication_description,"Abstract: Sickness behaviors, such as fatigue, mood alterations, and cognitive dysfunction, which result from changes in central neurotransmission, are prevalent in systemic inflammatory diseases and greatly impact patient quality of life. Although, microglia (resident cerebral immune cells) and cytokines (e.g., TNFα) are associated with changes in central neurotransmission, the link between peripheral organ inflammation, circulating cytokine signaling, and microglial activation remains poorly understood. Here we demonstrate, using cerebral intravital microscopy, that in response to liver infl",0,0,0,0.66,False,True
c0a6cc1c-b442-4941-8df3-fe6bdebe5d5e,Inflammation,Inflammation,linkedin_publication_description,"Abstract: Sickness behaviors, such as fatigue, mood alterations, and cognitive dysfunction, which result from changes in central neurotransmission, are prevalent in systemic inflammatory diseases and greatly impact patient quality of life. Although, microglia (resident cerebral immune cells) and cytokines (e.g., TNFα) are associated with changes in central neurotransmission, the link between peripheral organ inflammation, circulating cytokine signaling, and microglial activation remains poorly understood. Here we demonstrate, using cerebral intravital microscopy, that in response to liver infl",0,0,0,0.66,False,True
